section,pddl_item,evidence,evidence_kind,unique,status,notes
objects,PACKAGE29,"The packages are package29, package28, package27, package26, package25, package24, package23, package22, package21, package20, package19, package18, package17, package16, package15, package14, package13, package12, package11, package10, package9, package8, package7, package6, package5, package4, package3, package2, package1.",direct,true,covered,The explicit enumeration names PACKAGE29. Golden line 3.
objects,PACKAGE28,"The packages are package29, package28, package27, package26, package25, package24, package23, package22, package21, package20, package19, package18, package17, package16, package15, package14, package13, package12, package11, package10, package9, package8, package7, package6, package5, package4, package3, package2, package1.",direct,true,covered,The explicit enumeration names PACKAGE28. Golden line 3.
objects,PACKAGE27,"The packages are package29, package28, package27, package26, package25, package24, package23, package22, package21, package20, package19, package18, package17, package16, package15, package14, package13, package12, package11, package10, package9, package8, package7, package6, package5, package4, package3, package2, package1.",direct,true,covered,The explicit enumeration names PACKAGE27. Golden line 3.
objects,PACKAGE26,"The packages are package29, package28, package27, package26, package25, package24, package23, package22, package21, package20, package19, package18, package17, package16, package15, package14, package13, package12, package11, package10, package9, package8, package7, package6, package5, package4, package3, package2, package1.",direct,true,covered,The explicit enumeration names PACKAGE26. Golden line 3.
objects,PACKAGE25,"The packages are package29, package28, package27, package26, package25, package24, package23, package22, package21, package20, package19, package18, package17, package16, package15, package14, package13, package12, package11, package10, package9, package8, package7, package6, package5, package4, package3, package2, package1.",direct,true,covered,The explicit enumeration names PACKAGE25. Golden line 3.
objects,PACKAGE24,"The packages are package29, package28, package27, package26, package25, package24, package23, package22, package21, package20, package19, package18, package17, package16, package15, package14, package13, package12, package11, package10, package9, package8, package7, package6, package5, package4, package3, package2, package1.",direct,true,covered,The explicit enumeration names PACKAGE24. Golden line 4.
objects,PACKAGE23,"The packages are package29, package28, package27, package26, package25, package24, package23, package22, package21, package20, package19, package18, package17, package16, package15, package14, package13, package12, package11, package10, package9, package8, package7, package6, package5, package4, package3, package2, package1.",direct,true,covered,The explicit enumeration names PACKAGE23. Golden line 4.
objects,PACKAGE22,"The packages are package29, package28, package27, package26, package25, package24, package23, package22, package21, package20, package19, package18, package17, package16, package15, package14, package13, package12, package11, package10, package9, package8, package7, package6, package5, package4, package3, package2, package1.",direct,true,covered,The explicit enumeration names PACKAGE22. Golden line 4.
objects,PACKAGE21,"The packages are package29, package28, package27, package26, package25, package24, package23, package22, package21, package20, package19, package18, package17, package16, package15, package14, package13, package12, package11, package10, package9, package8, package7, package6, package5, package4, package3, package2, package1.",direct,true,covered,The explicit enumeration names PACKAGE21. Golden line 4.
objects,PACKAGE20,"The packages are package29, package28, package27, package26, package25, package24, package23, package22, package21, package20, package19, package18, package17, package16, package15, package14, package13, package12, package11, package10, package9, package8, package7, package6, package5, package4, package3, package2, package1.",direct,true,covered,The explicit enumeration names PACKAGE20. Golden line 4.
objects,PACKAGE19,"The packages are package29, package28, package27, package26, package25, package24, package23, package22, package21, package20, package19, package18, package17, package16, package15, package14, package13, package12, package11, package10, package9, package8, package7, package6, package5, package4, package3, package2, package1.",direct,true,covered,The explicit enumeration names PACKAGE19. Golden line 4.
objects,PACKAGE18,"The packages are package29, package28, package27, package26, package25, package24, package23, package22, package21, package20, package19, package18, package17, package16, package15, package14, package13, package12, package11, package10, package9, package8, package7, package6, package5, package4, package3, package2, package1.",direct,true,covered,The explicit enumeration names PACKAGE18. Golden line 5.
objects,PACKAGE17,"The packages are package29, package28, package27, package26, package25, package24, package23, package22, package21, package20, package19, package18, package17, package16, package15, package14, package13, package12, package11, package10, package9, package8, package7, package6, package5, package4, package3, package2, package1.",direct,true,covered,The explicit enumeration names PACKAGE17. Golden line 5.
objects,PACKAGE16,"The packages are package29, package28, package27, package26, package25, package24, package23, package22, package21, package20, package19, package18, package17, package16, package15, package14, package13, package12, package11, package10, package9, package8, package7, package6, package5, package4, package3, package2, package1.",direct,true,covered,The explicit enumeration names PACKAGE16. Golden line 5.
objects,PACKAGE15,"The packages are package29, package28, package27, package26, package25, package24, package23, package22, package21, package20, package19, package18, package17, package16, package15, package14, package13, package12, package11, package10, package9, package8, package7, package6, package5, package4, package3, package2, package1.",direct,true,covered,The explicit enumeration names PACKAGE15. Golden line 5.
objects,PACKAGE14,"The packages are package29, package28, package27, package26, package25, package24, package23, package22, package21, package20, package19, package18, package17, package16, package15, package14, package13, package12, package11, package10, package9, package8, package7, package6, package5, package4, package3, package2, package1.",direct,true,covered,The explicit enumeration names PACKAGE14. Golden line 5.
objects,PACKAGE13,"The packages are package29, package28, package27, package26, package25, package24, package23, package22, package21, package20, package19, package18, package17, package16, package15, package14, package13, package12, package11, package10, package9, package8, package7, package6, package5, package4, package3, package2, package1.",direct,true,covered,The explicit enumeration names PACKAGE13. Golden line 5.
objects,PACKAGE12,"The packages are package29, package28, package27, package26, package25, package24, package23, package22, package21, package20, package19, package18, package17, package16, package15, package14, package13, package12, package11, package10, package9, package8, package7, package6, package5, package4, package3, package2, package1.",direct,true,covered,The explicit enumeration names PACKAGE12. Golden line 6.
objects,PACKAGE11,"The packages are package29, package28, package27, package26, package25, package24, package23, package22, package21, package20, package19, package18, package17, package16, package15, package14, package13, package12, package11, package10, package9, package8, package7, package6, package5, package4, package3, package2, package1.",direct,true,covered,The explicit enumeration names PACKAGE11. Golden line 6.
objects,PACKAGE10,"The packages are package29, package28, package27, package26, package25, package24, package23, package22, package21, package20, package19, package18, package17, package16, package15, package14, package13, package12, package11, package10, package9, package8, package7, package6, package5, package4, package3, package2, package1.",direct,true,covered,The explicit enumeration names PACKAGE10. Golden line 6.
objects,PACKAGE9,"The packages are package29, package28, package27, package26, package25, package24, package23, package22, package21, package20, package19, package18, package17, package16, package15, package14, package13, package12, package11, package10, package9, package8, package7, package6, package5, package4, package3, package2, package1.",direct,true,covered,The explicit enumeration names PACKAGE9. Golden line 6.
objects,PACKAGE8,"The packages are package29, package28, package27, package26, package25, package24, package23, package22, package21, package20, package19, package18, package17, package16, package15, package14, package13, package12, package11, package10, package9, package8, package7, package6, package5, package4, package3, package2, package1.",direct,true,covered,The explicit enumeration names PACKAGE8. Golden line 6.
objects,PACKAGE7,"The packages are package29, package28, package27, package26, package25, package24, package23, package22, package21, package20, package19, package18, package17, package16, package15, package14, package13, package12, package11, package10, package9, package8, package7, package6, package5, package4, package3, package2, package1.",direct,true,covered,The explicit enumeration names PACKAGE7. Golden line 6.
objects,PACKAGE6,"The packages are package29, package28, package27, package26, package25, package24, package23, package22, package21, package20, package19, package18, package17, package16, package15, package14, package13, package12, package11, package10, package9, package8, package7, package6, package5, package4, package3, package2, package1.",direct,true,covered,The explicit enumeration names PACKAGE6. Golden line 7.
objects,PACKAGE5,"The packages are package29, package28, package27, package26, package25, package24, package23, package22, package21, package20, package19, package18, package17, package16, package15, package14, package13, package12, package11, package10, package9, package8, package7, package6, package5, package4, package3, package2, package1.",direct,true,covered,The explicit enumeration names PACKAGE5. Golden line 7.
objects,PACKAGE4,"The packages are package29, package28, package27, package26, package25, package24, package23, package22, package21, package20, package19, package18, package17, package16, package15, package14, package13, package12, package11, package10, package9, package8, package7, package6, package5, package4, package3, package2, package1.",direct,true,covered,The explicit enumeration names PACKAGE4. Golden line 7.
objects,PACKAGE3,"The packages are package29, package28, package27, package26, package25, package24, package23, package22, package21, package20, package19, package18, package17, package16, package15, package14, package13, package12, package11, package10, package9, package8, package7, package6, package5, package4, package3, package2, package1.",direct,true,covered,The explicit enumeration names PACKAGE3. Golden line 7.
objects,PACKAGE2,"The packages are package29, package28, package27, package26, package25, package24, package23, package22, package21, package20, package19, package18, package17, package16, package15, package14, package13, package12, package11, package10, package9, package8, package7, package6, package5, package4, package3, package2, package1.",direct,true,covered,The explicit enumeration names PACKAGE2. Golden line 7.
objects,PACKAGE1,"The packages are package29, package28, package27, package26, package25, package24, package23, package22, package21, package20, package19, package18, package17, package16, package15, package14, package13, package12, package11, package10, package9, package8, package7, package6, package5, package4, package3, package2, package1.",direct,true,covered,The explicit enumeration names PACKAGE1. Golden line 7.
objects,CITY11,"The locations are city11-1, city10-1, city9-1, city8-1, city7-1, city6-1, city5-1, city4-1, city3-1, city2-1, city1-1, city11-2, city10-2, city9-2, city8-2, city7-2, city6-2, city5-2, city4-2, city3-2, city2-2, city1-2.",direct,true,covered,The explicit enumeration names CITY11. Golden line 7.
objects,CITY10,"The locations are city11-1, city10-1, city9-1, city8-1, city7-1, city6-1, city5-1, city4-1, city3-1, city2-1, city1-1, city11-2, city10-2, city9-2, city8-2, city7-2, city6-2, city5-2, city4-2, city3-2, city2-2, city1-2.",direct,true,covered,The explicit enumeration names CITY10. Golden line 8.
objects,CITY9,"The locations are city11-1, city10-1, city9-1, city8-1, city7-1, city6-1, city5-1, city4-1, city3-1, city2-1, city1-1, city11-2, city10-2, city9-2, city8-2, city7-2, city6-2, city5-2, city4-2, city3-2, city2-2, city1-2.",direct,true,covered,The explicit enumeration names CITY9. Golden line 8.
objects,CITY8,"The locations are city11-1, city10-1, city9-1, city8-1, city7-1, city6-1, city5-1, city4-1, city3-1, city2-1, city1-1, city11-2, city10-2, city9-2, city8-2, city7-2, city6-2, city5-2, city4-2, city3-2, city2-2, city1-2.",direct,true,covered,The explicit enumeration names CITY8. Golden line 8.
objects,CITY7,"The locations are city11-1, city10-1, city9-1, city8-1, city7-1, city6-1, city5-1, city4-1, city3-1, city2-1, city1-1, city11-2, city10-2, city9-2, city8-2, city7-2, city6-2, city5-2, city4-2, city3-2, city2-2, city1-2.",direct,true,covered,The explicit enumeration names CITY7. Golden line 8.
objects,CITY6,"The locations are city11-1, city10-1, city9-1, city8-1, city7-1, city6-1, city5-1, city4-1, city3-1, city2-1, city1-1, city11-2, city10-2, city9-2, city8-2, city7-2, city6-2, city5-2, city4-2, city3-2, city2-2, city1-2.",direct,true,covered,The explicit enumeration names CITY6. Golden line 8.
objects,CITY5,"The locations are city11-1, city10-1, city9-1, city8-1, city7-1, city6-1, city5-1, city4-1, city3-1, city2-1, city1-1, city11-2, city10-2, city9-2, city8-2, city7-2, city6-2, city5-2, city4-2, city3-2, city2-2, city1-2.",direct,true,covered,The explicit enumeration names CITY5. Golden line 8.
objects,CITY4,"The locations are city11-1, city10-1, city9-1, city8-1, city7-1, city6-1, city5-1, city4-1, city3-1, city2-1, city1-1, city11-2, city10-2, city9-2, city8-2, city7-2, city6-2, city5-2, city4-2, city3-2, city2-2, city1-2.",direct,true,covered,The explicit enumeration names CITY4. Golden line 8.
objects,CITY3,"The locations are city11-1, city10-1, city9-1, city8-1, city7-1, city6-1, city5-1, city4-1, city3-1, city2-1, city1-1, city11-2, city10-2, city9-2, city8-2, city7-2, city6-2, city5-2, city4-2, city3-2, city2-2, city1-2.",direct,true,covered,The explicit enumeration names CITY3. Golden line 8.
objects,CITY2,"The locations are city11-1, city10-1, city9-1, city8-1, city7-1, city6-1, city5-1, city4-1, city3-1, city2-1, city1-1, city11-2, city10-2, city9-2, city8-2, city7-2, city6-2, city5-2, city4-2, city3-2, city2-2, city1-2.",direct,true,covered,The explicit enumeration names CITY2. Golden line 8.
objects,CITY1,"The locations are city11-1, city10-1, city9-1, city8-1, city7-1, city6-1, city5-1, city4-1, city3-1, city2-1, city1-1, city11-2, city10-2, city9-2, city8-2, city7-2, city6-2, city5-2, city4-2, city3-2, city2-2, city1-2.",direct,true,covered,The explicit enumeration names CITY1. Golden line 8.
objects,TRUCK47,"The trucks are truck47, truck46, truck45, truck44, truck43, truck42, truck41, truck40, truck39, truck38, truck37, truck36, truck35, truck34, truck33, truck32, truck31, truck30, truck29, truck28, truck27, truck26, truck25, truck24, truck23, truck22, truck21, truck20, truck19, truck18, truck17, truck16, truck15, truck14, truck13, truck12, truck11, truck10, truck9, truck8, truck7, truck6, truck5, truck4, truck3, truck2, truck1.",direct,true,covered,The explicit enumeration names TRUCK47. Golden line 9.
objects,TRUCK46,"The trucks are truck47, truck46, truck45, truck44, truck43, truck42, truck41, truck40, truck39, truck38, truck37, truck36, truck35, truck34, truck33, truck32, truck31, truck30, truck29, truck28, truck27, truck26, truck25, truck24, truck23, truck22, truck21, truck20, truck19, truck18, truck17, truck16, truck15, truck14, truck13, truck12, truck11, truck10, truck9, truck8, truck7, truck6, truck5, truck4, truck3, truck2, truck1.",direct,true,covered,The explicit enumeration names TRUCK46. Golden line 9.
objects,TRUCK45,"The trucks are truck47, truck46, truck45, truck44, truck43, truck42, truck41, truck40, truck39, truck38, truck37, truck36, truck35, truck34, truck33, truck32, truck31, truck30, truck29, truck28, truck27, truck26, truck25, truck24, truck23, truck22, truck21, truck20, truck19, truck18, truck17, truck16, truck15, truck14, truck13, truck12, truck11, truck10, truck9, truck8, truck7, truck6, truck5, truck4, truck3, truck2, truck1.",direct,true,covered,The explicit enumeration names TRUCK45. Golden line 9.
objects,TRUCK44,"The trucks are truck47, truck46, truck45, truck44, truck43, truck42, truck41, truck40, truck39, truck38, truck37, truck36, truck35, truck34, truck33, truck32, truck31, truck30, truck29, truck28, truck27, truck26, truck25, truck24, truck23, truck22, truck21, truck20, truck19, truck18, truck17, truck16, truck15, truck14, truck13, truck12, truck11, truck10, truck9, truck8, truck7, truck6, truck5, truck4, truck3, truck2, truck1.",direct,true,covered,The explicit enumeration names TRUCK44. Golden line 9.
objects,TRUCK43,"The trucks are truck47, truck46, truck45, truck44, truck43, truck42, truck41, truck40, truck39, truck38, truck37, truck36, truck35, truck34, truck33, truck32, truck31, truck30, truck29, truck28, truck27, truck26, truck25, truck24, truck23, truck22, truck21, truck20, truck19, truck18, truck17, truck16, truck15, truck14, truck13, truck12, truck11, truck10, truck9, truck8, truck7, truck6, truck5, truck4, truck3, truck2, truck1.",direct,true,covered,The explicit enumeration names TRUCK43. Golden line 9.
objects,TRUCK42,"The trucks are truck47, truck46, truck45, truck44, truck43, truck42, truck41, truck40, truck39, truck38, truck37, truck36, truck35, truck34, truck33, truck32, truck31, truck30, truck29, truck28, truck27, truck26, truck25, truck24, truck23, truck22, truck21, truck20, truck19, truck18, truck17, truck16, truck15, truck14, truck13, truck12, truck11, truck10, truck9, truck8, truck7, truck6, truck5, truck4, truck3, truck2, truck1.",direct,true,covered,The explicit enumeration names TRUCK42. Golden line 9.
objects,TRUCK41,"The trucks are truck47, truck46, truck45, truck44, truck43, truck42, truck41, truck40, truck39, truck38, truck37, truck36, truck35, truck34, truck33, truck32, truck31, truck30, truck29, truck28, truck27, truck26, truck25, truck24, truck23, truck22, truck21, truck20, truck19, truck18, truck17, truck16, truck15, truck14, truck13, truck12, truck11, truck10, truck9, truck8, truck7, truck6, truck5, truck4, truck3, truck2, truck1.",direct,true,covered,The explicit enumeration names TRUCK41. Golden line 9.
objects,TRUCK40,"The trucks are truck47, truck46, truck45, truck44, truck43, truck42, truck41, truck40, truck39, truck38, truck37, truck36, truck35, truck34, truck33, truck32, truck31, truck30, truck29, truck28, truck27, truck26, truck25, truck24, truck23, truck22, truck21, truck20, truck19, truck18, truck17, truck16, truck15, truck14, truck13, truck12, truck11, truck10, truck9, truck8, truck7, truck6, truck5, truck4, truck3, truck2, truck1.",direct,true,covered,The explicit enumeration names TRUCK40. Golden line 10.
objects,TRUCK39,"The trucks are truck47, truck46, truck45, truck44, truck43, truck42, truck41, truck40, truck39, truck38, truck37, truck36, truck35, truck34, truck33, truck32, truck31, truck30, truck29, truck28, truck27, truck26, truck25, truck24, truck23, truck22, truck21, truck20, truck19, truck18, truck17, truck16, truck15, truck14, truck13, truck12, truck11, truck10, truck9, truck8, truck7, truck6, truck5, truck4, truck3, truck2, truck1.",direct,true,covered,The explicit enumeration names TRUCK39. Golden line 10.
objects,TRUCK38,"The trucks are truck47, truck46, truck45, truck44, truck43, truck42, truck41, truck40, truck39, truck38, truck37, truck36, truck35, truck34, truck33, truck32, truck31, truck30, truck29, truck28, truck27, truck26, truck25, truck24, truck23, truck22, truck21, truck20, truck19, truck18, truck17, truck16, truck15, truck14, truck13, truck12, truck11, truck10, truck9, truck8, truck7, truck6, truck5, truck4, truck3, truck2, truck1.",direct,true,covered,The explicit enumeration names TRUCK38. Golden line 10.
objects,TRUCK37,"The trucks are truck47, truck46, truck45, truck44, truck43, truck42, truck41, truck40, truck39, truck38, truck37, truck36, truck35, truck34, truck33, truck32, truck31, truck30, truck29, truck28, truck27, truck26, truck25, truck24, truck23, truck22, truck21, truck20, truck19, truck18, truck17, truck16, truck15, truck14, truck13, truck12, truck11, truck10, truck9, truck8, truck7, truck6, truck5, truck4, truck3, truck2, truck1.",direct,true,covered,The explicit enumeration names TRUCK37. Golden line 10.
objects,TRUCK36,"The trucks are truck47, truck46, truck45, truck44, truck43, truck42, truck41, truck40, truck39, truck38, truck37, truck36, truck35, truck34, truck33, truck32, truck31, truck30, truck29, truck28, truck27, truck26, truck25, truck24, truck23, truck22, truck21, truck20, truck19, truck18, truck17, truck16, truck15, truck14, truck13, truck12, truck11, truck10, truck9, truck8, truck7, truck6, truck5, truck4, truck3, truck2, truck1.",direct,true,covered,The explicit enumeration names TRUCK36. Golden line 10.
objects,TRUCK35,"The trucks are truck47, truck46, truck45, truck44, truck43, truck42, truck41, truck40, truck39, truck38, truck37, truck36, truck35, truck34, truck33, truck32, truck31, truck30, truck29, truck28, truck27, truck26, truck25, truck24, truck23, truck22, truck21, truck20, truck19, truck18, truck17, truck16, truck15, truck14, truck13, truck12, truck11, truck10, truck9, truck8, truck7, truck6, truck5, truck4, truck3, truck2, truck1.",direct,true,covered,The explicit enumeration names TRUCK35. Golden line 10.
objects,TRUCK34,"The trucks are truck47, truck46, truck45, truck44, truck43, truck42, truck41, truck40, truck39, truck38, truck37, truck36, truck35, truck34, truck33, truck32, truck31, truck30, truck29, truck28, truck27, truck26, truck25, truck24, truck23, truck22, truck21, truck20, truck19, truck18, truck17, truck16, truck15, truck14, truck13, truck12, truck11, truck10, truck9, truck8, truck7, truck6, truck5, truck4, truck3, truck2, truck1.",direct,true,covered,The explicit enumeration names TRUCK34. Golden line 10.
objects,TRUCK33,"The trucks are truck47, truck46, truck45, truck44, truck43, truck42, truck41, truck40, truck39, truck38, truck37, truck36, truck35, truck34, truck33, truck32, truck31, truck30, truck29, truck28, truck27, truck26, truck25, truck24, truck23, truck22, truck21, truck20, truck19, truck18, truck17, truck16, truck15, truck14, truck13, truck12, truck11, truck10, truck9, truck8, truck7, truck6, truck5, truck4, truck3, truck2, truck1.",direct,true,covered,The explicit enumeration names TRUCK33. Golden line 11.
objects,TRUCK32,"The trucks are truck47, truck46, truck45, truck44, truck43, truck42, truck41, truck40, truck39, truck38, truck37, truck36, truck35, truck34, truck33, truck32, truck31, truck30, truck29, truck28, truck27, truck26, truck25, truck24, truck23, truck22, truck21, truck20, truck19, truck18, truck17, truck16, truck15, truck14, truck13, truck12, truck11, truck10, truck9, truck8, truck7, truck6, truck5, truck4, truck3, truck2, truck1.",direct,true,covered,The explicit enumeration names TRUCK32. Golden line 11.
objects,TRUCK31,"The trucks are truck47, truck46, truck45, truck44, truck43, truck42, truck41, truck40, truck39, truck38, truck37, truck36, truck35, truck34, truck33, truck32, truck31, truck30, truck29, truck28, truck27, truck26, truck25, truck24, truck23, truck22, truck21, truck20, truck19, truck18, truck17, truck16, truck15, truck14, truck13, truck12, truck11, truck10, truck9, truck8, truck7, truck6, truck5, truck4, truck3, truck2, truck1.",direct,true,covered,The explicit enumeration names TRUCK31. Golden line 11.
objects,TRUCK30,"The trucks are truck47, truck46, truck45, truck44, truck43, truck42, truck41, truck40, truck39, truck38, truck37, truck36, truck35, truck34, truck33, truck32, truck31, truck30, truck29, truck28, truck27, truck26, truck25, truck24, truck23, truck22, truck21, truck20, truck19, truck18, truck17, truck16, truck15, truck14, truck13, truck12, truck11, truck10, truck9, truck8, truck7, truck6, truck5, truck4, truck3, truck2, truck1.",direct,true,covered,The explicit enumeration names TRUCK30. Golden line 11.
objects,TRUCK29,"The trucks are truck47, truck46, truck45, truck44, truck43, truck42, truck41, truck40, truck39, truck38, truck37, truck36, truck35, truck34, truck33, truck32, truck31, truck30, truck29, truck28, truck27, truck26, truck25, truck24, truck23, truck22, truck21, truck20, truck19, truck18, truck17, truck16, truck15, truck14, truck13, truck12, truck11, truck10, truck9, truck8, truck7, truck6, truck5, truck4, truck3, truck2, truck1.",direct,true,covered,The explicit enumeration names TRUCK29. Golden line 11.
objects,TRUCK28,"The trucks are truck47, truck46, truck45, truck44, truck43, truck42, truck41, truck40, truck39, truck38, truck37, truck36, truck35, truck34, truck33, truck32, truck31, truck30, truck29, truck28, truck27, truck26, truck25, truck24, truck23, truck22, truck21, truck20, truck19, truck18, truck17, truck16, truck15, truck14, truck13, truck12, truck11, truck10, truck9, truck8, truck7, truck6, truck5, truck4, truck3, truck2, truck1.",direct,true,covered,The explicit enumeration names TRUCK28. Golden line 11.
objects,TRUCK27,"The trucks are truck47, truck46, truck45, truck44, truck43, truck42, truck41, truck40, truck39, truck38, truck37, truck36, truck35, truck34, truck33, truck32, truck31, truck30, truck29, truck28, truck27, truck26, truck25, truck24, truck23, truck22, truck21, truck20, truck19, truck18, truck17, truck16, truck15, truck14, truck13, truck12, truck11, truck10, truck9, truck8, truck7, truck6, truck5, truck4, truck3, truck2, truck1.",direct,true,covered,The explicit enumeration names TRUCK27. Golden line 11.
objects,TRUCK26,"The trucks are truck47, truck46, truck45, truck44, truck43, truck42, truck41, truck40, truck39, truck38, truck37, truck36, truck35, truck34, truck33, truck32, truck31, truck30, truck29, truck28, truck27, truck26, truck25, truck24, truck23, truck22, truck21, truck20, truck19, truck18, truck17, truck16, truck15, truck14, truck13, truck12, truck11, truck10, truck9, truck8, truck7, truck6, truck5, truck4, truck3, truck2, truck1.",direct,true,covered,The explicit enumeration names TRUCK26. Golden line 12.
objects,TRUCK25,"The trucks are truck47, truck46, truck45, truck44, truck43, truck42, truck41, truck40, truck39, truck38, truck37, truck36, truck35, truck34, truck33, truck32, truck31, truck30, truck29, truck28, truck27, truck26, truck25, truck24, truck23, truck22, truck21, truck20, truck19, truck18, truck17, truck16, truck15, truck14, truck13, truck12, truck11, truck10, truck9, truck8, truck7, truck6, truck5, truck4, truck3, truck2, truck1.",direct,true,covered,The explicit enumeration names TRUCK25. Golden line 12.
objects,TRUCK24,"The trucks are truck47, truck46, truck45, truck44, truck43, truck42, truck41, truck40, truck39, truck38, truck37, truck36, truck35, truck34, truck33, truck32, truck31, truck30, truck29, truck28, truck27, truck26, truck25, truck24, truck23, truck22, truck21, truck20, truck19, truck18, truck17, truck16, truck15, truck14, truck13, truck12, truck11, truck10, truck9, truck8, truck7, truck6, truck5, truck4, truck3, truck2, truck1.",direct,true,covered,The explicit enumeration names TRUCK24. Golden line 12.
objects,TRUCK23,"The trucks are truck47, truck46, truck45, truck44, truck43, truck42, truck41, truck40, truck39, truck38, truck37, truck36, truck35, truck34, truck33, truck32, truck31, truck30, truck29, truck28, truck27, truck26, truck25, truck24, truck23, truck22, truck21, truck20, truck19, truck18, truck17, truck16, truck15, truck14, truck13, truck12, truck11, truck10, truck9, truck8, truck7, truck6, truck5, truck4, truck3, truck2, truck1.",direct,true,covered,The explicit enumeration names TRUCK23. Golden line 12.
objects,TRUCK22,"The trucks are truck47, truck46, truck45, truck44, truck43, truck42, truck41, truck40, truck39, truck38, truck37, truck36, truck35, truck34, truck33, truck32, truck31, truck30, truck29, truck28, truck27, truck26, truck25, truck24, truck23, truck22, truck21, truck20, truck19, truck18, truck17, truck16, truck15, truck14, truck13, truck12, truck11, truck10, truck9, truck8, truck7, truck6, truck5, truck4, truck3, truck2, truck1.",direct,true,covered,The explicit enumeration names TRUCK22. Golden line 12.
objects,TRUCK21,"The trucks are truck47, truck46, truck45, truck44, truck43, truck42, truck41, truck40, truck39, truck38, truck37, truck36, truck35, truck34, truck33, truck32, truck31, truck30, truck29, truck28, truck27, truck26, truck25, truck24, truck23, truck22, truck21, truck20, truck19, truck18, truck17, truck16, truck15, truck14, truck13, truck12, truck11, truck10, truck9, truck8, truck7, truck6, truck5, truck4, truck3, truck2, truck1.",direct,true,covered,The explicit enumeration names TRUCK21. Golden line 12.
objects,TRUCK20,"The trucks are truck47, truck46, truck45, truck44, truck43, truck42, truck41, truck40, truck39, truck38, truck37, truck36, truck35, truck34, truck33, truck32, truck31, truck30, truck29, truck28, truck27, truck26, truck25, truck24, truck23, truck22, truck21, truck20, truck19, truck18, truck17, truck16, truck15, truck14, truck13, truck12, truck11, truck10, truck9, truck8, truck7, truck6, truck5, truck4, truck3, truck2, truck1.",direct,true,covered,The explicit enumeration names TRUCK20. Golden line 12.
objects,TRUCK19,"The trucks are truck47, truck46, truck45, truck44, truck43, truck42, truck41, truck40, truck39, truck38, truck37, truck36, truck35, truck34, truck33, truck32, truck31, truck30, truck29, truck28, truck27, truck26, truck25, truck24, truck23, truck22, truck21, truck20, truck19, truck18, truck17, truck16, truck15, truck14, truck13, truck12, truck11, truck10, truck9, truck8, truck7, truck6, truck5, truck4, truck3, truck2, truck1.",direct,true,covered,The explicit enumeration names TRUCK19. Golden line 13.
objects,TRUCK18,"The trucks are truck47, truck46, truck45, truck44, truck43, truck42, truck41, truck40, truck39, truck38, truck37, truck36, truck35, truck34, truck33, truck32, truck31, truck30, truck29, truck28, truck27, truck26, truck25, truck24, truck23, truck22, truck21, truck20, truck19, truck18, truck17, truck16, truck15, truck14, truck13, truck12, truck11, truck10, truck9, truck8, truck7, truck6, truck5, truck4, truck3, truck2, truck1.",direct,true,covered,The explicit enumeration names TRUCK18. Golden line 13.
objects,TRUCK17,"The trucks are truck47, truck46, truck45, truck44, truck43, truck42, truck41, truck40, truck39, truck38, truck37, truck36, truck35, truck34, truck33, truck32, truck31, truck30, truck29, truck28, truck27, truck26, truck25, truck24, truck23, truck22, truck21, truck20, truck19, truck18, truck17, truck16, truck15, truck14, truck13, truck12, truck11, truck10, truck9, truck8, truck7, truck6, truck5, truck4, truck3, truck2, truck1.",direct,true,covered,The explicit enumeration names TRUCK17. Golden line 13.
objects,TRUCK16,"The trucks are truck47, truck46, truck45, truck44, truck43, truck42, truck41, truck40, truck39, truck38, truck37, truck36, truck35, truck34, truck33, truck32, truck31, truck30, truck29, truck28, truck27, truck26, truck25, truck24, truck23, truck22, truck21, truck20, truck19, truck18, truck17, truck16, truck15, truck14, truck13, truck12, truck11, truck10, truck9, truck8, truck7, truck6, truck5, truck4, truck3, truck2, truck1.",direct,true,covered,The explicit enumeration names TRUCK16. Golden line 13.
objects,TRUCK15,"The trucks are truck47, truck46, truck45, truck44, truck43, truck42, truck41, truck40, truck39, truck38, truck37, truck36, truck35, truck34, truck33, truck32, truck31, truck30, truck29, truck28, truck27, truck26, truck25, truck24, truck23, truck22, truck21, truck20, truck19, truck18, truck17, truck16, truck15, truck14, truck13, truck12, truck11, truck10, truck9, truck8, truck7, truck6, truck5, truck4, truck3, truck2, truck1.",direct,true,covered,The explicit enumeration names TRUCK15. Golden line 13.
objects,TRUCK14,"The trucks are truck47, truck46, truck45, truck44, truck43, truck42, truck41, truck40, truck39, truck38, truck37, truck36, truck35, truck34, truck33, truck32, truck31, truck30, truck29, truck28, truck27, truck26, truck25, truck24, truck23, truck22, truck21, truck20, truck19, truck18, truck17, truck16, truck15, truck14, truck13, truck12, truck11, truck10, truck9, truck8, truck7, truck6, truck5, truck4, truck3, truck2, truck1.",direct,true,covered,The explicit enumeration names TRUCK14. Golden line 13.
objects,TRUCK13,"The trucks are truck47, truck46, truck45, truck44, truck43, truck42, truck41, truck40, truck39, truck38, truck37, truck36, truck35, truck34, truck33, truck32, truck31, truck30, truck29, truck28, truck27, truck26, truck25, truck24, truck23, truck22, truck21, truck20, truck19, truck18, truck17, truck16, truck15, truck14, truck13, truck12, truck11, truck10, truck9, truck8, truck7, truck6, truck5, truck4, truck3, truck2, truck1.",direct,true,covered,The explicit enumeration names TRUCK13. Golden line 13.
objects,TRUCK12,"The trucks are truck47, truck46, truck45, truck44, truck43, truck42, truck41, truck40, truck39, truck38, truck37, truck36, truck35, truck34, truck33, truck32, truck31, truck30, truck29, truck28, truck27, truck26, truck25, truck24, truck23, truck22, truck21, truck20, truck19, truck18, truck17, truck16, truck15, truck14, truck13, truck12, truck11, truck10, truck9, truck8, truck7, truck6, truck5, truck4, truck3, truck2, truck1.",direct,true,covered,The explicit enumeration names TRUCK12. Golden line 14.
objects,TRUCK11,"The trucks are truck47, truck46, truck45, truck44, truck43, truck42, truck41, truck40, truck39, truck38, truck37, truck36, truck35, truck34, truck33, truck32, truck31, truck30, truck29, truck28, truck27, truck26, truck25, truck24, truck23, truck22, truck21, truck20, truck19, truck18, truck17, truck16, truck15, truck14, truck13, truck12, truck11, truck10, truck9, truck8, truck7, truck6, truck5, truck4, truck3, truck2, truck1.",direct,true,covered,The explicit enumeration names TRUCK11. Golden line 14.
objects,TRUCK10,"The trucks are truck47, truck46, truck45, truck44, truck43, truck42, truck41, truck40, truck39, truck38, truck37, truck36, truck35, truck34, truck33, truck32, truck31, truck30, truck29, truck28, truck27, truck26, truck25, truck24, truck23, truck22, truck21, truck20, truck19, truck18, truck17, truck16, truck15, truck14, truck13, truck12, truck11, truck10, truck9, truck8, truck7, truck6, truck5, truck4, truck3, truck2, truck1.",direct,true,covered,The explicit enumeration names TRUCK10. Golden line 14.
objects,TRUCK9,"The trucks are truck47, truck46, truck45, truck44, truck43, truck42, truck41, truck40, truck39, truck38, truck37, truck36, truck35, truck34, truck33, truck32, truck31, truck30, truck29, truck28, truck27, truck26, truck25, truck24, truck23, truck22, truck21, truck20, truck19, truck18, truck17, truck16, truck15, truck14, truck13, truck12, truck11, truck10, truck9, truck8, truck7, truck6, truck5, truck4, truck3, truck2, truck1.",direct,true,covered,The explicit enumeration names TRUCK9. Golden line 14.
objects,TRUCK8,"The trucks are truck47, truck46, truck45, truck44, truck43, truck42, truck41, truck40, truck39, truck38, truck37, truck36, truck35, truck34, truck33, truck32, truck31, truck30, truck29, truck28, truck27, truck26, truck25, truck24, truck23, truck22, truck21, truck20, truck19, truck18, truck17, truck16, truck15, truck14, truck13, truck12, truck11, truck10, truck9, truck8, truck7, truck6, truck5, truck4, truck3, truck2, truck1.",direct,true,covered,The explicit enumeration names TRUCK8. Golden line 14.
objects,TRUCK7,"The trucks are truck47, truck46, truck45, truck44, truck43, truck42, truck41, truck40, truck39, truck38, truck37, truck36, truck35, truck34, truck33, truck32, truck31, truck30, truck29, truck28, truck27, truck26, truck25, truck24, truck23, truck22, truck21, truck20, truck19, truck18, truck17, truck16, truck15, truck14, truck13, truck12, truck11, truck10, truck9, truck8, truck7, truck6, truck5, truck4, truck3, truck2, truck1.",direct,true,covered,The explicit enumeration names TRUCK7. Golden line 14.
objects,TRUCK6,"The trucks are truck47, truck46, truck45, truck44, truck43, truck42, truck41, truck40, truck39, truck38, truck37, truck36, truck35, truck34, truck33, truck32, truck31, truck30, truck29, truck28, truck27, truck26, truck25, truck24, truck23, truck22, truck21, truck20, truck19, truck18, truck17, truck16, truck15, truck14, truck13, truck12, truck11, truck10, truck9, truck8, truck7, truck6, truck5, truck4, truck3, truck2, truck1.",direct,true,covered,The explicit enumeration names TRUCK6. Golden line 14.
objects,TRUCK5,"The trucks are truck47, truck46, truck45, truck44, truck43, truck42, truck41, truck40, truck39, truck38, truck37, truck36, truck35, truck34, truck33, truck32, truck31, truck30, truck29, truck28, truck27, truck26, truck25, truck24, truck23, truck22, truck21, truck20, truck19, truck18, truck17, truck16, truck15, truck14, truck13, truck12, truck11, truck10, truck9, truck8, truck7, truck6, truck5, truck4, truck3, truck2, truck1.",direct,true,covered,The explicit enumeration names TRUCK5. Golden line 14.
objects,TRUCK4,"The trucks are truck47, truck46, truck45, truck44, truck43, truck42, truck41, truck40, truck39, truck38, truck37, truck36, truck35, truck34, truck33, truck32, truck31, truck30, truck29, truck28, truck27, truck26, truck25, truck24, truck23, truck22, truck21, truck20, truck19, truck18, truck17, truck16, truck15, truck14, truck13, truck12, truck11, truck10, truck9, truck8, truck7, truck6, truck5, truck4, truck3, truck2, truck1.",direct,true,covered,The explicit enumeration names TRUCK4. Golden line 15.
objects,TRUCK3,"The trucks are truck47, truck46, truck45, truck44, truck43, truck42, truck41, truck40, truck39, truck38, truck37, truck36, truck35, truck34, truck33, truck32, truck31, truck30, truck29, truck28, truck27, truck26, truck25, truck24, truck23, truck22, truck21, truck20, truck19, truck18, truck17, truck16, truck15, truck14, truck13, truck12, truck11, truck10, truck9, truck8, truck7, truck6, truck5, truck4, truck3, truck2, truck1.",direct,true,covered,The explicit enumeration names TRUCK3. Golden line 15.
objects,TRUCK2,"The trucks are truck47, truck46, truck45, truck44, truck43, truck42, truck41, truck40, truck39, truck38, truck37, truck36, truck35, truck34, truck33, truck32, truck31, truck30, truck29, truck28, truck27, truck26, truck25, truck24, truck23, truck22, truck21, truck20, truck19, truck18, truck17, truck16, truck15, truck14, truck13, truck12, truck11, truck10, truck9, truck8, truck7, truck6, truck5, truck4, truck3, truck2, truck1.",direct,true,covered,The explicit enumeration names TRUCK2. Golden line 15.
objects,TRUCK1,"The trucks are truck47, truck46, truck45, truck44, truck43, truck42, truck41, truck40, truck39, truck38, truck37, truck36, truck35, truck34, truck33, truck32, truck31, truck30, truck29, truck28, truck27, truck26, truck25, truck24, truck23, truck22, truck21, truck20, truck19, truck18, truck17, truck16, truck15, truck14, truck13, truck12, truck11, truck10, truck9, truck8, truck7, truck6, truck5, truck4, truck3, truck2, truck1.",direct,true,covered,The explicit enumeration names TRUCK1. Golden line 15.
objects,PLANE8,"The airplanes are plane8, plane7, plane6, plane5, plane4, plane3, plane2, plane1.",direct,true,covered,The explicit enumeration names PLANE8. Golden line 15.
objects,PLANE7,"The airplanes are plane8, plane7, plane6, plane5, plane4, plane3, plane2, plane1.",direct,true,covered,The explicit enumeration names PLANE7. Golden line 15.
objects,PLANE6,"The airplanes are plane8, plane7, plane6, plane5, plane4, plane3, plane2, plane1.",direct,true,covered,The explicit enumeration names PLANE6. Golden line 15.
objects,PLANE5,"The airplanes are plane8, plane7, plane6, plane5, plane4, plane3, plane2, plane1.",direct,true,covered,The explicit enumeration names PLANE5. Golden line 15.
objects,PLANE4,"The airplanes are plane8, plane7, plane6, plane5, plane4, plane3, plane2, plane1.",direct,true,covered,The explicit enumeration names PLANE4. Golden line 15.
objects,PLANE3,"The airplanes are plane8, plane7, plane6, plane5, plane4, plane3, plane2, plane1.",direct,true,covered,The explicit enumeration names PLANE3. Golden line 16.
objects,PLANE2,"The airplanes are plane8, plane7, plane6, plane5, plane4, plane3, plane2, plane1.",direct,true,covered,The explicit enumeration names PLANE2. Golden line 16.
objects,PLANE1,"The airplanes are plane8, plane7, plane6, plane5, plane4, plane3, plane2, plane1.",direct,true,covered,The explicit enumeration names PLANE1. Golden line 16.
objects,CITY11-1,"The locations are city11-1, city10-1, city9-1, city8-1, city7-1, city6-1, city5-1, city4-1, city3-1, city2-1, city1-1, city11-2, city10-2, city9-2, city8-2, city7-2, city6-2, city5-2, city4-2, city3-2, city2-2, city1-2.",direct,true,covered,The explicit enumeration names CITY11-1. Golden line 16.
objects,CITY10-1,"The locations are city11-1, city10-1, city9-1, city8-1, city7-1, city6-1, city5-1, city4-1, city3-1, city2-1, city1-1, city11-2, city10-2, city9-2, city8-2, city7-2, city6-2, city5-2, city4-2, city3-2, city2-2, city1-2.",direct,true,covered,The explicit enumeration names CITY10-1. Golden line 16.
objects,CITY9-1,"The locations are city11-1, city10-1, city9-1, city8-1, city7-1, city6-1, city5-1, city4-1, city3-1, city2-1, city1-1, city11-2, city10-2, city9-2, city8-2, city7-2, city6-2, city5-2, city4-2, city3-2, city2-2, city1-2.",direct,true,covered,The explicit enumeration names CITY9-1. Golden line 16.
objects,CITY8-1,"The locations are city11-1, city10-1, city9-1, city8-1, city7-1, city6-1, city5-1, city4-1, city3-1, city2-1, city1-1, city11-2, city10-2, city9-2, city8-2, city7-2, city6-2, city5-2, city4-2, city3-2, city2-2, city1-2.",direct,true,covered,The explicit enumeration names CITY8-1. Golden line 16.
objects,CITY7-1,"The locations are city11-1, city10-1, city9-1, city8-1, city7-1, city6-1, city5-1, city4-1, city3-1, city2-1, city1-1, city11-2, city10-2, city9-2, city8-2, city7-2, city6-2, city5-2, city4-2, city3-2, city2-2, city1-2.",direct,true,covered,The explicit enumeration names CITY7-1. Golden line 17.
objects,CITY6-1,"The locations are city11-1, city10-1, city9-1, city8-1, city7-1, city6-1, city5-1, city4-1, city3-1, city2-1, city1-1, city11-2, city10-2, city9-2, city8-2, city7-2, city6-2, city5-2, city4-2, city3-2, city2-2, city1-2.",direct,true,covered,The explicit enumeration names CITY6-1. Golden line 17.
objects,CITY5-1,"The locations are city11-1, city10-1, city9-1, city8-1, city7-1, city6-1, city5-1, city4-1, city3-1, city2-1, city1-1, city11-2, city10-2, city9-2, city8-2, city7-2, city6-2, city5-2, city4-2, city3-2, city2-2, city1-2.",direct,true,covered,The explicit enumeration names CITY5-1. Golden line 17.
objects,CITY4-1,"The locations are city11-1, city10-1, city9-1, city8-1, city7-1, city6-1, city5-1, city4-1, city3-1, city2-1, city1-1, city11-2, city10-2, city9-2, city8-2, city7-2, city6-2, city5-2, city4-2, city3-2, city2-2, city1-2.",direct,true,covered,The explicit enumeration names CITY4-1. Golden line 17.
objects,CITY3-1,"The locations are city11-1, city10-1, city9-1, city8-1, city7-1, city6-1, city5-1, city4-1, city3-1, city2-1, city1-1, city11-2, city10-2, city9-2, city8-2, city7-2, city6-2, city5-2, city4-2, city3-2, city2-2, city1-2.",direct,true,covered,The explicit enumeration names CITY3-1. Golden line 17.
objects,CITY2-1,"The locations are city11-1, city10-1, city9-1, city8-1, city7-1, city6-1, city5-1, city4-1, city3-1, city2-1, city1-1, city11-2, city10-2, city9-2, city8-2, city7-2, city6-2, city5-2, city4-2, city3-2, city2-2, city1-2.",direct,true,covered,The explicit enumeration names CITY2-1. Golden line 17.
objects,CITY1-1,"The locations are city11-1, city10-1, city9-1, city8-1, city7-1, city6-1, city5-1, city4-1, city3-1, city2-1, city1-1, city11-2, city10-2, city9-2, city8-2, city7-2, city6-2, city5-2, city4-2, city3-2, city2-2, city1-2.",direct,true,covered,The explicit enumeration names CITY1-1. Golden line 17.
objects,CITY11-2,"The airport locations are city11-2, city10-2, city9-2, city8-2, city7-2, city6-2, city5-2, city4-2, city3-2, city2-2, city1-2.",direct,true,covered,The explicit enumeration names CITY11-2. Golden line 18.
objects,CITY10-2,"The airport locations are city11-2, city10-2, city9-2, city8-2, city7-2, city6-2, city5-2, city4-2, city3-2, city2-2, city1-2.",direct,true,covered,The explicit enumeration names CITY10-2. Golden line 18.
objects,CITY9-2,"The airport locations are city11-2, city10-2, city9-2, city8-2, city7-2, city6-2, city5-2, city4-2, city3-2, city2-2, city1-2.",direct,true,covered,The explicit enumeration names CITY9-2. Golden line 18.
objects,CITY8-2,"The airport locations are city11-2, city10-2, city9-2, city8-2, city7-2, city6-2, city5-2, city4-2, city3-2, city2-2, city1-2.",direct,true,covered,The explicit enumeration names CITY8-2. Golden line 18.
objects,CITY7-2,"The airport locations are city11-2, city10-2, city9-2, city8-2, city7-2, city6-2, city5-2, city4-2, city3-2, city2-2, city1-2.",direct,true,covered,The explicit enumeration names CITY7-2. Golden line 18.
objects,CITY6-2,"The airport locations are city11-2, city10-2, city9-2, city8-2, city7-2, city6-2, city5-2, city4-2, city3-2, city2-2, city1-2.",direct,true,covered,The explicit enumeration names CITY6-2. Golden line 18.
objects,CITY5-2,"The airport locations are city11-2, city10-2, city9-2, city8-2, city7-2, city6-2, city5-2, city4-2, city3-2, city2-2, city1-2.",direct,true,covered,The explicit enumeration names CITY5-2. Golden line 18.
objects,CITY4-2,"The airport locations are city11-2, city10-2, city9-2, city8-2, city7-2, city6-2, city5-2, city4-2, city3-2, city2-2, city1-2.",direct,true,covered,The explicit enumeration names CITY4-2. Golden line 19.
objects,CITY3-2,"The airport locations are city11-2, city10-2, city9-2, city8-2, city7-2, city6-2, city5-2, city4-2, city3-2, city2-2, city1-2.",direct,true,covered,The explicit enumeration names CITY3-2. Golden line 19.
objects,CITY2-2,"The airport locations are city11-2, city10-2, city9-2, city8-2, city7-2, city6-2, city5-2, city4-2, city3-2, city2-2, city1-2.",direct,true,covered,The explicit enumeration names CITY2-2. Golden line 19.
objects,CITY1-2,"The airport locations are city11-2, city10-2, city9-2, city8-2, city7-2, city6-2, city5-2, city4-2, city3-2, city2-2, city1-2.",direct,true,covered,The explicit enumeration names CITY1-2. Golden line 19.
init,(PACKAGE PACKAGE29),"The packages are package29, package28, package27, package26, package25, package24, package23, package22, package21, package20, package19, package18, package17, package16, package15, package14, package13, package12, package11, package10, package9, package8, package7, package6, package5, package4, package3, package2, package1.",direct,true,covered,The final English directly states (PACKAGE PACKAGE29). Golden line 20.
init,(PACKAGE PACKAGE28),"The packages are package29, package28, package27, package26, package25, package24, package23, package22, package21, package20, package19, package18, package17, package16, package15, package14, package13, package12, package11, package10, package9, package8, package7, package6, package5, package4, package3, package2, package1.",direct,true,covered,The final English directly states (PACKAGE PACKAGE28). Golden line 21.
init,(PACKAGE PACKAGE27),"The packages are package29, package28, package27, package26, package25, package24, package23, package22, package21, package20, package19, package18, package17, package16, package15, package14, package13, package12, package11, package10, package9, package8, package7, package6, package5, package4, package3, package2, package1.",direct,true,covered,The final English directly states (PACKAGE PACKAGE27). Golden line 22.
init,(PACKAGE PACKAGE26),"The packages are package29, package28, package27, package26, package25, package24, package23, package22, package21, package20, package19, package18, package17, package16, package15, package14, package13, package12, package11, package10, package9, package8, package7, package6, package5, package4, package3, package2, package1.",direct,true,covered,The final English directly states (PACKAGE PACKAGE26). Golden line 23.
init,(PACKAGE PACKAGE25),"The packages are package29, package28, package27, package26, package25, package24, package23, package22, package21, package20, package19, package18, package17, package16, package15, package14, package13, package12, package11, package10, package9, package8, package7, package6, package5, package4, package3, package2, package1.",direct,true,covered,The final English directly states (PACKAGE PACKAGE25). Golden line 24.
init,(PACKAGE PACKAGE24),"The packages are package29, package28, package27, package26, package25, package24, package23, package22, package21, package20, package19, package18, package17, package16, package15, package14, package13, package12, package11, package10, package9, package8, package7, package6, package5, package4, package3, package2, package1.",direct,true,covered,The final English directly states (PACKAGE PACKAGE24). Golden line 25.
init,(PACKAGE PACKAGE23),"The packages are package29, package28, package27, package26, package25, package24, package23, package22, package21, package20, package19, package18, package17, package16, package15, package14, package13, package12, package11, package10, package9, package8, package7, package6, package5, package4, package3, package2, package1.",direct,true,covered,The final English directly states (PACKAGE PACKAGE23). Golden line 26.
init,(PACKAGE PACKAGE22),"The packages are package29, package28, package27, package26, package25, package24, package23, package22, package21, package20, package19, package18, package17, package16, package15, package14, package13, package12, package11, package10, package9, package8, package7, package6, package5, package4, package3, package2, package1.",direct,true,covered,The final English directly states (PACKAGE PACKAGE22). Golden line 27.
init,(PACKAGE PACKAGE21),"The packages are package29, package28, package27, package26, package25, package24, package23, package22, package21, package20, package19, package18, package17, package16, package15, package14, package13, package12, package11, package10, package9, package8, package7, package6, package5, package4, package3, package2, package1.",direct,true,covered,The final English directly states (PACKAGE PACKAGE21). Golden line 28.
init,(PACKAGE PACKAGE20),"The packages are package29, package28, package27, package26, package25, package24, package23, package22, package21, package20, package19, package18, package17, package16, package15, package14, package13, package12, package11, package10, package9, package8, package7, package6, package5, package4, package3, package2, package1.",direct,true,covered,The final English directly states (PACKAGE PACKAGE20). Golden line 29.
init,(PACKAGE PACKAGE19),"The packages are package29, package28, package27, package26, package25, package24, package23, package22, package21, package20, package19, package18, package17, package16, package15, package14, package13, package12, package11, package10, package9, package8, package7, package6, package5, package4, package3, package2, package1.",direct,true,covered,The final English directly states (PACKAGE PACKAGE19). Golden line 30.
init,(PACKAGE PACKAGE18),"The packages are package29, package28, package27, package26, package25, package24, package23, package22, package21, package20, package19, package18, package17, package16, package15, package14, package13, package12, package11, package10, package9, package8, package7, package6, package5, package4, package3, package2, package1.",direct,true,covered,The final English directly states (PACKAGE PACKAGE18). Golden line 31.
init,(PACKAGE PACKAGE17),"The packages are package29, package28, package27, package26, package25, package24, package23, package22, package21, package20, package19, package18, package17, package16, package15, package14, package13, package12, package11, package10, package9, package8, package7, package6, package5, package4, package3, package2, package1.",direct,true,covered,The final English directly states (PACKAGE PACKAGE17). Golden line 32.
init,(PACKAGE PACKAGE16),"The packages are package29, package28, package27, package26, package25, package24, package23, package22, package21, package20, package19, package18, package17, package16, package15, package14, package13, package12, package11, package10, package9, package8, package7, package6, package5, package4, package3, package2, package1.",direct,true,covered,The final English directly states (PACKAGE PACKAGE16). Golden line 33.
init,(PACKAGE PACKAGE15),"The packages are package29, package28, package27, package26, package25, package24, package23, package22, package21, package20, package19, package18, package17, package16, package15, package14, package13, package12, package11, package10, package9, package8, package7, package6, package5, package4, package3, package2, package1.",direct,true,covered,The final English directly states (PACKAGE PACKAGE15). Golden line 34.
init,(PACKAGE PACKAGE14),"The packages are package29, package28, package27, package26, package25, package24, package23, package22, package21, package20, package19, package18, package17, package16, package15, package14, package13, package12, package11, package10, package9, package8, package7, package6, package5, package4, package3, package2, package1.",direct,true,covered,The final English directly states (PACKAGE PACKAGE14). Golden line 35.
init,(PACKAGE PACKAGE13),"The packages are package29, package28, package27, package26, package25, package24, package23, package22, package21, package20, package19, package18, package17, package16, package15, package14, package13, package12, package11, package10, package9, package8, package7, package6, package5, package4, package3, package2, package1.",direct,true,covered,The final English directly states (PACKAGE PACKAGE13). Golden line 36.
init,(PACKAGE PACKAGE12),"The packages are package29, package28, package27, package26, package25, package24, package23, package22, package21, package20, package19, package18, package17, package16, package15, package14, package13, package12, package11, package10, package9, package8, package7, package6, package5, package4, package3, package2, package1.",direct,true,covered,The final English directly states (PACKAGE PACKAGE12). Golden line 37.
init,(PACKAGE PACKAGE11),"The packages are package29, package28, package27, package26, package25, package24, package23, package22, package21, package20, package19, package18, package17, package16, package15, package14, package13, package12, package11, package10, package9, package8, package7, package6, package5, package4, package3, package2, package1.",direct,true,covered,The final English directly states (PACKAGE PACKAGE11). Golden line 38.
init,(PACKAGE PACKAGE10),"The packages are package29, package28, package27, package26, package25, package24, package23, package22, package21, package20, package19, package18, package17, package16, package15, package14, package13, package12, package11, package10, package9, package8, package7, package6, package5, package4, package3, package2, package1.",direct,true,covered,The final English directly states (PACKAGE PACKAGE10). Golden line 39.
init,(PACKAGE PACKAGE9),"The packages are package29, package28, package27, package26, package25, package24, package23, package22, package21, package20, package19, package18, package17, package16, package15, package14, package13, package12, package11, package10, package9, package8, package7, package6, package5, package4, package3, package2, package1.",direct,true,covered,The final English directly states (PACKAGE PACKAGE9). Golden line 40.
init,(PACKAGE PACKAGE8),"The packages are package29, package28, package27, package26, package25, package24, package23, package22, package21, package20, package19, package18, package17, package16, package15, package14, package13, package12, package11, package10, package9, package8, package7, package6, package5, package4, package3, package2, package1.",direct,true,covered,The final English directly states (PACKAGE PACKAGE8). Golden line 41.
init,(PACKAGE PACKAGE7),"The packages are package29, package28, package27, package26, package25, package24, package23, package22, package21, package20, package19, package18, package17, package16, package15, package14, package13, package12, package11, package10, package9, package8, package7, package6, package5, package4, package3, package2, package1.",direct,true,covered,The final English directly states (PACKAGE PACKAGE7). Golden line 42.
init,(PACKAGE PACKAGE6),"The packages are package29, package28, package27, package26, package25, package24, package23, package22, package21, package20, package19, package18, package17, package16, package15, package14, package13, package12, package11, package10, package9, package8, package7, package6, package5, package4, package3, package2, package1.",direct,true,covered,The final English directly states (PACKAGE PACKAGE6). Golden line 43.
init,(PACKAGE PACKAGE5),"The packages are package29, package28, package27, package26, package25, package24, package23, package22, package21, package20, package19, package18, package17, package16, package15, package14, package13, package12, package11, package10, package9, package8, package7, package6, package5, package4, package3, package2, package1.",direct,true,covered,The final English directly states (PACKAGE PACKAGE5). Golden line 44.
init,(PACKAGE PACKAGE4),"The packages are package29, package28, package27, package26, package25, package24, package23, package22, package21, package20, package19, package18, package17, package16, package15, package14, package13, package12, package11, package10, package9, package8, package7, package6, package5, package4, package3, package2, package1.",direct,true,covered,The final English directly states (PACKAGE PACKAGE4). Golden line 45.
init,(PACKAGE PACKAGE3),"The packages are package29, package28, package27, package26, package25, package24, package23, package22, package21, package20, package19, package18, package17, package16, package15, package14, package13, package12, package11, package10, package9, package8, package7, package6, package5, package4, package3, package2, package1.",direct,true,covered,The final English directly states (PACKAGE PACKAGE3). Golden line 46.
init,(PACKAGE PACKAGE2),"The packages are package29, package28, package27, package26, package25, package24, package23, package22, package21, package20, package19, package18, package17, package16, package15, package14, package13, package12, package11, package10, package9, package8, package7, package6, package5, package4, package3, package2, package1.",direct,true,covered,The final English directly states (PACKAGE PACKAGE2). Golden line 47.
init,(PACKAGE PACKAGE1),"The packages are package29, package28, package27, package26, package25, package24, package23, package22, package21, package20, package19, package18, package17, package16, package15, package14, package13, package12, package11, package10, package9, package8, package7, package6, package5, package4, package3, package2, package1.",direct,true,covered,The final English directly states (PACKAGE PACKAGE1). Golden line 48.
init,(CITY CITY11),"The cities are city11, city10, city9, city8, city7, city6, city5, city4, city3, city2, city1.",direct,true,covered,The final English directly states (CITY CITY11). Golden line 49.
init,(CITY CITY10),"The cities are city11, city10, city9, city8, city7, city6, city5, city4, city3, city2, city1.",direct,true,covered,The final English directly states (CITY CITY10). Golden line 50.
init,(CITY CITY9),"The cities are city11, city10, city9, city8, city7, city6, city5, city4, city3, city2, city1.",direct,true,covered,The final English directly states (CITY CITY9). Golden line 51.
init,(CITY CITY8),"The cities are city11, city10, city9, city8, city7, city6, city5, city4, city3, city2, city1.",direct,true,covered,The final English directly states (CITY CITY8). Golden line 52.
init,(CITY CITY7),"The cities are city11, city10, city9, city8, city7, city6, city5, city4, city3, city2, city1.",direct,true,covered,The final English directly states (CITY CITY7). Golden line 53.
init,(CITY CITY6),"The cities are city11, city10, city9, city8, city7, city6, city5, city4, city3, city2, city1.",direct,true,covered,The final English directly states (CITY CITY6). Golden line 54.
init,(CITY CITY5),"The cities are city11, city10, city9, city8, city7, city6, city5, city4, city3, city2, city1.",direct,true,covered,The final English directly states (CITY CITY5). Golden line 55.
init,(CITY CITY4),"The cities are city11, city10, city9, city8, city7, city6, city5, city4, city3, city2, city1.",direct,true,covered,The final English directly states (CITY CITY4). Golden line 56.
init,(CITY CITY3),"The cities are city11, city10, city9, city8, city7, city6, city5, city4, city3, city2, city1.",direct,true,covered,The final English directly states (CITY CITY3). Golden line 57.
init,(CITY CITY2),"The cities are city11, city10, city9, city8, city7, city6, city5, city4, city3, city2, city1.",direct,true,covered,The final English directly states (CITY CITY2). Golden line 58.
init,(CITY CITY1),"The cities are city11, city10, city9, city8, city7, city6, city5, city4, city3, city2, city1.",direct,true,covered,The final English directly states (CITY CITY1). Golden line 59.
init,(TRUCK TRUCK47),"The trucks are truck47, truck46, truck45, truck44, truck43, truck42, truck41, truck40, truck39, truck38, truck37, truck36, truck35, truck34, truck33, truck32, truck31, truck30, truck29, truck28, truck27, truck26, truck25, truck24, truck23, truck22, truck21, truck20, truck19, truck18, truck17, truck16, truck15, truck14, truck13, truck12, truck11, truck10, truck9, truck8, truck7, truck6, truck5, truck4, truck3, truck2, truck1.",direct,true,covered,The final English directly states (TRUCK TRUCK47). Golden line 60.
init,(TRUCK TRUCK46),"The trucks are truck47, truck46, truck45, truck44, truck43, truck42, truck41, truck40, truck39, truck38, truck37, truck36, truck35, truck34, truck33, truck32, truck31, truck30, truck29, truck28, truck27, truck26, truck25, truck24, truck23, truck22, truck21, truck20, truck19, truck18, truck17, truck16, truck15, truck14, truck13, truck12, truck11, truck10, truck9, truck8, truck7, truck6, truck5, truck4, truck3, truck2, truck1.",direct,true,covered,The final English directly states (TRUCK TRUCK46). Golden line 61.
init,(TRUCK TRUCK45),"The trucks are truck47, truck46, truck45, truck44, truck43, truck42, truck41, truck40, truck39, truck38, truck37, truck36, truck35, truck34, truck33, truck32, truck31, truck30, truck29, truck28, truck27, truck26, truck25, truck24, truck23, truck22, truck21, truck20, truck19, truck18, truck17, truck16, truck15, truck14, truck13, truck12, truck11, truck10, truck9, truck8, truck7, truck6, truck5, truck4, truck3, truck2, truck1.",direct,true,covered,The final English directly states (TRUCK TRUCK45). Golden line 62.
init,(TRUCK TRUCK44),"The trucks are truck47, truck46, truck45, truck44, truck43, truck42, truck41, truck40, truck39, truck38, truck37, truck36, truck35, truck34, truck33, truck32, truck31, truck30, truck29, truck28, truck27, truck26, truck25, truck24, truck23, truck22, truck21, truck20, truck19, truck18, truck17, truck16, truck15, truck14, truck13, truck12, truck11, truck10, truck9, truck8, truck7, truck6, truck5, truck4, truck3, truck2, truck1.",direct,true,covered,The final English directly states (TRUCK TRUCK44). Golden line 63.
init,(TRUCK TRUCK43),"The trucks are truck47, truck46, truck45, truck44, truck43, truck42, truck41, truck40, truck39, truck38, truck37, truck36, truck35, truck34, truck33, truck32, truck31, truck30, truck29, truck28, truck27, truck26, truck25, truck24, truck23, truck22, truck21, truck20, truck19, truck18, truck17, truck16, truck15, truck14, truck13, truck12, truck11, truck10, truck9, truck8, truck7, truck6, truck5, truck4, truck3, truck2, truck1.",direct,true,covered,The final English directly states (TRUCK TRUCK43). Golden line 64.
init,(TRUCK TRUCK42),"The trucks are truck47, truck46, truck45, truck44, truck43, truck42, truck41, truck40, truck39, truck38, truck37, truck36, truck35, truck34, truck33, truck32, truck31, truck30, truck29, truck28, truck27, truck26, truck25, truck24, truck23, truck22, truck21, truck20, truck19, truck18, truck17, truck16, truck15, truck14, truck13, truck12, truck11, truck10, truck9, truck8, truck7, truck6, truck5, truck4, truck3, truck2, truck1.",direct,true,covered,The final English directly states (TRUCK TRUCK42). Golden line 65.
init,(TRUCK TRUCK41),"The trucks are truck47, truck46, truck45, truck44, truck43, truck42, truck41, truck40, truck39, truck38, truck37, truck36, truck35, truck34, truck33, truck32, truck31, truck30, truck29, truck28, truck27, truck26, truck25, truck24, truck23, truck22, truck21, truck20, truck19, truck18, truck17, truck16, truck15, truck14, truck13, truck12, truck11, truck10, truck9, truck8, truck7, truck6, truck5, truck4, truck3, truck2, truck1.",direct,true,covered,The final English directly states (TRUCK TRUCK41). Golden line 66.
init,(TRUCK TRUCK40),"The trucks are truck47, truck46, truck45, truck44, truck43, truck42, truck41, truck40, truck39, truck38, truck37, truck36, truck35, truck34, truck33, truck32, truck31, truck30, truck29, truck28, truck27, truck26, truck25, truck24, truck23, truck22, truck21, truck20, truck19, truck18, truck17, truck16, truck15, truck14, truck13, truck12, truck11, truck10, truck9, truck8, truck7, truck6, truck5, truck4, truck3, truck2, truck1.",direct,true,covered,The final English directly states (TRUCK TRUCK40). Golden line 67.
init,(TRUCK TRUCK39),"The trucks are truck47, truck46, truck45, truck44, truck43, truck42, truck41, truck40, truck39, truck38, truck37, truck36, truck35, truck34, truck33, truck32, truck31, truck30, truck29, truck28, truck27, truck26, truck25, truck24, truck23, truck22, truck21, truck20, truck19, truck18, truck17, truck16, truck15, truck14, truck13, truck12, truck11, truck10, truck9, truck8, truck7, truck6, truck5, truck4, truck3, truck2, truck1.",direct,true,covered,The final English directly states (TRUCK TRUCK39). Golden line 68.
init,(TRUCK TRUCK38),"The trucks are truck47, truck46, truck45, truck44, truck43, truck42, truck41, truck40, truck39, truck38, truck37, truck36, truck35, truck34, truck33, truck32, truck31, truck30, truck29, truck28, truck27, truck26, truck25, truck24, truck23, truck22, truck21, truck20, truck19, truck18, truck17, truck16, truck15, truck14, truck13, truck12, truck11, truck10, truck9, truck8, truck7, truck6, truck5, truck4, truck3, truck2, truck1.",direct,true,covered,The final English directly states (TRUCK TRUCK38). Golden line 69.
init,(TRUCK TRUCK37),"The trucks are truck47, truck46, truck45, truck44, truck43, truck42, truck41, truck40, truck39, truck38, truck37, truck36, truck35, truck34, truck33, truck32, truck31, truck30, truck29, truck28, truck27, truck26, truck25, truck24, truck23, truck22, truck21, truck20, truck19, truck18, truck17, truck16, truck15, truck14, truck13, truck12, truck11, truck10, truck9, truck8, truck7, truck6, truck5, truck4, truck3, truck2, truck1.",direct,true,covered,The final English directly states (TRUCK TRUCK37). Golden line 70.
init,(TRUCK TRUCK36),"The trucks are truck47, truck46, truck45, truck44, truck43, truck42, truck41, truck40, truck39, truck38, truck37, truck36, truck35, truck34, truck33, truck32, truck31, truck30, truck29, truck28, truck27, truck26, truck25, truck24, truck23, truck22, truck21, truck20, truck19, truck18, truck17, truck16, truck15, truck14, truck13, truck12, truck11, truck10, truck9, truck8, truck7, truck6, truck5, truck4, truck3, truck2, truck1.",direct,true,covered,The final English directly states (TRUCK TRUCK36). Golden line 71.
init,(TRUCK TRUCK35),"The trucks are truck47, truck46, truck45, truck44, truck43, truck42, truck41, truck40, truck39, truck38, truck37, truck36, truck35, truck34, truck33, truck32, truck31, truck30, truck29, truck28, truck27, truck26, truck25, truck24, truck23, truck22, truck21, truck20, truck19, truck18, truck17, truck16, truck15, truck14, truck13, truck12, truck11, truck10, truck9, truck8, truck7, truck6, truck5, truck4, truck3, truck2, truck1.",direct,true,covered,The final English directly states (TRUCK TRUCK35). Golden line 72.
init,(TRUCK TRUCK34),"The trucks are truck47, truck46, truck45, truck44, truck43, truck42, truck41, truck40, truck39, truck38, truck37, truck36, truck35, truck34, truck33, truck32, truck31, truck30, truck29, truck28, truck27, truck26, truck25, truck24, truck23, truck22, truck21, truck20, truck19, truck18, truck17, truck16, truck15, truck14, truck13, truck12, truck11, truck10, truck9, truck8, truck7, truck6, truck5, truck4, truck3, truck2, truck1.",direct,true,covered,The final English directly states (TRUCK TRUCK34). Golden line 73.
init,(TRUCK TRUCK33),"The trucks are truck47, truck46, truck45, truck44, truck43, truck42, truck41, truck40, truck39, truck38, truck37, truck36, truck35, truck34, truck33, truck32, truck31, truck30, truck29, truck28, truck27, truck26, truck25, truck24, truck23, truck22, truck21, truck20, truck19, truck18, truck17, truck16, truck15, truck14, truck13, truck12, truck11, truck10, truck9, truck8, truck7, truck6, truck5, truck4, truck3, truck2, truck1.",direct,true,covered,The final English directly states (TRUCK TRUCK33). Golden line 74.
init,(TRUCK TRUCK32),"The trucks are truck47, truck46, truck45, truck44, truck43, truck42, truck41, truck40, truck39, truck38, truck37, truck36, truck35, truck34, truck33, truck32, truck31, truck30, truck29, truck28, truck27, truck26, truck25, truck24, truck23, truck22, truck21, truck20, truck19, truck18, truck17, truck16, truck15, truck14, truck13, truck12, truck11, truck10, truck9, truck8, truck7, truck6, truck5, truck4, truck3, truck2, truck1.",direct,true,covered,The final English directly states (TRUCK TRUCK32). Golden line 75.
init,(TRUCK TRUCK31),"The trucks are truck47, truck46, truck45, truck44, truck43, truck42, truck41, truck40, truck39, truck38, truck37, truck36, truck35, truck34, truck33, truck32, truck31, truck30, truck29, truck28, truck27, truck26, truck25, truck24, truck23, truck22, truck21, truck20, truck19, truck18, truck17, truck16, truck15, truck14, truck13, truck12, truck11, truck10, truck9, truck8, truck7, truck6, truck5, truck4, truck3, truck2, truck1.",direct,true,covered,The final English directly states (TRUCK TRUCK31). Golden line 76.
init,(TRUCK TRUCK30),"The trucks are truck47, truck46, truck45, truck44, truck43, truck42, truck41, truck40, truck39, truck38, truck37, truck36, truck35, truck34, truck33, truck32, truck31, truck30, truck29, truck28, truck27, truck26, truck25, truck24, truck23, truck22, truck21, truck20, truck19, truck18, truck17, truck16, truck15, truck14, truck13, truck12, truck11, truck10, truck9, truck8, truck7, truck6, truck5, truck4, truck3, truck2, truck1.",direct,true,covered,The final English directly states (TRUCK TRUCK30). Golden line 77.
init,(TRUCK TRUCK29),"The trucks are truck47, truck46, truck45, truck44, truck43, truck42, truck41, truck40, truck39, truck38, truck37, truck36, truck35, truck34, truck33, truck32, truck31, truck30, truck29, truck28, truck27, truck26, truck25, truck24, truck23, truck22, truck21, truck20, truck19, truck18, truck17, truck16, truck15, truck14, truck13, truck12, truck11, truck10, truck9, truck8, truck7, truck6, truck5, truck4, truck3, truck2, truck1.",direct,true,covered,The final English directly states (TRUCK TRUCK29). Golden line 78.
init,(TRUCK TRUCK28),"The trucks are truck47, truck46, truck45, truck44, truck43, truck42, truck41, truck40, truck39, truck38, truck37, truck36, truck35, truck34, truck33, truck32, truck31, truck30, truck29, truck28, truck27, truck26, truck25, truck24, truck23, truck22, truck21, truck20, truck19, truck18, truck17, truck16, truck15, truck14, truck13, truck12, truck11, truck10, truck9, truck8, truck7, truck6, truck5, truck4, truck3, truck2, truck1.",direct,true,covered,The final English directly states (TRUCK TRUCK28). Golden line 79.
init,(TRUCK TRUCK27),"The trucks are truck47, truck46, truck45, truck44, truck43, truck42, truck41, truck40, truck39, truck38, truck37, truck36, truck35, truck34, truck33, truck32, truck31, truck30, truck29, truck28, truck27, truck26, truck25, truck24, truck23, truck22, truck21, truck20, truck19, truck18, truck17, truck16, truck15, truck14, truck13, truck12, truck11, truck10, truck9, truck8, truck7, truck6, truck5, truck4, truck3, truck2, truck1.",direct,true,covered,The final English directly states (TRUCK TRUCK27). Golden line 80.
init,(TRUCK TRUCK26),"The trucks are truck47, truck46, truck45, truck44, truck43, truck42, truck41, truck40, truck39, truck38, truck37, truck36, truck35, truck34, truck33, truck32, truck31, truck30, truck29, truck28, truck27, truck26, truck25, truck24, truck23, truck22, truck21, truck20, truck19, truck18, truck17, truck16, truck15, truck14, truck13, truck12, truck11, truck10, truck9, truck8, truck7, truck6, truck5, truck4, truck3, truck2, truck1.",direct,true,covered,The final English directly states (TRUCK TRUCK26). Golden line 81.
init,(TRUCK TRUCK25),"The trucks are truck47, truck46, truck45, truck44, truck43, truck42, truck41, truck40, truck39, truck38, truck37, truck36, truck35, truck34, truck33, truck32, truck31, truck30, truck29, truck28, truck27, truck26, truck25, truck24, truck23, truck22, truck21, truck20, truck19, truck18, truck17, truck16, truck15, truck14, truck13, truck12, truck11, truck10, truck9, truck8, truck7, truck6, truck5, truck4, truck3, truck2, truck1.",direct,true,covered,The final English directly states (TRUCK TRUCK25). Golden line 82.
init,(TRUCK TRUCK24),"The trucks are truck47, truck46, truck45, truck44, truck43, truck42, truck41, truck40, truck39, truck38, truck37, truck36, truck35, truck34, truck33, truck32, truck31, truck30, truck29, truck28, truck27, truck26, truck25, truck24, truck23, truck22, truck21, truck20, truck19, truck18, truck17, truck16, truck15, truck14, truck13, truck12, truck11, truck10, truck9, truck8, truck7, truck6, truck5, truck4, truck3, truck2, truck1.",direct,true,covered,The final English directly states (TRUCK TRUCK24). Golden line 83.
init,(TRUCK TRUCK23),"The trucks are truck47, truck46, truck45, truck44, truck43, truck42, truck41, truck40, truck39, truck38, truck37, truck36, truck35, truck34, truck33, truck32, truck31, truck30, truck29, truck28, truck27, truck26, truck25, truck24, truck23, truck22, truck21, truck20, truck19, truck18, truck17, truck16, truck15, truck14, truck13, truck12, truck11, truck10, truck9, truck8, truck7, truck6, truck5, truck4, truck3, truck2, truck1.",direct,true,covered,The final English directly states (TRUCK TRUCK23). Golden line 84.
init,(TRUCK TRUCK22),"The trucks are truck47, truck46, truck45, truck44, truck43, truck42, truck41, truck40, truck39, truck38, truck37, truck36, truck35, truck34, truck33, truck32, truck31, truck30, truck29, truck28, truck27, truck26, truck25, truck24, truck23, truck22, truck21, truck20, truck19, truck18, truck17, truck16, truck15, truck14, truck13, truck12, truck11, truck10, truck9, truck8, truck7, truck6, truck5, truck4, truck3, truck2, truck1.",direct,true,covered,The final English directly states (TRUCK TRUCK22). Golden line 85.
init,(TRUCK TRUCK21),"The trucks are truck47, truck46, truck45, truck44, truck43, truck42, truck41, truck40, truck39, truck38, truck37, truck36, truck35, truck34, truck33, truck32, truck31, truck30, truck29, truck28, truck27, truck26, truck25, truck24, truck23, truck22, truck21, truck20, truck19, truck18, truck17, truck16, truck15, truck14, truck13, truck12, truck11, truck10, truck9, truck8, truck7, truck6, truck5, truck4, truck3, truck2, truck1.",direct,true,covered,The final English directly states (TRUCK TRUCK21). Golden line 86.
init,(TRUCK TRUCK20),"The trucks are truck47, truck46, truck45, truck44, truck43, truck42, truck41, truck40, truck39, truck38, truck37, truck36, truck35, truck34, truck33, truck32, truck31, truck30, truck29, truck28, truck27, truck26, truck25, truck24, truck23, truck22, truck21, truck20, truck19, truck18, truck17, truck16, truck15, truck14, truck13, truck12, truck11, truck10, truck9, truck8, truck7, truck6, truck5, truck4, truck3, truck2, truck1.",direct,true,covered,The final English directly states (TRUCK TRUCK20). Golden line 87.
init,(TRUCK TRUCK19),"The trucks are truck47, truck46, truck45, truck44, truck43, truck42, truck41, truck40, truck39, truck38, truck37, truck36, truck35, truck34, truck33, truck32, truck31, truck30, truck29, truck28, truck27, truck26, truck25, truck24, truck23, truck22, truck21, truck20, truck19, truck18, truck17, truck16, truck15, truck14, truck13, truck12, truck11, truck10, truck9, truck8, truck7, truck6, truck5, truck4, truck3, truck2, truck1.",direct,true,covered,The final English directly states (TRUCK TRUCK19). Golden line 88.
init,(TRUCK TRUCK18),"The trucks are truck47, truck46, truck45, truck44, truck43, truck42, truck41, truck40, truck39, truck38, truck37, truck36, truck35, truck34, truck33, truck32, truck31, truck30, truck29, truck28, truck27, truck26, truck25, truck24, truck23, truck22, truck21, truck20, truck19, truck18, truck17, truck16, truck15, truck14, truck13, truck12, truck11, truck10, truck9, truck8, truck7, truck6, truck5, truck4, truck3, truck2, truck1.",direct,true,covered,The final English directly states (TRUCK TRUCK18). Golden line 89.
init,(TRUCK TRUCK17),"The trucks are truck47, truck46, truck45, truck44, truck43, truck42, truck41, truck40, truck39, truck38, truck37, truck36, truck35, truck34, truck33, truck32, truck31, truck30, truck29, truck28, truck27, truck26, truck25, truck24, truck23, truck22, truck21, truck20, truck19, truck18, truck17, truck16, truck15, truck14, truck13, truck12, truck11, truck10, truck9, truck8, truck7, truck6, truck5, truck4, truck3, truck2, truck1.",direct,true,covered,The final English directly states (TRUCK TRUCK17). Golden line 90.
init,(TRUCK TRUCK16),"The trucks are truck47, truck46, truck45, truck44, truck43, truck42, truck41, truck40, truck39, truck38, truck37, truck36, truck35, truck34, truck33, truck32, truck31, truck30, truck29, truck28, truck27, truck26, truck25, truck24, truck23, truck22, truck21, truck20, truck19, truck18, truck17, truck16, truck15, truck14, truck13, truck12, truck11, truck10, truck9, truck8, truck7, truck6, truck5, truck4, truck3, truck2, truck1.",direct,true,covered,The final English directly states (TRUCK TRUCK16). Golden line 91.
init,(TRUCK TRUCK15),"The trucks are truck47, truck46, truck45, truck44, truck43, truck42, truck41, truck40, truck39, truck38, truck37, truck36, truck35, truck34, truck33, truck32, truck31, truck30, truck29, truck28, truck27, truck26, truck25, truck24, truck23, truck22, truck21, truck20, truck19, truck18, truck17, truck16, truck15, truck14, truck13, truck12, truck11, truck10, truck9, truck8, truck7, truck6, truck5, truck4, truck3, truck2, truck1.",direct,true,covered,The final English directly states (TRUCK TRUCK15). Golden line 92.
init,(TRUCK TRUCK14),"The trucks are truck47, truck46, truck45, truck44, truck43, truck42, truck41, truck40, truck39, truck38, truck37, truck36, truck35, truck34, truck33, truck32, truck31, truck30, truck29, truck28, truck27, truck26, truck25, truck24, truck23, truck22, truck21, truck20, truck19, truck18, truck17, truck16, truck15, truck14, truck13, truck12, truck11, truck10, truck9, truck8, truck7, truck6, truck5, truck4, truck3, truck2, truck1.",direct,true,covered,The final English directly states (TRUCK TRUCK14). Golden line 93.
init,(TRUCK TRUCK13),"The trucks are truck47, truck46, truck45, truck44, truck43, truck42, truck41, truck40, truck39, truck38, truck37, truck36, truck35, truck34, truck33, truck32, truck31, truck30, truck29, truck28, truck27, truck26, truck25, truck24, truck23, truck22, truck21, truck20, truck19, truck18, truck17, truck16, truck15, truck14, truck13, truck12, truck11, truck10, truck9, truck8, truck7, truck6, truck5, truck4, truck3, truck2, truck1.",direct,true,covered,The final English directly states (TRUCK TRUCK13). Golden line 94.
init,(TRUCK TRUCK12),"The trucks are truck47, truck46, truck45, truck44, truck43, truck42, truck41, truck40, truck39, truck38, truck37, truck36, truck35, truck34, truck33, truck32, truck31, truck30, truck29, truck28, truck27, truck26, truck25, truck24, truck23, truck22, truck21, truck20, truck19, truck18, truck17, truck16, truck15, truck14, truck13, truck12, truck11, truck10, truck9, truck8, truck7, truck6, truck5, truck4, truck3, truck2, truck1.",direct,true,covered,The final English directly states (TRUCK TRUCK12). Golden line 95.
init,(TRUCK TRUCK11),"The trucks are truck47, truck46, truck45, truck44, truck43, truck42, truck41, truck40, truck39, truck38, truck37, truck36, truck35, truck34, truck33, truck32, truck31, truck30, truck29, truck28, truck27, truck26, truck25, truck24, truck23, truck22, truck21, truck20, truck19, truck18, truck17, truck16, truck15, truck14, truck13, truck12, truck11, truck10, truck9, truck8, truck7, truck6, truck5, truck4, truck3, truck2, truck1.",direct,true,covered,The final English directly states (TRUCK TRUCK11). Golden line 96.
init,(TRUCK TRUCK10),"The trucks are truck47, truck46, truck45, truck44, truck43, truck42, truck41, truck40, truck39, truck38, truck37, truck36, truck35, truck34, truck33, truck32, truck31, truck30, truck29, truck28, truck27, truck26, truck25, truck24, truck23, truck22, truck21, truck20, truck19, truck18, truck17, truck16, truck15, truck14, truck13, truck12, truck11, truck10, truck9, truck8, truck7, truck6, truck5, truck4, truck3, truck2, truck1.",direct,true,covered,The final English directly states (TRUCK TRUCK10). Golden line 97.
init,(TRUCK TRUCK9),"The trucks are truck47, truck46, truck45, truck44, truck43, truck42, truck41, truck40, truck39, truck38, truck37, truck36, truck35, truck34, truck33, truck32, truck31, truck30, truck29, truck28, truck27, truck26, truck25, truck24, truck23, truck22, truck21, truck20, truck19, truck18, truck17, truck16, truck15, truck14, truck13, truck12, truck11, truck10, truck9, truck8, truck7, truck6, truck5, truck4, truck3, truck2, truck1.",direct,true,covered,The final English directly states (TRUCK TRUCK9). Golden line 98.
init,(TRUCK TRUCK8),"The trucks are truck47, truck46, truck45, truck44, truck43, truck42, truck41, truck40, truck39, truck38, truck37, truck36, truck35, truck34, truck33, truck32, truck31, truck30, truck29, truck28, truck27, truck26, truck25, truck24, truck23, truck22, truck21, truck20, truck19, truck18, truck17, truck16, truck15, truck14, truck13, truck12, truck11, truck10, truck9, truck8, truck7, truck6, truck5, truck4, truck3, truck2, truck1.",direct,true,covered,The final English directly states (TRUCK TRUCK8). Golden line 99.
init,(TRUCK TRUCK7),"The trucks are truck47, truck46, truck45, truck44, truck43, truck42, truck41, truck40, truck39, truck38, truck37, truck36, truck35, truck34, truck33, truck32, truck31, truck30, truck29, truck28, truck27, truck26, truck25, truck24, truck23, truck22, truck21, truck20, truck19, truck18, truck17, truck16, truck15, truck14, truck13, truck12, truck11, truck10, truck9, truck8, truck7, truck6, truck5, truck4, truck3, truck2, truck1.",direct,true,covered,The final English directly states (TRUCK TRUCK7). Golden line 100.
init,(TRUCK TRUCK6),"The trucks are truck47, truck46, truck45, truck44, truck43, truck42, truck41, truck40, truck39, truck38, truck37, truck36, truck35, truck34, truck33, truck32, truck31, truck30, truck29, truck28, truck27, truck26, truck25, truck24, truck23, truck22, truck21, truck20, truck19, truck18, truck17, truck16, truck15, truck14, truck13, truck12, truck11, truck10, truck9, truck8, truck7, truck6, truck5, truck4, truck3, truck2, truck1.",direct,true,covered,The final English directly states (TRUCK TRUCK6). Golden line 101.
init,(TRUCK TRUCK5),"The trucks are truck47, truck46, truck45, truck44, truck43, truck42, truck41, truck40, truck39, truck38, truck37, truck36, truck35, truck34, truck33, truck32, truck31, truck30, truck29, truck28, truck27, truck26, truck25, truck24, truck23, truck22, truck21, truck20, truck19, truck18, truck17, truck16, truck15, truck14, truck13, truck12, truck11, truck10, truck9, truck8, truck7, truck6, truck5, truck4, truck3, truck2, truck1.",direct,true,covered,The final English directly states (TRUCK TRUCK5). Golden line 102.
init,(TRUCK TRUCK4),"The trucks are truck47, truck46, truck45, truck44, truck43, truck42, truck41, truck40, truck39, truck38, truck37, truck36, truck35, truck34, truck33, truck32, truck31, truck30, truck29, truck28, truck27, truck26, truck25, truck24, truck23, truck22, truck21, truck20, truck19, truck18, truck17, truck16, truck15, truck14, truck13, truck12, truck11, truck10, truck9, truck8, truck7, truck6, truck5, truck4, truck3, truck2, truck1.",direct,true,covered,The final English directly states (TRUCK TRUCK4). Golden line 103.
init,(TRUCK TRUCK3),"The trucks are truck47, truck46, truck45, truck44, truck43, truck42, truck41, truck40, truck39, truck38, truck37, truck36, truck35, truck34, truck33, truck32, truck31, truck30, truck29, truck28, truck27, truck26, truck25, truck24, truck23, truck22, truck21, truck20, truck19, truck18, truck17, truck16, truck15, truck14, truck13, truck12, truck11, truck10, truck9, truck8, truck7, truck6, truck5, truck4, truck3, truck2, truck1.",direct,true,covered,The final English directly states (TRUCK TRUCK3). Golden line 104.
init,(TRUCK TRUCK2),"The trucks are truck47, truck46, truck45, truck44, truck43, truck42, truck41, truck40, truck39, truck38, truck37, truck36, truck35, truck34, truck33, truck32, truck31, truck30, truck29, truck28, truck27, truck26, truck25, truck24, truck23, truck22, truck21, truck20, truck19, truck18, truck17, truck16, truck15, truck14, truck13, truck12, truck11, truck10, truck9, truck8, truck7, truck6, truck5, truck4, truck3, truck2, truck1.",direct,true,covered,The final English directly states (TRUCK TRUCK2). Golden line 105.
init,(TRUCK TRUCK1),"The trucks are truck47, truck46, truck45, truck44, truck43, truck42, truck41, truck40, truck39, truck38, truck37, truck36, truck35, truck34, truck33, truck32, truck31, truck30, truck29, truck28, truck27, truck26, truck25, truck24, truck23, truck22, truck21, truck20, truck19, truck18, truck17, truck16, truck15, truck14, truck13, truck12, truck11, truck10, truck9, truck8, truck7, truck6, truck5, truck4, truck3, truck2, truck1.",direct,true,covered,The final English directly states (TRUCK TRUCK1). Golden line 106.
init,(AIRPLANE PLANE8),"The airplanes are plane8, plane7, plane6, plane5, plane4, plane3, plane2, plane1.",direct,true,covered,The final English directly states (AIRPLANE PLANE8). Golden line 107.
init,(AIRPLANE PLANE7),"The airplanes are plane8, plane7, plane6, plane5, plane4, plane3, plane2, plane1.",direct,true,covered,The final English directly states (AIRPLANE PLANE7). Golden line 108.
init,(AIRPLANE PLANE6),"The airplanes are plane8, plane7, plane6, plane5, plane4, plane3, plane2, plane1.",direct,true,covered,The final English directly states (AIRPLANE PLANE6). Golden line 109.
init,(AIRPLANE PLANE5),"The airplanes are plane8, plane7, plane6, plane5, plane4, plane3, plane2, plane1.",direct,true,covered,The final English directly states (AIRPLANE PLANE5). Golden line 110.
init,(AIRPLANE PLANE4),"The airplanes are plane8, plane7, plane6, plane5, plane4, plane3, plane2, plane1.",direct,true,covered,The final English directly states (AIRPLANE PLANE4). Golden line 111.
init,(AIRPLANE PLANE3),"The airplanes are plane8, plane7, plane6, plane5, plane4, plane3, plane2, plane1.",direct,true,covered,The final English directly states (AIRPLANE PLANE3). Golden line 112.
init,(AIRPLANE PLANE2),"The airplanes are plane8, plane7, plane6, plane5, plane4, plane3, plane2, plane1.",direct,true,covered,The final English directly states (AIRPLANE PLANE2). Golden line 113.
init,(AIRPLANE PLANE1),"The airplanes are plane8, plane7, plane6, plane5, plane4, plane3, plane2, plane1.",direct,true,covered,The final English directly states (AIRPLANE PLANE1). Golden line 114.
init,(LOCATION CITY11-1),"The locations are city11-1, city10-1, city9-1, city8-1, city7-1, city6-1, city5-1, city4-1, city3-1, city2-1, city1-1, city11-2, city10-2, city9-2, city8-2, city7-2, city6-2, city5-2, city4-2, city3-2, city2-2, city1-2.",direct,true,covered,The final English directly states (LOCATION CITY11-1). Golden line 115.
init,(LOCATION CITY10-1),"The locations are city11-1, city10-1, city9-1, city8-1, city7-1, city6-1, city5-1, city4-1, city3-1, city2-1, city1-1, city11-2, city10-2, city9-2, city8-2, city7-2, city6-2, city5-2, city4-2, city3-2, city2-2, city1-2.",direct,true,covered,The final English directly states (LOCATION CITY10-1). Golden line 116.
init,(LOCATION CITY9-1),"The locations are city11-1, city10-1, city9-1, city8-1, city7-1, city6-1, city5-1, city4-1, city3-1, city2-1, city1-1, city11-2, city10-2, city9-2, city8-2, city7-2, city6-2, city5-2, city4-2, city3-2, city2-2, city1-2.",direct,true,covered,The final English directly states (LOCATION CITY9-1). Golden line 117.
init,(LOCATION CITY8-1),"The locations are city11-1, city10-1, city9-1, city8-1, city7-1, city6-1, city5-1, city4-1, city3-1, city2-1, city1-1, city11-2, city10-2, city9-2, city8-2, city7-2, city6-2, city5-2, city4-2, city3-2, city2-2, city1-2.",direct,true,covered,The final English directly states (LOCATION CITY8-1). Golden line 118.
init,(LOCATION CITY7-1),"The locations are city11-1, city10-1, city9-1, city8-1, city7-1, city6-1, city5-1, city4-1, city3-1, city2-1, city1-1, city11-2, city10-2, city9-2, city8-2, city7-2, city6-2, city5-2, city4-2, city3-2, city2-2, city1-2.",direct,true,covered,The final English directly states (LOCATION CITY7-1). Golden line 119.
init,(LOCATION CITY6-1),"The locations are city11-1, city10-1, city9-1, city8-1, city7-1, city6-1, city5-1, city4-1, city3-1, city2-1, city1-1, city11-2, city10-2, city9-2, city8-2, city7-2, city6-2, city5-2, city4-2, city3-2, city2-2, city1-2.",direct,true,covered,The final English directly states (LOCATION CITY6-1). Golden line 120.
init,(LOCATION CITY5-1),"The locations are city11-1, city10-1, city9-1, city8-1, city7-1, city6-1, city5-1, city4-1, city3-1, city2-1, city1-1, city11-2, city10-2, city9-2, city8-2, city7-2, city6-2, city5-2, city4-2, city3-2, city2-2, city1-2.",direct,true,covered,The final English directly states (LOCATION CITY5-1). Golden line 121.
init,(LOCATION CITY4-1),"The locations are city11-1, city10-1, city9-1, city8-1, city7-1, city6-1, city5-1, city4-1, city3-1, city2-1, city1-1, city11-2, city10-2, city9-2, city8-2, city7-2, city6-2, city5-2, city4-2, city3-2, city2-2, city1-2.",direct,true,covered,The final English directly states (LOCATION CITY4-1). Golden line 122.
init,(LOCATION CITY3-1),"The locations are city11-1, city10-1, city9-1, city8-1, city7-1, city6-1, city5-1, city4-1, city3-1, city2-1, city1-1, city11-2, city10-2, city9-2, city8-2, city7-2, city6-2, city5-2, city4-2, city3-2, city2-2, city1-2.",direct,true,covered,The final English directly states (LOCATION CITY3-1). Golden line 123.
init,(LOCATION CITY2-1),"The locations are city11-1, city10-1, city9-1, city8-1, city7-1, city6-1, city5-1, city4-1, city3-1, city2-1, city1-1, city11-2, city10-2, city9-2, city8-2, city7-2, city6-2, city5-2, city4-2, city3-2, city2-2, city1-2.",direct,true,covered,The final English directly states (LOCATION CITY2-1). Golden line 124.
init,(LOCATION CITY1-1),"The locations are city11-1, city10-1, city9-1, city8-1, city7-1, city6-1, city5-1, city4-1, city3-1, city2-1, city1-1, city11-2, city10-2, city9-2, city8-2, city7-2, city6-2, city5-2, city4-2, city3-2, city2-2, city1-2.",direct,true,covered,The final English directly states (LOCATION CITY1-1). Golden line 125.
init,(AIRPORT CITY11-2),"The airport locations are city11-2, city10-2, city9-2, city8-2, city7-2, city6-2, city5-2, city4-2, city3-2, city2-2, city1-2.",direct,true,covered,The final English directly states (AIRPORT CITY11-2). Golden line 126.
init,(LOCATION CITY11-2),"The locations are city11-1, city10-1, city9-1, city8-1, city7-1, city6-1, city5-1, city4-1, city3-1, city2-1, city1-1, city11-2, city10-2, city9-2, city8-2, city7-2, city6-2, city5-2, city4-2, city3-2, city2-2, city1-2.",direct,true,covered,The final English directly states (LOCATION CITY11-2). Golden line 127.
init,(AIRPORT CITY10-2),"The airport locations are city11-2, city10-2, city9-2, city8-2, city7-2, city6-2, city5-2, city4-2, city3-2, city2-2, city1-2.",direct,true,covered,The final English directly states (AIRPORT CITY10-2). Golden line 128.
init,(LOCATION CITY10-2),"The locations are city11-1, city10-1, city9-1, city8-1, city7-1, city6-1, city5-1, city4-1, city3-1, city2-1, city1-1, city11-2, city10-2, city9-2, city8-2, city7-2, city6-2, city5-2, city4-2, city3-2, city2-2, city1-2.",direct,true,covered,The final English directly states (LOCATION CITY10-2). Golden line 129.
init,(AIRPORT CITY9-2),"The airport locations are city11-2, city10-2, city9-2, city8-2, city7-2, city6-2, city5-2, city4-2, city3-2, city2-2, city1-2.",direct,true,covered,The final English directly states (AIRPORT CITY9-2). Golden line 130.
init,(LOCATION CITY9-2),"The locations are city11-1, city10-1, city9-1, city8-1, city7-1, city6-1, city5-1, city4-1, city3-1, city2-1, city1-1, city11-2, city10-2, city9-2, city8-2, city7-2, city6-2, city5-2, city4-2, city3-2, city2-2, city1-2.",direct,true,covered,The final English directly states (LOCATION CITY9-2). Golden line 131.
init,(AIRPORT CITY8-2),"The airport locations are city11-2, city10-2, city9-2, city8-2, city7-2, city6-2, city5-2, city4-2, city3-2, city2-2, city1-2.",direct,true,covered,The final English directly states (AIRPORT CITY8-2). Golden line 132.
init,(LOCATION CITY8-2),"The locations are city11-1, city10-1, city9-1, city8-1, city7-1, city6-1, city5-1, city4-1, city3-1, city2-1, city1-1, city11-2, city10-2, city9-2, city8-2, city7-2, city6-2, city5-2, city4-2, city3-2, city2-2, city1-2.",direct,true,covered,The final English directly states (LOCATION CITY8-2). Golden line 133.
init,(AIRPORT CITY7-2),"The airport locations are city11-2, city10-2, city9-2, city8-2, city7-2, city6-2, city5-2, city4-2, city3-2, city2-2, city1-2.",direct,true,covered,The final English directly states (AIRPORT CITY7-2). Golden line 134.
init,(LOCATION CITY7-2),"The locations are city11-1, city10-1, city9-1, city8-1, city7-1, city6-1, city5-1, city4-1, city3-1, city2-1, city1-1, city11-2, city10-2, city9-2, city8-2, city7-2, city6-2, city5-2, city4-2, city3-2, city2-2, city1-2.",direct,true,covered,The final English directly states (LOCATION CITY7-2). Golden line 135.
init,(AIRPORT CITY6-2),"The airport locations are city11-2, city10-2, city9-2, city8-2, city7-2, city6-2, city5-2, city4-2, city3-2, city2-2, city1-2.",direct,true,covered,The final English directly states (AIRPORT CITY6-2). Golden line 136.
init,(LOCATION CITY6-2),"The locations are city11-1, city10-1, city9-1, city8-1, city7-1, city6-1, city5-1, city4-1, city3-1, city2-1, city1-1, city11-2, city10-2, city9-2, city8-2, city7-2, city6-2, city5-2, city4-2, city3-2, city2-2, city1-2.",direct,true,covered,The final English directly states (LOCATION CITY6-2). Golden line 137.
init,(AIRPORT CITY5-2),"The airport locations are city11-2, city10-2, city9-2, city8-2, city7-2, city6-2, city5-2, city4-2, city3-2, city2-2, city1-2.",direct,true,covered,The final English directly states (AIRPORT CITY5-2). Golden line 138.
init,(LOCATION CITY5-2),"The locations are city11-1, city10-1, city9-1, city8-1, city7-1, city6-1, city5-1, city4-1, city3-1, city2-1, city1-1, city11-2, city10-2, city9-2, city8-2, city7-2, city6-2, city5-2, city4-2, city3-2, city2-2, city1-2.",direct,true,covered,The final English directly states (LOCATION CITY5-2). Golden line 139.
init,(AIRPORT CITY4-2),"The airport locations are city11-2, city10-2, city9-2, city8-2, city7-2, city6-2, city5-2, city4-2, city3-2, city2-2, city1-2.",direct,true,covered,The final English directly states (AIRPORT CITY4-2). Golden line 140.
init,(LOCATION CITY4-2),"The locations are city11-1, city10-1, city9-1, city8-1, city7-1, city6-1, city5-1, city4-1, city3-1, city2-1, city1-1, city11-2, city10-2, city9-2, city8-2, city7-2, city6-2, city5-2, city4-2, city3-2, city2-2, city1-2.",direct,true,covered,The final English directly states (LOCATION CITY4-2). Golden line 141.
init,(AIRPORT CITY3-2),"The airport locations are city11-2, city10-2, city9-2, city8-2, city7-2, city6-2, city5-2, city4-2, city3-2, city2-2, city1-2.",direct,true,covered,The final English directly states (AIRPORT CITY3-2). Golden line 142.
init,(LOCATION CITY3-2),"The locations are city11-1, city10-1, city9-1, city8-1, city7-1, city6-1, city5-1, city4-1, city3-1, city2-1, city1-1, city11-2, city10-2, city9-2, city8-2, city7-2, city6-2, city5-2, city4-2, city3-2, city2-2, city1-2.",direct,true,covered,The final English directly states (LOCATION CITY3-2). Golden line 143.
init,(AIRPORT CITY2-2),"The airport locations are city11-2, city10-2, city9-2, city8-2, city7-2, city6-2, city5-2, city4-2, city3-2, city2-2, city1-2.",direct,true,covered,The final English directly states (AIRPORT CITY2-2). Golden line 144.
init,(LOCATION CITY2-2),"The locations are city11-1, city10-1, city9-1, city8-1, city7-1, city6-1, city5-1, city4-1, city3-1, city2-1, city1-1, city11-2, city10-2, city9-2, city8-2, city7-2, city6-2, city5-2, city4-2, city3-2, city2-2, city1-2.",direct,true,covered,The final English directly states (LOCATION CITY2-2). Golden line 145.
init,(AIRPORT CITY1-2),"The airport locations are city11-2, city10-2, city9-2, city8-2, city7-2, city6-2, city5-2, city4-2, city3-2, city2-2, city1-2.",direct,true,covered,The final English directly states (AIRPORT CITY1-2). Golden line 146.
init,(LOCATION CITY1-2),"The locations are city11-1, city10-1, city9-1, city8-1, city7-1, city6-1, city5-1, city4-1, city3-1, city2-1, city1-1, city11-2, city10-2, city9-2, city8-2, city7-2, city6-2, city5-2, city4-2, city3-2, city2-2, city1-2.",direct,true,covered,The final English directly states (LOCATION CITY1-2). Golden line 147.
init,(IN-CITY CITY11-2 CITY11),city11-2 is in city11,direct,true,covered,The final English directly states (IN-CITY CITY11-2 CITY11). Golden line 148.
init,(IN-CITY CITY11-1 CITY11),city11-1 is in city11,direct,true,covered,The final English directly states (IN-CITY CITY11-1 CITY11). Golden line 149.
init,(IN-CITY CITY10-2 CITY10),city10-2 is in city10,direct,true,covered,The final English directly states (IN-CITY CITY10-2 CITY10). Golden line 150.
init,(IN-CITY CITY10-1 CITY10),city10-1 is in city10,direct,true,covered,The final English directly states (IN-CITY CITY10-1 CITY10). Golden line 151.
init,(IN-CITY CITY9-2 CITY9),city9-2 is in city9,direct,true,covered,The final English directly states (IN-CITY CITY9-2 CITY9). Golden line 152.
init,(IN-CITY CITY9-1 CITY9),city9-1 is in city9,direct,true,covered,The final English directly states (IN-CITY CITY9-1 CITY9). Golden line 153.
init,(IN-CITY CITY8-2 CITY8),city8-2 is in city8,direct,true,covered,The final English directly states (IN-CITY CITY8-2 CITY8). Golden line 154.
init,(IN-CITY CITY8-1 CITY8),city8-1 is in city8,direct,true,covered,The final English directly states (IN-CITY CITY8-1 CITY8). Golden line 155.
init,(IN-CITY CITY7-2 CITY7),city7-2 is in city7,direct,true,covered,The final English directly states (IN-CITY CITY7-2 CITY7). Golden line 156.
init,(IN-CITY CITY7-1 CITY7),city7-1 is in city7,direct,true,covered,The final English directly states (IN-CITY CITY7-1 CITY7). Golden line 157.
init,(IN-CITY CITY6-2 CITY6),city6-2 is in city6,direct,true,covered,The final English directly states (IN-CITY CITY6-2 CITY6). Golden line 158.
init,(IN-CITY CITY6-1 CITY6),city6-1 is in city6,direct,true,covered,The final English directly states (IN-CITY CITY6-1 CITY6). Golden line 159.
init,(IN-CITY CITY5-2 CITY5),city5-2 is in city5,direct,true,covered,The final English directly states (IN-CITY CITY5-2 CITY5). Golden line 160.
init,(IN-CITY CITY5-1 CITY5),city5-1 is in city5,direct,true,covered,The final English directly states (IN-CITY CITY5-1 CITY5). Golden line 161.
init,(IN-CITY CITY4-2 CITY4),city4-2 is in city4,direct,true,covered,The final English directly states (IN-CITY CITY4-2 CITY4). Golden line 162.
init,(IN-CITY CITY4-1 CITY4),city4-1 is in city4,direct,true,covered,The final English directly states (IN-CITY CITY4-1 CITY4). Golden line 163.
init,(IN-CITY CITY3-2 CITY3),city3-2 is in city3,direct,true,covered,The final English directly states (IN-CITY CITY3-2 CITY3). Golden line 164.
init,(IN-CITY CITY3-1 CITY3),city3-1 is in city3,direct,true,covered,The final English directly states (IN-CITY CITY3-1 CITY3). Golden line 165.
init,(IN-CITY CITY2-2 CITY2),city2-2 is in city2,direct,true,covered,The final English directly states (IN-CITY CITY2-2 CITY2). Golden line 166.
init,(IN-CITY CITY2-1 CITY2),city2-1 is in city2,direct,true,covered,The final English directly states (IN-CITY CITY2-1 CITY2). Golden line 167.
init,(IN-CITY CITY1-2 CITY1),city1-2 is in city1,direct,true,covered,The final English directly states (IN-CITY CITY1-2 CITY1). Golden line 168.
init,(IN-CITY CITY1-1 CITY1),city1-1 is in city1,direct,true,covered,The final English directly states (IN-CITY CITY1-1 CITY1). Golden line 169.
init,(AT PLANE8 CITY9-2),plane8 is at city9-2,direct,true,covered,The final English directly states (AT PLANE8 CITY9-2). Golden line 170.
init,(AT PLANE7 CITY4-2),plane7 is at city4-2,direct,true,covered,The final English directly states (AT PLANE7 CITY4-2). Golden line 171.
init,(AT PLANE6 CITY1-2),plane6 is at city1-2,direct,true,covered,The final English directly states (AT PLANE6 CITY1-2). Golden line 172.
init,(AT PLANE5 CITY2-2),plane5 is at city2-2,direct,true,covered,The final English directly states (AT PLANE5 CITY2-2). Golden line 173.
init,(AT PLANE4 CITY4-2),plane4 is at city4-2,direct,true,covered,The final English directly states (AT PLANE4 CITY4-2). Golden line 174.
init,(AT PLANE3 CITY11-2),plane3 is at city11-2,direct,true,covered,The final English directly states (AT PLANE3 CITY11-2). Golden line 175.
init,(AT PLANE2 CITY2-2),plane2 is at city2-2,direct,true,covered,The final English directly states (AT PLANE2 CITY2-2). Golden line 176.
init,(AT PLANE1 CITY6-2),plane1 is at city6-2,direct,true,covered,The final English directly states (AT PLANE1 CITY6-2). Golden line 177.
init,(AT TRUCK47 CITY11-1),truck47 is at city11-1,direct,true,covered,The final English directly states (AT TRUCK47 CITY11-1). Golden line 178.
init,(AT TRUCK46 CITY10-1),truck46 is at city10-1,direct,true,covered,The final English directly states (AT TRUCK46 CITY10-1). Golden line 179.
init,(AT TRUCK45 CITY9-1),truck45 is at city9-1,direct,true,covered,The final English directly states (AT TRUCK45 CITY9-1). Golden line 180.
init,(AT TRUCK44 CITY8-1),truck44 is at city8-1,direct,true,covered,The final English directly states (AT TRUCK44 CITY8-1). Golden line 181.
init,(AT TRUCK43 CITY7-1),truck43 is at city7-1,direct,true,covered,The final English directly states (AT TRUCK43 CITY7-1). Golden line 182.
init,(AT TRUCK42 CITY6-1),truck42 is at city6-1,direct,true,covered,The final English directly states (AT TRUCK42 CITY6-1). Golden line 183.
init,(AT TRUCK41 CITY5-1),truck41 is at city5-1,direct,true,covered,The final English directly states (AT TRUCK41 CITY5-1). Golden line 184.
init,(AT TRUCK40 CITY4-1),truck40 is at city4-1,direct,true,covered,The final English directly states (AT TRUCK40 CITY4-1). Golden line 185.
init,(AT TRUCK39 CITY3-1),truck39 is at city3-1,direct,true,covered,The final English directly states (AT TRUCK39 CITY3-1). Golden line 186.
init,(AT TRUCK38 CITY2-1),truck38 is at city2-1,direct,true,covered,The final English directly states (AT TRUCK38 CITY2-1). Golden line 187.
init,(AT TRUCK37 CITY1-1),truck37 is at city1-1,direct,true,covered,The final English directly states (AT TRUCK37 CITY1-1). Golden line 188.
init,(AT TRUCK36 CITY1-1),truck36 is at city1-1,direct,true,covered,The final English directly states (AT TRUCK36 CITY1-1). Golden line 189.
init,(AT TRUCK35 CITY4-1),truck35 is at city4-1,direct,true,covered,The final English directly states (AT TRUCK35 CITY4-1). Golden line 190.
init,(AT TRUCK34 CITY7-1),truck34 is at city7-1,direct,true,covered,The final English directly states (AT TRUCK34 CITY7-1). Golden line 191.
init,(AT TRUCK33 CITY7-1),truck33 is at city7-1,direct,true,covered,The final English directly states (AT TRUCK33 CITY7-1). Golden line 192.
init,(AT TRUCK32 CITY10-2),truck32 is at city10-2,direct,true,covered,The final English directly states (AT TRUCK32 CITY10-2). Golden line 193.
init,(AT TRUCK31 CITY3-2),truck31 is at city3-2,direct,true,covered,The final English directly states (AT TRUCK31 CITY3-2). Golden line 194.
init,(AT TRUCK30 CITY6-2),truck30 is at city6-2,direct,true,covered,The final English directly states (AT TRUCK30 CITY6-2). Golden line 195.
init,(AT TRUCK29 CITY6-2),truck29 is at city6-2,direct,true,covered,The final English directly states (AT TRUCK29 CITY6-2). Golden line 196.
init,(AT TRUCK28 CITY10-1),truck28 is at city10-1,direct,true,covered,The final English directly states (AT TRUCK28 CITY10-1). Golden line 197.
init,(AT TRUCK27 CITY10-1),truck27 is at city10-1,direct,true,covered,The final English directly states (AT TRUCK27 CITY10-1). Golden line 198.
init,(AT TRUCK26 CITY8-1),truck26 is at city8-1,direct,true,covered,The final English directly states (AT TRUCK26 CITY8-1). Golden line 199.
init,(AT TRUCK25 CITY10-1),truck25 is at city10-1,direct,true,covered,The final English directly states (AT TRUCK25 CITY10-1). Golden line 200.
init,(AT TRUCK24 CITY6-1),truck24 is at city6-1,direct,true,covered,The final English directly states (AT TRUCK24 CITY6-1). Golden line 201.
init,(AT TRUCK23 CITY5-2),truck23 is at city5-2,direct,true,covered,The final English directly states (AT TRUCK23 CITY5-2). Golden line 202.
init,(AT TRUCK22 CITY9-2),truck22 is at city9-2,direct,true,covered,The final English directly states (AT TRUCK22 CITY9-2). Golden line 203.
init,(AT TRUCK21 CITY4-2),truck21 is at city4-2,direct,true,covered,The final English directly states (AT TRUCK21 CITY4-2). Golden line 204.
init,(AT TRUCK20 CITY2-2),truck20 is at city2-2,direct,true,covered,The final English directly states (AT TRUCK20 CITY2-2). Golden line 205.
init,(AT TRUCK19 CITY8-1),truck19 is at city8-1,direct,true,covered,The final English directly states (AT TRUCK19 CITY8-1). Golden line 206.
init,(AT TRUCK18 CITY4-2),truck18 is at city4-2,direct,true,covered,The final English directly states (AT TRUCK18 CITY4-2). Golden line 207.
init,(AT TRUCK17 CITY3-1),truck17 is at city3-1,direct,true,covered,The final English directly states (AT TRUCK17 CITY3-1). Golden line 208.
init,(AT TRUCK16 CITY2-1),truck16 is at city2-1,direct,true,covered,The final English directly states (AT TRUCK16 CITY2-1). Golden line 209.
init,(AT TRUCK15 CITY2-2),truck15 is at city2-2,direct,true,covered,The final English directly states (AT TRUCK15 CITY2-2). Golden line 210.
init,(AT TRUCK14 CITY6-2),truck14 is at city6-2,direct,true,covered,The final English directly states (AT TRUCK14 CITY6-2). Golden line 211.
init,(AT TRUCK13 CITY10-2),truck13 is at city10-2,direct,true,covered,The final English directly states (AT TRUCK13 CITY10-2). Golden line 212.
init,(AT TRUCK12 CITY10-2),truck12 is at city10-2,direct,true,covered,The final English directly states (AT TRUCK12 CITY10-2). Golden line 213.
init,(AT TRUCK11 CITY7-2),truck11 is at city7-2,direct,true,covered,The final English directly states (AT TRUCK11 CITY7-2). Golden line 214.
init,(AT TRUCK10 CITY2-1),truck10 is at city2-1,direct,true,covered,The final English directly states (AT TRUCK10 CITY2-1). Golden line 215.
init,(AT TRUCK9 CITY3-2),truck9 is at city3-2,direct,true,covered,The final English directly states (AT TRUCK9 CITY3-2). Golden line 216.
init,(AT TRUCK8 CITY1-2),truck8 is at city1-2,direct,true,covered,The final English directly states (AT TRUCK8 CITY1-2). Golden line 217.
init,(AT TRUCK7 CITY3-1),truck7 is at city3-1,direct,true,covered,The final English directly states (AT TRUCK7 CITY3-1). Golden line 218.
init,(AT TRUCK6 CITY8-2),truck6 is at city8-2,direct,true,covered,The final English directly states (AT TRUCK6 CITY8-2). Golden line 219.
init,(AT TRUCK5 CITY7-1),truck5 is at city7-1,direct,true,covered,The final English directly states (AT TRUCK5 CITY7-1). Golden line 220.
init,(AT TRUCK4 CITY8-2),truck4 is at city8-2,direct,true,covered,The final English directly states (AT TRUCK4 CITY8-2). Golden line 221.
init,(AT TRUCK3 CITY1-2),truck3 is at city1-2,direct,true,covered,The final English directly states (AT TRUCK3 CITY1-2). Golden line 222.
init,(AT TRUCK2 CITY1-1),truck2 is at city1-1,direct,true,covered,The final English directly states (AT TRUCK2 CITY1-1). Golden line 223.
init,(AT TRUCK1 CITY2-1),truck1 is at city2-1,direct,true,covered,The final English directly states (AT TRUCK1 CITY2-1). Golden line 224.
init,(AT PACKAGE29 CITY10-1),package29 is at city10-1,direct,true,covered,The final English directly states (AT PACKAGE29 CITY10-1). Golden line 225.
init,(AT PACKAGE28 CITY4-2),package28 is at city4-2,direct,true,covered,The final English directly states (AT PACKAGE28 CITY4-2). Golden line 226.
init,(AT PACKAGE27 CITY10-2),package27 is at city10-2,direct,true,covered,The final English directly states (AT PACKAGE27 CITY10-2). Golden line 227.
init,(AT PACKAGE26 CITY6-1),package26 is at city6-1,direct,true,covered,The final English directly states (AT PACKAGE26 CITY6-1). Golden line 228.
init,(AT PACKAGE25 CITY6-2),package25 is at city6-2,direct,true,covered,The final English directly states (AT PACKAGE25 CITY6-2). Golden line 229.
init,(AT PACKAGE24 CITY8-2),package24 is at city8-2,direct,true,covered,The final English directly states (AT PACKAGE24 CITY8-2). Golden line 230.
init,(AT PACKAGE23 CITY1-1),package23 is at city1-1,direct,true,covered,The final English directly states (AT PACKAGE23 CITY1-1). Golden line 231.
init,(AT PACKAGE22 CITY9-1),package22 is at city9-1,direct,true,covered,The final English directly states (AT PACKAGE22 CITY9-1). Golden line 232.
init,(AT PACKAGE21 CITY9-2),package21 is at city9-2,direct,true,covered,The final English directly states (AT PACKAGE21 CITY9-2). Golden line 233.
init,(AT PACKAGE20 CITY6-2),package20 is at city6-2,direct,true,covered,The final English directly states (AT PACKAGE20 CITY6-2). Golden line 234.
init,(AT PACKAGE19 CITY9-1),package19 is at city9-1,direct,true,covered,The final English directly states (AT PACKAGE19 CITY9-1). Golden line 235.
init,(AT PACKAGE18 CITY2-2),package18 is at city2-2,direct,true,covered,The final English directly states (AT PACKAGE18 CITY2-2). Golden line 236.
init,(AT PACKAGE17 CITY4-2),package17 is at city4-2,direct,true,covered,The final English directly states (AT PACKAGE17 CITY4-2). Golden line 237.
init,(AT PACKAGE16 CITY2-2),package16 is at city2-2,direct,true,covered,The final English directly states (AT PACKAGE16 CITY2-2). Golden line 238.
init,(AT PACKAGE15 CITY1-2),package15 is at city1-2,direct,true,covered,The final English directly states (AT PACKAGE15 CITY1-2). Golden line 239.
init,(AT PACKAGE14 CITY9-1),package14 is at city9-1,direct,true,covered,The final English directly states (AT PACKAGE14 CITY9-1). Golden line 240.
init,(AT PACKAGE13 CITY7-1),package13 is at city7-1,direct,true,covered,The final English directly states (AT PACKAGE13 CITY7-1). Golden line 241.
init,(AT PACKAGE12 CITY9-2),package12 is at city9-2,direct,true,covered,The final English directly states (AT PACKAGE12 CITY9-2). Golden line 242.
init,(AT PACKAGE11 CITY6-2),package11 is at city6-2,direct,true,covered,The final English directly states (AT PACKAGE11 CITY6-2). Golden line 243.
init,(AT PACKAGE10 CITY8-2),package10 is at city8-2,direct,true,covered,The final English directly states (AT PACKAGE10 CITY8-2). Golden line 244.
init,(AT PACKAGE9 CITY1-2),package9 is at city1-2,direct,true,covered,The final English directly states (AT PACKAGE9 CITY1-2). Golden line 245.
init,(AT PACKAGE8 CITY8-1),package8 is at city8-1,direct,true,covered,The final English directly states (AT PACKAGE8 CITY8-1). Golden line 246.
init,(AT PACKAGE7 CITY8-2),package7 is at city8-2,direct,true,covered,The final English directly states (AT PACKAGE7 CITY8-2). Golden line 247.
init,(AT PACKAGE6 CITY1-2),package6 is at city1-2,direct,true,covered,The final English directly states (AT PACKAGE6 CITY1-2). Golden line 248.
init,(AT PACKAGE5 CITY2-2),package5 is at city2-2,direct,true,covered,The final English directly states (AT PACKAGE5 CITY2-2). Golden line 249.
init,(AT PACKAGE4 CITY10-2),package4 is at city10-2,direct,true,covered,The final English directly states (AT PACKAGE4 CITY10-2). Golden line 250.
init,(AT PACKAGE3 CITY11-1),package3 is at city11-1,direct,true,covered,The final English directly states (AT PACKAGE3 CITY11-1). Golden line 251.
init,(AT PACKAGE2 CITY11-1),package2 is at city11-1,direct,true,covered,The final English directly states (AT PACKAGE2 CITY11-1). Golden line 252.
init,(AT PACKAGE1 CITY11-2),package1 is at city11-2,direct,true,covered,The final English directly states (AT PACKAGE1 CITY11-2). Golden line 253.
goal,(AT PACKAGE29 CITY5-2),package29 must be at city5-2,direct,true,covered,The goal list directly states (AT PACKAGE29 CITY5-2). Golden line 254.
goal,(AT PACKAGE28 CITY11-2),package28 must be at city11-2,direct,true,covered,The goal list directly states (AT PACKAGE28 CITY11-2). Golden line 255.
goal,(AT PACKAGE27 CITY10-1),package27 must be at city10-1,direct,true,covered,The goal list directly states (AT PACKAGE27 CITY10-1). Golden line 256.
goal,(AT PACKAGE26 CITY9-1),package26 must be at city9-1,direct,true,covered,The goal list directly states (AT PACKAGE26 CITY9-1). Golden line 257.
goal,(AT PACKAGE25 CITY4-1),package25 must be at city4-1,direct,true,covered,The goal list directly states (AT PACKAGE25 CITY4-1). Golden line 258.
goal,(AT PACKAGE24 CITY8-2),package24 must be at city8-2,direct,true,covered,The goal list directly states (AT PACKAGE24 CITY8-2). Golden line 259.
goal,(AT PACKAGE23 CITY10-2),package23 must be at city10-2,direct,true,covered,The goal list directly states (AT PACKAGE23 CITY10-2). Golden line 260.
goal,(AT PACKAGE22 CITY1-2),package22 must be at city1-2,direct,true,covered,The goal list directly states (AT PACKAGE22 CITY1-2). Golden line 261.
goal,(AT PACKAGE21 CITY1-1),package21 must be at city1-1,direct,true,covered,The goal list directly states (AT PACKAGE21 CITY1-1). Golden line 262.
goal,(AT PACKAGE20 CITY4-1),package20 must be at city4-1,direct,true,covered,The goal list directly states (AT PACKAGE20 CITY4-1). Golden line 263.
goal,(AT PACKAGE19 CITY6-1),package19 must be at city6-1,direct,true,covered,The goal list directly states (AT PACKAGE19 CITY6-1). Golden line 264.
goal,(AT PACKAGE18 CITY9-1),package18 must be at city9-1,direct,true,covered,The goal list directly states (AT PACKAGE18 CITY9-1). Golden line 265.
goal,(AT PACKAGE17 CITY4-1),package17 must be at city4-1,direct,true,covered,The goal list directly states (AT PACKAGE17 CITY4-1). Golden line 266.
goal,(AT PACKAGE16 CITY11-1),package16 must be at city11-1,direct,true,covered,The goal list directly states (AT PACKAGE16 CITY11-1). Golden line 267.
goal,(AT PACKAGE15 CITY2-2),package15 must be at city2-2,direct,true,covered,The goal list directly states (AT PACKAGE15 CITY2-2). Golden line 268.
goal,(AT PACKAGE14 CITY8-2),package14 must be at city8-2,direct,true,covered,The goal list directly states (AT PACKAGE14 CITY8-2). Golden line 269.
goal,(AT PACKAGE13 CITY10-2),package13 must be at city10-2,direct,true,covered,The goal list directly states (AT PACKAGE13 CITY10-2). Golden line 270.
goal,(AT PACKAGE12 CITY11-2),package12 must be at city11-2,direct,true,covered,The goal list directly states (AT PACKAGE12 CITY11-2). Golden line 271.
goal,(AT PACKAGE11 CITY2-2),package11 must be at city2-2,direct,true,covered,The goal list directly states (AT PACKAGE11 CITY2-2). Golden line 272.
