section,pddl_item,evidence,evidence_kind,unique,status,notes
objects,apt12,"The scenario includes twelve cities, cit1 through cit12; for every integer X from 1 through 12, posX and aptX are locations, and aptX is an airport in citX.",deterministic_rule,true,covered,Substituting X=1–12 yields exactly the cited city or pos/apt location identifier.
objects,pos12,"The scenario includes twelve cities, cit1 through cit12; for every integer X from 1 through 12, posX and aptX are locations, and aptX is an airport in citX.",deterministic_rule,true,covered,Substituting X=1–12 yields exactly the cited city or pos/apt location identifier.
objects,cit12,"The scenario includes twelve cities, cit1 through cit12; for every integer X from 1 through 12, posX and aptX are locations, and aptX is an airport in citX.",deterministic_rule,true,covered,Substituting X=1–12 yields exactly the cited city or pos/apt location identifier.
objects,tru12,"Additionally, there are trucks from tru1 to tru12 and three airplanes, apn1, apn2, and apn3 involved in this logistics operation.",deterministic_rule,true,covered,The bounded tru1–tru12 range yields this truck identifier.
objects,obj123,"In the initial setup of this logistics challenge, we have packages objX1, objX2, and objX3 for every integer X from 1 through 12, where X is replaced by its decimal numeral in each identifier (so X = 10 yields obj101, obj102, and obj103); these packages are spread across various locations.",deterministic_rule,true,covered,Substituting X=1–12 in objX1/objX2/objX3 yields exactly this package identifier.
objects,obj122,"In the initial setup of this logistics challenge, we have packages objX1, objX2, and objX3 for every integer X from 1 through 12, where X is replaced by its decimal numeral in each identifier (so X = 10 yields obj101, obj102, and obj103); these packages are spread across various locations.",deterministic_rule,true,covered,Substituting X=1–12 in objX1/objX2/objX3 yields exactly this package identifier.
objects,obj121,"In the initial setup of this logistics challenge, we have packages objX1, objX2, and objX3 for every integer X from 1 through 12, where X is replaced by its decimal numeral in each identifier (so X = 10 yields obj101, obj102, and obj103); these packages are spread across various locations.",deterministic_rule,true,covered,Substituting X=1–12 in objX1/objX2/objX3 yields exactly this package identifier.
objects,apt11,"The scenario includes twelve cities, cit1 through cit12; for every integer X from 1 through 12, posX and aptX are locations, and aptX is an airport in citX.",deterministic_rule,true,covered,Substituting X=1–12 yields exactly the cited city or pos/apt location identifier.
objects,pos11,"The scenario includes twelve cities, cit1 through cit12; for every integer X from 1 through 12, posX and aptX are locations, and aptX is an airport in citX.",deterministic_rule,true,covered,Substituting X=1–12 yields exactly the cited city or pos/apt location identifier.
objects,cit11,"The scenario includes twelve cities, cit1 through cit12; for every integer X from 1 through 12, posX and aptX are locations, and aptX is an airport in citX.",deterministic_rule,true,covered,Substituting X=1–12 yields exactly the cited city or pos/apt location identifier.
objects,tru11,"Additionally, there are trucks from tru1 to tru12 and three airplanes, apn1, apn2, and apn3 involved in this logistics operation.",deterministic_rule,true,covered,The bounded tru1–tru12 range yields this truck identifier.
objects,obj113,"In the initial setup of this logistics challenge, we have packages objX1, objX2, and objX3 for every integer X from 1 through 12, where X is replaced by its decimal numeral in each identifier (so X = 10 yields obj101, obj102, and obj103); these packages are spread across various locations.",deterministic_rule,true,covered,Substituting X=1–12 in objX1/objX2/objX3 yields exactly this package identifier.
objects,obj112,"In the initial setup of this logistics challenge, we have packages objX1, objX2, and objX3 for every integer X from 1 through 12, where X is replaced by its decimal numeral in each identifier (so X = 10 yields obj101, obj102, and obj103); these packages are spread across various locations.",deterministic_rule,true,covered,Substituting X=1–12 in objX1/objX2/objX3 yields exactly this package identifier.
objects,obj111,"In the initial setup of this logistics challenge, we have packages objX1, objX2, and objX3 for every integer X from 1 through 12, where X is replaced by its decimal numeral in each identifier (so X = 10 yields obj101, obj102, and obj103); these packages are spread across various locations.",deterministic_rule,true,covered,Substituting X=1–12 in objX1/objX2/objX3 yields exactly this package identifier.
objects,apt10,"The scenario includes twelve cities, cit1 through cit12; for every integer X from 1 through 12, posX and aptX are locations, and aptX is an airport in citX.",deterministic_rule,true,covered,Substituting X=1–12 yields exactly the cited city or pos/apt location identifier.
objects,pos10,"The scenario includes twelve cities, cit1 through cit12; for every integer X from 1 through 12, posX and aptX are locations, and aptX is an airport in citX.",deterministic_rule,true,covered,Substituting X=1–12 yields exactly the cited city or pos/apt location identifier.
objects,cit10,"The scenario includes twelve cities, cit1 through cit12; for every integer X from 1 through 12, posX and aptX are locations, and aptX is an airport in citX.",deterministic_rule,true,covered,Substituting X=1–12 yields exactly the cited city or pos/apt location identifier.
objects,tru10,"Additionally, there are trucks from tru1 to tru12 and three airplanes, apn1, apn2, and apn3 involved in this logistics operation.",deterministic_rule,true,covered,The bounded tru1–tru12 range yields this truck identifier.
objects,obj103,"In the initial setup of this logistics challenge, we have packages objX1, objX2, and objX3 for every integer X from 1 through 12, where X is replaced by its decimal numeral in each identifier (so X = 10 yields obj101, obj102, and obj103); these packages are spread across various locations.",deterministic_rule,true,covered,Substituting X=1–12 in objX1/objX2/objX3 yields exactly this package identifier.
objects,obj102,"In the initial setup of this logistics challenge, we have packages objX1, objX2, and objX3 for every integer X from 1 through 12, where X is replaced by its decimal numeral in each identifier (so X = 10 yields obj101, obj102, and obj103); these packages are spread across various locations.",deterministic_rule,true,covered,Substituting X=1–12 in objX1/objX2/objX3 yields exactly this package identifier.
objects,obj101,"In the initial setup of this logistics challenge, we have packages objX1, objX2, and objX3 for every integer X from 1 through 12, where X is replaced by its decimal numeral in each identifier (so X = 10 yields obj101, obj102, and obj103); these packages are spread across various locations.",deterministic_rule,true,covered,Substituting X=1–12 in objX1/objX2/objX3 yields exactly this package identifier.
objects,apn3,"Additionally, there are trucks from tru1 to tru12 and three airplanes, apn1, apn2, and apn3 involved in this logistics operation.",direct,true,covered,The exact airplane identifier is explicitly named.
objects,apt9,"The scenario includes twelve cities, cit1 through cit12; for every integer X from 1 through 12, posX and aptX are locations, and aptX is an airport in citX.",deterministic_rule,true,covered,Substituting X=1–12 yields exactly the cited city or pos/apt location identifier.
objects,pos9,"The scenario includes twelve cities, cit1 through cit12; for every integer X from 1 through 12, posX and aptX are locations, and aptX is an airport in citX.",deterministic_rule,true,covered,Substituting X=1–12 yields exactly the cited city or pos/apt location identifier.
objects,cit9,"The scenario includes twelve cities, cit1 through cit12; for every integer X from 1 through 12, posX and aptX are locations, and aptX is an airport in citX.",deterministic_rule,true,covered,Substituting X=1–12 yields exactly the cited city or pos/apt location identifier.
objects,tru9,"Additionally, there are trucks from tru1 to tru12 and three airplanes, apn1, apn2, and apn3 involved in this logistics operation.",deterministic_rule,true,covered,The bounded tru1–tru12 range yields this truck identifier.
objects,obj93,"In the initial setup of this logistics challenge, we have packages objX1, objX2, and objX3 for every integer X from 1 through 12, where X is replaced by its decimal numeral in each identifier (so X = 10 yields obj101, obj102, and obj103); these packages are spread across various locations.",deterministic_rule,true,covered,Substituting X=1–12 in objX1/objX2/objX3 yields exactly this package identifier.
objects,obj92,"In the initial setup of this logistics challenge, we have packages objX1, objX2, and objX3 for every integer X from 1 through 12, where X is replaced by its decimal numeral in each identifier (so X = 10 yields obj101, obj102, and obj103); these packages are spread across various locations.",deterministic_rule,true,covered,Substituting X=1–12 in objX1/objX2/objX3 yields exactly this package identifier.
objects,obj91,"In the initial setup of this logistics challenge, we have packages objX1, objX2, and objX3 for every integer X from 1 through 12, where X is replaced by its decimal numeral in each identifier (so X = 10 yields obj101, obj102, and obj103); these packages are spread across various locations.",deterministic_rule,true,covered,Substituting X=1–12 in objX1/objX2/objX3 yields exactly this package identifier.
objects,apt8,"The scenario includes twelve cities, cit1 through cit12; for every integer X from 1 through 12, posX and aptX are locations, and aptX is an airport in citX.",deterministic_rule,true,covered,Substituting X=1–12 yields exactly the cited city or pos/apt location identifier.
objects,pos8,"The scenario includes twelve cities, cit1 through cit12; for every integer X from 1 through 12, posX and aptX are locations, and aptX is an airport in citX.",deterministic_rule,true,covered,Substituting X=1–12 yields exactly the cited city or pos/apt location identifier.
objects,cit8,"The scenario includes twelve cities, cit1 through cit12; for every integer X from 1 through 12, posX and aptX are locations, and aptX is an airport in citX.",deterministic_rule,true,covered,Substituting X=1–12 yields exactly the cited city or pos/apt location identifier.
objects,tru8,"Additionally, there are trucks from tru1 to tru12 and three airplanes, apn1, apn2, and apn3 involved in this logistics operation.",deterministic_rule,true,covered,The bounded tru1–tru12 range yields this truck identifier.
objects,obj83,"In the initial setup of this logistics challenge, we have packages objX1, objX2, and objX3 for every integer X from 1 through 12, where X is replaced by its decimal numeral in each identifier (so X = 10 yields obj101, obj102, and obj103); these packages are spread across various locations.",deterministic_rule,true,covered,Substituting X=1–12 in objX1/objX2/objX3 yields exactly this package identifier.
objects,obj82,"In the initial setup of this logistics challenge, we have packages objX1, objX2, and objX3 for every integer X from 1 through 12, where X is replaced by its decimal numeral in each identifier (so X = 10 yields obj101, obj102, and obj103); these packages are spread across various locations.",deterministic_rule,true,covered,Substituting X=1–12 in objX1/objX2/objX3 yields exactly this package identifier.
objects,obj81,"In the initial setup of this logistics challenge, we have packages objX1, objX2, and objX3 for every integer X from 1 through 12, where X is replaced by its decimal numeral in each identifier (so X = 10 yields obj101, obj102, and obj103); these packages are spread across various locations.",deterministic_rule,true,covered,Substituting X=1–12 in objX1/objX2/objX3 yields exactly this package identifier.
objects,apt7,"The scenario includes twelve cities, cit1 through cit12; for every integer X from 1 through 12, posX and aptX are locations, and aptX is an airport in citX.",deterministic_rule,true,covered,Substituting X=1–12 yields exactly the cited city or pos/apt location identifier.
objects,pos7,"The scenario includes twelve cities, cit1 through cit12; for every integer X from 1 through 12, posX and aptX are locations, and aptX is an airport in citX.",deterministic_rule,true,covered,Substituting X=1–12 yields exactly the cited city or pos/apt location identifier.
objects,cit7,"The scenario includes twelve cities, cit1 through cit12; for every integer X from 1 through 12, posX and aptX are locations, and aptX is an airport in citX.",deterministic_rule,true,covered,Substituting X=1–12 yields exactly the cited city or pos/apt location identifier.
objects,tru7,"Additionally, there are trucks from tru1 to tru12 and three airplanes, apn1, apn2, and apn3 involved in this logistics operation.",deterministic_rule,true,covered,The bounded tru1–tru12 range yields this truck identifier.
objects,obj73,"In the initial setup of this logistics challenge, we have packages objX1, objX2, and objX3 for every integer X from 1 through 12, where X is replaced by its decimal numeral in each identifier (so X = 10 yields obj101, obj102, and obj103); these packages are spread across various locations.",deterministic_rule,true,covered,Substituting X=1–12 in objX1/objX2/objX3 yields exactly this package identifier.
objects,obj72,"In the initial setup of this logistics challenge, we have packages objX1, objX2, and objX3 for every integer X from 1 through 12, where X is replaced by its decimal numeral in each identifier (so X = 10 yields obj101, obj102, and obj103); these packages are spread across various locations.",deterministic_rule,true,covered,Substituting X=1–12 in objX1/objX2/objX3 yields exactly this package identifier.
objects,obj71,"In the initial setup of this logistics challenge, we have packages objX1, objX2, and objX3 for every integer X from 1 through 12, where X is replaced by its decimal numeral in each identifier (so X = 10 yields obj101, obj102, and obj103); these packages are spread across various locations.",deterministic_rule,true,covered,Substituting X=1–12 in objX1/objX2/objX3 yields exactly this package identifier.
objects,apt6,"The scenario includes twelve cities, cit1 through cit12; for every integer X from 1 through 12, posX and aptX are locations, and aptX is an airport in citX.",deterministic_rule,true,covered,Substituting X=1–12 yields exactly the cited city or pos/apt location identifier.
objects,pos6,"The scenario includes twelve cities, cit1 through cit12; for every integer X from 1 through 12, posX and aptX are locations, and aptX is an airport in citX.",deterministic_rule,true,covered,Substituting X=1–12 yields exactly the cited city or pos/apt location identifier.
objects,cit6,"The scenario includes twelve cities, cit1 through cit12; for every integer X from 1 through 12, posX and aptX are locations, and aptX is an airport in citX.",deterministic_rule,true,covered,Substituting X=1–12 yields exactly the cited city or pos/apt location identifier.
objects,tru6,"Additionally, there are trucks from tru1 to tru12 and three airplanes, apn1, apn2, and apn3 involved in this logistics operation.",deterministic_rule,true,covered,The bounded tru1–tru12 range yields this truck identifier.
objects,obj63,"In the initial setup of this logistics challenge, we have packages objX1, objX2, and objX3 for every integer X from 1 through 12, where X is replaced by its decimal numeral in each identifier (so X = 10 yields obj101, obj102, and obj103); these packages are spread across various locations.",deterministic_rule,true,covered,Substituting X=1–12 in objX1/objX2/objX3 yields exactly this package identifier.
objects,obj62,"In the initial setup of this logistics challenge, we have packages objX1, objX2, and objX3 for every integer X from 1 through 12, where X is replaced by its decimal numeral in each identifier (so X = 10 yields obj101, obj102, and obj103); these packages are spread across various locations.",deterministic_rule,true,covered,Substituting X=1–12 in objX1/objX2/objX3 yields exactly this package identifier.
objects,obj61,"In the initial setup of this logistics challenge, we have packages objX1, objX2, and objX3 for every integer X from 1 through 12, where X is replaced by its decimal numeral in each identifier (so X = 10 yields obj101, obj102, and obj103); these packages are spread across various locations.",deterministic_rule,true,covered,Substituting X=1–12 in objX1/objX2/objX3 yields exactly this package identifier.
objects,apn2,"Additionally, there are trucks from tru1 to tru12 and three airplanes, apn1, apn2, and apn3 involved in this logistics operation.",direct,true,covered,The exact airplane identifier is explicitly named.
objects,apt5,"The scenario includes twelve cities, cit1 through cit12; for every integer X from 1 through 12, posX and aptX are locations, and aptX is an airport in citX.",deterministic_rule,true,covered,Substituting X=1–12 yields exactly the cited city or pos/apt location identifier.
objects,pos5,"The scenario includes twelve cities, cit1 through cit12; for every integer X from 1 through 12, posX and aptX are locations, and aptX is an airport in citX.",deterministic_rule,true,covered,Substituting X=1–12 yields exactly the cited city or pos/apt location identifier.
objects,cit5,"The scenario includes twelve cities, cit1 through cit12; for every integer X from 1 through 12, posX and aptX are locations, and aptX is an airport in citX.",deterministic_rule,true,covered,Substituting X=1–12 yields exactly the cited city or pos/apt location identifier.
objects,tru5,"Additionally, there are trucks from tru1 to tru12 and three airplanes, apn1, apn2, and apn3 involved in this logistics operation.",deterministic_rule,true,covered,The bounded tru1–tru12 range yields this truck identifier.
objects,obj53,"In the initial setup of this logistics challenge, we have packages objX1, objX2, and objX3 for every integer X from 1 through 12, where X is replaced by its decimal numeral in each identifier (so X = 10 yields obj101, obj102, and obj103); these packages are spread across various locations.",deterministic_rule,true,covered,Substituting X=1–12 in objX1/objX2/objX3 yields exactly this package identifier.
objects,obj52,"In the initial setup of this logistics challenge, we have packages objX1, objX2, and objX3 for every integer X from 1 through 12, where X is replaced by its decimal numeral in each identifier (so X = 10 yields obj101, obj102, and obj103); these packages are spread across various locations.",deterministic_rule,true,covered,Substituting X=1–12 in objX1/objX2/objX3 yields exactly this package identifier.
objects,obj51,"In the initial setup of this logistics challenge, we have packages objX1, objX2, and objX3 for every integer X from 1 through 12, where X is replaced by its decimal numeral in each identifier (so X = 10 yields obj101, obj102, and obj103); these packages are spread across various locations.",deterministic_rule,true,covered,Substituting X=1–12 in objX1/objX2/objX3 yields exactly this package identifier.
objects,apt4,"The scenario includes twelve cities, cit1 through cit12; for every integer X from 1 through 12, posX and aptX are locations, and aptX is an airport in citX.",deterministic_rule,true,covered,Substituting X=1–12 yields exactly the cited city or pos/apt location identifier.
objects,pos4,"The scenario includes twelve cities, cit1 through cit12; for every integer X from 1 through 12, posX and aptX are locations, and aptX is an airport in citX.",deterministic_rule,true,covered,Substituting X=1–12 yields exactly the cited city or pos/apt location identifier.
objects,cit4,"The scenario includes twelve cities, cit1 through cit12; for every integer X from 1 through 12, posX and aptX are locations, and aptX is an airport in citX.",deterministic_rule,true,covered,Substituting X=1–12 yields exactly the cited city or pos/apt location identifier.
objects,tru4,"Additionally, there are trucks from tru1 to tru12 and three airplanes, apn1, apn2, and apn3 involved in this logistics operation.",deterministic_rule,true,covered,The bounded tru1–tru12 range yields this truck identifier.
objects,obj43,"In the initial setup of this logistics challenge, we have packages objX1, objX2, and objX3 for every integer X from 1 through 12, where X is replaced by its decimal numeral in each identifier (so X = 10 yields obj101, obj102, and obj103); these packages are spread across various locations.",deterministic_rule,true,covered,Substituting X=1–12 in objX1/objX2/objX3 yields exactly this package identifier.
objects,obj42,"In the initial setup of this logistics challenge, we have packages objX1, objX2, and objX3 for every integer X from 1 through 12, where X is replaced by its decimal numeral in each identifier (so X = 10 yields obj101, obj102, and obj103); these packages are spread across various locations.",deterministic_rule,true,covered,Substituting X=1–12 in objX1/objX2/objX3 yields exactly this package identifier.
objects,obj41,"In the initial setup of this logistics challenge, we have packages objX1, objX2, and objX3 for every integer X from 1 through 12, where X is replaced by its decimal numeral in each identifier (so X = 10 yields obj101, obj102, and obj103); these packages are spread across various locations.",deterministic_rule,true,covered,Substituting X=1–12 in objX1/objX2/objX3 yields exactly this package identifier.
objects,apt3,"The scenario includes twelve cities, cit1 through cit12; for every integer X from 1 through 12, posX and aptX are locations, and aptX is an airport in citX.",deterministic_rule,true,covered,Substituting X=1–12 yields exactly the cited city or pos/apt location identifier.
objects,pos3,"The scenario includes twelve cities, cit1 through cit12; for every integer X from 1 through 12, posX and aptX are locations, and aptX is an airport in citX.",deterministic_rule,true,covered,Substituting X=1–12 yields exactly the cited city or pos/apt location identifier.
objects,cit3,"The scenario includes twelve cities, cit1 through cit12; for every integer X from 1 through 12, posX and aptX are locations, and aptX is an airport in citX.",deterministic_rule,true,covered,Substituting X=1–12 yields exactly the cited city or pos/apt location identifier.
objects,tru3,"Additionally, there are trucks from tru1 to tru12 and three airplanes, apn1, apn2, and apn3 involved in this logistics operation.",deterministic_rule,true,covered,The bounded tru1–tru12 range yields this truck identifier.
objects,obj33,"In the initial setup of this logistics challenge, we have packages objX1, objX2, and objX3 for every integer X from 1 through 12, where X is replaced by its decimal numeral in each identifier (so X = 10 yields obj101, obj102, and obj103); these packages are spread across various locations.",deterministic_rule,true,covered,Substituting X=1–12 in objX1/objX2/objX3 yields exactly this package identifier.
objects,obj32,"In the initial setup of this logistics challenge, we have packages objX1, objX2, and objX3 for every integer X from 1 through 12, where X is replaced by its decimal numeral in each identifier (so X = 10 yields obj101, obj102, and obj103); these packages are spread across various locations.",deterministic_rule,true,covered,Substituting X=1–12 in objX1/objX2/objX3 yields exactly this package identifier.
objects,obj31,"In the initial setup of this logistics challenge, we have packages objX1, objX2, and objX3 for every integer X from 1 through 12, where X is replaced by its decimal numeral in each identifier (so X = 10 yields obj101, obj102, and obj103); these packages are spread across various locations.",deterministic_rule,true,covered,Substituting X=1–12 in objX1/objX2/objX3 yields exactly this package identifier.
objects,apt2,"The scenario includes twelve cities, cit1 through cit12; for every integer X from 1 through 12, posX and aptX are locations, and aptX is an airport in citX.",deterministic_rule,true,covered,Substituting X=1–12 yields exactly the cited city or pos/apt location identifier.
objects,pos2,"The scenario includes twelve cities, cit1 through cit12; for every integer X from 1 through 12, posX and aptX are locations, and aptX is an airport in citX.",deterministic_rule,true,covered,Substituting X=1–12 yields exactly the cited city or pos/apt location identifier.
objects,cit2,"The scenario includes twelve cities, cit1 through cit12; for every integer X from 1 through 12, posX and aptX are locations, and aptX is an airport in citX.",deterministic_rule,true,covered,Substituting X=1–12 yields exactly the cited city or pos/apt location identifier.
objects,tru2,"Additionally, there are trucks from tru1 to tru12 and three airplanes, apn1, apn2, and apn3 involved in this logistics operation.",deterministic_rule,true,covered,The bounded tru1–tru12 range yields this truck identifier.
objects,obj23,"In the initial setup of this logistics challenge, we have packages objX1, objX2, and objX3 for every integer X from 1 through 12, where X is replaced by its decimal numeral in each identifier (so X = 10 yields obj101, obj102, and obj103); these packages are spread across various locations.",deterministic_rule,true,covered,Substituting X=1–12 in objX1/objX2/objX3 yields exactly this package identifier.
objects,obj22,"In the initial setup of this logistics challenge, we have packages objX1, objX2, and objX3 for every integer X from 1 through 12, where X is replaced by its decimal numeral in each identifier (so X = 10 yields obj101, obj102, and obj103); these packages are spread across various locations.",deterministic_rule,true,covered,Substituting X=1–12 in objX1/objX2/objX3 yields exactly this package identifier.
objects,obj21,"In the initial setup of this logistics challenge, we have packages objX1, objX2, and objX3 for every integer X from 1 through 12, where X is replaced by its decimal numeral in each identifier (so X = 10 yields obj101, obj102, and obj103); these packages are spread across various locations.",deterministic_rule,true,covered,Substituting X=1–12 in objX1/objX2/objX3 yields exactly this package identifier.
objects,apn1,"Additionally, there are trucks from tru1 to tru12 and three airplanes, apn1, apn2, and apn3 involved in this logistics operation.",direct,true,covered,The exact airplane identifier is explicitly named.
objects,apt1,"The scenario includes twelve cities, cit1 through cit12; for every integer X from 1 through 12, posX and aptX are locations, and aptX is an airport in citX.",deterministic_rule,true,covered,Substituting X=1–12 yields exactly the cited city or pos/apt location identifier.
objects,pos1,"The scenario includes twelve cities, cit1 through cit12; for every integer X from 1 through 12, posX and aptX are locations, and aptX is an airport in citX.",deterministic_rule,true,covered,Substituting X=1–12 yields exactly the cited city or pos/apt location identifier.
objects,cit1,"The scenario includes twelve cities, cit1 through cit12; for every integer X from 1 through 12, posX and aptX are locations, and aptX is an airport in citX.",deterministic_rule,true,covered,Substituting X=1–12 yields exactly the cited city or pos/apt location identifier.
objects,tru1,"Additionally, there are trucks from tru1 to tru12 and three airplanes, apn1, apn2, and apn3 involved in this logistics operation.",deterministic_rule,true,covered,The bounded tru1–tru12 range yields this truck identifier.
objects,obj13,"In the initial setup of this logistics challenge, we have packages objX1, objX2, and objX3 for every integer X from 1 through 12, where X is replaced by its decimal numeral in each identifier (so X = 10 yields obj101, obj102, and obj103); these packages are spread across various locations.",deterministic_rule,true,covered,Substituting X=1–12 in objX1/objX2/objX3 yields exactly this package identifier.
objects,obj12,"In the initial setup of this logistics challenge, we have packages objX1, objX2, and objX3 for every integer X from 1 through 12, where X is replaced by its decimal numeral in each identifier (so X = 10 yields obj101, obj102, and obj103); these packages are spread across various locations.",deterministic_rule,true,covered,Substituting X=1–12 in objX1/objX2/objX3 yields exactly this package identifier.
objects,obj11,"In the initial setup of this logistics challenge, we have packages objX1, objX2, and objX3 for every integer X from 1 through 12, where X is replaced by its decimal numeral in each identifier (so X = 10 yields obj101, obj102, and obj103); these packages are spread across various locations.",deterministic_rule,true,covered,Substituting X=1–12 in objX1/objX2/objX3 yields exactly this package identifier.
init,(package obj11),"In the initial setup of this logistics challenge, we have packages objX1, objX2, and objX3 for every integer X from 1 through 12, where X is replaced by its decimal numeral in each identifier (so X = 10 yields obj101, obj102, and obj103); these packages are spread across various locations.",deterministic_rule,true,covered,The objX1/objX2/objX3 construction for X=1–12 yields exactly the 36 package type atoms.
init,(package obj12),"In the initial setup of this logistics challenge, we have packages objX1, objX2, and objX3 for every integer X from 1 through 12, where X is replaced by its decimal numeral in each identifier (so X = 10 yields obj101, obj102, and obj103); these packages are spread across various locations.",deterministic_rule,true,covered,The objX1/objX2/objX3 construction for X=1–12 yields exactly the 36 package type atoms.
init,(package obj13),"In the initial setup of this logistics challenge, we have packages objX1, objX2, and objX3 for every integer X from 1 through 12, where X is replaced by its decimal numeral in each identifier (so X = 10 yields obj101, obj102, and obj103); these packages are spread across various locations.",deterministic_rule,true,covered,The objX1/objX2/objX3 construction for X=1–12 yields exactly the 36 package type atoms.
init,(package obj21),"In the initial setup of this logistics challenge, we have packages objX1, objX2, and objX3 for every integer X from 1 through 12, where X is replaced by its decimal numeral in each identifier (so X = 10 yields obj101, obj102, and obj103); these packages are spread across various locations.",deterministic_rule,true,covered,The objX1/objX2/objX3 construction for X=1–12 yields exactly the 36 package type atoms.
init,(package obj22),"In the initial setup of this logistics challenge, we have packages objX1, objX2, and objX3 for every integer X from 1 through 12, where X is replaced by its decimal numeral in each identifier (so X = 10 yields obj101, obj102, and obj103); these packages are spread across various locations.",deterministic_rule,true,covered,The objX1/objX2/objX3 construction for X=1–12 yields exactly the 36 package type atoms.
init,(package obj23),"In the initial setup of this logistics challenge, we have packages objX1, objX2, and objX3 for every integer X from 1 through 12, where X is replaced by its decimal numeral in each identifier (so X = 10 yields obj101, obj102, and obj103); these packages are spread across various locations.",deterministic_rule,true,covered,The objX1/objX2/objX3 construction for X=1–12 yields exactly the 36 package type atoms.
init,(package obj31),"In the initial setup of this logistics challenge, we have packages objX1, objX2, and objX3 for every integer X from 1 through 12, where X is replaced by its decimal numeral in each identifier (so X = 10 yields obj101, obj102, and obj103); these packages are spread across various locations.",deterministic_rule,true,covered,The objX1/objX2/objX3 construction for X=1–12 yields exactly the 36 package type atoms.
init,(package obj32),"In the initial setup of this logistics challenge, we have packages objX1, objX2, and objX3 for every integer X from 1 through 12, where X is replaced by its decimal numeral in each identifier (so X = 10 yields obj101, obj102, and obj103); these packages are spread across various locations.",deterministic_rule,true,covered,The objX1/objX2/objX3 construction for X=1–12 yields exactly the 36 package type atoms.
init,(package obj33),"In the initial setup of this logistics challenge, we have packages objX1, objX2, and objX3 for every integer X from 1 through 12, where X is replaced by its decimal numeral in each identifier (so X = 10 yields obj101, obj102, and obj103); these packages are spread across various locations.",deterministic_rule,true,covered,The objX1/objX2/objX3 construction for X=1–12 yields exactly the 36 package type atoms.
init,(package obj41),"In the initial setup of this logistics challenge, we have packages objX1, objX2, and objX3 for every integer X from 1 through 12, where X is replaced by its decimal numeral in each identifier (so X = 10 yields obj101, obj102, and obj103); these packages are spread across various locations.",deterministic_rule,true,covered,The objX1/objX2/objX3 construction for X=1–12 yields exactly the 36 package type atoms.
init,(package obj42),"In the initial setup of this logistics challenge, we have packages objX1, objX2, and objX3 for every integer X from 1 through 12, where X is replaced by its decimal numeral in each identifier (so X = 10 yields obj101, obj102, and obj103); these packages are spread across various locations.",deterministic_rule,true,covered,The objX1/objX2/objX3 construction for X=1–12 yields exactly the 36 package type atoms.
init,(package obj43),"In the initial setup of this logistics challenge, we have packages objX1, objX2, and objX3 for every integer X from 1 through 12, where X is replaced by its decimal numeral in each identifier (so X = 10 yields obj101, obj102, and obj103); these packages are spread across various locations.",deterministic_rule,true,covered,The objX1/objX2/objX3 construction for X=1–12 yields exactly the 36 package type atoms.
init,(package obj51),"In the initial setup of this logistics challenge, we have packages objX1, objX2, and objX3 for every integer X from 1 through 12, where X is replaced by its decimal numeral in each identifier (so X = 10 yields obj101, obj102, and obj103); these packages are spread across various locations.",deterministic_rule,true,covered,The objX1/objX2/objX3 construction for X=1–12 yields exactly the 36 package type atoms.
init,(package obj52),"In the initial setup of this logistics challenge, we have packages objX1, objX2, and objX3 for every integer X from 1 through 12, where X is replaced by its decimal numeral in each identifier (so X = 10 yields obj101, obj102, and obj103); these packages are spread across various locations.",deterministic_rule,true,covered,The objX1/objX2/objX3 construction for X=1–12 yields exactly the 36 package type atoms.
init,(package obj53),"In the initial setup of this logistics challenge, we have packages objX1, objX2, and objX3 for every integer X from 1 through 12, where X is replaced by its decimal numeral in each identifier (so X = 10 yields obj101, obj102, and obj103); these packages are spread across various locations.",deterministic_rule,true,covered,The objX1/objX2/objX3 construction for X=1–12 yields exactly the 36 package type atoms.
init,(package obj61),"In the initial setup of this logistics challenge, we have packages objX1, objX2, and objX3 for every integer X from 1 through 12, where X is replaced by its decimal numeral in each identifier (so X = 10 yields obj101, obj102, and obj103); these packages are spread across various locations.",deterministic_rule,true,covered,The objX1/objX2/objX3 construction for X=1–12 yields exactly the 36 package type atoms.
init,(package obj62),"In the initial setup of this logistics challenge, we have packages objX1, objX2, and objX3 for every integer X from 1 through 12, where X is replaced by its decimal numeral in each identifier (so X = 10 yields obj101, obj102, and obj103); these packages are spread across various locations.",deterministic_rule,true,covered,The objX1/objX2/objX3 construction for X=1–12 yields exactly the 36 package type atoms.
init,(package obj63),"In the initial setup of this logistics challenge, we have packages objX1, objX2, and objX3 for every integer X from 1 through 12, where X is replaced by its decimal numeral in each identifier (so X = 10 yields obj101, obj102, and obj103); these packages are spread across various locations.",deterministic_rule,true,covered,The objX1/objX2/objX3 construction for X=1–12 yields exactly the 36 package type atoms.
init,(package obj71),"In the initial setup of this logistics challenge, we have packages objX1, objX2, and objX3 for every integer X from 1 through 12, where X is replaced by its decimal numeral in each identifier (so X = 10 yields obj101, obj102, and obj103); these packages are spread across various locations.",deterministic_rule,true,covered,The objX1/objX2/objX3 construction for X=1–12 yields exactly the 36 package type atoms.
init,(package obj72),"In the initial setup of this logistics challenge, we have packages objX1, objX2, and objX3 for every integer X from 1 through 12, where X is replaced by its decimal numeral in each identifier (so X = 10 yields obj101, obj102, and obj103); these packages are spread across various locations.",deterministic_rule,true,covered,The objX1/objX2/objX3 construction for X=1–12 yields exactly the 36 package type atoms.
init,(package obj73),"In the initial setup of this logistics challenge, we have packages objX1, objX2, and objX3 for every integer X from 1 through 12, where X is replaced by its decimal numeral in each identifier (so X = 10 yields obj101, obj102, and obj103); these packages are spread across various locations.",deterministic_rule,true,covered,The objX1/objX2/objX3 construction for X=1–12 yields exactly the 36 package type atoms.
init,(package obj81),"In the initial setup of this logistics challenge, we have packages objX1, objX2, and objX3 for every integer X from 1 through 12, where X is replaced by its decimal numeral in each identifier (so X = 10 yields obj101, obj102, and obj103); these packages are spread across various locations.",deterministic_rule,true,covered,The objX1/objX2/objX3 construction for X=1–12 yields exactly the 36 package type atoms.
init,(package obj82),"In the initial setup of this logistics challenge, we have packages objX1, objX2, and objX3 for every integer X from 1 through 12, where X is replaced by its decimal numeral in each identifier (so X = 10 yields obj101, obj102, and obj103); these packages are spread across various locations.",deterministic_rule,true,covered,The objX1/objX2/objX3 construction for X=1–12 yields exactly the 36 package type atoms.
init,(package obj83),"In the initial setup of this logistics challenge, we have packages objX1, objX2, and objX3 for every integer X from 1 through 12, where X is replaced by its decimal numeral in each identifier (so X = 10 yields obj101, obj102, and obj103); these packages are spread across various locations.",deterministic_rule,true,covered,The objX1/objX2/objX3 construction for X=1–12 yields exactly the 36 package type atoms.
init,(package obj91),"In the initial setup of this logistics challenge, we have packages objX1, objX2, and objX3 for every integer X from 1 through 12, where X is replaced by its decimal numeral in each identifier (so X = 10 yields obj101, obj102, and obj103); these packages are spread across various locations.",deterministic_rule,true,covered,The objX1/objX2/objX3 construction for X=1–12 yields exactly the 36 package type atoms.
init,(package obj92),"In the initial setup of this logistics challenge, we have packages objX1, objX2, and objX3 for every integer X from 1 through 12, where X is replaced by its decimal numeral in each identifier (so X = 10 yields obj101, obj102, and obj103); these packages are spread across various locations.",deterministic_rule,true,covered,The objX1/objX2/objX3 construction for X=1–12 yields exactly the 36 package type atoms.
init,(package obj93),"In the initial setup of this logistics challenge, we have packages objX1, objX2, and objX3 for every integer X from 1 through 12, where X is replaced by its decimal numeral in each identifier (so X = 10 yields obj101, obj102, and obj103); these packages are spread across various locations.",deterministic_rule,true,covered,The objX1/objX2/objX3 construction for X=1–12 yields exactly the 36 package type atoms.
init,(package obj101),"In the initial setup of this logistics challenge, we have packages objX1, objX2, and objX3 for every integer X from 1 through 12, where X is replaced by its decimal numeral in each identifier (so X = 10 yields obj101, obj102, and obj103); these packages are spread across various locations.",deterministic_rule,true,covered,The objX1/objX2/objX3 construction for X=1–12 yields exactly the 36 package type atoms.
init,(package obj102),"In the initial setup of this logistics challenge, we have packages objX1, objX2, and objX3 for every integer X from 1 through 12, where X is replaced by its decimal numeral in each identifier (so X = 10 yields obj101, obj102, and obj103); these packages are spread across various locations.",deterministic_rule,true,covered,The objX1/objX2/objX3 construction for X=1–12 yields exactly the 36 package type atoms.
init,(package obj103),"In the initial setup of this logistics challenge, we have packages objX1, objX2, and objX3 for every integer X from 1 through 12, where X is replaced by its decimal numeral in each identifier (so X = 10 yields obj101, obj102, and obj103); these packages are spread across various locations.",deterministic_rule,true,covered,The objX1/objX2/objX3 construction for X=1–12 yields exactly the 36 package type atoms.
init,(package obj111),"In the initial setup of this logistics challenge, we have packages objX1, objX2, and objX3 for every integer X from 1 through 12, where X is replaced by its decimal numeral in each identifier (so X = 10 yields obj101, obj102, and obj103); these packages are spread across various locations.",deterministic_rule,true,covered,The objX1/objX2/objX3 construction for X=1–12 yields exactly the 36 package type atoms.
init,(package obj112),"In the initial setup of this logistics challenge, we have packages objX1, objX2, and objX3 for every integer X from 1 through 12, where X is replaced by its decimal numeral in each identifier (so X = 10 yields obj101, obj102, and obj103); these packages are spread across various locations.",deterministic_rule,true,covered,The objX1/objX2/objX3 construction for X=1–12 yields exactly the 36 package type atoms.
init,(package obj113),"In the initial setup of this logistics challenge, we have packages objX1, objX2, and objX3 for every integer X from 1 through 12, where X is replaced by its decimal numeral in each identifier (so X = 10 yields obj101, obj102, and obj103); these packages are spread across various locations.",deterministic_rule,true,covered,The objX1/objX2/objX3 construction for X=1–12 yields exactly the 36 package type atoms.
init,(package obj121),"In the initial setup of this logistics challenge, we have packages objX1, objX2, and objX3 for every integer X from 1 through 12, where X is replaced by its decimal numeral in each identifier (so X = 10 yields obj101, obj102, and obj103); these packages are spread across various locations.",deterministic_rule,true,covered,The objX1/objX2/objX3 construction for X=1–12 yields exactly the 36 package type atoms.
init,(package obj122),"In the initial setup of this logistics challenge, we have packages objX1, objX2, and objX3 for every integer X from 1 through 12, where X is replaced by its decimal numeral in each identifier (so X = 10 yields obj101, obj102, and obj103); these packages are spread across various locations.",deterministic_rule,true,covered,The objX1/objX2/objX3 construction for X=1–12 yields exactly the 36 package type atoms.
init,(package obj123),"In the initial setup of this logistics challenge, we have packages objX1, objX2, and objX3 for every integer X from 1 through 12, where X is replaced by its decimal numeral in each identifier (so X = 10 yields obj101, obj102, and obj103); these packages are spread across various locations.",deterministic_rule,true,covered,The objX1/objX2/objX3 construction for X=1–12 yields exactly the 36 package type atoms.
init,(truck tru1),"Additionally, there are trucks from tru1 to tru12 and three airplanes, apn1, apn2, and apn3 involved in this logistics operation.",deterministic_rule,true,covered,The bounded tru1–tru12 range yields exactly the 12 truck type atoms.
init,(truck tru2),"Additionally, there are trucks from tru1 to tru12 and three airplanes, apn1, apn2, and apn3 involved in this logistics operation.",deterministic_rule,true,covered,The bounded tru1–tru12 range yields exactly the 12 truck type atoms.
init,(truck tru3),"Additionally, there are trucks from tru1 to tru12 and three airplanes, apn1, apn2, and apn3 involved in this logistics operation.",deterministic_rule,true,covered,The bounded tru1–tru12 range yields exactly the 12 truck type atoms.
init,(truck tru4),"Additionally, there are trucks from tru1 to tru12 and three airplanes, apn1, apn2, and apn3 involved in this logistics operation.",deterministic_rule,true,covered,The bounded tru1–tru12 range yields exactly the 12 truck type atoms.
init,(truck tru5),"Additionally, there are trucks from tru1 to tru12 and three airplanes, apn1, apn2, and apn3 involved in this logistics operation.",deterministic_rule,true,covered,The bounded tru1–tru12 range yields exactly the 12 truck type atoms.
init,(truck tru6),"Additionally, there are trucks from tru1 to tru12 and three airplanes, apn1, apn2, and apn3 involved in this logistics operation.",deterministic_rule,true,covered,The bounded tru1–tru12 range yields exactly the 12 truck type atoms.
init,(truck tru7),"Additionally, there are trucks from tru1 to tru12 and three airplanes, apn1, apn2, and apn3 involved in this logistics operation.",deterministic_rule,true,covered,The bounded tru1–tru12 range yields exactly the 12 truck type atoms.
init,(truck tru8),"Additionally, there are trucks from tru1 to tru12 and three airplanes, apn1, apn2, and apn3 involved in this logistics operation.",deterministic_rule,true,covered,The bounded tru1–tru12 range yields exactly the 12 truck type atoms.
init,(truck tru9),"Additionally, there are trucks from tru1 to tru12 and three airplanes, apn1, apn2, and apn3 involved in this logistics operation.",deterministic_rule,true,covered,The bounded tru1–tru12 range yields exactly the 12 truck type atoms.
init,(truck tru10),"Additionally, there are trucks from tru1 to tru12 and three airplanes, apn1, apn2, and apn3 involved in this logistics operation.",deterministic_rule,true,covered,The bounded tru1–tru12 range yields exactly the 12 truck type atoms.
init,(truck tru11),"Additionally, there are trucks from tru1 to tru12 and three airplanes, apn1, apn2, and apn3 involved in this logistics operation.",deterministic_rule,true,covered,The bounded tru1–tru12 range yields exactly the 12 truck type atoms.
init,(truck tru12),"Additionally, there are trucks from tru1 to tru12 and three airplanes, apn1, apn2, and apn3 involved in this logistics operation.",deterministic_rule,true,covered,The bounded tru1–tru12 range yields exactly the 12 truck type atoms.
init,(city cit1),"The scenario includes twelve cities, cit1 through cit12; for every integer X from 1 through 12, posX and aptX are locations, and aptX is an airport in citX.",deterministic_rule,true,covered,Substituting X=1–12 yields exactly the required city/location/airport type family.
init,(city cit2),"The scenario includes twelve cities, cit1 through cit12; for every integer X from 1 through 12, posX and aptX are locations, and aptX is an airport in citX.",deterministic_rule,true,covered,Substituting X=1–12 yields exactly the required city/location/airport type family.
init,(city cit3),"The scenario includes twelve cities, cit1 through cit12; for every integer X from 1 through 12, posX and aptX are locations, and aptX is an airport in citX.",deterministic_rule,true,covered,Substituting X=1–12 yields exactly the required city/location/airport type family.
init,(city cit4),"The scenario includes twelve cities, cit1 through cit12; for every integer X from 1 through 12, posX and aptX are locations, and aptX is an airport in citX.",deterministic_rule,true,covered,Substituting X=1–12 yields exactly the required city/location/airport type family.
init,(city cit5),"The scenario includes twelve cities, cit1 through cit12; for every integer X from 1 through 12, posX and aptX are locations, and aptX is an airport in citX.",deterministic_rule,true,covered,Substituting X=1–12 yields exactly the required city/location/airport type family.
init,(city cit6),"The scenario includes twelve cities, cit1 through cit12; for every integer X from 1 through 12, posX and aptX are locations, and aptX is an airport in citX.",deterministic_rule,true,covered,Substituting X=1–12 yields exactly the required city/location/airport type family.
init,(city cit7),"The scenario includes twelve cities, cit1 through cit12; for every integer X from 1 through 12, posX and aptX are locations, and aptX is an airport in citX.",deterministic_rule,true,covered,Substituting X=1–12 yields exactly the required city/location/airport type family.
init,(city cit8),"The scenario includes twelve cities, cit1 through cit12; for every integer X from 1 through 12, posX and aptX are locations, and aptX is an airport in citX.",deterministic_rule,true,covered,Substituting X=1–12 yields exactly the required city/location/airport type family.
init,(city cit9),"The scenario includes twelve cities, cit1 through cit12; for every integer X from 1 through 12, posX and aptX are locations, and aptX is an airport in citX.",deterministic_rule,true,covered,Substituting X=1–12 yields exactly the required city/location/airport type family.
init,(city cit10),"The scenario includes twelve cities, cit1 through cit12; for every integer X from 1 through 12, posX and aptX are locations, and aptX is an airport in citX.",deterministic_rule,true,covered,Substituting X=1–12 yields exactly the required city/location/airport type family.
init,(city cit11),"The scenario includes twelve cities, cit1 through cit12; for every integer X from 1 through 12, posX and aptX are locations, and aptX is an airport in citX.",deterministic_rule,true,covered,Substituting X=1–12 yields exactly the required city/location/airport type family.
init,(city cit12),"The scenario includes twelve cities, cit1 through cit12; for every integer X from 1 through 12, posX and aptX are locations, and aptX is an airport in citX.",deterministic_rule,true,covered,Substituting X=1–12 yields exactly the required city/location/airport type family.
init,(location pos1),"The scenario includes twelve cities, cit1 through cit12; for every integer X from 1 through 12, posX and aptX are locations, and aptX is an airport in citX.",deterministic_rule,true,covered,Substituting X=1–12 yields exactly the required city/location/airport type family.
init,(location apt1),"The scenario includes twelve cities, cit1 through cit12; for every integer X from 1 through 12, posX and aptX are locations, and aptX is an airport in citX.",deterministic_rule,true,covered,Substituting X=1–12 yields exactly the required city/location/airport type family.
init,(location pos2),"The scenario includes twelve cities, cit1 through cit12; for every integer X from 1 through 12, posX and aptX are locations, and aptX is an airport in citX.",deterministic_rule,true,covered,Substituting X=1–12 yields exactly the required city/location/airport type family.
init,(location apt2),"The scenario includes twelve cities, cit1 through cit12; for every integer X from 1 through 12, posX and aptX are locations, and aptX is an airport in citX.",deterministic_rule,true,covered,Substituting X=1–12 yields exactly the required city/location/airport type family.
init,(location pos3),"The scenario includes twelve cities, cit1 through cit12; for every integer X from 1 through 12, posX and aptX are locations, and aptX is an airport in citX.",deterministic_rule,true,covered,Substituting X=1–12 yields exactly the required city/location/airport type family.
init,(location apt3),"The scenario includes twelve cities, cit1 through cit12; for every integer X from 1 through 12, posX and aptX are locations, and aptX is an airport in citX.",deterministic_rule,true,covered,Substituting X=1–12 yields exactly the required city/location/airport type family.
init,(location pos4),"The scenario includes twelve cities, cit1 through cit12; for every integer X from 1 through 12, posX and aptX are locations, and aptX is an airport in citX.",deterministic_rule,true,covered,Substituting X=1–12 yields exactly the required city/location/airport type family.
init,(location apt4),"The scenario includes twelve cities, cit1 through cit12; for every integer X from 1 through 12, posX and aptX are locations, and aptX is an airport in citX.",deterministic_rule,true,covered,Substituting X=1–12 yields exactly the required city/location/airport type family.
init,(location pos5),"The scenario includes twelve cities, cit1 through cit12; for every integer X from 1 through 12, posX and aptX are locations, and aptX is an airport in citX.",deterministic_rule,true,covered,Substituting X=1–12 yields exactly the required city/location/airport type family.
init,(location apt5),"The scenario includes twelve cities, cit1 through cit12; for every integer X from 1 through 12, posX and aptX are locations, and aptX is an airport in citX.",deterministic_rule,true,covered,Substituting X=1–12 yields exactly the required city/location/airport type family.
init,(location pos6),"The scenario includes twelve cities, cit1 through cit12; for every integer X from 1 through 12, posX and aptX are locations, and aptX is an airport in citX.",deterministic_rule,true,covered,Substituting X=1–12 yields exactly the required city/location/airport type family.
init,(location apt6),"The scenario includes twelve cities, cit1 through cit12; for every integer X from 1 through 12, posX and aptX are locations, and aptX is an airport in citX.",deterministic_rule,true,covered,Substituting X=1–12 yields exactly the required city/location/airport type family.
init,(location pos7),"The scenario includes twelve cities, cit1 through cit12; for every integer X from 1 through 12, posX and aptX are locations, and aptX is an airport in citX.",deterministic_rule,true,covered,Substituting X=1–12 yields exactly the required city/location/airport type family.
init,(location apt7),"The scenario includes twelve cities, cit1 through cit12; for every integer X from 1 through 12, posX and aptX are locations, and aptX is an airport in citX.",deterministic_rule,true,covered,Substituting X=1–12 yields exactly the required city/location/airport type family.
init,(location pos8),"The scenario includes twelve cities, cit1 through cit12; for every integer X from 1 through 12, posX and aptX are locations, and aptX is an airport in citX.",deterministic_rule,true,covered,Substituting X=1–12 yields exactly the required city/location/airport type family.
init,(location apt8),"The scenario includes twelve cities, cit1 through cit12; for every integer X from 1 through 12, posX and aptX are locations, and aptX is an airport in citX.",deterministic_rule,true,covered,Substituting X=1–12 yields exactly the required city/location/airport type family.
init,(location pos9),"The scenario includes twelve cities, cit1 through cit12; for every integer X from 1 through 12, posX and aptX are locations, and aptX is an airport in citX.",deterministic_rule,true,covered,Substituting X=1–12 yields exactly the required city/location/airport type family.
init,(location apt9),"The scenario includes twelve cities, cit1 through cit12; for every integer X from 1 through 12, posX and aptX are locations, and aptX is an airport in citX.",deterministic_rule,true,covered,Substituting X=1–12 yields exactly the required city/location/airport type family.
init,(location pos10),"The scenario includes twelve cities, cit1 through cit12; for every integer X from 1 through 12, posX and aptX are locations, and aptX is an airport in citX.",deterministic_rule,true,covered,Substituting X=1–12 yields exactly the required city/location/airport type family.
init,(location apt10),"The scenario includes twelve cities, cit1 through cit12; for every integer X from 1 through 12, posX and aptX are locations, and aptX is an airport in citX.",deterministic_rule,true,covered,Substituting X=1–12 yields exactly the required city/location/airport type family.
init,(location pos11),"The scenario includes twelve cities, cit1 through cit12; for every integer X from 1 through 12, posX and aptX are locations, and aptX is an airport in citX.",deterministic_rule,true,covered,Substituting X=1–12 yields exactly the required city/location/airport type family.
init,(location apt11),"The scenario includes twelve cities, cit1 through cit12; for every integer X from 1 through 12, posX and aptX are locations, and aptX is an airport in citX.",deterministic_rule,true,covered,Substituting X=1–12 yields exactly the required city/location/airport type family.
init,(location pos12),"The scenario includes twelve cities, cit1 through cit12; for every integer X from 1 through 12, posX and aptX are locations, and aptX is an airport in citX.",deterministic_rule,true,covered,Substituting X=1–12 yields exactly the required city/location/airport type family.
init,(location apt12),"The scenario includes twelve cities, cit1 through cit12; for every integer X from 1 through 12, posX and aptX are locations, and aptX is an airport in citX.",deterministic_rule,true,covered,Substituting X=1–12 yields exactly the required city/location/airport type family.
init,(airport apt1),"The scenario includes twelve cities, cit1 through cit12; for every integer X from 1 through 12, posX and aptX are locations, and aptX is an airport in citX.",deterministic_rule,true,covered,Substituting X=1–12 yields exactly the required city/location/airport type family.
init,(airport apt2),"The scenario includes twelve cities, cit1 through cit12; for every integer X from 1 through 12, posX and aptX are locations, and aptX is an airport in citX.",deterministic_rule,true,covered,Substituting X=1–12 yields exactly the required city/location/airport type family.
init,(airport apt3),"The scenario includes twelve cities, cit1 through cit12; for every integer X from 1 through 12, posX and aptX are locations, and aptX is an airport in citX.",deterministic_rule,true,covered,Substituting X=1–12 yields exactly the required city/location/airport type family.
init,(airport apt4),"The scenario includes twelve cities, cit1 through cit12; for every integer X from 1 through 12, posX and aptX are locations, and aptX is an airport in citX.",deterministic_rule,true,covered,Substituting X=1–12 yields exactly the required city/location/airport type family.
init,(airport apt5),"The scenario includes twelve cities, cit1 through cit12; for every integer X from 1 through 12, posX and aptX are locations, and aptX is an airport in citX.",deterministic_rule,true,covered,Substituting X=1–12 yields exactly the required city/location/airport type family.
init,(airport apt6),"The scenario includes twelve cities, cit1 through cit12; for every integer X from 1 through 12, posX and aptX are locations, and aptX is an airport in citX.",deterministic_rule,true,covered,Substituting X=1–12 yields exactly the required city/location/airport type family.
init,(airport apt7),"The scenario includes twelve cities, cit1 through cit12; for every integer X from 1 through 12, posX and aptX are locations, and aptX is an airport in citX.",deterministic_rule,true,covered,Substituting X=1–12 yields exactly the required city/location/airport type family.
init,(airport apt8),"The scenario includes twelve cities, cit1 through cit12; for every integer X from 1 through 12, posX and aptX are locations, and aptX is an airport in citX.",deterministic_rule,true,covered,Substituting X=1–12 yields exactly the required city/location/airport type family.
init,(airport apt9),"The scenario includes twelve cities, cit1 through cit12; for every integer X from 1 through 12, posX and aptX are locations, and aptX is an airport in citX.",deterministic_rule,true,covered,Substituting X=1–12 yields exactly the required city/location/airport type family.
init,(airport apt10),"The scenario includes twelve cities, cit1 through cit12; for every integer X from 1 through 12, posX and aptX are locations, and aptX is an airport in citX.",deterministic_rule,true,covered,Substituting X=1–12 yields exactly the required city/location/airport type family.
init,(airport apt11),"The scenario includes twelve cities, cit1 through cit12; for every integer X from 1 through 12, posX and aptX are locations, and aptX is an airport in citX.",deterministic_rule,true,covered,Substituting X=1–12 yields exactly the required city/location/airport type family.
init,(airport apt12),"The scenario includes twelve cities, cit1 through cit12; for every integer X from 1 through 12, posX and aptX are locations, and aptX is an airport in citX.",deterministic_rule,true,covered,Substituting X=1–12 yields exactly the required city/location/airport type family.
init,(airplane apn1),"Additionally, there are trucks from tru1 to tru12 and three airplanes, apn1, apn2, and apn3 involved in this logistics operation.",direct,true,covered,The sentence explicitly identifies all three airplanes.
init,(airplane apn2),"Additionally, there are trucks from tru1 to tru12 and three airplanes, apn1, apn2, and apn3 involved in this logistics operation.",direct,true,covered,The sentence explicitly identifies all three airplanes.
init,(airplane apn3),"Additionally, there are trucks from tru1 to tru12 and three airplanes, apn1, apn2, and apn3 involved in this logistics operation.",direct,true,covered,The sentence explicitly identifies all three airplanes.
init,(at apn1 apt11),"Specifically, apn1 is stationed at the airport in city 11, apn2 at the airport in city 12, and apn3 at the airport in city 7.",deterministic_rule,true,covered,"The unique airport aptX in citX maps city 11→apt11, city 12→apt12, and city 7→apt7."
init,(at apn2 apt12),"Specifically, apn1 is stationed at the airport in city 11, apn2 at the airport in city 12, and apn3 at the airport in city 7.",deterministic_rule,true,covered,"The unique airport aptX in citX maps city 11→apt11, city 12→apt12, and city 7→apt7."
init,(at apn3 apt7),"Specifically, apn1 is stationed at the airport in city 11, apn2 at the airport in city 12, and apn3 at the airport in city 7.",deterministic_rule,true,covered,"The unique airport aptX in citX maps city 11→apt11, city 12→apt12, and city 7→apt7."
init,(at tru1 pos1),"For every integer X from 1 through 12, truck truX and packages objX1, objX2, and objX3 begin at posX.",deterministic_rule,true,covered,Substituting X=1–12 yields exactly 12 truck and 36 package placements.
init,(at obj11 pos1),"For every integer X from 1 through 12, truck truX and packages objX1, objX2, and objX3 begin at posX.",deterministic_rule,true,covered,Substituting X=1–12 yields exactly 12 truck and 36 package placements.
init,(at obj12 pos1),"For every integer X from 1 through 12, truck truX and packages objX1, objX2, and objX3 begin at posX.",deterministic_rule,true,covered,Substituting X=1–12 yields exactly 12 truck and 36 package placements.
init,(at obj13 pos1),"For every integer X from 1 through 12, truck truX and packages objX1, objX2, and objX3 begin at posX.",deterministic_rule,true,covered,Substituting X=1–12 yields exactly 12 truck and 36 package placements.
init,(at tru2 pos2),"For every integer X from 1 through 12, truck truX and packages objX1, objX2, and objX3 begin at posX.",deterministic_rule,true,covered,Substituting X=1–12 yields exactly 12 truck and 36 package placements.
init,(at obj21 pos2),"For every integer X from 1 through 12, truck truX and packages objX1, objX2, and objX3 begin at posX.",deterministic_rule,true,covered,Substituting X=1–12 yields exactly 12 truck and 36 package placements.
init,(at obj22 pos2),"For every integer X from 1 through 12, truck truX and packages objX1, objX2, and objX3 begin at posX.",deterministic_rule,true,covered,Substituting X=1–12 yields exactly 12 truck and 36 package placements.
init,(at obj23 pos2),"For every integer X from 1 through 12, truck truX and packages objX1, objX2, and objX3 begin at posX.",deterministic_rule,true,covered,Substituting X=1–12 yields exactly 12 truck and 36 package placements.
init,(at tru3 pos3),"For every integer X from 1 through 12, truck truX and packages objX1, objX2, and objX3 begin at posX.",deterministic_rule,true,covered,Substituting X=1–12 yields exactly 12 truck and 36 package placements.
init,(at obj31 pos3),"For every integer X from 1 through 12, truck truX and packages objX1, objX2, and objX3 begin at posX.",deterministic_rule,true,covered,Substituting X=1–12 yields exactly 12 truck and 36 package placements.
init,(at obj32 pos3),"For every integer X from 1 through 12, truck truX and packages objX1, objX2, and objX3 begin at posX.",deterministic_rule,true,covered,Substituting X=1–12 yields exactly 12 truck and 36 package placements.
init,(at obj33 pos3),"For every integer X from 1 through 12, truck truX and packages objX1, objX2, and objX3 begin at posX.",deterministic_rule,true,covered,Substituting X=1–12 yields exactly 12 truck and 36 package placements.
init,(at tru4 pos4),"For every integer X from 1 through 12, truck truX and packages objX1, objX2, and objX3 begin at posX.",deterministic_rule,true,covered,Substituting X=1–12 yields exactly 12 truck and 36 package placements.
init,(at obj41 pos4),"For every integer X from 1 through 12, truck truX and packages objX1, objX2, and objX3 begin at posX.",deterministic_rule,true,covered,Substituting X=1–12 yields exactly 12 truck and 36 package placements.
init,(at obj42 pos4),"For every integer X from 1 through 12, truck truX and packages objX1, objX2, and objX3 begin at posX.",deterministic_rule,true,covered,Substituting X=1–12 yields exactly 12 truck and 36 package placements.
init,(at obj43 pos4),"For every integer X from 1 through 12, truck truX and packages objX1, objX2, and objX3 begin at posX.",deterministic_rule,true,covered,Substituting X=1–12 yields exactly 12 truck and 36 package placements.
init,(at tru5 pos5),"For every integer X from 1 through 12, truck truX and packages objX1, objX2, and objX3 begin at posX.",deterministic_rule,true,covered,Substituting X=1–12 yields exactly 12 truck and 36 package placements.
init,(at obj51 pos5),"For every integer X from 1 through 12, truck truX and packages objX1, objX2, and objX3 begin at posX.",deterministic_rule,true,covered,Substituting X=1–12 yields exactly 12 truck and 36 package placements.
init,(at obj52 pos5),"For every integer X from 1 through 12, truck truX and packages objX1, objX2, and objX3 begin at posX.",deterministic_rule,true,covered,Substituting X=1–12 yields exactly 12 truck and 36 package placements.
init,(at obj53 pos5),"For every integer X from 1 through 12, truck truX and packages objX1, objX2, and objX3 begin at posX.",deterministic_rule,true,covered,Substituting X=1–12 yields exactly 12 truck and 36 package placements.
init,(at tru6 pos6),"For every integer X from 1 through 12, truck truX and packages objX1, objX2, and objX3 begin at posX.",deterministic_rule,true,covered,Substituting X=1–12 yields exactly 12 truck and 36 package placements.
init,(at obj61 pos6),"For every integer X from 1 through 12, truck truX and packages objX1, objX2, and objX3 begin at posX.",deterministic_rule,true,covered,Substituting X=1–12 yields exactly 12 truck and 36 package placements.
init,(at obj62 pos6),"For every integer X from 1 through 12, truck truX and packages objX1, objX2, and objX3 begin at posX.",deterministic_rule,true,covered,Substituting X=1–12 yields exactly 12 truck and 36 package placements.
init,(at obj63 pos6),"For every integer X from 1 through 12, truck truX and packages objX1, objX2, and objX3 begin at posX.",deterministic_rule,true,covered,Substituting X=1–12 yields exactly 12 truck and 36 package placements.
init,(at tru7 pos7),"For every integer X from 1 through 12, truck truX and packages objX1, objX2, and objX3 begin at posX.",deterministic_rule,true,covered,Substituting X=1–12 yields exactly 12 truck and 36 package placements.
init,(at obj71 pos7),"For every integer X from 1 through 12, truck truX and packages objX1, objX2, and objX3 begin at posX.",deterministic_rule,true,covered,Substituting X=1–12 yields exactly 12 truck and 36 package placements.
init,(at obj72 pos7),"For every integer X from 1 through 12, truck truX and packages objX1, objX2, and objX3 begin at posX.",deterministic_rule,true,covered,Substituting X=1–12 yields exactly 12 truck and 36 package placements.
init,(at obj73 pos7),"For every integer X from 1 through 12, truck truX and packages objX1, objX2, and objX3 begin at posX.",deterministic_rule,true,covered,Substituting X=1–12 yields exactly 12 truck and 36 package placements.
init,(at tru8 pos8),"For every integer X from 1 through 12, truck truX and packages objX1, objX2, and objX3 begin at posX.",deterministic_rule,true,covered,Substituting X=1–12 yields exactly 12 truck and 36 package placements.
init,(at obj81 pos8),"For every integer X from 1 through 12, truck truX and packages objX1, objX2, and objX3 begin at posX.",deterministic_rule,true,covered,Substituting X=1–12 yields exactly 12 truck and 36 package placements.
init,(at obj82 pos8),"For every integer X from 1 through 12, truck truX and packages objX1, objX2, and objX3 begin at posX.",deterministic_rule,true,covered,Substituting X=1–12 yields exactly 12 truck and 36 package placements.
init,(at obj83 pos8),"For every integer X from 1 through 12, truck truX and packages objX1, objX2, and objX3 begin at posX.",deterministic_rule,true,covered,Substituting X=1–12 yields exactly 12 truck and 36 package placements.
init,(at tru9 pos9),"For every integer X from 1 through 12, truck truX and packages objX1, objX2, and objX3 begin at posX.",deterministic_rule,true,covered,Substituting X=1–12 yields exactly 12 truck and 36 package placements.
init,(at obj91 pos9),"For every integer X from 1 through 12, truck truX and packages objX1, objX2, and objX3 begin at posX.",deterministic_rule,true,covered,Substituting X=1–12 yields exactly 12 truck and 36 package placements.
init,(at obj92 pos9),"For every integer X from 1 through 12, truck truX and packages objX1, objX2, and objX3 begin at posX.",deterministic_rule,true,covered,Substituting X=1–12 yields exactly 12 truck and 36 package placements.
init,(at obj93 pos9),"For every integer X from 1 through 12, truck truX and packages objX1, objX2, and objX3 begin at posX.",deterministic_rule,true,covered,Substituting X=1–12 yields exactly 12 truck and 36 package placements.
init,(at tru10 pos10),"For every integer X from 1 through 12, truck truX and packages objX1, objX2, and objX3 begin at posX.",deterministic_rule,true,covered,Substituting X=1–12 yields exactly 12 truck and 36 package placements.
init,(at obj101 pos10),"For every integer X from 1 through 12, truck truX and packages objX1, objX2, and objX3 begin at posX.",deterministic_rule,true,covered,Substituting X=1–12 yields exactly 12 truck and 36 package placements.
init,(at obj102 pos10),"For every integer X from 1 through 12, truck truX and packages objX1, objX2, and objX3 begin at posX.",deterministic_rule,true,covered,Substituting X=1–12 yields exactly 12 truck and 36 package placements.
init,(at obj103 pos10),"For every integer X from 1 through 12, truck truX and packages objX1, objX2, and objX3 begin at posX.",deterministic_rule,true,covered,Substituting X=1–12 yields exactly 12 truck and 36 package placements.
init,(at tru11 pos11),"For every integer X from 1 through 12, truck truX and packages objX1, objX2, and objX3 begin at posX.",deterministic_rule,true,covered,Substituting X=1–12 yields exactly 12 truck and 36 package placements.
init,(at obj111 pos11),"For every integer X from 1 through 12, truck truX and packages objX1, objX2, and objX3 begin at posX.",deterministic_rule,true,covered,Substituting X=1–12 yields exactly 12 truck and 36 package placements.
init,(at obj112 pos11),"For every integer X from 1 through 12, truck truX and packages objX1, objX2, and objX3 begin at posX.",deterministic_rule,true,covered,Substituting X=1–12 yields exactly 12 truck and 36 package placements.
init,(at obj113 pos11),"For every integer X from 1 through 12, truck truX and packages objX1, objX2, and objX3 begin at posX.",deterministic_rule,true,covered,Substituting X=1–12 yields exactly 12 truck and 36 package placements.
init,(at tru12 pos12),"For every integer X from 1 through 12, truck truX and packages objX1, objX2, and objX3 begin at posX.",deterministic_rule,true,covered,Substituting X=1–12 yields exactly 12 truck and 36 package placements.
init,(at obj121 pos12),"For every integer X from 1 through 12, truck truX and packages objX1, objX2, and objX3 begin at posX.",deterministic_rule,true,covered,Substituting X=1–12 yields exactly 12 truck and 36 package placements.
init,(at obj122 pos12),"For every integer X from 1 through 12, truck truX and packages objX1, objX2, and objX3 begin at posX.",deterministic_rule,true,covered,Substituting X=1–12 yields exactly 12 truck and 36 package placements.
init,(at obj123 pos12),"For every integer X from 1 through 12, truck truX and packages objX1, objX2, and objX3 begin at posX.",deterministic_rule,true,covered,Substituting X=1–12 yields exactly 12 truck and 36 package placements.
init,(in-city pos1 cit1),"For every integer X from 1 through 12, posX and aptX are in citX.",deterministic_rule,true,covered,"Substituting X=1–12 yields exactly posX/citX and aptX/citX, with no extras."
init,(in-city apt1 cit1),"For every integer X from 1 through 12, posX and aptX are in citX.",deterministic_rule,true,covered,"Substituting X=1–12 yields exactly posX/citX and aptX/citX, with no extras."
init,(in-city pos2 cit2),"For every integer X from 1 through 12, posX and aptX are in citX.",deterministic_rule,true,covered,"Substituting X=1–12 yields exactly posX/citX and aptX/citX, with no extras."
init,(in-city apt2 cit2),"For every integer X from 1 through 12, posX and aptX are in citX.",deterministic_rule,true,covered,"Substituting X=1–12 yields exactly posX/citX and aptX/citX, with no extras."
init,(in-city pos3 cit3),"For every integer X from 1 through 12, posX and aptX are in citX.",deterministic_rule,true,covered,"Substituting X=1–12 yields exactly posX/citX and aptX/citX, with no extras."
init,(in-city apt3 cit3),"For every integer X from 1 through 12, posX and aptX are in citX.",deterministic_rule,true,covered,"Substituting X=1–12 yields exactly posX/citX and aptX/citX, with no extras."
init,(in-city pos4 cit4),"For every integer X from 1 through 12, posX and aptX are in citX.",deterministic_rule,true,covered,"Substituting X=1–12 yields exactly posX/citX and aptX/citX, with no extras."
init,(in-city apt4 cit4),"For every integer X from 1 through 12, posX and aptX are in citX.",deterministic_rule,true,covered,"Substituting X=1–12 yields exactly posX/citX and aptX/citX, with no extras."
init,(in-city pos5 cit5),"For every integer X from 1 through 12, posX and aptX are in citX.",deterministic_rule,true,covered,"Substituting X=1–12 yields exactly posX/citX and aptX/citX, with no extras."
init,(in-city apt5 cit5),"For every integer X from 1 through 12, posX and aptX are in citX.",deterministic_rule,true,covered,"Substituting X=1–12 yields exactly posX/citX and aptX/citX, with no extras."
init,(in-city pos6 cit6),"For every integer X from 1 through 12, posX and aptX are in citX.",deterministic_rule,true,covered,"Substituting X=1–12 yields exactly posX/citX and aptX/citX, with no extras."
init,(in-city apt6 cit6),"For every integer X from 1 through 12, posX and aptX are in citX.",deterministic_rule,true,covered,"Substituting X=1–12 yields exactly posX/citX and aptX/citX, with no extras."
init,(in-city pos7 cit7),"For every integer X from 1 through 12, posX and aptX are in citX.",deterministic_rule,true,covered,"Substituting X=1–12 yields exactly posX/citX and aptX/citX, with no extras."
init,(in-city apt7 cit7),"For every integer X from 1 through 12, posX and aptX are in citX.",deterministic_rule,true,covered,"Substituting X=1–12 yields exactly posX/citX and aptX/citX, with no extras."
init,(in-city pos8 cit8),"For every integer X from 1 through 12, posX and aptX are in citX.",deterministic_rule,true,covered,"Substituting X=1–12 yields exactly posX/citX and aptX/citX, with no extras."
init,(in-city apt8 cit8),"For every integer X from 1 through 12, posX and aptX are in citX.",deterministic_rule,true,covered,"Substituting X=1–12 yields exactly posX/citX and aptX/citX, with no extras."
init,(in-city pos9 cit9),"For every integer X from 1 through 12, posX and aptX are in citX.",deterministic_rule,true,covered,"Substituting X=1–12 yields exactly posX/citX and aptX/citX, with no extras."
init,(in-city apt9 cit9),"For every integer X from 1 through 12, posX and aptX are in citX.",deterministic_rule,true,covered,"Substituting X=1–12 yields exactly posX/citX and aptX/citX, with no extras."
init,(in-city pos10 cit10),"For every integer X from 1 through 12, posX and aptX are in citX.",deterministic_rule,true,covered,"Substituting X=1–12 yields exactly posX/citX and aptX/citX, with no extras."
init,(in-city apt10 cit10),"For every integer X from 1 through 12, posX and aptX are in citX.",deterministic_rule,true,covered,"Substituting X=1–12 yields exactly posX/citX and aptX/citX, with no extras."
init,(in-city pos11 cit11),"For every integer X from 1 through 12, posX and aptX are in citX.",deterministic_rule,true,covered,"Substituting X=1–12 yields exactly posX/citX and aptX/citX, with no extras."
init,(in-city apt11 cit11),"For every integer X from 1 through 12, posX and aptX are in citX.",deterministic_rule,true,covered,"Substituting X=1–12 yields exactly posX/citX and aptX/citX, with no extras."
init,(in-city pos12 cit12),"For every integer X from 1 through 12, posX and aptX are in citX.",deterministic_rule,true,covered,"Substituting X=1–12 yields exactly posX/citX and aptX/citX, with no extras."
init,(in-city apt12 cit12),"For every integer X from 1 through 12, posX and aptX are in citX.",deterministic_rule,true,covered,"Substituting X=1–12 yields exactly posX/citX and aptX/citX, with no extras."
goal,(at obj13 pos1),"Specifically, obj13 should remain at pos1; obj53 needs to be relocated to apt1; obj21 needs to reach apt9; obj32 should be delivered to pos12; obj23 should reach apt11; obj122 should arrive at pos7; obj73 should reach pos3; obj42 should reach pos6; obj22 should reach apt2; obj81 should reach apt7; obj121 should reach pos3; obj52 should reach pos9; obj11 should reach apt8; obj72 should be transferred to pos2; obj112 should reach apt11; obj111 should stay at pos11; obj93 should reach apt7; obj63 should reach pos12; obj123 should reach pos11; obj83 should reach pos6; obj33 should reach apt10; obj12 should reach apt6; obj41 should reach pos8; obj92 should reach pos6; obj61 should reach apt2; obj91 should reach apt1; obj101 should reach apt3; obj31 should reach apt1; obj62 should reach pos11; obj82 should reach apt6; obj51 should reach pos10; obj71 should reach apt2; obj113 should reach apt2; and obj43 should reach apt1.",direct,true,covered,The exhaustive goal sentence explicitly states this package-destination pair.
goal,(at obj53 apt1),"Specifically, obj13 should remain at pos1; obj53 needs to be relocated to apt1; obj21 needs to reach apt9; obj32 should be delivered to pos12; obj23 should reach apt11; obj122 should arrive at pos7; obj73 should reach pos3; obj42 should reach pos6; obj22 should reach apt2; obj81 should reach apt7; obj121 should reach pos3; obj52 should reach pos9; obj11 should reach apt8; obj72 should be transferred to pos2; obj112 should reach apt11; obj111 should stay at pos11; obj93 should reach apt7; obj63 should reach pos12; obj123 should reach pos11; obj83 should reach pos6; obj33 should reach apt10; obj12 should reach apt6; obj41 should reach pos8; obj92 should reach pos6; obj61 should reach apt2; obj91 should reach apt1; obj101 should reach apt3; obj31 should reach apt1; obj62 should reach pos11; obj82 should reach apt6; obj51 should reach pos10; obj71 should reach apt2; obj113 should reach apt2; and obj43 should reach apt1.",direct,true,covered,The exhaustive goal sentence explicitly states this package-destination pair.
goal,(at obj21 apt9),"Specifically, obj13 should remain at pos1; obj53 needs to be relocated to apt1; obj21 needs to reach apt9; obj32 should be delivered to pos12; obj23 should reach apt11; obj122 should arrive at pos7; obj73 should reach pos3; obj42 should reach pos6; obj22 should reach apt2; obj81 should reach apt7; obj121 should reach pos3; obj52 should reach pos9; obj11 should reach apt8; obj72 should be transferred to pos2; obj112 should reach apt11; obj111 should stay at pos11; obj93 should reach apt7; obj63 should reach pos12; obj123 should reach pos11; obj83 should reach pos6; obj33 should reach apt10; obj12 should reach apt6; obj41 should reach pos8; obj92 should reach pos6; obj61 should reach apt2; obj91 should reach apt1; obj101 should reach apt3; obj31 should reach apt1; obj62 should reach pos11; obj82 should reach apt6; obj51 should reach pos10; obj71 should reach apt2; obj113 should reach apt2; and obj43 should reach apt1.",direct,true,covered,The exhaustive goal sentence explicitly states this package-destination pair.
goal,(at obj32 pos12),"Specifically, obj13 should remain at pos1; obj53 needs to be relocated to apt1; obj21 needs to reach apt9; obj32 should be delivered to pos12; obj23 should reach apt11; obj122 should arrive at pos7; obj73 should reach pos3; obj42 should reach pos6; obj22 should reach apt2; obj81 should reach apt7; obj121 should reach pos3; obj52 should reach pos9; obj11 should reach apt8; obj72 should be transferred to pos2; obj112 should reach apt11; obj111 should stay at pos11; obj93 should reach apt7; obj63 should reach pos12; obj123 should reach pos11; obj83 should reach pos6; obj33 should reach apt10; obj12 should reach apt6; obj41 should reach pos8; obj92 should reach pos6; obj61 should reach apt2; obj91 should reach apt1; obj101 should reach apt3; obj31 should reach apt1; obj62 should reach pos11; obj82 should reach apt6; obj51 should reach pos10; obj71 should reach apt2; obj113 should reach apt2; and obj43 should reach apt1.",direct,true,covered,The exhaustive goal sentence explicitly states this package-destination pair.
goal,(at obj23 apt11),"Specifically, obj13 should remain at pos1; obj53 needs to be relocated to apt1; obj21 needs to reach apt9; obj32 should be delivered to pos12; obj23 should reach apt11; obj122 should arrive at pos7; obj73 should reach pos3; obj42 should reach pos6; obj22 should reach apt2; obj81 should reach apt7; obj121 should reach pos3; obj52 should reach pos9; obj11 should reach apt8; obj72 should be transferred to pos2; obj112 should reach apt11; obj111 should stay at pos11; obj93 should reach apt7; obj63 should reach pos12; obj123 should reach pos11; obj83 should reach pos6; obj33 should reach apt10; obj12 should reach apt6; obj41 should reach pos8; obj92 should reach pos6; obj61 should reach apt2; obj91 should reach apt1; obj101 should reach apt3; obj31 should reach apt1; obj62 should reach pos11; obj82 should reach apt6; obj51 should reach pos10; obj71 should reach apt2; obj113 should reach apt2; and obj43 should reach apt1.",direct,true,covered,The exhaustive goal sentence explicitly states this package-destination pair.
goal,(at obj122 pos7),"Specifically, obj13 should remain at pos1; obj53 needs to be relocated to apt1; obj21 needs to reach apt9; obj32 should be delivered to pos12; obj23 should reach apt11; obj122 should arrive at pos7; obj73 should reach pos3; obj42 should reach pos6; obj22 should reach apt2; obj81 should reach apt7; obj121 should reach pos3; obj52 should reach pos9; obj11 should reach apt8; obj72 should be transferred to pos2; obj112 should reach apt11; obj111 should stay at pos11; obj93 should reach apt7; obj63 should reach pos12; obj123 should reach pos11; obj83 should reach pos6; obj33 should reach apt10; obj12 should reach apt6; obj41 should reach pos8; obj92 should reach pos6; obj61 should reach apt2; obj91 should reach apt1; obj101 should reach apt3; obj31 should reach apt1; obj62 should reach pos11; obj82 should reach apt6; obj51 should reach pos10; obj71 should reach apt2; obj113 should reach apt2; and obj43 should reach apt1.",direct,true,covered,The exhaustive goal sentence explicitly states this package-destination pair.
goal,(at obj73 pos3),"Specifically, obj13 should remain at pos1; obj53 needs to be relocated to apt1; obj21 needs to reach apt9; obj32 should be delivered to pos12; obj23 should reach apt11; obj122 should arrive at pos7; obj73 should reach pos3; obj42 should reach pos6; obj22 should reach apt2; obj81 should reach apt7; obj121 should reach pos3; obj52 should reach pos9; obj11 should reach apt8; obj72 should be transferred to pos2; obj112 should reach apt11; obj111 should stay at pos11; obj93 should reach apt7; obj63 should reach pos12; obj123 should reach pos11; obj83 should reach pos6; obj33 should reach apt10; obj12 should reach apt6; obj41 should reach pos8; obj92 should reach pos6; obj61 should reach apt2; obj91 should reach apt1; obj101 should reach apt3; obj31 should reach apt1; obj62 should reach pos11; obj82 should reach apt6; obj51 should reach pos10; obj71 should reach apt2; obj113 should reach apt2; and obj43 should reach apt1.",direct,true,covered,The exhaustive goal sentence explicitly states this package-destination pair.
goal,(at obj42 pos6),"Specifically, obj13 should remain at pos1; obj53 needs to be relocated to apt1; obj21 needs to reach apt9; obj32 should be delivered to pos12; obj23 should reach apt11; obj122 should arrive at pos7; obj73 should reach pos3; obj42 should reach pos6; obj22 should reach apt2; obj81 should reach apt7; obj121 should reach pos3; obj52 should reach pos9; obj11 should reach apt8; obj72 should be transferred to pos2; obj112 should reach apt11; obj111 should stay at pos11; obj93 should reach apt7; obj63 should reach pos12; obj123 should reach pos11; obj83 should reach pos6; obj33 should reach apt10; obj12 should reach apt6; obj41 should reach pos8; obj92 should reach pos6; obj61 should reach apt2; obj91 should reach apt1; obj101 should reach apt3; obj31 should reach apt1; obj62 should reach pos11; obj82 should reach apt6; obj51 should reach pos10; obj71 should reach apt2; obj113 should reach apt2; and obj43 should reach apt1.",direct,true,covered,The exhaustive goal sentence explicitly states this package-destination pair.
goal,(at obj22 apt2),"Specifically, obj13 should remain at pos1; obj53 needs to be relocated to apt1; obj21 needs to reach apt9; obj32 should be delivered to pos12; obj23 should reach apt11; obj122 should arrive at pos7; obj73 should reach pos3; obj42 should reach pos6; obj22 should reach apt2; obj81 should reach apt7; obj121 should reach pos3; obj52 should reach pos9; obj11 should reach apt8; obj72 should be transferred to pos2; obj112 should reach apt11; obj111 should stay at pos11; obj93 should reach apt7; obj63 should reach pos12; obj123 should reach pos11; obj83 should reach pos6; obj33 should reach apt10; obj12 should reach apt6; obj41 should reach pos8; obj92 should reach pos6; obj61 should reach apt2; obj91 should reach apt1; obj101 should reach apt3; obj31 should reach apt1; obj62 should reach pos11; obj82 should reach apt6; obj51 should reach pos10; obj71 should reach apt2; obj113 should reach apt2; and obj43 should reach apt1.",direct,true,covered,The exhaustive goal sentence explicitly states this package-destination pair.
goal,(at obj81 apt7),"Specifically, obj13 should remain at pos1; obj53 needs to be relocated to apt1; obj21 needs to reach apt9; obj32 should be delivered to pos12; obj23 should reach apt11; obj122 should arrive at pos7; obj73 should reach pos3; obj42 should reach pos6; obj22 should reach apt2; obj81 should reach apt7; obj121 should reach pos3; obj52 should reach pos9; obj11 should reach apt8; obj72 should be transferred to pos2; obj112 should reach apt11; obj111 should stay at pos11; obj93 should reach apt7; obj63 should reach pos12; obj123 should reach pos11; obj83 should reach pos6; obj33 should reach apt10; obj12 should reach apt6; obj41 should reach pos8; obj92 should reach pos6; obj61 should reach apt2; obj91 should reach apt1; obj101 should reach apt3; obj31 should reach apt1; obj62 should reach pos11; obj82 should reach apt6; obj51 should reach pos10; obj71 should reach apt2; obj113 should reach apt2; and obj43 should reach apt1.",direct,true,covered,The exhaustive goal sentence explicitly states this package-destination pair.
goal,(at obj121 pos3),"Specifically, obj13 should remain at pos1; obj53 needs to be relocated to apt1; obj21 needs to reach apt9; obj32 should be delivered to pos12; obj23 should reach apt11; obj122 should arrive at pos7; obj73 should reach pos3; obj42 should reach pos6; obj22 should reach apt2; obj81 should reach apt7; obj121 should reach pos3; obj52 should reach pos9; obj11 should reach apt8; obj72 should be transferred to pos2; obj112 should reach apt11; obj111 should stay at pos11; obj93 should reach apt7; obj63 should reach pos12; obj123 should reach pos11; obj83 should reach pos6; obj33 should reach apt10; obj12 should reach apt6; obj41 should reach pos8; obj92 should reach pos6; obj61 should reach apt2; obj91 should reach apt1; obj101 should reach apt3; obj31 should reach apt1; obj62 should reach pos11; obj82 should reach apt6; obj51 should reach pos10; obj71 should reach apt2; obj113 should reach apt2; and obj43 should reach apt1.",direct,true,covered,The exhaustive goal sentence explicitly states this package-destination pair.
goal,(at obj52 pos9),"Specifically, obj13 should remain at pos1; obj53 needs to be relocated to apt1; obj21 needs to reach apt9; obj32 should be delivered to pos12; obj23 should reach apt11; obj122 should arrive at pos7; obj73 should reach pos3; obj42 should reach pos6; obj22 should reach apt2; obj81 should reach apt7; obj121 should reach pos3; obj52 should reach pos9; obj11 should reach apt8; obj72 should be transferred to pos2; obj112 should reach apt11; obj111 should stay at pos11; obj93 should reach apt7; obj63 should reach pos12; obj123 should reach pos11; obj83 should reach pos6; obj33 should reach apt10; obj12 should reach apt6; obj41 should reach pos8; obj92 should reach pos6; obj61 should reach apt2; obj91 should reach apt1; obj101 should reach apt3; obj31 should reach apt1; obj62 should reach pos11; obj82 should reach apt6; obj51 should reach pos10; obj71 should reach apt2; obj113 should reach apt2; and obj43 should reach apt1.",direct,true,covered,The exhaustive goal sentence explicitly states this package-destination pair.
goal,(at obj11 apt8),"Specifically, obj13 should remain at pos1; obj53 needs to be relocated to apt1; obj21 needs to reach apt9; obj32 should be delivered to pos12; obj23 should reach apt11; obj122 should arrive at pos7; obj73 should reach pos3; obj42 should reach pos6; obj22 should reach apt2; obj81 should reach apt7; obj121 should reach pos3; obj52 should reach pos9; obj11 should reach apt8; obj72 should be transferred to pos2; obj112 should reach apt11; obj111 should stay at pos11; obj93 should reach apt7; obj63 should reach pos12; obj123 should reach pos11; obj83 should reach pos6; obj33 should reach apt10; obj12 should reach apt6; obj41 should reach pos8; obj92 should reach pos6; obj61 should reach apt2; obj91 should reach apt1; obj101 should reach apt3; obj31 should reach apt1; obj62 should reach pos11; obj82 should reach apt6; obj51 should reach pos10; obj71 should reach apt2; obj113 should reach apt2; and obj43 should reach apt1.",direct,true,covered,The exhaustive goal sentence explicitly states this package-destination pair.
goal,(at obj72 pos2),"Specifically, obj13 should remain at pos1; obj53 needs to be relocated to apt1; obj21 needs to reach apt9; obj32 should be delivered to pos12; obj23 should reach apt11; obj122 should arrive at pos7; obj73 should reach pos3; obj42 should reach pos6; obj22 should reach apt2; obj81 should reach apt7; obj121 should reach pos3; obj52 should reach pos9; obj11 should reach apt8; obj72 should be transferred to pos2; obj112 should reach apt11; obj111 should stay at pos11; obj93 should reach apt7; obj63 should reach pos12; obj123 should reach pos11; obj83 should reach pos6; obj33 should reach apt10; obj12 should reach apt6; obj41 should reach pos8; obj92 should reach pos6; obj61 should reach apt2; obj91 should reach apt1; obj101 should reach apt3; obj31 should reach apt1; obj62 should reach pos11; obj82 should reach apt6; obj51 should reach pos10; obj71 should reach apt2; obj113 should reach apt2; and obj43 should reach apt1.",direct,true,covered,The exhaustive goal sentence explicitly states this package-destination pair.
goal,(at obj112 apt11),"Specifically, obj13 should remain at pos1; obj53 needs to be relocated to apt1; obj21 needs to reach apt9; obj32 should be delivered to pos12; obj23 should reach apt11; obj122 should arrive at pos7; obj73 should reach pos3; obj42 should reach pos6; obj22 should reach apt2; obj81 should reach apt7; obj121 should reach pos3; obj52 should reach pos9; obj11 should reach apt8; obj72 should be transferred to pos2; obj112 should reach apt11; obj111 should stay at pos11; obj93 should reach apt7; obj63 should reach pos12; obj123 should reach pos11; obj83 should reach pos6; obj33 should reach apt10; obj12 should reach apt6; obj41 should reach pos8; obj92 should reach pos6; obj61 should reach apt2; obj91 should reach apt1; obj101 should reach apt3; obj31 should reach apt1; obj62 should reach pos11; obj82 should reach apt6; obj51 should reach pos10; obj71 should reach apt2; obj113 should reach apt2; and obj43 should reach apt1.",direct,true,covered,The exhaustive goal sentence explicitly states this package-destination pair.
goal,(at obj111 pos11),"Specifically, obj13 should remain at pos1; obj53 needs to be relocated to apt1; obj21 needs to reach apt9; obj32 should be delivered to pos12; obj23 should reach apt11; obj122 should arrive at pos7; obj73 should reach pos3; obj42 should reach pos6; obj22 should reach apt2; obj81 should reach apt7; obj121 should reach pos3; obj52 should reach pos9; obj11 should reach apt8; obj72 should be transferred to pos2; obj112 should reach apt11; obj111 should stay at pos11; obj93 should reach apt7; obj63 should reach pos12; obj123 should reach pos11; obj83 should reach pos6; obj33 should reach apt10; obj12 should reach apt6; obj41 should reach pos8; obj92 should reach pos6; obj61 should reach apt2; obj91 should reach apt1; obj101 should reach apt3; obj31 should reach apt1; obj62 should reach pos11; obj82 should reach apt6; obj51 should reach pos10; obj71 should reach apt2; obj113 should reach apt2; and obj43 should reach apt1.",direct,true,covered,The exhaustive goal sentence explicitly states this package-destination pair.
goal,(at obj93 apt7),"Specifically, obj13 should remain at pos1; obj53 needs to be relocated to apt1; obj21 needs to reach apt9; obj32 should be delivered to pos12; obj23 should reach apt11; obj122 should arrive at pos7; obj73 should reach pos3; obj42 should reach pos6; obj22 should reach apt2; obj81 should reach apt7; obj121 should reach pos3; obj52 should reach pos9; obj11 should reach apt8; obj72 should be transferred to pos2; obj112 should reach apt11; obj111 should stay at pos11; obj93 should reach apt7; obj63 should reach pos12; obj123 should reach pos11; obj83 should reach pos6; obj33 should reach apt10; obj12 should reach apt6; obj41 should reach pos8; obj92 should reach pos6; obj61 should reach apt2; obj91 should reach apt1; obj101 should reach apt3; obj31 should reach apt1; obj62 should reach pos11; obj82 should reach apt6; obj51 should reach pos10; obj71 should reach apt2; obj113 should reach apt2; and obj43 should reach apt1.",direct,true,covered,The exhaustive goal sentence explicitly states this package-destination pair.
goal,(at obj63 pos12),"Specifically, obj13 should remain at pos1; obj53 needs to be relocated to apt1; obj21 needs to reach apt9; obj32 should be delivered to pos12; obj23 should reach apt11; obj122 should arrive at pos7; obj73 should reach pos3; obj42 should reach pos6; obj22 should reach apt2; obj81 should reach apt7; obj121 should reach pos3; obj52 should reach pos9; obj11 should reach apt8; obj72 should be transferred to pos2; obj112 should reach apt11; obj111 should stay at pos11; obj93 should reach apt7; obj63 should reach pos12; obj123 should reach pos11; obj83 should reach pos6; obj33 should reach apt10; obj12 should reach apt6; obj41 should reach pos8; obj92 should reach pos6; obj61 should reach apt2; obj91 should reach apt1; obj101 should reach apt3; obj31 should reach apt1; obj62 should reach pos11; obj82 should reach apt6; obj51 should reach pos10; obj71 should reach apt2; obj113 should reach apt2; and obj43 should reach apt1.",direct,true,covered,The exhaustive goal sentence explicitly states this package-destination pair.
goal,(at obj123 pos11),"Specifically, obj13 should remain at pos1; obj53 needs to be relocated to apt1; obj21 needs to reach apt9; obj32 should be delivered to pos12; obj23 should reach apt11; obj122 should arrive at pos7; obj73 should reach pos3; obj42 should reach pos6; obj22 should reach apt2; obj81 should reach apt7; obj121 should reach pos3; obj52 should reach pos9; obj11 should reach apt8; obj72 should be transferred to pos2; obj112 should reach apt11; obj111 should stay at pos11; obj93 should reach apt7; obj63 should reach pos12; obj123 should reach pos11; obj83 should reach pos6; obj33 should reach apt10; obj12 should reach apt6; obj41 should reach pos8; obj92 should reach pos6; obj61 should reach apt2; obj91 should reach apt1; obj101 should reach apt3; obj31 should reach apt1; obj62 should reach pos11; obj82 should reach apt6; obj51 should reach pos10; obj71 should reach apt2; obj113 should reach apt2; and obj43 should reach apt1.",direct,true,covered,The exhaustive goal sentence explicitly states this package-destination pair.
goal,(at obj83 pos6),"Specifically, obj13 should remain at pos1; obj53 needs to be relocated to apt1; obj21 needs to reach apt9; obj32 should be delivered to pos12; obj23 should reach apt11; obj122 should arrive at pos7; obj73 should reach pos3; obj42 should reach pos6; obj22 should reach apt2; obj81 should reach apt7; obj121 should reach pos3; obj52 should reach pos9; obj11 should reach apt8; obj72 should be transferred to pos2; obj112 should reach apt11; obj111 should stay at pos11; obj93 should reach apt7; obj63 should reach pos12; obj123 should reach pos11; obj83 should reach pos6; obj33 should reach apt10; obj12 should reach apt6; obj41 should reach pos8; obj92 should reach pos6; obj61 should reach apt2; obj91 should reach apt1; obj101 should reach apt3; obj31 should reach apt1; obj62 should reach pos11; obj82 should reach apt6; obj51 should reach pos10; obj71 should reach apt2; obj113 should reach apt2; and obj43 should reach apt1.",direct,true,covered,The exhaustive goal sentence explicitly states this package-destination pair.
goal,(at obj33 apt10),"Specifically, obj13 should remain at pos1; obj53 needs to be relocated to apt1; obj21 needs to reach apt9; obj32 should be delivered to pos12; obj23 should reach apt11; obj122 should arrive at pos7; obj73 should reach pos3; obj42 should reach pos6; obj22 should reach apt2; obj81 should reach apt7; obj121 should reach pos3; obj52 should reach pos9; obj11 should reach apt8; obj72 should be transferred to pos2; obj112 should reach apt11; obj111 should stay at pos11; obj93 should reach apt7; obj63 should reach pos12; obj123 should reach pos11; obj83 should reach pos6; obj33 should reach apt10; obj12 should reach apt6; obj41 should reach pos8; obj92 should reach pos6; obj61 should reach apt2; obj91 should reach apt1; obj101 should reach apt3; obj31 should reach apt1; obj62 should reach pos11; obj82 should reach apt6; obj51 should reach pos10; obj71 should reach apt2; obj113 should reach apt2; and obj43 should reach apt1.",direct,true,covered,The exhaustive goal sentence explicitly states this package-destination pair.
goal,(at obj12 apt6),"Specifically, obj13 should remain at pos1; obj53 needs to be relocated to apt1; obj21 needs to reach apt9; obj32 should be delivered to pos12; obj23 should reach apt11; obj122 should arrive at pos7; obj73 should reach pos3; obj42 should reach pos6; obj22 should reach apt2; obj81 should reach apt7; obj121 should reach pos3; obj52 should reach pos9; obj11 should reach apt8; obj72 should be transferred to pos2; obj112 should reach apt11; obj111 should stay at pos11; obj93 should reach apt7; obj63 should reach pos12; obj123 should reach pos11; obj83 should reach pos6; obj33 should reach apt10; obj12 should reach apt6; obj41 should reach pos8; obj92 should reach pos6; obj61 should reach apt2; obj91 should reach apt1; obj101 should reach apt3; obj31 should reach apt1; obj62 should reach pos11; obj82 should reach apt6; obj51 should reach pos10; obj71 should reach apt2; obj113 should reach apt2; and obj43 should reach apt1.",direct,true,covered,The exhaustive goal sentence explicitly states this package-destination pair.
goal,(at obj41 pos8),"Specifically, obj13 should remain at pos1; obj53 needs to be relocated to apt1; obj21 needs to reach apt9; obj32 should be delivered to pos12; obj23 should reach apt11; obj122 should arrive at pos7; obj73 should reach pos3; obj42 should reach pos6; obj22 should reach apt2; obj81 should reach apt7; obj121 should reach pos3; obj52 should reach pos9; obj11 should reach apt8; obj72 should be transferred to pos2; obj112 should reach apt11; obj111 should stay at pos11; obj93 should reach apt7; obj63 should reach pos12; obj123 should reach pos11; obj83 should reach pos6; obj33 should reach apt10; obj12 should reach apt6; obj41 should reach pos8; obj92 should reach pos6; obj61 should reach apt2; obj91 should reach apt1; obj101 should reach apt3; obj31 should reach apt1; obj62 should reach pos11; obj82 should reach apt6; obj51 should reach pos10; obj71 should reach apt2; obj113 should reach apt2; and obj43 should reach apt1.",direct,true,covered,The exhaustive goal sentence explicitly states this package-destination pair.
goal,(at obj92 pos6),"Specifically, obj13 should remain at pos1; obj53 needs to be relocated to apt1; obj21 needs to reach apt9; obj32 should be delivered to pos12; obj23 should reach apt11; obj122 should arrive at pos7; obj73 should reach pos3; obj42 should reach pos6; obj22 should reach apt2; obj81 should reach apt7; obj121 should reach pos3; obj52 should reach pos9; obj11 should reach apt8; obj72 should be transferred to pos2; obj112 should reach apt11; obj111 should stay at pos11; obj93 should reach apt7; obj63 should reach pos12; obj123 should reach pos11; obj83 should reach pos6; obj33 should reach apt10; obj12 should reach apt6; obj41 should reach pos8; obj92 should reach pos6; obj61 should reach apt2; obj91 should reach apt1; obj101 should reach apt3; obj31 should reach apt1; obj62 should reach pos11; obj82 should reach apt6; obj51 should reach pos10; obj71 should reach apt2; obj113 should reach apt2; and obj43 should reach apt1.",direct,true,covered,The exhaustive goal sentence explicitly states this package-destination pair.
goal,(at obj61 apt2),"Specifically, obj13 should remain at pos1; obj53 needs to be relocated to apt1; obj21 needs to reach apt9; obj32 should be delivered to pos12; obj23 should reach apt11; obj122 should arrive at pos7; obj73 should reach pos3; obj42 should reach pos6; obj22 should reach apt2; obj81 should reach apt7; obj121 should reach pos3; obj52 should reach pos9; obj11 should reach apt8; obj72 should be transferred to pos2; obj112 should reach apt11; obj111 should stay at pos11; obj93 should reach apt7; obj63 should reach pos12; obj123 should reach pos11; obj83 should reach pos6; obj33 should reach apt10; obj12 should reach apt6; obj41 should reach pos8; obj92 should reach pos6; obj61 should reach apt2; obj91 should reach apt1; obj101 should reach apt3; obj31 should reach apt1; obj62 should reach pos11; obj82 should reach apt6; obj51 should reach pos10; obj71 should reach apt2; obj113 should reach apt2; and obj43 should reach apt1.",direct,true,covered,The exhaustive goal sentence explicitly states this package-destination pair.
goal,(at obj91 apt1),"Specifically, obj13 should remain at pos1; obj53 needs to be relocated to apt1; obj21 needs to reach apt9; obj32 should be delivered to pos12; obj23 should reach apt11; obj122 should arrive at pos7; obj73 should reach pos3; obj42 should reach pos6; obj22 should reach apt2; obj81 should reach apt7; obj121 should reach pos3; obj52 should reach pos9; obj11 should reach apt8; obj72 should be transferred to pos2; obj112 should reach apt11; obj111 should stay at pos11; obj93 should reach apt7; obj63 should reach pos12; obj123 should reach pos11; obj83 should reach pos6; obj33 should reach apt10; obj12 should reach apt6; obj41 should reach pos8; obj92 should reach pos6; obj61 should reach apt2; obj91 should reach apt1; obj101 should reach apt3; obj31 should reach apt1; obj62 should reach pos11; obj82 should reach apt6; obj51 should reach pos10; obj71 should reach apt2; obj113 should reach apt2; and obj43 should reach apt1.",direct,true,covered,The exhaustive goal sentence explicitly states this package-destination pair.
goal,(at obj101 apt3),"Specifically, obj13 should remain at pos1; obj53 needs to be relocated to apt1; obj21 needs to reach apt9; obj32 should be delivered to pos12; obj23 should reach apt11; obj122 should arrive at pos7; obj73 should reach pos3; obj42 should reach pos6; obj22 should reach apt2; obj81 should reach apt7; obj121 should reach pos3; obj52 should reach pos9; obj11 should reach apt8; obj72 should be transferred to pos2; obj112 should reach apt11; obj111 should stay at pos11; obj93 should reach apt7; obj63 should reach pos12; obj123 should reach pos11; obj83 should reach pos6; obj33 should reach apt10; obj12 should reach apt6; obj41 should reach pos8; obj92 should reach pos6; obj61 should reach apt2; obj91 should reach apt1; obj101 should reach apt3; obj31 should reach apt1; obj62 should reach pos11; obj82 should reach apt6; obj51 should reach pos10; obj71 should reach apt2; obj113 should reach apt2; and obj43 should reach apt1.",direct,true,covered,The exhaustive goal sentence explicitly states this package-destination pair.
goal,(at obj31 apt1),"Specifically, obj13 should remain at pos1; obj53 needs to be relocated to apt1; obj21 needs to reach apt9; obj32 should be delivered to pos12; obj23 should reach apt11; obj122 should arrive at pos7; obj73 should reach pos3; obj42 should reach pos6; obj22 should reach apt2; obj81 should reach apt7; obj121 should reach pos3; obj52 should reach pos9; obj11 should reach apt8; obj72 should be transferred to pos2; obj112 should reach apt11; obj111 should stay at pos11; obj93 should reach apt7; obj63 should reach pos12; obj123 should reach pos11; obj83 should reach pos6; obj33 should reach apt10; obj12 should reach apt6; obj41 should reach pos8; obj92 should reach pos6; obj61 should reach apt2; obj91 should reach apt1; obj101 should reach apt3; obj31 should reach apt1; obj62 should reach pos11; obj82 should reach apt6; obj51 should reach pos10; obj71 should reach apt2; obj113 should reach apt2; and obj43 should reach apt1.",direct,true,covered,The exhaustive goal sentence explicitly states this package-destination pair.
goal,(at obj62 pos11),"Specifically, obj13 should remain at pos1; obj53 needs to be relocated to apt1; obj21 needs to reach apt9; obj32 should be delivered to pos12; obj23 should reach apt11; obj122 should arrive at pos7; obj73 should reach pos3; obj42 should reach pos6; obj22 should reach apt2; obj81 should reach apt7; obj121 should reach pos3; obj52 should reach pos9; obj11 should reach apt8; obj72 should be transferred to pos2; obj112 should reach apt11; obj111 should stay at pos11; obj93 should reach apt7; obj63 should reach pos12; obj123 should reach pos11; obj83 should reach pos6; obj33 should reach apt10; obj12 should reach apt6; obj41 should reach pos8; obj92 should reach pos6; obj61 should reach apt2; obj91 should reach apt1; obj101 should reach apt3; obj31 should reach apt1; obj62 should reach pos11; obj82 should reach apt6; obj51 should reach pos10; obj71 should reach apt2; obj113 should reach apt2; and obj43 should reach apt1.",direct,true,covered,The exhaustive goal sentence explicitly states this package-destination pair.
goal,(at obj82 apt6),"Specifically, obj13 should remain at pos1; obj53 needs to be relocated to apt1; obj21 needs to reach apt9; obj32 should be delivered to pos12; obj23 should reach apt11; obj122 should arrive at pos7; obj73 should reach pos3; obj42 should reach pos6; obj22 should reach apt2; obj81 should reach apt7; obj121 should reach pos3; obj52 should reach pos9; obj11 should reach apt8; obj72 should be transferred to pos2; obj112 should reach apt11; obj111 should stay at pos11; obj93 should reach apt7; obj63 should reach pos12; obj123 should reach pos11; obj83 should reach pos6; obj33 should reach apt10; obj12 should reach apt6; obj41 should reach pos8; obj92 should reach pos6; obj61 should reach apt2; obj91 should reach apt1; obj101 should reach apt3; obj31 should reach apt1; obj62 should reach pos11; obj82 should reach apt6; obj51 should reach pos10; obj71 should reach apt2; obj113 should reach apt2; and obj43 should reach apt1.",direct,true,covered,The exhaustive goal sentence explicitly states this package-destination pair.
goal,(at obj51 pos10),"Specifically, obj13 should remain at pos1; obj53 needs to be relocated to apt1; obj21 needs to reach apt9; obj32 should be delivered to pos12; obj23 should reach apt11; obj122 should arrive at pos7; obj73 should reach pos3; obj42 should reach pos6; obj22 should reach apt2; obj81 should reach apt7; obj121 should reach pos3; obj52 should reach pos9; obj11 should reach apt8; obj72 should be transferred to pos2; obj112 should reach apt11; obj111 should stay at pos11; obj93 should reach apt7; obj63 should reach pos12; obj123 should reach pos11; obj83 should reach pos6; obj33 should reach apt10; obj12 should reach apt6; obj41 should reach pos8; obj92 should reach pos6; obj61 should reach apt2; obj91 should reach apt1; obj101 should reach apt3; obj31 should reach apt1; obj62 should reach pos11; obj82 should reach apt6; obj51 should reach pos10; obj71 should reach apt2; obj113 should reach apt2; and obj43 should reach apt1.",direct,true,covered,The exhaustive goal sentence explicitly states this package-destination pair.
goal,(at obj71 apt2),"Specifically, obj13 should remain at pos1; obj53 needs to be relocated to apt1; obj21 needs to reach apt9; obj32 should be delivered to pos12; obj23 should reach apt11; obj122 should arrive at pos7; obj73 should reach pos3; obj42 should reach pos6; obj22 should reach apt2; obj81 should reach apt7; obj121 should reach pos3; obj52 should reach pos9; obj11 should reach apt8; obj72 should be transferred to pos2; obj112 should reach apt11; obj111 should stay at pos11; obj93 should reach apt7; obj63 should reach pos12; obj123 should reach pos11; obj83 should reach pos6; obj33 should reach apt10; obj12 should reach apt6; obj41 should reach pos8; obj92 should reach pos6; obj61 should reach apt2; obj91 should reach apt1; obj101 should reach apt3; obj31 should reach apt1; obj62 should reach pos11; obj82 should reach apt6; obj51 should reach pos10; obj71 should reach apt2; obj113 should reach apt2; and obj43 should reach apt1.",direct,true,covered,The exhaustive goal sentence explicitly states this package-destination pair.
goal,(at obj113 apt2),"Specifically, obj13 should remain at pos1; obj53 needs to be relocated to apt1; obj21 needs to reach apt9; obj32 should be delivered to pos12; obj23 should reach apt11; obj122 should arrive at pos7; obj73 should reach pos3; obj42 should reach pos6; obj22 should reach apt2; obj81 should reach apt7; obj121 should reach pos3; obj52 should reach pos9; obj11 should reach apt8; obj72 should be transferred to pos2; obj112 should reach apt11; obj111 should stay at pos11; obj93 should reach apt7; obj63 should reach pos12; obj123 should reach pos11; obj83 should reach pos6; obj33 should reach apt10; obj12 should reach apt6; obj41 should reach pos8; obj92 should reach pos6; obj61 should reach apt2; obj91 should reach apt1; obj101 should reach apt3; obj31 should reach apt1; obj62 should reach pos11; obj82 should reach apt6; obj51 should reach pos10; obj71 should reach apt2; obj113 should reach apt2; and obj43 should reach apt1.",direct,true,covered,The exhaustive goal sentence explicitly states this package-destination pair.
goal,(at obj43 apt1),"Specifically, obj13 should remain at pos1; obj53 needs to be relocated to apt1; obj21 needs to reach apt9; obj32 should be delivered to pos12; obj23 should reach apt11; obj122 should arrive at pos7; obj73 should reach pos3; obj42 should reach pos6; obj22 should reach apt2; obj81 should reach apt7; obj121 should reach pos3; obj52 should reach pos9; obj11 should reach apt8; obj72 should be transferred to pos2; obj112 should reach apt11; obj111 should stay at pos11; obj93 should reach apt7; obj63 should reach pos12; obj123 should reach pos11; obj83 should reach pos6; obj33 should reach apt10; obj12 should reach apt6; obj41 should reach pos8; obj92 should reach pos6; obj61 should reach apt2; obj91 should reach apt1; obj101 should reach apt3; obj31 should reach apt1; obj62 should reach pos11; obj82 should reach apt6; obj51 should reach pos10; obj71 should reach apt2; obj113 should reach apt2; and obj43 should reach apt1.",direct,true,covered,The exhaustive goal sentence explicitly states this package-destination pair.
