section,pddl_item,evidence,evidence_kind,unique,status,notes
objects,PACKAGE23,Packages 23 through 1 are designated as packages.,deterministic_rule,true,covered,The bounded package-number range uniquely generates PACKAGE23. Golden line 3.
objects,PACKAGE22,Packages 23 through 1 are designated as packages.,deterministic_rule,true,covered,The bounded package-number range uniquely generates PACKAGE22. Golden line 3.
objects,PACKAGE21,Packages 23 through 1 are designated as packages.,deterministic_rule,true,covered,The bounded package-number range uniquely generates PACKAGE21. Golden line 3.
objects,PACKAGE20,Packages 23 through 1 are designated as packages.,deterministic_rule,true,covered,The bounded package-number range uniquely generates PACKAGE20. Golden line 3.
objects,PACKAGE19,Packages 23 through 1 are designated as packages.,deterministic_rule,true,covered,The bounded package-number range uniquely generates PACKAGE19. Golden line 3.
objects,PACKAGE18,Packages 23 through 1 are designated as packages.,deterministic_rule,true,covered,The bounded package-number range uniquely generates PACKAGE18. Golden line 4.
objects,PACKAGE17,Packages 23 through 1 are designated as packages.,deterministic_rule,true,covered,The bounded package-number range uniquely generates PACKAGE17. Golden line 4.
objects,PACKAGE16,Packages 23 through 1 are designated as packages.,deterministic_rule,true,covered,The bounded package-number range uniquely generates PACKAGE16. Golden line 4.
objects,PACKAGE15,Packages 23 through 1 are designated as packages.,deterministic_rule,true,covered,The bounded package-number range uniquely generates PACKAGE15. Golden line 4.
objects,PACKAGE14,Packages 23 through 1 are designated as packages.,deterministic_rule,true,covered,The bounded package-number range uniquely generates PACKAGE14. Golden line 4.
objects,PACKAGE13,Packages 23 through 1 are designated as packages.,deterministic_rule,true,covered,The bounded package-number range uniquely generates PACKAGE13. Golden line 4.
objects,PACKAGE12,Packages 23 through 1 are designated as packages.,deterministic_rule,true,covered,The bounded package-number range uniquely generates PACKAGE12. Golden line 5.
objects,PACKAGE11,Packages 23 through 1 are designated as packages.,deterministic_rule,true,covered,The bounded package-number range uniquely generates PACKAGE11. Golden line 5.
objects,PACKAGE10,Packages 23 through 1 are designated as packages.,deterministic_rule,true,covered,The bounded package-number range uniquely generates PACKAGE10. Golden line 5.
objects,PACKAGE9,Packages 23 through 1 are designated as packages.,deterministic_rule,true,covered,The bounded package-number range uniquely generates PACKAGE9. Golden line 5.
objects,PACKAGE8,Packages 23 through 1 are designated as packages.,deterministic_rule,true,covered,The bounded package-number range uniquely generates PACKAGE8. Golden line 5.
objects,PACKAGE7,Packages 23 through 1 are designated as packages.,deterministic_rule,true,covered,The bounded package-number range uniquely generates PACKAGE7. Golden line 5.
objects,PACKAGE6,Packages 23 through 1 are designated as packages.,deterministic_rule,true,covered,The bounded package-number range uniquely generates PACKAGE6. Golden line 6.
objects,PACKAGE5,Packages 23 through 1 are designated as packages.,deterministic_rule,true,covered,The bounded package-number range uniquely generates PACKAGE5. Golden line 6.
objects,PACKAGE4,Packages 23 through 1 are designated as packages.,deterministic_rule,true,covered,The bounded package-number range uniquely generates PACKAGE4. Golden line 6.
objects,PACKAGE3,Packages 23 through 1 are designated as packages.,deterministic_rule,true,covered,The bounded package-number range uniquely generates PACKAGE3. Golden line 6.
objects,PACKAGE2,Packages 23 through 1 are designated as packages.,deterministic_rule,true,covered,The bounded package-number range uniquely generates PACKAGE2. Golden line 6.
objects,PACKAGE1,Packages 23 through 1 are designated as packages.,deterministic_rule,true,covered,The bounded package-number range uniquely generates PACKAGE1. Golden line 6.
objects,CITY29,"For each city index X from 1 to 29 and location index Y from 1 to 4, cityX-Y is a location in cityX, and cityX-4 is an airport.",deterministic_rule,true,covered,Substitution in X=1..29 and Y=1..4 uniquely generates CITY29. Golden line 6.
objects,CITY28,"For each city index X from 1 to 29 and location index Y from 1 to 4, cityX-Y is a location in cityX, and cityX-4 is an airport.",deterministic_rule,true,covered,Substitution in X=1..29 and Y=1..4 uniquely generates CITY28. Golden line 7.
objects,CITY27,"For each city index X from 1 to 29 and location index Y from 1 to 4, cityX-Y is a location in cityX, and cityX-4 is an airport.",deterministic_rule,true,covered,Substitution in X=1..29 and Y=1..4 uniquely generates CITY27. Golden line 7.
objects,CITY26,"For each city index X from 1 to 29 and location index Y from 1 to 4, cityX-Y is a location in cityX, and cityX-4 is an airport.",deterministic_rule,true,covered,Substitution in X=1..29 and Y=1..4 uniquely generates CITY26. Golden line 7.
objects,CITY25,"For each city index X from 1 to 29 and location index Y from 1 to 4, cityX-Y is a location in cityX, and cityX-4 is an airport.",deterministic_rule,true,covered,Substitution in X=1..29 and Y=1..4 uniquely generates CITY25. Golden line 7.
objects,CITY24,"For each city index X from 1 to 29 and location index Y from 1 to 4, cityX-Y is a location in cityX, and cityX-4 is an airport.",deterministic_rule,true,covered,Substitution in X=1..29 and Y=1..4 uniquely generates CITY24. Golden line 7.
objects,CITY23,"For each city index X from 1 to 29 and location index Y from 1 to 4, cityX-Y is a location in cityX, and cityX-4 is an airport.",deterministic_rule,true,covered,Substitution in X=1..29 and Y=1..4 uniquely generates CITY23. Golden line 7.
objects,CITY22,"For each city index X from 1 to 29 and location index Y from 1 to 4, cityX-Y is a location in cityX, and cityX-4 is an airport.",deterministic_rule,true,covered,Substitution in X=1..29 and Y=1..4 uniquely generates CITY22. Golden line 7.
objects,CITY21,"For each city index X from 1 to 29 and location index Y from 1 to 4, cityX-Y is a location in cityX, and cityX-4 is an airport.",deterministic_rule,true,covered,Substitution in X=1..29 and Y=1..4 uniquely generates CITY21. Golden line 7.
objects,CITY20,"For each city index X from 1 to 29 and location index Y from 1 to 4, cityX-Y is a location in cityX, and cityX-4 is an airport.",deterministic_rule,true,covered,Substitution in X=1..29 and Y=1..4 uniquely generates CITY20. Golden line 7.
objects,CITY19,"For each city index X from 1 to 29 and location index Y from 1 to 4, cityX-Y is a location in cityX, and cityX-4 is an airport.",deterministic_rule,true,covered,Substitution in X=1..29 and Y=1..4 uniquely generates CITY19. Golden line 8.
objects,CITY18,"For each city index X from 1 to 29 and location index Y from 1 to 4, cityX-Y is a location in cityX, and cityX-4 is an airport.",deterministic_rule,true,covered,Substitution in X=1..29 and Y=1..4 uniquely generates CITY18. Golden line 8.
objects,CITY17,"For each city index X from 1 to 29 and location index Y from 1 to 4, cityX-Y is a location in cityX, and cityX-4 is an airport.",deterministic_rule,true,covered,Substitution in X=1..29 and Y=1..4 uniquely generates CITY17. Golden line 8.
objects,CITY16,"For each city index X from 1 to 29 and location index Y from 1 to 4, cityX-Y is a location in cityX, and cityX-4 is an airport.",deterministic_rule,true,covered,Substitution in X=1..29 and Y=1..4 uniquely generates CITY16. Golden line 8.
objects,CITY15,"For each city index X from 1 to 29 and location index Y from 1 to 4, cityX-Y is a location in cityX, and cityX-4 is an airport.",deterministic_rule,true,covered,Substitution in X=1..29 and Y=1..4 uniquely generates CITY15. Golden line 8.
objects,CITY14,"For each city index X from 1 to 29 and location index Y from 1 to 4, cityX-Y is a location in cityX, and cityX-4 is an airport.",deterministic_rule,true,covered,Substitution in X=1..29 and Y=1..4 uniquely generates CITY14. Golden line 8.
objects,CITY13,"For each city index X from 1 to 29 and location index Y from 1 to 4, cityX-Y is a location in cityX, and cityX-4 is an airport.",deterministic_rule,true,covered,Substitution in X=1..29 and Y=1..4 uniquely generates CITY13. Golden line 8.
objects,CITY12,"For each city index X from 1 to 29 and location index Y from 1 to 4, cityX-Y is a location in cityX, and cityX-4 is an airport.",deterministic_rule,true,covered,Substitution in X=1..29 and Y=1..4 uniquely generates CITY12. Golden line 8.
objects,CITY11,"For each city index X from 1 to 29 and location index Y from 1 to 4, cityX-Y is a location in cityX, and cityX-4 is an airport.",deterministic_rule,true,covered,Substitution in X=1..29 and Y=1..4 uniquely generates CITY11. Golden line 8.
objects,CITY10,"For each city index X from 1 to 29 and location index Y from 1 to 4, cityX-Y is a location in cityX, and cityX-4 is an airport.",deterministic_rule,true,covered,Substitution in X=1..29 and Y=1..4 uniquely generates CITY10. Golden line 9.
objects,CITY9,"For each city index X from 1 to 29 and location index Y from 1 to 4, cityX-Y is a location in cityX, and cityX-4 is an airport.",deterministic_rule,true,covered,Substitution in X=1..29 and Y=1..4 uniquely generates CITY9. Golden line 9.
objects,CITY8,"For each city index X from 1 to 29 and location index Y from 1 to 4, cityX-Y is a location in cityX, and cityX-4 is an airport.",deterministic_rule,true,covered,Substitution in X=1..29 and Y=1..4 uniquely generates CITY8. Golden line 9.
objects,CITY7,"For each city index X from 1 to 29 and location index Y from 1 to 4, cityX-Y is a location in cityX, and cityX-4 is an airport.",deterministic_rule,true,covered,Substitution in X=1..29 and Y=1..4 uniquely generates CITY7. Golden line 9.
objects,CITY6,"For each city index X from 1 to 29 and location index Y from 1 to 4, cityX-Y is a location in cityX, and cityX-4 is an airport.",deterministic_rule,true,covered,Substitution in X=1..29 and Y=1..4 uniquely generates CITY6. Golden line 9.
objects,CITY5,"For each city index X from 1 to 29 and location index Y from 1 to 4, cityX-Y is a location in cityX, and cityX-4 is an airport.",deterministic_rule,true,covered,Substitution in X=1..29 and Y=1..4 uniquely generates CITY5. Golden line 9.
objects,CITY4,"For each city index X from 1 to 29 and location index Y from 1 to 4, cityX-Y is a location in cityX, and cityX-4 is an airport.",deterministic_rule,true,covered,Substitution in X=1..29 and Y=1..4 uniquely generates CITY4. Golden line 9.
objects,CITY3,"For each city index X from 1 to 29 and location index Y from 1 to 4, cityX-Y is a location in cityX, and cityX-4 is an airport.",deterministic_rule,true,covered,Substitution in X=1..29 and Y=1..4 uniquely generates CITY3. Golden line 9.
objects,CITY2,"For each city index X from 1 to 29 and location index Y from 1 to 4, cityX-Y is a location in cityX, and cityX-4 is an airport.",deterministic_rule,true,covered,Substitution in X=1..29 and Y=1..4 uniquely generates CITY2. Golden line 9.
objects,CITY1,"For each city index X from 1 to 29 and location index Y from 1 to 4, cityX-Y is a location in cityX, and cityX-4 is an airport.",deterministic_rule,true,covered,Substitution in X=1..29 and Y=1..4 uniquely generates CITY1. Golden line 9.
objects,TRUCK29,"A fleet of trucks, labeled as truck 29 through truck 1, and airplanes, labeled as plane 9 through plane 1, are part of the logistics network.",deterministic_rule,true,covered,The applicable bounded vehicle range uniquely generates TRUCK29. Golden line 10.
objects,TRUCK28,"A fleet of trucks, labeled as truck 29 through truck 1, and airplanes, labeled as plane 9 through plane 1, are part of the logistics network.",deterministic_rule,true,covered,The applicable bounded vehicle range uniquely generates TRUCK28. Golden line 10.
objects,TRUCK27,"A fleet of trucks, labeled as truck 29 through truck 1, and airplanes, labeled as plane 9 through plane 1, are part of the logistics network.",deterministic_rule,true,covered,The applicable bounded vehicle range uniquely generates TRUCK27. Golden line 10.
objects,TRUCK26,"A fleet of trucks, labeled as truck 29 through truck 1, and airplanes, labeled as plane 9 through plane 1, are part of the logistics network.",deterministic_rule,true,covered,The applicable bounded vehicle range uniquely generates TRUCK26. Golden line 10.
objects,TRUCK25,"A fleet of trucks, labeled as truck 29 through truck 1, and airplanes, labeled as plane 9 through plane 1, are part of the logistics network.",deterministic_rule,true,covered,The applicable bounded vehicle range uniquely generates TRUCK25. Golden line 10.
objects,TRUCK24,"A fleet of trucks, labeled as truck 29 through truck 1, and airplanes, labeled as plane 9 through plane 1, are part of the logistics network.",deterministic_rule,true,covered,The applicable bounded vehicle range uniquely generates TRUCK24. Golden line 10.
objects,TRUCK23,"A fleet of trucks, labeled as truck 29 through truck 1, and airplanes, labeled as plane 9 through plane 1, are part of the logistics network.",deterministic_rule,true,covered,The applicable bounded vehicle range uniquely generates TRUCK23. Golden line 10.
objects,TRUCK22,"A fleet of trucks, labeled as truck 29 through truck 1, and airplanes, labeled as plane 9 through plane 1, are part of the logistics network.",deterministic_rule,true,covered,The applicable bounded vehicle range uniquely generates TRUCK22. Golden line 11.
objects,TRUCK21,"A fleet of trucks, labeled as truck 29 through truck 1, and airplanes, labeled as plane 9 through plane 1, are part of the logistics network.",deterministic_rule,true,covered,The applicable bounded vehicle range uniquely generates TRUCK21. Golden line 11.
objects,TRUCK20,"A fleet of trucks, labeled as truck 29 through truck 1, and airplanes, labeled as plane 9 through plane 1, are part of the logistics network.",deterministic_rule,true,covered,The applicable bounded vehicle range uniquely generates TRUCK20. Golden line 11.
objects,TRUCK19,"A fleet of trucks, labeled as truck 29 through truck 1, and airplanes, labeled as plane 9 through plane 1, are part of the logistics network.",deterministic_rule,true,covered,The applicable bounded vehicle range uniquely generates TRUCK19. Golden line 11.
objects,TRUCK18,"A fleet of trucks, labeled as truck 29 through truck 1, and airplanes, labeled as plane 9 through plane 1, are part of the logistics network.",deterministic_rule,true,covered,The applicable bounded vehicle range uniquely generates TRUCK18. Golden line 11.
objects,TRUCK17,"A fleet of trucks, labeled as truck 29 through truck 1, and airplanes, labeled as plane 9 through plane 1, are part of the logistics network.",deterministic_rule,true,covered,The applicable bounded vehicle range uniquely generates TRUCK17. Golden line 11.
objects,TRUCK16,"A fleet of trucks, labeled as truck 29 through truck 1, and airplanes, labeled as plane 9 through plane 1, are part of the logistics network.",deterministic_rule,true,covered,The applicable bounded vehicle range uniquely generates TRUCK16. Golden line 11.
objects,TRUCK15,"A fleet of trucks, labeled as truck 29 through truck 1, and airplanes, labeled as plane 9 through plane 1, are part of the logistics network.",deterministic_rule,true,covered,The applicable bounded vehicle range uniquely generates TRUCK15. Golden line 12.
objects,TRUCK14,"A fleet of trucks, labeled as truck 29 through truck 1, and airplanes, labeled as plane 9 through plane 1, are part of the logistics network.",deterministic_rule,true,covered,The applicable bounded vehicle range uniquely generates TRUCK14. Golden line 12.
objects,TRUCK13,"A fleet of trucks, labeled as truck 29 through truck 1, and airplanes, labeled as plane 9 through plane 1, are part of the logistics network.",deterministic_rule,true,covered,The applicable bounded vehicle range uniquely generates TRUCK13. Golden line 12.
objects,TRUCK12,"A fleet of trucks, labeled as truck 29 through truck 1, and airplanes, labeled as plane 9 through plane 1, are part of the logistics network.",deterministic_rule,true,covered,The applicable bounded vehicle range uniquely generates TRUCK12. Golden line 12.
objects,TRUCK11,"A fleet of trucks, labeled as truck 29 through truck 1, and airplanes, labeled as plane 9 through plane 1, are part of the logistics network.",deterministic_rule,true,covered,The applicable bounded vehicle range uniquely generates TRUCK11. Golden line 12.
objects,TRUCK10,"A fleet of trucks, labeled as truck 29 through truck 1, and airplanes, labeled as plane 9 through plane 1, are part of the logistics network.",deterministic_rule,true,covered,The applicable bounded vehicle range uniquely generates TRUCK10. Golden line 12.
objects,TRUCK9,"A fleet of trucks, labeled as truck 29 through truck 1, and airplanes, labeled as plane 9 through plane 1, are part of the logistics network.",deterministic_rule,true,covered,The applicable bounded vehicle range uniquely generates TRUCK9. Golden line 12.
objects,TRUCK8,"A fleet of trucks, labeled as truck 29 through truck 1, and airplanes, labeled as plane 9 through plane 1, are part of the logistics network.",deterministic_rule,true,covered,The applicable bounded vehicle range uniquely generates TRUCK8. Golden line 12.
objects,TRUCK7,"A fleet of trucks, labeled as truck 29 through truck 1, and airplanes, labeled as plane 9 through plane 1, are part of the logistics network.",deterministic_rule,true,covered,The applicable bounded vehicle range uniquely generates TRUCK7. Golden line 13.
objects,TRUCK6,"A fleet of trucks, labeled as truck 29 through truck 1, and airplanes, labeled as plane 9 through plane 1, are part of the logistics network.",deterministic_rule,true,covered,The applicable bounded vehicle range uniquely generates TRUCK6. Golden line 13.
objects,TRUCK5,"A fleet of trucks, labeled as truck 29 through truck 1, and airplanes, labeled as plane 9 through plane 1, are part of the logistics network.",deterministic_rule,true,covered,The applicable bounded vehicle range uniquely generates TRUCK5. Golden line 13.
objects,TRUCK4,"A fleet of trucks, labeled as truck 29 through truck 1, and airplanes, labeled as plane 9 through plane 1, are part of the logistics network.",deterministic_rule,true,covered,The applicable bounded vehicle range uniquely generates TRUCK4. Golden line 13.
objects,TRUCK3,"A fleet of trucks, labeled as truck 29 through truck 1, and airplanes, labeled as plane 9 through plane 1, are part of the logistics network.",deterministic_rule,true,covered,The applicable bounded vehicle range uniquely generates TRUCK3. Golden line 13.
objects,TRUCK2,"A fleet of trucks, labeled as truck 29 through truck 1, and airplanes, labeled as plane 9 through plane 1, are part of the logistics network.",deterministic_rule,true,covered,The applicable bounded vehicle range uniquely generates TRUCK2. Golden line 13.
objects,TRUCK1,"A fleet of trucks, labeled as truck 29 through truck 1, and airplanes, labeled as plane 9 through plane 1, are part of the logistics network.",deterministic_rule,true,covered,The applicable bounded vehicle range uniquely generates TRUCK1. Golden line 13.
objects,PLANE9,"A fleet of trucks, labeled as truck 29 through truck 1, and airplanes, labeled as plane 9 through plane 1, are part of the logistics network.",deterministic_rule,true,covered,The applicable bounded vehicle range uniquely generates PLANE9. Golden line 13.
objects,PLANE8,"A fleet of trucks, labeled as truck 29 through truck 1, and airplanes, labeled as plane 9 through plane 1, are part of the logistics network.",deterministic_rule,true,covered,The applicable bounded vehicle range uniquely generates PLANE8. Golden line 13.
objects,PLANE7,"A fleet of trucks, labeled as truck 29 through truck 1, and airplanes, labeled as plane 9 through plane 1, are part of the logistics network.",deterministic_rule,true,covered,The applicable bounded vehicle range uniquely generates PLANE7. Golden line 14.
objects,PLANE6,"A fleet of trucks, labeled as truck 29 through truck 1, and airplanes, labeled as plane 9 through plane 1, are part of the logistics network.",deterministic_rule,true,covered,The applicable bounded vehicle range uniquely generates PLANE6. Golden line 14.
objects,PLANE5,"A fleet of trucks, labeled as truck 29 through truck 1, and airplanes, labeled as plane 9 through plane 1, are part of the logistics network.",deterministic_rule,true,covered,The applicable bounded vehicle range uniquely generates PLANE5. Golden line 14.
objects,PLANE4,"A fleet of trucks, labeled as truck 29 through truck 1, and airplanes, labeled as plane 9 through plane 1, are part of the logistics network.",deterministic_rule,true,covered,The applicable bounded vehicle range uniquely generates PLANE4. Golden line 14.
objects,PLANE3,"A fleet of trucks, labeled as truck 29 through truck 1, and airplanes, labeled as plane 9 through plane 1, are part of the logistics network.",deterministic_rule,true,covered,The applicable bounded vehicle range uniquely generates PLANE3. Golden line 14.
objects,PLANE2,"A fleet of trucks, labeled as truck 29 through truck 1, and airplanes, labeled as plane 9 through plane 1, are part of the logistics network.",deterministic_rule,true,covered,The applicable bounded vehicle range uniquely generates PLANE2. Golden line 14.
objects,PLANE1,"A fleet of trucks, labeled as truck 29 through truck 1, and airplanes, labeled as plane 9 through plane 1, are part of the logistics network.",deterministic_rule,true,covered,The applicable bounded vehicle range uniquely generates PLANE1. Golden line 14.
objects,CITY29-3,"For each city index X from 1 to 29 and location index Y from 1 to 4, cityX-Y is a location in cityX, and cityX-4 is an airport.",deterministic_rule,true,covered,Substitution in X=1..29 and Y=1..4 uniquely generates CITY29-3. Golden line 14.
objects,CITY29-2,"For each city index X from 1 to 29 and location index Y from 1 to 4, cityX-Y is a location in cityX, and cityX-4 is an airport.",deterministic_rule,true,covered,Substitution in X=1..29 and Y=1..4 uniquely generates CITY29-2. Golden line 15.
objects,CITY29-1,"For each city index X from 1 to 29 and location index Y from 1 to 4, cityX-Y is a location in cityX, and cityX-4 is an airport.",deterministic_rule,true,covered,Substitution in X=1..29 and Y=1..4 uniquely generates CITY29-1. Golden line 15.
objects,CITY28-3,"For each city index X from 1 to 29 and location index Y from 1 to 4, cityX-Y is a location in cityX, and cityX-4 is an airport.",deterministic_rule,true,covered,Substitution in X=1..29 and Y=1..4 uniquely generates CITY28-3. Golden line 15.
objects,CITY28-2,"For each city index X from 1 to 29 and location index Y from 1 to 4, cityX-Y is a location in cityX, and cityX-4 is an airport.",deterministic_rule,true,covered,Substitution in X=1..29 and Y=1..4 uniquely generates CITY28-2. Golden line 15.
objects,CITY28-1,"For each city index X from 1 to 29 and location index Y from 1 to 4, cityX-Y is a location in cityX, and cityX-4 is an airport.",deterministic_rule,true,covered,Substitution in X=1..29 and Y=1..4 uniquely generates CITY28-1. Golden line 15.
objects,CITY27-3,"For each city index X from 1 to 29 and location index Y from 1 to 4, cityX-Y is a location in cityX, and cityX-4 is an airport.",deterministic_rule,true,covered,Substitution in X=1..29 and Y=1..4 uniquely generates CITY27-3. Golden line 15.
objects,CITY27-2,"For each city index X from 1 to 29 and location index Y from 1 to 4, cityX-Y is a location in cityX, and cityX-4 is an airport.",deterministic_rule,true,covered,Substitution in X=1..29 and Y=1..4 uniquely generates CITY27-2. Golden line 15.
objects,CITY27-1,"For each city index X from 1 to 29 and location index Y from 1 to 4, cityX-Y is a location in cityX, and cityX-4 is an airport.",deterministic_rule,true,covered,Substitution in X=1..29 and Y=1..4 uniquely generates CITY27-1. Golden line 16.
objects,CITY26-3,"For each city index X from 1 to 29 and location index Y from 1 to 4, cityX-Y is a location in cityX, and cityX-4 is an airport.",deterministic_rule,true,covered,Substitution in X=1..29 and Y=1..4 uniquely generates CITY26-3. Golden line 16.
objects,CITY26-2,"For each city index X from 1 to 29 and location index Y from 1 to 4, cityX-Y is a location in cityX, and cityX-4 is an airport.",deterministic_rule,true,covered,Substitution in X=1..29 and Y=1..4 uniquely generates CITY26-2. Golden line 16.
objects,CITY26-1,"For each city index X from 1 to 29 and location index Y from 1 to 4, cityX-Y is a location in cityX, and cityX-4 is an airport.",deterministic_rule,true,covered,Substitution in X=1..29 and Y=1..4 uniquely generates CITY26-1. Golden line 16.
objects,CITY25-3,"For each city index X from 1 to 29 and location index Y from 1 to 4, cityX-Y is a location in cityX, and cityX-4 is an airport.",deterministic_rule,true,covered,Substitution in X=1..29 and Y=1..4 uniquely generates CITY25-3. Golden line 16.
objects,CITY25-2,"For each city index X from 1 to 29 and location index Y from 1 to 4, cityX-Y is a location in cityX, and cityX-4 is an airport.",deterministic_rule,true,covered,Substitution in X=1..29 and Y=1..4 uniquely generates CITY25-2. Golden line 16.
objects,CITY25-1,"For each city index X from 1 to 29 and location index Y from 1 to 4, cityX-Y is a location in cityX, and cityX-4 is an airport.",deterministic_rule,true,covered,Substitution in X=1..29 and Y=1..4 uniquely generates CITY25-1. Golden line 16.
objects,CITY24-3,"For each city index X from 1 to 29 and location index Y from 1 to 4, cityX-Y is a location in cityX, and cityX-4 is an airport.",deterministic_rule,true,covered,Substitution in X=1..29 and Y=1..4 uniquely generates CITY24-3. Golden line 17.
objects,CITY24-2,"For each city index X from 1 to 29 and location index Y from 1 to 4, cityX-Y is a location in cityX, and cityX-4 is an airport.",deterministic_rule,true,covered,Substitution in X=1..29 and Y=1..4 uniquely generates CITY24-2. Golden line 17.
objects,CITY24-1,"For each city index X from 1 to 29 and location index Y from 1 to 4, cityX-Y is a location in cityX, and cityX-4 is an airport.",deterministic_rule,true,covered,Substitution in X=1..29 and Y=1..4 uniquely generates CITY24-1. Golden line 17.
objects,CITY23-3,"For each city index X from 1 to 29 and location index Y from 1 to 4, cityX-Y is a location in cityX, and cityX-4 is an airport.",deterministic_rule,true,covered,Substitution in X=1..29 and Y=1..4 uniquely generates CITY23-3. Golden line 17.
objects,CITY23-2,"For each city index X from 1 to 29 and location index Y from 1 to 4, cityX-Y is a location in cityX, and cityX-4 is an airport.",deterministic_rule,true,covered,Substitution in X=1..29 and Y=1..4 uniquely generates CITY23-2. Golden line 17.
objects,CITY23-1,"For each city index X from 1 to 29 and location index Y from 1 to 4, cityX-Y is a location in cityX, and cityX-4 is an airport.",deterministic_rule,true,covered,Substitution in X=1..29 and Y=1..4 uniquely generates CITY23-1. Golden line 17.
objects,CITY22-3,"For each city index X from 1 to 29 and location index Y from 1 to 4, cityX-Y is a location in cityX, and cityX-4 is an airport.",deterministic_rule,true,covered,Substitution in X=1..29 and Y=1..4 uniquely generates CITY22-3. Golden line 17.
objects,CITY22-2,"For each city index X from 1 to 29 and location index Y from 1 to 4, cityX-Y is a location in cityX, and cityX-4 is an airport.",deterministic_rule,true,covered,Substitution in X=1..29 and Y=1..4 uniquely generates CITY22-2. Golden line 18.
objects,CITY22-1,"For each city index X from 1 to 29 and location index Y from 1 to 4, cityX-Y is a location in cityX, and cityX-4 is an airport.",deterministic_rule,true,covered,Substitution in X=1..29 and Y=1..4 uniquely generates CITY22-1. Golden line 18.
objects,CITY21-3,"For each city index X from 1 to 29 and location index Y from 1 to 4, cityX-Y is a location in cityX, and cityX-4 is an airport.",deterministic_rule,true,covered,Substitution in X=1..29 and Y=1..4 uniquely generates CITY21-3. Golden line 18.
objects,CITY21-2,"For each city index X from 1 to 29 and location index Y from 1 to 4, cityX-Y is a location in cityX, and cityX-4 is an airport.",deterministic_rule,true,covered,Substitution in X=1..29 and Y=1..4 uniquely generates CITY21-2. Golden line 18.
objects,CITY21-1,"For each city index X from 1 to 29 and location index Y from 1 to 4, cityX-Y is a location in cityX, and cityX-4 is an airport.",deterministic_rule,true,covered,Substitution in X=1..29 and Y=1..4 uniquely generates CITY21-1. Golden line 18.
objects,CITY20-3,"For each city index X from 1 to 29 and location index Y from 1 to 4, cityX-Y is a location in cityX, and cityX-4 is an airport.",deterministic_rule,true,covered,Substitution in X=1..29 and Y=1..4 uniquely generates CITY20-3. Golden line 18.
objects,CITY20-2,"For each city index X from 1 to 29 and location index Y from 1 to 4, cityX-Y is a location in cityX, and cityX-4 is an airport.",deterministic_rule,true,covered,Substitution in X=1..29 and Y=1..4 uniquely generates CITY20-2. Golden line 18.
objects,CITY20-1,"For each city index X from 1 to 29 and location index Y from 1 to 4, cityX-Y is a location in cityX, and cityX-4 is an airport.",deterministic_rule,true,covered,Substitution in X=1..29 and Y=1..4 uniquely generates CITY20-1. Golden line 19.
objects,CITY19-3,"For each city index X from 1 to 29 and location index Y from 1 to 4, cityX-Y is a location in cityX, and cityX-4 is an airport.",deterministic_rule,true,covered,Substitution in X=1..29 and Y=1..4 uniquely generates CITY19-3. Golden line 19.
objects,CITY19-2,"For each city index X from 1 to 29 and location index Y from 1 to 4, cityX-Y is a location in cityX, and cityX-4 is an airport.",deterministic_rule,true,covered,Substitution in X=1..29 and Y=1..4 uniquely generates CITY19-2. Golden line 19.
objects,CITY19-1,"For each city index X from 1 to 29 and location index Y from 1 to 4, cityX-Y is a location in cityX, and cityX-4 is an airport.",deterministic_rule,true,covered,Substitution in X=1..29 and Y=1..4 uniquely generates CITY19-1. Golden line 19.
objects,CITY18-3,"For each city index X from 1 to 29 and location index Y from 1 to 4, cityX-Y is a location in cityX, and cityX-4 is an airport.",deterministic_rule,true,covered,Substitution in X=1..29 and Y=1..4 uniquely generates CITY18-3. Golden line 19.
objects,CITY18-2,"For each city index X from 1 to 29 and location index Y from 1 to 4, cityX-Y is a location in cityX, and cityX-4 is an airport.",deterministic_rule,true,covered,Substitution in X=1..29 and Y=1..4 uniquely generates CITY18-2. Golden line 19.
objects,CITY18-1,"For each city index X from 1 to 29 and location index Y from 1 to 4, cityX-Y is a location in cityX, and cityX-4 is an airport.",deterministic_rule,true,covered,Substitution in X=1..29 and Y=1..4 uniquely generates CITY18-1. Golden line 19.
objects,CITY17-3,"For each city index X from 1 to 29 and location index Y from 1 to 4, cityX-Y is a location in cityX, and cityX-4 is an airport.",deterministic_rule,true,covered,Substitution in X=1..29 and Y=1..4 uniquely generates CITY17-3. Golden line 20.
objects,CITY17-2,"For each city index X from 1 to 29 and location index Y from 1 to 4, cityX-Y is a location in cityX, and cityX-4 is an airport.",deterministic_rule,true,covered,Substitution in X=1..29 and Y=1..4 uniquely generates CITY17-2. Golden line 20.
objects,CITY17-1,"For each city index X from 1 to 29 and location index Y from 1 to 4, cityX-Y is a location in cityX, and cityX-4 is an airport.",deterministic_rule,true,covered,Substitution in X=1..29 and Y=1..4 uniquely generates CITY17-1. Golden line 20.
objects,CITY16-3,"For each city index X from 1 to 29 and location index Y from 1 to 4, cityX-Y is a location in cityX, and cityX-4 is an airport.",deterministic_rule,true,covered,Substitution in X=1..29 and Y=1..4 uniquely generates CITY16-3. Golden line 20.
objects,CITY16-2,"For each city index X from 1 to 29 and location index Y from 1 to 4, cityX-Y is a location in cityX, and cityX-4 is an airport.",deterministic_rule,true,covered,Substitution in X=1..29 and Y=1..4 uniquely generates CITY16-2. Golden line 20.
objects,CITY16-1,"For each city index X from 1 to 29 and location index Y from 1 to 4, cityX-Y is a location in cityX, and cityX-4 is an airport.",deterministic_rule,true,covered,Substitution in X=1..29 and Y=1..4 uniquely generates CITY16-1. Golden line 20.
objects,CITY15-3,"For each city index X from 1 to 29 and location index Y from 1 to 4, cityX-Y is a location in cityX, and cityX-4 is an airport.",deterministic_rule,true,covered,Substitution in X=1..29 and Y=1..4 uniquely generates CITY15-3. Golden line 20.
objects,CITY15-2,"For each city index X from 1 to 29 and location index Y from 1 to 4, cityX-Y is a location in cityX, and cityX-4 is an airport.",deterministic_rule,true,covered,Substitution in X=1..29 and Y=1..4 uniquely generates CITY15-2. Golden line 21.
objects,CITY15-1,"For each city index X from 1 to 29 and location index Y from 1 to 4, cityX-Y is a location in cityX, and cityX-4 is an airport.",deterministic_rule,true,covered,Substitution in X=1..29 and Y=1..4 uniquely generates CITY15-1. Golden line 21.
objects,CITY14-3,"For each city index X from 1 to 29 and location index Y from 1 to 4, cityX-Y is a location in cityX, and cityX-4 is an airport.",deterministic_rule,true,covered,Substitution in X=1..29 and Y=1..4 uniquely generates CITY14-3. Golden line 21.
objects,CITY14-2,"For each city index X from 1 to 29 and location index Y from 1 to 4, cityX-Y is a location in cityX, and cityX-4 is an airport.",deterministic_rule,true,covered,Substitution in X=1..29 and Y=1..4 uniquely generates CITY14-2. Golden line 21.
objects,CITY14-1,"For each city index X from 1 to 29 and location index Y from 1 to 4, cityX-Y is a location in cityX, and cityX-4 is an airport.",deterministic_rule,true,covered,Substitution in X=1..29 and Y=1..4 uniquely generates CITY14-1. Golden line 21.
objects,CITY13-3,"For each city index X from 1 to 29 and location index Y from 1 to 4, cityX-Y is a location in cityX, and cityX-4 is an airport.",deterministic_rule,true,covered,Substitution in X=1..29 and Y=1..4 uniquely generates CITY13-3. Golden line 21.
objects,CITY13-2,"For each city index X from 1 to 29 and location index Y from 1 to 4, cityX-Y is a location in cityX, and cityX-4 is an airport.",deterministic_rule,true,covered,Substitution in X=1..29 and Y=1..4 uniquely generates CITY13-2. Golden line 21.
objects,CITY13-1,"For each city index X from 1 to 29 and location index Y from 1 to 4, cityX-Y is a location in cityX, and cityX-4 is an airport.",deterministic_rule,true,covered,Substitution in X=1..29 and Y=1..4 uniquely generates CITY13-1. Golden line 22.
objects,CITY12-3,"For each city index X from 1 to 29 and location index Y from 1 to 4, cityX-Y is a location in cityX, and cityX-4 is an airport.",deterministic_rule,true,covered,Substitution in X=1..29 and Y=1..4 uniquely generates CITY12-3. Golden line 22.
objects,CITY12-2,"For each city index X from 1 to 29 and location index Y from 1 to 4, cityX-Y is a location in cityX, and cityX-4 is an airport.",deterministic_rule,true,covered,Substitution in X=1..29 and Y=1..4 uniquely generates CITY12-2. Golden line 22.
objects,CITY12-1,"For each city index X from 1 to 29 and location index Y from 1 to 4, cityX-Y is a location in cityX, and cityX-4 is an airport.",deterministic_rule,true,covered,Substitution in X=1..29 and Y=1..4 uniquely generates CITY12-1. Golden line 22.
objects,CITY11-3,"For each city index X from 1 to 29 and location index Y from 1 to 4, cityX-Y is a location in cityX, and cityX-4 is an airport.",deterministic_rule,true,covered,Substitution in X=1..29 and Y=1..4 uniquely generates CITY11-3. Golden line 22.
objects,CITY11-2,"For each city index X from 1 to 29 and location index Y from 1 to 4, cityX-Y is a location in cityX, and cityX-4 is an airport.",deterministic_rule,true,covered,Substitution in X=1..29 and Y=1..4 uniquely generates CITY11-2. Golden line 22.
objects,CITY11-1,"For each city index X from 1 to 29 and location index Y from 1 to 4, cityX-Y is a location in cityX, and cityX-4 is an airport.",deterministic_rule,true,covered,Substitution in X=1..29 and Y=1..4 uniquely generates CITY11-1. Golden line 22.
objects,CITY10-3,"For each city index X from 1 to 29 and location index Y from 1 to 4, cityX-Y is a location in cityX, and cityX-4 is an airport.",deterministic_rule,true,covered,Substitution in X=1..29 and Y=1..4 uniquely generates CITY10-3. Golden line 23.
objects,CITY10-2,"For each city index X from 1 to 29 and location index Y from 1 to 4, cityX-Y is a location in cityX, and cityX-4 is an airport.",deterministic_rule,true,covered,Substitution in X=1..29 and Y=1..4 uniquely generates CITY10-2. Golden line 23.
objects,CITY10-1,"For each city index X from 1 to 29 and location index Y from 1 to 4, cityX-Y is a location in cityX, and cityX-4 is an airport.",deterministic_rule,true,covered,Substitution in X=1..29 and Y=1..4 uniquely generates CITY10-1. Golden line 23.
objects,CITY9-3,"For each city index X from 1 to 29 and location index Y from 1 to 4, cityX-Y is a location in cityX, and cityX-4 is an airport.",deterministic_rule,true,covered,Substitution in X=1..29 and Y=1..4 uniquely generates CITY9-3. Golden line 23.
objects,CITY9-2,"For each city index X from 1 to 29 and location index Y from 1 to 4, cityX-Y is a location in cityX, and cityX-4 is an airport.",deterministic_rule,true,covered,Substitution in X=1..29 and Y=1..4 uniquely generates CITY9-2. Golden line 23.
objects,CITY9-1,"For each city index X from 1 to 29 and location index Y from 1 to 4, cityX-Y is a location in cityX, and cityX-4 is an airport.",deterministic_rule,true,covered,Substitution in X=1..29 and Y=1..4 uniquely generates CITY9-1. Golden line 23.
objects,CITY8-3,"For each city index X from 1 to 29 and location index Y from 1 to 4, cityX-Y is a location in cityX, and cityX-4 is an airport.",deterministic_rule,true,covered,Substitution in X=1..29 and Y=1..4 uniquely generates CITY8-3. Golden line 23.
objects,CITY8-2,"For each city index X from 1 to 29 and location index Y from 1 to 4, cityX-Y is a location in cityX, and cityX-4 is an airport.",deterministic_rule,true,covered,Substitution in X=1..29 and Y=1..4 uniquely generates CITY8-2. Golden line 24.
objects,CITY8-1,"For each city index X from 1 to 29 and location index Y from 1 to 4, cityX-Y is a location in cityX, and cityX-4 is an airport.",deterministic_rule,true,covered,Substitution in X=1..29 and Y=1..4 uniquely generates CITY8-1. Golden line 24.
objects,CITY7-3,"For each city index X from 1 to 29 and location index Y from 1 to 4, cityX-Y is a location in cityX, and cityX-4 is an airport.",deterministic_rule,true,covered,Substitution in X=1..29 and Y=1..4 uniquely generates CITY7-3. Golden line 24.
objects,CITY7-2,"For each city index X from 1 to 29 and location index Y from 1 to 4, cityX-Y is a location in cityX, and cityX-4 is an airport.",deterministic_rule,true,covered,Substitution in X=1..29 and Y=1..4 uniquely generates CITY7-2. Golden line 24.
objects,CITY7-1,"For each city index X from 1 to 29 and location index Y from 1 to 4, cityX-Y is a location in cityX, and cityX-4 is an airport.",deterministic_rule,true,covered,Substitution in X=1..29 and Y=1..4 uniquely generates CITY7-1. Golden line 24.
objects,CITY6-3,"For each city index X from 1 to 29 and location index Y from 1 to 4, cityX-Y is a location in cityX, and cityX-4 is an airport.",deterministic_rule,true,covered,Substitution in X=1..29 and Y=1..4 uniquely generates CITY6-3. Golden line 24.
objects,CITY6-2,"For each city index X from 1 to 29 and location index Y from 1 to 4, cityX-Y is a location in cityX, and cityX-4 is an airport.",deterministic_rule,true,covered,Substitution in X=1..29 and Y=1..4 uniquely generates CITY6-2. Golden line 24.
objects,CITY6-1,"For each city index X from 1 to 29 and location index Y from 1 to 4, cityX-Y is a location in cityX, and cityX-4 is an airport.",deterministic_rule,true,covered,Substitution in X=1..29 and Y=1..4 uniquely generates CITY6-1. Golden line 25.
objects,CITY5-3,"For each city index X from 1 to 29 and location index Y from 1 to 4, cityX-Y is a location in cityX, and cityX-4 is an airport.",deterministic_rule,true,covered,Substitution in X=1..29 and Y=1..4 uniquely generates CITY5-3. Golden line 25.
objects,CITY5-2,"For each city index X from 1 to 29 and location index Y from 1 to 4, cityX-Y is a location in cityX, and cityX-4 is an airport.",deterministic_rule,true,covered,Substitution in X=1..29 and Y=1..4 uniquely generates CITY5-2. Golden line 25.
objects,CITY5-1,"For each city index X from 1 to 29 and location index Y from 1 to 4, cityX-Y is a location in cityX, and cityX-4 is an airport.",deterministic_rule,true,covered,Substitution in X=1..29 and Y=1..4 uniquely generates CITY5-1. Golden line 25.
objects,CITY4-3,"For each city index X from 1 to 29 and location index Y from 1 to 4, cityX-Y is a location in cityX, and cityX-4 is an airport.",deterministic_rule,true,covered,Substitution in X=1..29 and Y=1..4 uniquely generates CITY4-3. Golden line 25.
objects,CITY4-2,"For each city index X from 1 to 29 and location index Y from 1 to 4, cityX-Y is a location in cityX, and cityX-4 is an airport.",deterministic_rule,true,covered,Substitution in X=1..29 and Y=1..4 uniquely generates CITY4-2. Golden line 25.
objects,CITY4-1,"For each city index X from 1 to 29 and location index Y from 1 to 4, cityX-Y is a location in cityX, and cityX-4 is an airport.",deterministic_rule,true,covered,Substitution in X=1..29 and Y=1..4 uniquely generates CITY4-1. Golden line 25.
objects,CITY3-3,"For each city index X from 1 to 29 and location index Y from 1 to 4, cityX-Y is a location in cityX, and cityX-4 is an airport.",deterministic_rule,true,covered,Substitution in X=1..29 and Y=1..4 uniquely generates CITY3-3. Golden line 26.
objects,CITY3-2,"For each city index X from 1 to 29 and location index Y from 1 to 4, cityX-Y is a location in cityX, and cityX-4 is an airport.",deterministic_rule,true,covered,Substitution in X=1..29 and Y=1..4 uniquely generates CITY3-2. Golden line 26.
objects,CITY3-1,"For each city index X from 1 to 29 and location index Y from 1 to 4, cityX-Y is a location in cityX, and cityX-4 is an airport.",deterministic_rule,true,covered,Substitution in X=1..29 and Y=1..4 uniquely generates CITY3-1. Golden line 26.
objects,CITY2-3,"For each city index X from 1 to 29 and location index Y from 1 to 4, cityX-Y is a location in cityX, and cityX-4 is an airport.",deterministic_rule,true,covered,Substitution in X=1..29 and Y=1..4 uniquely generates CITY2-3. Golden line 26.
objects,CITY2-2,"For each city index X from 1 to 29 and location index Y from 1 to 4, cityX-Y is a location in cityX, and cityX-4 is an airport.",deterministic_rule,true,covered,Substitution in X=1..29 and Y=1..4 uniquely generates CITY2-2. Golden line 26.
objects,CITY2-1,"For each city index X from 1 to 29 and location index Y from 1 to 4, cityX-Y is a location in cityX, and cityX-4 is an airport.",deterministic_rule,true,covered,Substitution in X=1..29 and Y=1..4 uniquely generates CITY2-1. Golden line 26.
objects,CITY1-3,"For each city index X from 1 to 29 and location index Y from 1 to 4, cityX-Y is a location in cityX, and cityX-4 is an airport.",deterministic_rule,true,covered,Substitution in X=1..29 and Y=1..4 uniquely generates CITY1-3. Golden line 26.
objects,CITY1-2,"For each city index X from 1 to 29 and location index Y from 1 to 4, cityX-Y is a location in cityX, and cityX-4 is an airport.",deterministic_rule,true,covered,Substitution in X=1..29 and Y=1..4 uniquely generates CITY1-2. Golden line 27.
objects,CITY1-1,"For each city index X from 1 to 29 and location index Y from 1 to 4, cityX-Y is a location in cityX, and cityX-4 is an airport.",deterministic_rule,true,covered,Substitution in X=1..29 and Y=1..4 uniquely generates CITY1-1. Golden line 27.
objects,CITY29-4,"For each city index X from 1 to 29 and location index Y from 1 to 4, cityX-Y is a location in cityX, and cityX-4 is an airport.",deterministic_rule,true,covered,Substitution in X=1..29 and Y=1..4 uniquely generates CITY29-4. Golden line 27.
objects,CITY28-4,"For each city index X from 1 to 29 and location index Y from 1 to 4, cityX-Y is a location in cityX, and cityX-4 is an airport.",deterministic_rule,true,covered,Substitution in X=1..29 and Y=1..4 uniquely generates CITY28-4. Golden line 27.
objects,CITY27-4,"For each city index X from 1 to 29 and location index Y from 1 to 4, cityX-Y is a location in cityX, and cityX-4 is an airport.",deterministic_rule,true,covered,Substitution in X=1..29 and Y=1..4 uniquely generates CITY27-4. Golden line 27.
objects,CITY26-4,"For each city index X from 1 to 29 and location index Y from 1 to 4, cityX-Y is a location in cityX, and cityX-4 is an airport.",deterministic_rule,true,covered,Substitution in X=1..29 and Y=1..4 uniquely generates CITY26-4. Golden line 27.
objects,CITY25-4,"For each city index X from 1 to 29 and location index Y from 1 to 4, cityX-Y is a location in cityX, and cityX-4 is an airport.",deterministic_rule,true,covered,Substitution in X=1..29 and Y=1..4 uniquely generates CITY25-4. Golden line 27.
objects,CITY24-4,"For each city index X from 1 to 29 and location index Y from 1 to 4, cityX-Y is a location in cityX, and cityX-4 is an airport.",deterministic_rule,true,covered,Substitution in X=1..29 and Y=1..4 uniquely generates CITY24-4. Golden line 28.
objects,CITY23-4,"For each city index X from 1 to 29 and location index Y from 1 to 4, cityX-Y is a location in cityX, and cityX-4 is an airport.",deterministic_rule,true,covered,Substitution in X=1..29 and Y=1..4 uniquely generates CITY23-4. Golden line 28.
objects,CITY22-4,"For each city index X from 1 to 29 and location index Y from 1 to 4, cityX-Y is a location in cityX, and cityX-4 is an airport.",deterministic_rule,true,covered,Substitution in X=1..29 and Y=1..4 uniquely generates CITY22-4. Golden line 28.
objects,CITY21-4,"For each city index X from 1 to 29 and location index Y from 1 to 4, cityX-Y is a location in cityX, and cityX-4 is an airport.",deterministic_rule,true,covered,Substitution in X=1..29 and Y=1..4 uniquely generates CITY21-4. Golden line 28.
objects,CITY20-4,"For each city index X from 1 to 29 and location index Y from 1 to 4, cityX-Y is a location in cityX, and cityX-4 is an airport.",deterministic_rule,true,covered,Substitution in X=1..29 and Y=1..4 uniquely generates CITY20-4. Golden line 28.
objects,CITY19-4,"For each city index X from 1 to 29 and location index Y from 1 to 4, cityX-Y is a location in cityX, and cityX-4 is an airport.",deterministic_rule,true,covered,Substitution in X=1..29 and Y=1..4 uniquely generates CITY19-4. Golden line 28.
objects,CITY18-4,"For each city index X from 1 to 29 and location index Y from 1 to 4, cityX-Y is a location in cityX, and cityX-4 is an airport.",deterministic_rule,true,covered,Substitution in X=1..29 and Y=1..4 uniquely generates CITY18-4. Golden line 28.
objects,CITY17-4,"For each city index X from 1 to 29 and location index Y from 1 to 4, cityX-Y is a location in cityX, and cityX-4 is an airport.",deterministic_rule,true,covered,Substitution in X=1..29 and Y=1..4 uniquely generates CITY17-4. Golden line 29.
objects,CITY16-4,"For each city index X from 1 to 29 and location index Y from 1 to 4, cityX-Y is a location in cityX, and cityX-4 is an airport.",deterministic_rule,true,covered,Substitution in X=1..29 and Y=1..4 uniquely generates CITY16-4. Golden line 29.
objects,CITY15-4,"For each city index X from 1 to 29 and location index Y from 1 to 4, cityX-Y is a location in cityX, and cityX-4 is an airport.",deterministic_rule,true,covered,Substitution in X=1..29 and Y=1..4 uniquely generates CITY15-4. Golden line 29.
objects,CITY14-4,"For each city index X from 1 to 29 and location index Y from 1 to 4, cityX-Y is a location in cityX, and cityX-4 is an airport.",deterministic_rule,true,covered,Substitution in X=1..29 and Y=1..4 uniquely generates CITY14-4. Golden line 29.
objects,CITY13-4,"For each city index X from 1 to 29 and location index Y from 1 to 4, cityX-Y is a location in cityX, and cityX-4 is an airport.",deterministic_rule,true,covered,Substitution in X=1..29 and Y=1..4 uniquely generates CITY13-4. Golden line 29.
objects,CITY12-4,"For each city index X from 1 to 29 and location index Y from 1 to 4, cityX-Y is a location in cityX, and cityX-4 is an airport.",deterministic_rule,true,covered,Substitution in X=1..29 and Y=1..4 uniquely generates CITY12-4. Golden line 29.
objects,CITY11-4,"For each city index X from 1 to 29 and location index Y from 1 to 4, cityX-Y is a location in cityX, and cityX-4 is an airport.",deterministic_rule,true,covered,Substitution in X=1..29 and Y=1..4 uniquely generates CITY11-4. Golden line 29.
objects,CITY10-4,"For each city index X from 1 to 29 and location index Y from 1 to 4, cityX-Y is a location in cityX, and cityX-4 is an airport.",deterministic_rule,true,covered,Substitution in X=1..29 and Y=1..4 uniquely generates CITY10-4. Golden line 30.
objects,CITY9-4,"For each city index X from 1 to 29 and location index Y from 1 to 4, cityX-Y is a location in cityX, and cityX-4 is an airport.",deterministic_rule,true,covered,Substitution in X=1..29 and Y=1..4 uniquely generates CITY9-4. Golden line 30.
objects,CITY8-4,"For each city index X from 1 to 29 and location index Y from 1 to 4, cityX-Y is a location in cityX, and cityX-4 is an airport.",deterministic_rule,true,covered,Substitution in X=1..29 and Y=1..4 uniquely generates CITY8-4. Golden line 30.
objects,CITY7-4,"For each city index X from 1 to 29 and location index Y from 1 to 4, cityX-Y is a location in cityX, and cityX-4 is an airport.",deterministic_rule,true,covered,Substitution in X=1..29 and Y=1..4 uniquely generates CITY7-4. Golden line 30.
objects,CITY6-4,"For each city index X from 1 to 29 and location index Y from 1 to 4, cityX-Y is a location in cityX, and cityX-4 is an airport.",deterministic_rule,true,covered,Substitution in X=1..29 and Y=1..4 uniquely generates CITY6-4. Golden line 30.
objects,CITY5-4,"For each city index X from 1 to 29 and location index Y from 1 to 4, cityX-Y is a location in cityX, and cityX-4 is an airport.",deterministic_rule,true,covered,Substitution in X=1..29 and Y=1..4 uniquely generates CITY5-4. Golden line 30.
objects,CITY4-4,"For each city index X from 1 to 29 and location index Y from 1 to 4, cityX-Y is a location in cityX, and cityX-4 is an airport.",deterministic_rule,true,covered,Substitution in X=1..29 and Y=1..4 uniquely generates CITY4-4. Golden line 30.
objects,CITY3-4,"For each city index X from 1 to 29 and location index Y from 1 to 4, cityX-Y is a location in cityX, and cityX-4 is an airport.",deterministic_rule,true,covered,Substitution in X=1..29 and Y=1..4 uniquely generates CITY3-4. Golden line 31.
objects,CITY2-4,"For each city index X from 1 to 29 and location index Y from 1 to 4, cityX-Y is a location in cityX, and cityX-4 is an airport.",deterministic_rule,true,covered,Substitution in X=1..29 and Y=1..4 uniquely generates CITY2-4. Golden line 31.
objects,CITY1-4,"For each city index X from 1 to 29 and location index Y from 1 to 4, cityX-Y is a location in cityX, and cityX-4 is an airport.",deterministic_rule,true,covered,Substitution in X=1..29 and Y=1..4 uniquely generates CITY1-4. Golden line 31.
init,(PACKAGE PACKAGE23),Packages 23 through 1 are designated as packages.,deterministic_rule,true,covered,The package range covers (PACKAGE PACKAGE23). Golden line 32.
init,(PACKAGE PACKAGE22),Packages 23 through 1 are designated as packages.,deterministic_rule,true,covered,The package range covers (PACKAGE PACKAGE22). Golden line 33.
init,(PACKAGE PACKAGE21),Packages 23 through 1 are designated as packages.,deterministic_rule,true,covered,The package range covers (PACKAGE PACKAGE21). Golden line 34.
init,(PACKAGE PACKAGE20),Packages 23 through 1 are designated as packages.,deterministic_rule,true,covered,The package range covers (PACKAGE PACKAGE20). Golden line 35.
init,(PACKAGE PACKAGE19),Packages 23 through 1 are designated as packages.,deterministic_rule,true,covered,The package range covers (PACKAGE PACKAGE19). Golden line 36.
init,(PACKAGE PACKAGE18),Packages 23 through 1 are designated as packages.,deterministic_rule,true,covered,The package range covers (PACKAGE PACKAGE18). Golden line 37.
init,(PACKAGE PACKAGE17),Packages 23 through 1 are designated as packages.,deterministic_rule,true,covered,The package range covers (PACKAGE PACKAGE17). Golden line 38.
init,(PACKAGE PACKAGE16),Packages 23 through 1 are designated as packages.,deterministic_rule,true,covered,The package range covers (PACKAGE PACKAGE16). Golden line 39.
init,(PACKAGE PACKAGE15),Packages 23 through 1 are designated as packages.,deterministic_rule,true,covered,The package range covers (PACKAGE PACKAGE15). Golden line 40.
init,(PACKAGE PACKAGE14),Packages 23 through 1 are designated as packages.,deterministic_rule,true,covered,The package range covers (PACKAGE PACKAGE14). Golden line 41.
init,(PACKAGE PACKAGE13),Packages 23 through 1 are designated as packages.,deterministic_rule,true,covered,The package range covers (PACKAGE PACKAGE13). Golden line 42.
init,(PACKAGE PACKAGE12),Packages 23 through 1 are designated as packages.,deterministic_rule,true,covered,The package range covers (PACKAGE PACKAGE12). Golden line 43.
init,(PACKAGE PACKAGE11),Packages 23 through 1 are designated as packages.,deterministic_rule,true,covered,The package range covers (PACKAGE PACKAGE11). Golden line 44.
init,(PACKAGE PACKAGE10),Packages 23 through 1 are designated as packages.,deterministic_rule,true,covered,The package range covers (PACKAGE PACKAGE10). Golden line 45.
init,(PACKAGE PACKAGE9),Packages 23 through 1 are designated as packages.,deterministic_rule,true,covered,The package range covers (PACKAGE PACKAGE9). Golden line 46.
init,(PACKAGE PACKAGE8),Packages 23 through 1 are designated as packages.,deterministic_rule,true,covered,The package range covers (PACKAGE PACKAGE8). Golden line 47.
init,(PACKAGE PACKAGE7),Packages 23 through 1 are designated as packages.,deterministic_rule,true,covered,The package range covers (PACKAGE PACKAGE7). Golden line 48.
init,(PACKAGE PACKAGE6),Packages 23 through 1 are designated as packages.,deterministic_rule,true,covered,The package range covers (PACKAGE PACKAGE6). Golden line 49.
init,(PACKAGE PACKAGE5),Packages 23 through 1 are designated as packages.,deterministic_rule,true,covered,The package range covers (PACKAGE PACKAGE5). Golden line 50.
init,(PACKAGE PACKAGE4),Packages 23 through 1 are designated as packages.,deterministic_rule,true,covered,The package range covers (PACKAGE PACKAGE4). Golden line 51.
init,(PACKAGE PACKAGE3),Packages 23 through 1 are designated as packages.,deterministic_rule,true,covered,The package range covers (PACKAGE PACKAGE3). Golden line 52.
init,(PACKAGE PACKAGE2),Packages 23 through 1 are designated as packages.,deterministic_rule,true,covered,The package range covers (PACKAGE PACKAGE2). Golden line 53.
init,(PACKAGE PACKAGE1),Packages 23 through 1 are designated as packages.,deterministic_rule,true,covered,The package range covers (PACKAGE PACKAGE1). Golden line 54.
init,(CITY CITY29),"Cities 29 through 1 are identified as cities, and each city has a set of locations.",deterministic_rule,true,covered,The city range covers (CITY CITY29). Golden line 55.
init,(CITY CITY28),"Cities 29 through 1 are identified as cities, and each city has a set of locations.",deterministic_rule,true,covered,The city range covers (CITY CITY28). Golden line 56.
init,(CITY CITY27),"Cities 29 through 1 are identified as cities, and each city has a set of locations.",deterministic_rule,true,covered,The city range covers (CITY CITY27). Golden line 57.
init,(CITY CITY26),"Cities 29 through 1 are identified as cities, and each city has a set of locations.",deterministic_rule,true,covered,The city range covers (CITY CITY26). Golden line 58.
init,(CITY CITY25),"Cities 29 through 1 are identified as cities, and each city has a set of locations.",deterministic_rule,true,covered,The city range covers (CITY CITY25). Golden line 59.
init,(CITY CITY24),"Cities 29 through 1 are identified as cities, and each city has a set of locations.",deterministic_rule,true,covered,The city range covers (CITY CITY24). Golden line 60.
init,(CITY CITY23),"Cities 29 through 1 are identified as cities, and each city has a set of locations.",deterministic_rule,true,covered,The city range covers (CITY CITY23). Golden line 61.
init,(CITY CITY22),"Cities 29 through 1 are identified as cities, and each city has a set of locations.",deterministic_rule,true,covered,The city range covers (CITY CITY22). Golden line 62.
init,(CITY CITY21),"Cities 29 through 1 are identified as cities, and each city has a set of locations.",deterministic_rule,true,covered,The city range covers (CITY CITY21). Golden line 63.
init,(CITY CITY20),"Cities 29 through 1 are identified as cities, and each city has a set of locations.",deterministic_rule,true,covered,The city range covers (CITY CITY20). Golden line 64.
init,(CITY CITY19),"Cities 29 through 1 are identified as cities, and each city has a set of locations.",deterministic_rule,true,covered,The city range covers (CITY CITY19). Golden line 65.
init,(CITY CITY18),"Cities 29 through 1 are identified as cities, and each city has a set of locations.",deterministic_rule,true,covered,The city range covers (CITY CITY18). Golden line 66.
init,(CITY CITY17),"Cities 29 through 1 are identified as cities, and each city has a set of locations.",deterministic_rule,true,covered,The city range covers (CITY CITY17). Golden line 67.
init,(CITY CITY16),"Cities 29 through 1 are identified as cities, and each city has a set of locations.",deterministic_rule,true,covered,The city range covers (CITY CITY16). Golden line 68.
init,(CITY CITY15),"Cities 29 through 1 are identified as cities, and each city has a set of locations.",deterministic_rule,true,covered,The city range covers (CITY CITY15). Golden line 69.
init,(CITY CITY14),"Cities 29 through 1 are identified as cities, and each city has a set of locations.",deterministic_rule,true,covered,The city range covers (CITY CITY14). Golden line 70.
init,(CITY CITY13),"Cities 29 through 1 are identified as cities, and each city has a set of locations.",deterministic_rule,true,covered,The city range covers (CITY CITY13). Golden line 71.
init,(CITY CITY12),"Cities 29 through 1 are identified as cities, and each city has a set of locations.",deterministic_rule,true,covered,The city range covers (CITY CITY12). Golden line 72.
init,(CITY CITY11),"Cities 29 through 1 are identified as cities, and each city has a set of locations.",deterministic_rule,true,covered,The city range covers (CITY CITY11). Golden line 73.
init,(CITY CITY10),"Cities 29 through 1 are identified as cities, and each city has a set of locations.",deterministic_rule,true,covered,The city range covers (CITY CITY10). Golden line 74.
init,(CITY CITY9),"Cities 29 through 1 are identified as cities, and each city has a set of locations.",deterministic_rule,true,covered,The city range covers (CITY CITY9). Golden line 75.
init,(CITY CITY8),"Cities 29 through 1 are identified as cities, and each city has a set of locations.",deterministic_rule,true,covered,The city range covers (CITY CITY8). Golden line 76.
init,(CITY CITY7),"Cities 29 through 1 are identified as cities, and each city has a set of locations.",deterministic_rule,true,covered,The city range covers (CITY CITY7). Golden line 77.
init,(CITY CITY6),"Cities 29 through 1 are identified as cities, and each city has a set of locations.",deterministic_rule,true,covered,The city range covers (CITY CITY6). Golden line 78.
init,(CITY CITY5),"Cities 29 through 1 are identified as cities, and each city has a set of locations.",deterministic_rule,true,covered,The city range covers (CITY CITY5). Golden line 79.
init,(CITY CITY4),"Cities 29 through 1 are identified as cities, and each city has a set of locations.",deterministic_rule,true,covered,The city range covers (CITY CITY4). Golden line 80.
init,(CITY CITY3),"Cities 29 through 1 are identified as cities, and each city has a set of locations.",deterministic_rule,true,covered,The city range covers (CITY CITY3). Golden line 81.
init,(CITY CITY2),"Cities 29 through 1 are identified as cities, and each city has a set of locations.",deterministic_rule,true,covered,The city range covers (CITY CITY2). Golden line 82.
init,(CITY CITY1),"Cities 29 through 1 are identified as cities, and each city has a set of locations.",deterministic_rule,true,covered,The city range covers (CITY CITY1). Golden line 83.
init,(TRUCK TRUCK29),"A fleet of trucks, labeled as truck 29 through truck 1, and airplanes, labeled as plane 9 through plane 1, are part of the logistics network.",deterministic_rule,true,covered,The bounded vehicle range covers (TRUCK TRUCK29). Golden line 84.
init,(TRUCK TRUCK28),"A fleet of trucks, labeled as truck 29 through truck 1, and airplanes, labeled as plane 9 through plane 1, are part of the logistics network.",deterministic_rule,true,covered,The bounded vehicle range covers (TRUCK TRUCK28). Golden line 85.
init,(TRUCK TRUCK27),"A fleet of trucks, labeled as truck 29 through truck 1, and airplanes, labeled as plane 9 through plane 1, are part of the logistics network.",deterministic_rule,true,covered,The bounded vehicle range covers (TRUCK TRUCK27). Golden line 86.
init,(TRUCK TRUCK26),"A fleet of trucks, labeled as truck 29 through truck 1, and airplanes, labeled as plane 9 through plane 1, are part of the logistics network.",deterministic_rule,true,covered,The bounded vehicle range covers (TRUCK TRUCK26). Golden line 87.
init,(TRUCK TRUCK25),"A fleet of trucks, labeled as truck 29 through truck 1, and airplanes, labeled as plane 9 through plane 1, are part of the logistics network.",deterministic_rule,true,covered,The bounded vehicle range covers (TRUCK TRUCK25). Golden line 88.
init,(TRUCK TRUCK24),"A fleet of trucks, labeled as truck 29 through truck 1, and airplanes, labeled as plane 9 through plane 1, are part of the logistics network.",deterministic_rule,true,covered,The bounded vehicle range covers (TRUCK TRUCK24). Golden line 89.
init,(TRUCK TRUCK23),"A fleet of trucks, labeled as truck 29 through truck 1, and airplanes, labeled as plane 9 through plane 1, are part of the logistics network.",deterministic_rule,true,covered,The bounded vehicle range covers (TRUCK TRUCK23). Golden line 90.
init,(TRUCK TRUCK22),"A fleet of trucks, labeled as truck 29 through truck 1, and airplanes, labeled as plane 9 through plane 1, are part of the logistics network.",deterministic_rule,true,covered,The bounded vehicle range covers (TRUCK TRUCK22). Golden line 91.
init,(TRUCK TRUCK21),"A fleet of trucks, labeled as truck 29 through truck 1, and airplanes, labeled as plane 9 through plane 1, are part of the logistics network.",deterministic_rule,true,covered,The bounded vehicle range covers (TRUCK TRUCK21). Golden line 92.
init,(TRUCK TRUCK20),"A fleet of trucks, labeled as truck 29 through truck 1, and airplanes, labeled as plane 9 through plane 1, are part of the logistics network.",deterministic_rule,true,covered,The bounded vehicle range covers (TRUCK TRUCK20). Golden line 93.
init,(TRUCK TRUCK19),"A fleet of trucks, labeled as truck 29 through truck 1, and airplanes, labeled as plane 9 through plane 1, are part of the logistics network.",deterministic_rule,true,covered,The bounded vehicle range covers (TRUCK TRUCK19). Golden line 94.
init,(TRUCK TRUCK18),"A fleet of trucks, labeled as truck 29 through truck 1, and airplanes, labeled as plane 9 through plane 1, are part of the logistics network.",deterministic_rule,true,covered,The bounded vehicle range covers (TRUCK TRUCK18). Golden line 95.
init,(TRUCK TRUCK17),"A fleet of trucks, labeled as truck 29 through truck 1, and airplanes, labeled as plane 9 through plane 1, are part of the logistics network.",deterministic_rule,true,covered,The bounded vehicle range covers (TRUCK TRUCK17). Golden line 96.
init,(TRUCK TRUCK16),"A fleet of trucks, labeled as truck 29 through truck 1, and airplanes, labeled as plane 9 through plane 1, are part of the logistics network.",deterministic_rule,true,covered,The bounded vehicle range covers (TRUCK TRUCK16). Golden line 97.
init,(TRUCK TRUCK15),"A fleet of trucks, labeled as truck 29 through truck 1, and airplanes, labeled as plane 9 through plane 1, are part of the logistics network.",deterministic_rule,true,covered,The bounded vehicle range covers (TRUCK TRUCK15). Golden line 98.
init,(TRUCK TRUCK14),"A fleet of trucks, labeled as truck 29 through truck 1, and airplanes, labeled as plane 9 through plane 1, are part of the logistics network.",deterministic_rule,true,covered,The bounded vehicle range covers (TRUCK TRUCK14). Golden line 99.
init,(TRUCK TRUCK13),"A fleet of trucks, labeled as truck 29 through truck 1, and airplanes, labeled as plane 9 through plane 1, are part of the logistics network.",deterministic_rule,true,covered,The bounded vehicle range covers (TRUCK TRUCK13). Golden line 100.
init,(TRUCK TRUCK12),"A fleet of trucks, labeled as truck 29 through truck 1, and airplanes, labeled as plane 9 through plane 1, are part of the logistics network.",deterministic_rule,true,covered,The bounded vehicle range covers (TRUCK TRUCK12). Golden line 101.
init,(TRUCK TRUCK11),"A fleet of trucks, labeled as truck 29 through truck 1, and airplanes, labeled as plane 9 through plane 1, are part of the logistics network.",deterministic_rule,true,covered,The bounded vehicle range covers (TRUCK TRUCK11). Golden line 102.
init,(TRUCK TRUCK10),"A fleet of trucks, labeled as truck 29 through truck 1, and airplanes, labeled as plane 9 through plane 1, are part of the logistics network.",deterministic_rule,true,covered,The bounded vehicle range covers (TRUCK TRUCK10). Golden line 103.
init,(TRUCK TRUCK9),"A fleet of trucks, labeled as truck 29 through truck 1, and airplanes, labeled as plane 9 through plane 1, are part of the logistics network.",deterministic_rule,true,covered,The bounded vehicle range covers (TRUCK TRUCK9). Golden line 104.
init,(TRUCK TRUCK8),"A fleet of trucks, labeled as truck 29 through truck 1, and airplanes, labeled as plane 9 through plane 1, are part of the logistics network.",deterministic_rule,true,covered,The bounded vehicle range covers (TRUCK TRUCK8). Golden line 105.
init,(TRUCK TRUCK7),"A fleet of trucks, labeled as truck 29 through truck 1, and airplanes, labeled as plane 9 through plane 1, are part of the logistics network.",deterministic_rule,true,covered,The bounded vehicle range covers (TRUCK TRUCK7). Golden line 106.
init,(TRUCK TRUCK6),"A fleet of trucks, labeled as truck 29 through truck 1, and airplanes, labeled as plane 9 through plane 1, are part of the logistics network.",deterministic_rule,true,covered,The bounded vehicle range covers (TRUCK TRUCK6). Golden line 107.
init,(TRUCK TRUCK5),"A fleet of trucks, labeled as truck 29 through truck 1, and airplanes, labeled as plane 9 through plane 1, are part of the logistics network.",deterministic_rule,true,covered,The bounded vehicle range covers (TRUCK TRUCK5). Golden line 108.
init,(TRUCK TRUCK4),"A fleet of trucks, labeled as truck 29 through truck 1, and airplanes, labeled as plane 9 through plane 1, are part of the logistics network.",deterministic_rule,true,covered,The bounded vehicle range covers (TRUCK TRUCK4). Golden line 109.
init,(TRUCK TRUCK3),"A fleet of trucks, labeled as truck 29 through truck 1, and airplanes, labeled as plane 9 through plane 1, are part of the logistics network.",deterministic_rule,true,covered,The bounded vehicle range covers (TRUCK TRUCK3). Golden line 110.
init,(TRUCK TRUCK2),"A fleet of trucks, labeled as truck 29 through truck 1, and airplanes, labeled as plane 9 through plane 1, are part of the logistics network.",deterministic_rule,true,covered,The bounded vehicle range covers (TRUCK TRUCK2). Golden line 111.
init,(TRUCK TRUCK1),"A fleet of trucks, labeled as truck 29 through truck 1, and airplanes, labeled as plane 9 through plane 1, are part of the logistics network.",deterministic_rule,true,covered,The bounded vehicle range covers (TRUCK TRUCK1). Golden line 112.
init,(AIRPLANE PLANE9),"A fleet of trucks, labeled as truck 29 through truck 1, and airplanes, labeled as plane 9 through plane 1, are part of the logistics network.",deterministic_rule,true,covered,The bounded vehicle range covers (AIRPLANE PLANE9). Golden line 113.
init,(AIRPLANE PLANE8),"A fleet of trucks, labeled as truck 29 through truck 1, and airplanes, labeled as plane 9 through plane 1, are part of the logistics network.",deterministic_rule,true,covered,The bounded vehicle range covers (AIRPLANE PLANE8). Golden line 114.
init,(AIRPLANE PLANE7),"A fleet of trucks, labeled as truck 29 through truck 1, and airplanes, labeled as plane 9 through plane 1, are part of the logistics network.",deterministic_rule,true,covered,The bounded vehicle range covers (AIRPLANE PLANE7). Golden line 115.
init,(AIRPLANE PLANE6),"A fleet of trucks, labeled as truck 29 through truck 1, and airplanes, labeled as plane 9 through plane 1, are part of the logistics network.",deterministic_rule,true,covered,The bounded vehicle range covers (AIRPLANE PLANE6). Golden line 116.
init,(AIRPLANE PLANE5),"A fleet of trucks, labeled as truck 29 through truck 1, and airplanes, labeled as plane 9 through plane 1, are part of the logistics network.",deterministic_rule,true,covered,The bounded vehicle range covers (AIRPLANE PLANE5). Golden line 117.
init,(AIRPLANE PLANE4),"A fleet of trucks, labeled as truck 29 through truck 1, and airplanes, labeled as plane 9 through plane 1, are part of the logistics network.",deterministic_rule,true,covered,The bounded vehicle range covers (AIRPLANE PLANE4). Golden line 118.
init,(AIRPLANE PLANE3),"A fleet of trucks, labeled as truck 29 through truck 1, and airplanes, labeled as plane 9 through plane 1, are part of the logistics network.",deterministic_rule,true,covered,The bounded vehicle range covers (AIRPLANE PLANE3). Golden line 119.
init,(AIRPLANE PLANE2),"A fleet of trucks, labeled as truck 29 through truck 1, and airplanes, labeled as plane 9 through plane 1, are part of the logistics network.",deterministic_rule,true,covered,The bounded vehicle range covers (AIRPLANE PLANE2). Golden line 120.
init,(AIRPLANE PLANE1),"A fleet of trucks, labeled as truck 29 through truck 1, and airplanes, labeled as plane 9 through plane 1, are part of the logistics network.",deterministic_rule,true,covered,The bounded vehicle range covers (AIRPLANE PLANE1). Golden line 121.
init,(LOCATION CITY29-3),"For each city index X from 1 to 29 and location index Y from 1 to 4, cityX-Y is a location in cityX, and cityX-4 is an airport.",deterministic_rule,true,covered,The complete X/Y rule yields (LOCATION CITY29-3) without extra siblings. Golden line 122.
init,(LOCATION CITY29-2),"For each city index X from 1 to 29 and location index Y from 1 to 4, cityX-Y is a location in cityX, and cityX-4 is an airport.",deterministic_rule,true,covered,The complete X/Y rule yields (LOCATION CITY29-2) without extra siblings. Golden line 123.
init,(LOCATION CITY29-1),"For each city index X from 1 to 29 and location index Y from 1 to 4, cityX-Y is a location in cityX, and cityX-4 is an airport.",deterministic_rule,true,covered,The complete X/Y rule yields (LOCATION CITY29-1) without extra siblings. Golden line 124.
init,(LOCATION CITY28-3),"For each city index X from 1 to 29 and location index Y from 1 to 4, cityX-Y is a location in cityX, and cityX-4 is an airport.",deterministic_rule,true,covered,The complete X/Y rule yields (LOCATION CITY28-3) without extra siblings. Golden line 125.
init,(LOCATION CITY28-2),"For each city index X from 1 to 29 and location index Y from 1 to 4, cityX-Y is a location in cityX, and cityX-4 is an airport.",deterministic_rule,true,covered,The complete X/Y rule yields (LOCATION CITY28-2) without extra siblings. Golden line 126.
init,(LOCATION CITY28-1),"For each city index X from 1 to 29 and location index Y from 1 to 4, cityX-Y is a location in cityX, and cityX-4 is an airport.",deterministic_rule,true,covered,The complete X/Y rule yields (LOCATION CITY28-1) without extra siblings. Golden line 127.
init,(LOCATION CITY27-3),"For each city index X from 1 to 29 and location index Y from 1 to 4, cityX-Y is a location in cityX, and cityX-4 is an airport.",deterministic_rule,true,covered,The complete X/Y rule yields (LOCATION CITY27-3) without extra siblings. Golden line 128.
init,(LOCATION CITY27-2),"For each city index X from 1 to 29 and location index Y from 1 to 4, cityX-Y is a location in cityX, and cityX-4 is an airport.",deterministic_rule,true,covered,The complete X/Y rule yields (LOCATION CITY27-2) without extra siblings. Golden line 129.
init,(LOCATION CITY27-1),"For each city index X from 1 to 29 and location index Y from 1 to 4, cityX-Y is a location in cityX, and cityX-4 is an airport.",deterministic_rule,true,covered,The complete X/Y rule yields (LOCATION CITY27-1) without extra siblings. Golden line 130.
init,(LOCATION CITY26-3),"For each city index X from 1 to 29 and location index Y from 1 to 4, cityX-Y is a location in cityX, and cityX-4 is an airport.",deterministic_rule,true,covered,The complete X/Y rule yields (LOCATION CITY26-3) without extra siblings. Golden line 131.
init,(LOCATION CITY26-2),"For each city index X from 1 to 29 and location index Y from 1 to 4, cityX-Y is a location in cityX, and cityX-4 is an airport.",deterministic_rule,true,covered,The complete X/Y rule yields (LOCATION CITY26-2) without extra siblings. Golden line 132.
init,(LOCATION CITY26-1),"For each city index X from 1 to 29 and location index Y from 1 to 4, cityX-Y is a location in cityX, and cityX-4 is an airport.",deterministic_rule,true,covered,The complete X/Y rule yields (LOCATION CITY26-1) without extra siblings. Golden line 133.
init,(LOCATION CITY25-3),"For each city index X from 1 to 29 and location index Y from 1 to 4, cityX-Y is a location in cityX, and cityX-4 is an airport.",deterministic_rule,true,covered,The complete X/Y rule yields (LOCATION CITY25-3) without extra siblings. Golden line 134.
init,(LOCATION CITY25-2),"For each city index X from 1 to 29 and location index Y from 1 to 4, cityX-Y is a location in cityX, and cityX-4 is an airport.",deterministic_rule,true,covered,The complete X/Y rule yields (LOCATION CITY25-2) without extra siblings. Golden line 135.
init,(LOCATION CITY25-1),"For each city index X from 1 to 29 and location index Y from 1 to 4, cityX-Y is a location in cityX, and cityX-4 is an airport.",deterministic_rule,true,covered,The complete X/Y rule yields (LOCATION CITY25-1) without extra siblings. Golden line 136.
init,(LOCATION CITY24-3),"For each city index X from 1 to 29 and location index Y from 1 to 4, cityX-Y is a location in cityX, and cityX-4 is an airport.",deterministic_rule,true,covered,The complete X/Y rule yields (LOCATION CITY24-3) without extra siblings. Golden line 137.
init,(LOCATION CITY24-2),"For each city index X from 1 to 29 and location index Y from 1 to 4, cityX-Y is a location in cityX, and cityX-4 is an airport.",deterministic_rule,true,covered,The complete X/Y rule yields (LOCATION CITY24-2) without extra siblings. Golden line 138.
init,(LOCATION CITY24-1),"For each city index X from 1 to 29 and location index Y from 1 to 4, cityX-Y is a location in cityX, and cityX-4 is an airport.",deterministic_rule,true,covered,The complete X/Y rule yields (LOCATION CITY24-1) without extra siblings. Golden line 139.
init,(LOCATION CITY23-3),"For each city index X from 1 to 29 and location index Y from 1 to 4, cityX-Y is a location in cityX, and cityX-4 is an airport.",deterministic_rule,true,covered,The complete X/Y rule yields (LOCATION CITY23-3) without extra siblings. Golden line 140.
init,(LOCATION CITY23-2),"For each city index X from 1 to 29 and location index Y from 1 to 4, cityX-Y is a location in cityX, and cityX-4 is an airport.",deterministic_rule,true,covered,The complete X/Y rule yields (LOCATION CITY23-2) without extra siblings. Golden line 141.
init,(LOCATION CITY23-1),"For each city index X from 1 to 29 and location index Y from 1 to 4, cityX-Y is a location in cityX, and cityX-4 is an airport.",deterministic_rule,true,covered,The complete X/Y rule yields (LOCATION CITY23-1) without extra siblings. Golden line 142.
init,(LOCATION CITY22-3),"For each city index X from 1 to 29 and location index Y from 1 to 4, cityX-Y is a location in cityX, and cityX-4 is an airport.",deterministic_rule,true,covered,The complete X/Y rule yields (LOCATION CITY22-3) without extra siblings. Golden line 143.
init,(LOCATION CITY22-2),"For each city index X from 1 to 29 and location index Y from 1 to 4, cityX-Y is a location in cityX, and cityX-4 is an airport.",deterministic_rule,true,covered,The complete X/Y rule yields (LOCATION CITY22-2) without extra siblings. Golden line 144.
init,(LOCATION CITY22-1),"For each city index X from 1 to 29 and location index Y from 1 to 4, cityX-Y is a location in cityX, and cityX-4 is an airport.",deterministic_rule,true,covered,The complete X/Y rule yields (LOCATION CITY22-1) without extra siblings. Golden line 145.
init,(LOCATION CITY21-3),"For each city index X from 1 to 29 and location index Y from 1 to 4, cityX-Y is a location in cityX, and cityX-4 is an airport.",deterministic_rule,true,covered,The complete X/Y rule yields (LOCATION CITY21-3) without extra siblings. Golden line 146.
init,(LOCATION CITY21-2),"For each city index X from 1 to 29 and location index Y from 1 to 4, cityX-Y is a location in cityX, and cityX-4 is an airport.",deterministic_rule,true,covered,The complete X/Y rule yields (LOCATION CITY21-2) without extra siblings. Golden line 147.
init,(LOCATION CITY21-1),"For each city index X from 1 to 29 and location index Y from 1 to 4, cityX-Y is a location in cityX, and cityX-4 is an airport.",deterministic_rule,true,covered,The complete X/Y rule yields (LOCATION CITY21-1) without extra siblings. Golden line 148.
init,(LOCATION CITY20-3),"For each city index X from 1 to 29 and location index Y from 1 to 4, cityX-Y is a location in cityX, and cityX-4 is an airport.",deterministic_rule,true,covered,The complete X/Y rule yields (LOCATION CITY20-3) without extra siblings. Golden line 149.
init,(LOCATION CITY20-2),"For each city index X from 1 to 29 and location index Y from 1 to 4, cityX-Y is a location in cityX, and cityX-4 is an airport.",deterministic_rule,true,covered,The complete X/Y rule yields (LOCATION CITY20-2) without extra siblings. Golden line 150.
init,(LOCATION CITY20-1),"For each city index X from 1 to 29 and location index Y from 1 to 4, cityX-Y is a location in cityX, and cityX-4 is an airport.",deterministic_rule,true,covered,The complete X/Y rule yields (LOCATION CITY20-1) without extra siblings. Golden line 151.
init,(LOCATION CITY19-3),"For each city index X from 1 to 29 and location index Y from 1 to 4, cityX-Y is a location in cityX, and cityX-4 is an airport.",deterministic_rule,true,covered,The complete X/Y rule yields (LOCATION CITY19-3) without extra siblings. Golden line 152.
init,(LOCATION CITY19-2),"For each city index X from 1 to 29 and location index Y from 1 to 4, cityX-Y is a location in cityX, and cityX-4 is an airport.",deterministic_rule,true,covered,The complete X/Y rule yields (LOCATION CITY19-2) without extra siblings. Golden line 153.
init,(LOCATION CITY19-1),"For each city index X from 1 to 29 and location index Y from 1 to 4, cityX-Y is a location in cityX, and cityX-4 is an airport.",deterministic_rule,true,covered,The complete X/Y rule yields (LOCATION CITY19-1) without extra siblings. Golden line 154.
init,(LOCATION CITY18-3),"For each city index X from 1 to 29 and location index Y from 1 to 4, cityX-Y is a location in cityX, and cityX-4 is an airport.",deterministic_rule,true,covered,The complete X/Y rule yields (LOCATION CITY18-3) without extra siblings. Golden line 155.
init,(LOCATION CITY18-2),"For each city index X from 1 to 29 and location index Y from 1 to 4, cityX-Y is a location in cityX, and cityX-4 is an airport.",deterministic_rule,true,covered,The complete X/Y rule yields (LOCATION CITY18-2) without extra siblings. Golden line 156.
init,(LOCATION CITY18-1),"For each city index X from 1 to 29 and location index Y from 1 to 4, cityX-Y is a location in cityX, and cityX-4 is an airport.",deterministic_rule,true,covered,The complete X/Y rule yields (LOCATION CITY18-1) without extra siblings. Golden line 157.
init,(LOCATION CITY17-3),"For each city index X from 1 to 29 and location index Y from 1 to 4, cityX-Y is a location in cityX, and cityX-4 is an airport.",deterministic_rule,true,covered,The complete X/Y rule yields (LOCATION CITY17-3) without extra siblings. Golden line 158.
init,(LOCATION CITY17-2),"For each city index X from 1 to 29 and location index Y from 1 to 4, cityX-Y is a location in cityX, and cityX-4 is an airport.",deterministic_rule,true,covered,The complete X/Y rule yields (LOCATION CITY17-2) without extra siblings. Golden line 159.
init,(LOCATION CITY17-1),"For each city index X from 1 to 29 and location index Y from 1 to 4, cityX-Y is a location in cityX, and cityX-4 is an airport.",deterministic_rule,true,covered,The complete X/Y rule yields (LOCATION CITY17-1) without extra siblings. Golden line 160.
init,(LOCATION CITY16-3),"For each city index X from 1 to 29 and location index Y from 1 to 4, cityX-Y is a location in cityX, and cityX-4 is an airport.",deterministic_rule,true,covered,The complete X/Y rule yields (LOCATION CITY16-3) without extra siblings. Golden line 161.
init,(LOCATION CITY16-2),"For each city index X from 1 to 29 and location index Y from 1 to 4, cityX-Y is a location in cityX, and cityX-4 is an airport.",deterministic_rule,true,covered,The complete X/Y rule yields (LOCATION CITY16-2) without extra siblings. Golden line 162.
init,(LOCATION CITY16-1),"For each city index X from 1 to 29 and location index Y from 1 to 4, cityX-Y is a location in cityX, and cityX-4 is an airport.",deterministic_rule,true,covered,The complete X/Y rule yields (LOCATION CITY16-1) without extra siblings. Golden line 163.
init,(LOCATION CITY15-3),"For each city index X from 1 to 29 and location index Y from 1 to 4, cityX-Y is a location in cityX, and cityX-4 is an airport.",deterministic_rule,true,covered,The complete X/Y rule yields (LOCATION CITY15-3) without extra siblings. Golden line 164.
init,(LOCATION CITY15-2),"For each city index X from 1 to 29 and location index Y from 1 to 4, cityX-Y is a location in cityX, and cityX-4 is an airport.",deterministic_rule,true,covered,The complete X/Y rule yields (LOCATION CITY15-2) without extra siblings. Golden line 165.
init,(LOCATION CITY15-1),"For each city index X from 1 to 29 and location index Y from 1 to 4, cityX-Y is a location in cityX, and cityX-4 is an airport.",deterministic_rule,true,covered,The complete X/Y rule yields (LOCATION CITY15-1) without extra siblings. Golden line 166.
init,(LOCATION CITY14-3),"For each city index X from 1 to 29 and location index Y from 1 to 4, cityX-Y is a location in cityX, and cityX-4 is an airport.",deterministic_rule,true,covered,The complete X/Y rule yields (LOCATION CITY14-3) without extra siblings. Golden line 167.
init,(LOCATION CITY14-2),"For each city index X from 1 to 29 and location index Y from 1 to 4, cityX-Y is a location in cityX, and cityX-4 is an airport.",deterministic_rule,true,covered,The complete X/Y rule yields (LOCATION CITY14-2) without extra siblings. Golden line 168.
init,(LOCATION CITY14-1),"For each city index X from 1 to 29 and location index Y from 1 to 4, cityX-Y is a location in cityX, and cityX-4 is an airport.",deterministic_rule,true,covered,The complete X/Y rule yields (LOCATION CITY14-1) without extra siblings. Golden line 169.
init,(LOCATION CITY13-3),"For each city index X from 1 to 29 and location index Y from 1 to 4, cityX-Y is a location in cityX, and cityX-4 is an airport.",deterministic_rule,true,covered,The complete X/Y rule yields (LOCATION CITY13-3) without extra siblings. Golden line 170.
init,(LOCATION CITY13-2),"For each city index X from 1 to 29 and location index Y from 1 to 4, cityX-Y is a location in cityX, and cityX-4 is an airport.",deterministic_rule,true,covered,The complete X/Y rule yields (LOCATION CITY13-2) without extra siblings. Golden line 171.
init,(LOCATION CITY13-1),"For each city index X from 1 to 29 and location index Y from 1 to 4, cityX-Y is a location in cityX, and cityX-4 is an airport.",deterministic_rule,true,covered,The complete X/Y rule yields (LOCATION CITY13-1) without extra siblings. Golden line 172.
init,(LOCATION CITY12-3),"For each city index X from 1 to 29 and location index Y from 1 to 4, cityX-Y is a location in cityX, and cityX-4 is an airport.",deterministic_rule,true,covered,The complete X/Y rule yields (LOCATION CITY12-3) without extra siblings. Golden line 173.
init,(LOCATION CITY12-2),"For each city index X from 1 to 29 and location index Y from 1 to 4, cityX-Y is a location in cityX, and cityX-4 is an airport.",deterministic_rule,true,covered,The complete X/Y rule yields (LOCATION CITY12-2) without extra siblings. Golden line 174.
init,(LOCATION CITY12-1),"For each city index X from 1 to 29 and location index Y from 1 to 4, cityX-Y is a location in cityX, and cityX-4 is an airport.",deterministic_rule,true,covered,The complete X/Y rule yields (LOCATION CITY12-1) without extra siblings. Golden line 175.
init,(LOCATION CITY11-3),"For each city index X from 1 to 29 and location index Y from 1 to 4, cityX-Y is a location in cityX, and cityX-4 is an airport.",deterministic_rule,true,covered,The complete X/Y rule yields (LOCATION CITY11-3) without extra siblings. Golden line 176.
init,(LOCATION CITY11-2),"For each city index X from 1 to 29 and location index Y from 1 to 4, cityX-Y is a location in cityX, and cityX-4 is an airport.",deterministic_rule,true,covered,The complete X/Y rule yields (LOCATION CITY11-2) without extra siblings. Golden line 177.
init,(LOCATION CITY11-1),"For each city index X from 1 to 29 and location index Y from 1 to 4, cityX-Y is a location in cityX, and cityX-4 is an airport.",deterministic_rule,true,covered,The complete X/Y rule yields (LOCATION CITY11-1) without extra siblings. Golden line 178.
init,(LOCATION CITY10-3),"For each city index X from 1 to 29 and location index Y from 1 to 4, cityX-Y is a location in cityX, and cityX-4 is an airport.",deterministic_rule,true,covered,The complete X/Y rule yields (LOCATION CITY10-3) without extra siblings. Golden line 179.
init,(LOCATION CITY10-2),"For each city index X from 1 to 29 and location index Y from 1 to 4, cityX-Y is a location in cityX, and cityX-4 is an airport.",deterministic_rule,true,covered,The complete X/Y rule yields (LOCATION CITY10-2) without extra siblings. Golden line 180.
init,(LOCATION CITY10-1),"For each city index X from 1 to 29 and location index Y from 1 to 4, cityX-Y is a location in cityX, and cityX-4 is an airport.",deterministic_rule,true,covered,The complete X/Y rule yields (LOCATION CITY10-1) without extra siblings. Golden line 181.
init,(LOCATION CITY9-3),"For each city index X from 1 to 29 and location index Y from 1 to 4, cityX-Y is a location in cityX, and cityX-4 is an airport.",deterministic_rule,true,covered,The complete X/Y rule yields (LOCATION CITY9-3) without extra siblings. Golden line 182.
init,(LOCATION CITY9-2),"For each city index X from 1 to 29 and location index Y from 1 to 4, cityX-Y is a location in cityX, and cityX-4 is an airport.",deterministic_rule,true,covered,The complete X/Y rule yields (LOCATION CITY9-2) without extra siblings. Golden line 183.
init,(LOCATION CITY9-1),"For each city index X from 1 to 29 and location index Y from 1 to 4, cityX-Y is a location in cityX, and cityX-4 is an airport.",deterministic_rule,true,covered,The complete X/Y rule yields (LOCATION CITY9-1) without extra siblings. Golden line 184.
init,(LOCATION CITY8-3),"For each city index X from 1 to 29 and location index Y from 1 to 4, cityX-Y is a location in cityX, and cityX-4 is an airport.",deterministic_rule,true,covered,The complete X/Y rule yields (LOCATION CITY8-3) without extra siblings. Golden line 185.
init,(LOCATION CITY8-2),"For each city index X from 1 to 29 and location index Y from 1 to 4, cityX-Y is a location in cityX, and cityX-4 is an airport.",deterministic_rule,true,covered,The complete X/Y rule yields (LOCATION CITY8-2) without extra siblings. Golden line 186.
init,(LOCATION CITY8-1),"For each city index X from 1 to 29 and location index Y from 1 to 4, cityX-Y is a location in cityX, and cityX-4 is an airport.",deterministic_rule,true,covered,The complete X/Y rule yields (LOCATION CITY8-1) without extra siblings. Golden line 187.
init,(LOCATION CITY7-3),"For each city index X from 1 to 29 and location index Y from 1 to 4, cityX-Y is a location in cityX, and cityX-4 is an airport.",deterministic_rule,true,covered,The complete X/Y rule yields (LOCATION CITY7-3) without extra siblings. Golden line 188.
init,(LOCATION CITY7-2),"For each city index X from 1 to 29 and location index Y from 1 to 4, cityX-Y is a location in cityX, and cityX-4 is an airport.",deterministic_rule,true,covered,The complete X/Y rule yields (LOCATION CITY7-2) without extra siblings. Golden line 189.
init,(LOCATION CITY7-1),"For each city index X from 1 to 29 and location index Y from 1 to 4, cityX-Y is a location in cityX, and cityX-4 is an airport.",deterministic_rule,true,covered,The complete X/Y rule yields (LOCATION CITY7-1) without extra siblings. Golden line 190.
init,(LOCATION CITY6-3),"For each city index X from 1 to 29 and location index Y from 1 to 4, cityX-Y is a location in cityX, and cityX-4 is an airport.",deterministic_rule,true,covered,The complete X/Y rule yields (LOCATION CITY6-3) without extra siblings. Golden line 191.
init,(LOCATION CITY6-2),"For each city index X from 1 to 29 and location index Y from 1 to 4, cityX-Y is a location in cityX, and cityX-4 is an airport.",deterministic_rule,true,covered,The complete X/Y rule yields (LOCATION CITY6-2) without extra siblings. Golden line 192.
init,(LOCATION CITY6-1),"For each city index X from 1 to 29 and location index Y from 1 to 4, cityX-Y is a location in cityX, and cityX-4 is an airport.",deterministic_rule,true,covered,The complete X/Y rule yields (LOCATION CITY6-1) without extra siblings. Golden line 193.
init,(LOCATION CITY5-3),"For each city index X from 1 to 29 and location index Y from 1 to 4, cityX-Y is a location in cityX, and cityX-4 is an airport.",deterministic_rule,true,covered,The complete X/Y rule yields (LOCATION CITY5-3) without extra siblings. Golden line 194.
init,(LOCATION CITY5-2),"For each city index X from 1 to 29 and location index Y from 1 to 4, cityX-Y is a location in cityX, and cityX-4 is an airport.",deterministic_rule,true,covered,The complete X/Y rule yields (LOCATION CITY5-2) without extra siblings. Golden line 195.
init,(LOCATION CITY5-1),"For each city index X from 1 to 29 and location index Y from 1 to 4, cityX-Y is a location in cityX, and cityX-4 is an airport.",deterministic_rule,true,covered,The complete X/Y rule yields (LOCATION CITY5-1) without extra siblings. Golden line 196.
init,(LOCATION CITY4-3),"For each city index X from 1 to 29 and location index Y from 1 to 4, cityX-Y is a location in cityX, and cityX-4 is an airport.",deterministic_rule,true,covered,The complete X/Y rule yields (LOCATION CITY4-3) without extra siblings. Golden line 197.
init,(LOCATION CITY4-2),"For each city index X from 1 to 29 and location index Y from 1 to 4, cityX-Y is a location in cityX, and cityX-4 is an airport.",deterministic_rule,true,covered,The complete X/Y rule yields (LOCATION CITY4-2) without extra siblings. Golden line 198.
init,(LOCATION CITY4-1),"For each city index X from 1 to 29 and location index Y from 1 to 4, cityX-Y is a location in cityX, and cityX-4 is an airport.",deterministic_rule,true,covered,The complete X/Y rule yields (LOCATION CITY4-1) without extra siblings. Golden line 199.
init,(LOCATION CITY3-3),"For each city index X from 1 to 29 and location index Y from 1 to 4, cityX-Y is a location in cityX, and cityX-4 is an airport.",deterministic_rule,true,covered,The complete X/Y rule yields (LOCATION CITY3-3) without extra siblings. Golden line 200.
init,(LOCATION CITY3-2),"For each city index X from 1 to 29 and location index Y from 1 to 4, cityX-Y is a location in cityX, and cityX-4 is an airport.",deterministic_rule,true,covered,The complete X/Y rule yields (LOCATION CITY3-2) without extra siblings. Golden line 201.
init,(LOCATION CITY3-1),"For each city index X from 1 to 29 and location index Y from 1 to 4, cityX-Y is a location in cityX, and cityX-4 is an airport.",deterministic_rule,true,covered,The complete X/Y rule yields (LOCATION CITY3-1) without extra siblings. Golden line 202.
init,(LOCATION CITY2-3),"For each city index X from 1 to 29 and location index Y from 1 to 4, cityX-Y is a location in cityX, and cityX-4 is an airport.",deterministic_rule,true,covered,The complete X/Y rule yields (LOCATION CITY2-3) without extra siblings. Golden line 203.
init,(LOCATION CITY2-2),"For each city index X from 1 to 29 and location index Y from 1 to 4, cityX-Y is a location in cityX, and cityX-4 is an airport.",deterministic_rule,true,covered,The complete X/Y rule yields (LOCATION CITY2-2) without extra siblings. Golden line 204.
init,(LOCATION CITY2-1),"For each city index X from 1 to 29 and location index Y from 1 to 4, cityX-Y is a location in cityX, and cityX-4 is an airport.",deterministic_rule,true,covered,The complete X/Y rule yields (LOCATION CITY2-1) without extra siblings. Golden line 205.
init,(LOCATION CITY1-3),"For each city index X from 1 to 29 and location index Y from 1 to 4, cityX-Y is a location in cityX, and cityX-4 is an airport.",deterministic_rule,true,covered,The complete X/Y rule yields (LOCATION CITY1-3) without extra siblings. Golden line 206.
init,(LOCATION CITY1-2),"For each city index X from 1 to 29 and location index Y from 1 to 4, cityX-Y is a location in cityX, and cityX-4 is an airport.",deterministic_rule,true,covered,The complete X/Y rule yields (LOCATION CITY1-2) without extra siblings. Golden line 207.
init,(LOCATION CITY1-1),"For each city index X from 1 to 29 and location index Y from 1 to 4, cityX-Y is a location in cityX, and cityX-4 is an airport.",deterministic_rule,true,covered,The complete X/Y rule yields (LOCATION CITY1-1) without extra siblings. Golden line 208.
init,(AIRPORT CITY29-4),"For each city index X from 1 to 29 and location index Y from 1 to 4, cityX-Y is a location in cityX, and cityX-4 is an airport.",deterministic_rule,true,covered,The complete X/Y rule yields (AIRPORT CITY29-4) without extra siblings. Golden line 209.
init,(LOCATION CITY29-4),"For each city index X from 1 to 29 and location index Y from 1 to 4, cityX-Y is a location in cityX, and cityX-4 is an airport.",deterministic_rule,true,covered,The complete X/Y rule yields (LOCATION CITY29-4) without extra siblings. Golden line 210.
init,(AIRPORT CITY28-4),"For each city index X from 1 to 29 and location index Y from 1 to 4, cityX-Y is a location in cityX, and cityX-4 is an airport.",deterministic_rule,true,covered,The complete X/Y rule yields (AIRPORT CITY28-4) without extra siblings. Golden line 211.
init,(LOCATION CITY28-4),"For each city index X from 1 to 29 and location index Y from 1 to 4, cityX-Y is a location in cityX, and cityX-4 is an airport.",deterministic_rule,true,covered,The complete X/Y rule yields (LOCATION CITY28-4) without extra siblings. Golden line 212.
init,(AIRPORT CITY27-4),"For each city index X from 1 to 29 and location index Y from 1 to 4, cityX-Y is a location in cityX, and cityX-4 is an airport.",deterministic_rule,true,covered,The complete X/Y rule yields (AIRPORT CITY27-4) without extra siblings. Golden line 213.
init,(LOCATION CITY27-4),"For each city index X from 1 to 29 and location index Y from 1 to 4, cityX-Y is a location in cityX, and cityX-4 is an airport.",deterministic_rule,true,covered,The complete X/Y rule yields (LOCATION CITY27-4) without extra siblings. Golden line 214.
init,(AIRPORT CITY26-4),"For each city index X from 1 to 29 and location index Y from 1 to 4, cityX-Y is a location in cityX, and cityX-4 is an airport.",deterministic_rule,true,covered,The complete X/Y rule yields (AIRPORT CITY26-4) without extra siblings. Golden line 215.
init,(LOCATION CITY26-4),"For each city index X from 1 to 29 and location index Y from 1 to 4, cityX-Y is a location in cityX, and cityX-4 is an airport.",deterministic_rule,true,covered,The complete X/Y rule yields (LOCATION CITY26-4) without extra siblings. Golden line 216.
init,(AIRPORT CITY25-4),"For each city index X from 1 to 29 and location index Y from 1 to 4, cityX-Y is a location in cityX, and cityX-4 is an airport.",deterministic_rule,true,covered,The complete X/Y rule yields (AIRPORT CITY25-4) without extra siblings. Golden line 217.
init,(LOCATION CITY25-4),"For each city index X from 1 to 29 and location index Y from 1 to 4, cityX-Y is a location in cityX, and cityX-4 is an airport.",deterministic_rule,true,covered,The complete X/Y rule yields (LOCATION CITY25-4) without extra siblings. Golden line 218.
init,(AIRPORT CITY24-4),"For each city index X from 1 to 29 and location index Y from 1 to 4, cityX-Y is a location in cityX, and cityX-4 is an airport.",deterministic_rule,true,covered,The complete X/Y rule yields (AIRPORT CITY24-4) without extra siblings. Golden line 219.
init,(LOCATION CITY24-4),"For each city index X from 1 to 29 and location index Y from 1 to 4, cityX-Y is a location in cityX, and cityX-4 is an airport.",deterministic_rule,true,covered,The complete X/Y rule yields (LOCATION CITY24-4) without extra siblings. Golden line 220.
init,(AIRPORT CITY23-4),"For each city index X from 1 to 29 and location index Y from 1 to 4, cityX-Y is a location in cityX, and cityX-4 is an airport.",deterministic_rule,true,covered,The complete X/Y rule yields (AIRPORT CITY23-4) without extra siblings. Golden line 221.
init,(LOCATION CITY23-4),"For each city index X from 1 to 29 and location index Y from 1 to 4, cityX-Y is a location in cityX, and cityX-4 is an airport.",deterministic_rule,true,covered,The complete X/Y rule yields (LOCATION CITY23-4) without extra siblings. Golden line 222.
init,(AIRPORT CITY22-4),"For each city index X from 1 to 29 and location index Y from 1 to 4, cityX-Y is a location in cityX, and cityX-4 is an airport.",deterministic_rule,true,covered,The complete X/Y rule yields (AIRPORT CITY22-4) without extra siblings. Golden line 223.
init,(LOCATION CITY22-4),"For each city index X from 1 to 29 and location index Y from 1 to 4, cityX-Y is a location in cityX, and cityX-4 is an airport.",deterministic_rule,true,covered,The complete X/Y rule yields (LOCATION CITY22-4) without extra siblings. Golden line 224.
init,(AIRPORT CITY21-4),"For each city index X from 1 to 29 and location index Y from 1 to 4, cityX-Y is a location in cityX, and cityX-4 is an airport.",deterministic_rule,true,covered,The complete X/Y rule yields (AIRPORT CITY21-4) without extra siblings. Golden line 225.
init,(LOCATION CITY21-4),"For each city index X from 1 to 29 and location index Y from 1 to 4, cityX-Y is a location in cityX, and cityX-4 is an airport.",deterministic_rule,true,covered,The complete X/Y rule yields (LOCATION CITY21-4) without extra siblings. Golden line 226.
init,(AIRPORT CITY20-4),"For each city index X from 1 to 29 and location index Y from 1 to 4, cityX-Y is a location in cityX, and cityX-4 is an airport.",deterministic_rule,true,covered,The complete X/Y rule yields (AIRPORT CITY20-4) without extra siblings. Golden line 227.
init,(LOCATION CITY20-4),"For each city index X from 1 to 29 and location index Y from 1 to 4, cityX-Y is a location in cityX, and cityX-4 is an airport.",deterministic_rule,true,covered,The complete X/Y rule yields (LOCATION CITY20-4) without extra siblings. Golden line 228.
init,(AIRPORT CITY19-4),"For each city index X from 1 to 29 and location index Y from 1 to 4, cityX-Y is a location in cityX, and cityX-4 is an airport.",deterministic_rule,true,covered,The complete X/Y rule yields (AIRPORT CITY19-4) without extra siblings. Golden line 229.
init,(LOCATION CITY19-4),"For each city index X from 1 to 29 and location index Y from 1 to 4, cityX-Y is a location in cityX, and cityX-4 is an airport.",deterministic_rule,true,covered,The complete X/Y rule yields (LOCATION CITY19-4) without extra siblings. Golden line 230.
init,(AIRPORT CITY18-4),"For each city index X from 1 to 29 and location index Y from 1 to 4, cityX-Y is a location in cityX, and cityX-4 is an airport.",deterministic_rule,true,covered,The complete X/Y rule yields (AIRPORT CITY18-4) without extra siblings. Golden line 231.
init,(LOCATION CITY18-4),"For each city index X from 1 to 29 and location index Y from 1 to 4, cityX-Y is a location in cityX, and cityX-4 is an airport.",deterministic_rule,true,covered,The complete X/Y rule yields (LOCATION CITY18-4) without extra siblings. Golden line 232.
init,(AIRPORT CITY17-4),"For each city index X from 1 to 29 and location index Y from 1 to 4, cityX-Y is a location in cityX, and cityX-4 is an airport.",deterministic_rule,true,covered,The complete X/Y rule yields (AIRPORT CITY17-4) without extra siblings. Golden line 233.
init,(LOCATION CITY17-4),"For each city index X from 1 to 29 and location index Y from 1 to 4, cityX-Y is a location in cityX, and cityX-4 is an airport.",deterministic_rule,true,covered,The complete X/Y rule yields (LOCATION CITY17-4) without extra siblings. Golden line 234.
init,(AIRPORT CITY16-4),"For each city index X from 1 to 29 and location index Y from 1 to 4, cityX-Y is a location in cityX, and cityX-4 is an airport.",deterministic_rule,true,covered,The complete X/Y rule yields (AIRPORT CITY16-4) without extra siblings. Golden line 235.
init,(LOCATION CITY16-4),"For each city index X from 1 to 29 and location index Y from 1 to 4, cityX-Y is a location in cityX, and cityX-4 is an airport.",deterministic_rule,true,covered,The complete X/Y rule yields (LOCATION CITY16-4) without extra siblings. Golden line 236.
init,(AIRPORT CITY15-4),"For each city index X from 1 to 29 and location index Y from 1 to 4, cityX-Y is a location in cityX, and cityX-4 is an airport.",deterministic_rule,true,covered,The complete X/Y rule yields (AIRPORT CITY15-4) without extra siblings. Golden line 237.
init,(LOCATION CITY15-4),"For each city index X from 1 to 29 and location index Y from 1 to 4, cityX-Y is a location in cityX, and cityX-4 is an airport.",deterministic_rule,true,covered,The complete X/Y rule yields (LOCATION CITY15-4) without extra siblings. Golden line 238.
init,(AIRPORT CITY14-4),"For each city index X from 1 to 29 and location index Y from 1 to 4, cityX-Y is a location in cityX, and cityX-4 is an airport.",deterministic_rule,true,covered,The complete X/Y rule yields (AIRPORT CITY14-4) without extra siblings. Golden line 239.
init,(LOCATION CITY14-4),"For each city index X from 1 to 29 and location index Y from 1 to 4, cityX-Y is a location in cityX, and cityX-4 is an airport.",deterministic_rule,true,covered,The complete X/Y rule yields (LOCATION CITY14-4) without extra siblings. Golden line 240.
init,(AIRPORT CITY13-4),"For each city index X from 1 to 29 and location index Y from 1 to 4, cityX-Y is a location in cityX, and cityX-4 is an airport.",deterministic_rule,true,covered,The complete X/Y rule yields (AIRPORT CITY13-4) without extra siblings. Golden line 241.
init,(LOCATION CITY13-4),"For each city index X from 1 to 29 and location index Y from 1 to 4, cityX-Y is a location in cityX, and cityX-4 is an airport.",deterministic_rule,true,covered,The complete X/Y rule yields (LOCATION CITY13-4) without extra siblings. Golden line 242.
init,(AIRPORT CITY12-4),"For each city index X from 1 to 29 and location index Y from 1 to 4, cityX-Y is a location in cityX, and cityX-4 is an airport.",deterministic_rule,true,covered,The complete X/Y rule yields (AIRPORT CITY12-4) without extra siblings. Golden line 243.
init,(LOCATION CITY12-4),"For each city index X from 1 to 29 and location index Y from 1 to 4, cityX-Y is a location in cityX, and cityX-4 is an airport.",deterministic_rule,true,covered,The complete X/Y rule yields (LOCATION CITY12-4) without extra siblings. Golden line 244.
init,(AIRPORT CITY11-4),"For each city index X from 1 to 29 and location index Y from 1 to 4, cityX-Y is a location in cityX, and cityX-4 is an airport.",deterministic_rule,true,covered,The complete X/Y rule yields (AIRPORT CITY11-4) without extra siblings. Golden line 245.
init,(LOCATION CITY11-4),"For each city index X from 1 to 29 and location index Y from 1 to 4, cityX-Y is a location in cityX, and cityX-4 is an airport.",deterministic_rule,true,covered,The complete X/Y rule yields (LOCATION CITY11-4) without extra siblings. Golden line 246.
init,(AIRPORT CITY10-4),"For each city index X from 1 to 29 and location index Y from 1 to 4, cityX-Y is a location in cityX, and cityX-4 is an airport.",deterministic_rule,true,covered,The complete X/Y rule yields (AIRPORT CITY10-4) without extra siblings. Golden line 247.
init,(LOCATION CITY10-4),"For each city index X from 1 to 29 and location index Y from 1 to 4, cityX-Y is a location in cityX, and cityX-4 is an airport.",deterministic_rule,true,covered,The complete X/Y rule yields (LOCATION CITY10-4) without extra siblings. Golden line 248.
init,(AIRPORT CITY9-4),"For each city index X from 1 to 29 and location index Y from 1 to 4, cityX-Y is a location in cityX, and cityX-4 is an airport.",deterministic_rule,true,covered,The complete X/Y rule yields (AIRPORT CITY9-4) without extra siblings. Golden line 249.
init,(LOCATION CITY9-4),"For each city index X from 1 to 29 and location index Y from 1 to 4, cityX-Y is a location in cityX, and cityX-4 is an airport.",deterministic_rule,true,covered,The complete X/Y rule yields (LOCATION CITY9-4) without extra siblings. Golden line 250.
init,(AIRPORT CITY8-4),"For each city index X from 1 to 29 and location index Y from 1 to 4, cityX-Y is a location in cityX, and cityX-4 is an airport.",deterministic_rule,true,covered,The complete X/Y rule yields (AIRPORT CITY8-4) without extra siblings. Golden line 251.
init,(LOCATION CITY8-4),"For each city index X from 1 to 29 and location index Y from 1 to 4, cityX-Y is a location in cityX, and cityX-4 is an airport.",deterministic_rule,true,covered,The complete X/Y rule yields (LOCATION CITY8-4) without extra siblings. Golden line 252.
init,(AIRPORT CITY7-4),"For each city index X from 1 to 29 and location index Y from 1 to 4, cityX-Y is a location in cityX, and cityX-4 is an airport.",deterministic_rule,true,covered,The complete X/Y rule yields (AIRPORT CITY7-4) without extra siblings. Golden line 253.
init,(LOCATION CITY7-4),"For each city index X from 1 to 29 and location index Y from 1 to 4, cityX-Y is a location in cityX, and cityX-4 is an airport.",deterministic_rule,true,covered,The complete X/Y rule yields (LOCATION CITY7-4) without extra siblings. Golden line 254.
init,(AIRPORT CITY6-4),"For each city index X from 1 to 29 and location index Y from 1 to 4, cityX-Y is a location in cityX, and cityX-4 is an airport.",deterministic_rule,true,covered,The complete X/Y rule yields (AIRPORT CITY6-4) without extra siblings. Golden line 255.
init,(LOCATION CITY6-4),"For each city index X from 1 to 29 and location index Y from 1 to 4, cityX-Y is a location in cityX, and cityX-4 is an airport.",deterministic_rule,true,covered,The complete X/Y rule yields (LOCATION CITY6-4) without extra siblings. Golden line 256.
init,(AIRPORT CITY5-4),"For each city index X from 1 to 29 and location index Y from 1 to 4, cityX-Y is a location in cityX, and cityX-4 is an airport.",deterministic_rule,true,covered,The complete X/Y rule yields (AIRPORT CITY5-4) without extra siblings. Golden line 257.
init,(LOCATION CITY5-4),"For each city index X from 1 to 29 and location index Y from 1 to 4, cityX-Y is a location in cityX, and cityX-4 is an airport.",deterministic_rule,true,covered,The complete X/Y rule yields (LOCATION CITY5-4) without extra siblings. Golden line 258.
init,(AIRPORT CITY4-4),"For each city index X from 1 to 29 and location index Y from 1 to 4, cityX-Y is a location in cityX, and cityX-4 is an airport.",deterministic_rule,true,covered,The complete X/Y rule yields (AIRPORT CITY4-4) without extra siblings. Golden line 259.
init,(LOCATION CITY4-4),"For each city index X from 1 to 29 and location index Y from 1 to 4, cityX-Y is a location in cityX, and cityX-4 is an airport.",deterministic_rule,true,covered,The complete X/Y rule yields (LOCATION CITY4-4) without extra siblings. Golden line 260.
init,(AIRPORT CITY3-4),"For each city index X from 1 to 29 and location index Y from 1 to 4, cityX-Y is a location in cityX, and cityX-4 is an airport.",deterministic_rule,true,covered,The complete X/Y rule yields (AIRPORT CITY3-4) without extra siblings. Golden line 261.
init,(LOCATION CITY3-4),"For each city index X from 1 to 29 and location index Y from 1 to 4, cityX-Y is a location in cityX, and cityX-4 is an airport.",deterministic_rule,true,covered,The complete X/Y rule yields (LOCATION CITY3-4) without extra siblings. Golden line 262.
init,(AIRPORT CITY2-4),"For each city index X from 1 to 29 and location index Y from 1 to 4, cityX-Y is a location in cityX, and cityX-4 is an airport.",deterministic_rule,true,covered,The complete X/Y rule yields (AIRPORT CITY2-4) without extra siblings. Golden line 263.
init,(LOCATION CITY2-4),"For each city index X from 1 to 29 and location index Y from 1 to 4, cityX-Y is a location in cityX, and cityX-4 is an airport.",deterministic_rule,true,covered,The complete X/Y rule yields (LOCATION CITY2-4) without extra siblings. Golden line 264.
init,(AIRPORT CITY1-4),"For each city index X from 1 to 29 and location index Y from 1 to 4, cityX-Y is a location in cityX, and cityX-4 is an airport.",deterministic_rule,true,covered,The complete X/Y rule yields (AIRPORT CITY1-4) without extra siblings. Golden line 265.
init,(LOCATION CITY1-4),"For each city index X from 1 to 29 and location index Y from 1 to 4, cityX-Y is a location in cityX, and cityX-4 is an airport.",deterministic_rule,true,covered,The complete X/Y rule yields (LOCATION CITY1-4) without extra siblings. Golden line 266.
init,(IN-CITY CITY29-4 CITY29),"For each city index X from 1 to 29 and location index Y from 1 to 4, cityX-Y is a location in cityX, and cityX-4 is an airport.",deterministic_rule,true,covered,The complete X/Y rule yields (IN-CITY CITY29-4 CITY29) without extra siblings. Golden line 267.
init,(IN-CITY CITY29-3 CITY29),"For each city index X from 1 to 29 and location index Y from 1 to 4, cityX-Y is a location in cityX, and cityX-4 is an airport.",deterministic_rule,true,covered,The complete X/Y rule yields (IN-CITY CITY29-3 CITY29) without extra siblings. Golden line 268.
init,(IN-CITY CITY29-2 CITY29),"For each city index X from 1 to 29 and location index Y from 1 to 4, cityX-Y is a location in cityX, and cityX-4 is an airport.",deterministic_rule,true,covered,The complete X/Y rule yields (IN-CITY CITY29-2 CITY29) without extra siblings. Golden line 269.
init,(IN-CITY CITY29-1 CITY29),"For each city index X from 1 to 29 and location index Y from 1 to 4, cityX-Y is a location in cityX, and cityX-4 is an airport.",deterministic_rule,true,covered,The complete X/Y rule yields (IN-CITY CITY29-1 CITY29) without extra siblings. Golden line 270.
init,(IN-CITY CITY28-4 CITY28),"For each city index X from 1 to 29 and location index Y from 1 to 4, cityX-Y is a location in cityX, and cityX-4 is an airport.",deterministic_rule,true,covered,The complete X/Y rule yields (IN-CITY CITY28-4 CITY28) without extra siblings. Golden line 271.
init,(IN-CITY CITY28-3 CITY28),"For each city index X from 1 to 29 and location index Y from 1 to 4, cityX-Y is a location in cityX, and cityX-4 is an airport.",deterministic_rule,true,covered,The complete X/Y rule yields (IN-CITY CITY28-3 CITY28) without extra siblings. Golden line 272.
init,(IN-CITY CITY28-2 CITY28),"For each city index X from 1 to 29 and location index Y from 1 to 4, cityX-Y is a location in cityX, and cityX-4 is an airport.",deterministic_rule,true,covered,The complete X/Y rule yields (IN-CITY CITY28-2 CITY28) without extra siblings. Golden line 273.
init,(IN-CITY CITY28-1 CITY28),"For each city index X from 1 to 29 and location index Y from 1 to 4, cityX-Y is a location in cityX, and cityX-4 is an airport.",deterministic_rule,true,covered,The complete X/Y rule yields (IN-CITY CITY28-1 CITY28) without extra siblings. Golden line 274.
init,(IN-CITY CITY27-4 CITY27),"For each city index X from 1 to 29 and location index Y from 1 to 4, cityX-Y is a location in cityX, and cityX-4 is an airport.",deterministic_rule,true,covered,The complete X/Y rule yields (IN-CITY CITY27-4 CITY27) without extra siblings. Golden line 275.
init,(IN-CITY CITY27-3 CITY27),"For each city index X from 1 to 29 and location index Y from 1 to 4, cityX-Y is a location in cityX, and cityX-4 is an airport.",deterministic_rule,true,covered,The complete X/Y rule yields (IN-CITY CITY27-3 CITY27) without extra siblings. Golden line 276.
init,(IN-CITY CITY27-2 CITY27),"For each city index X from 1 to 29 and location index Y from 1 to 4, cityX-Y is a location in cityX, and cityX-4 is an airport.",deterministic_rule,true,covered,The complete X/Y rule yields (IN-CITY CITY27-2 CITY27) without extra siblings. Golden line 277.
init,(IN-CITY CITY27-1 CITY27),"For each city index X from 1 to 29 and location index Y from 1 to 4, cityX-Y is a location in cityX, and cityX-4 is an airport.",deterministic_rule,true,covered,The complete X/Y rule yields (IN-CITY CITY27-1 CITY27) without extra siblings. Golden line 278.
init,(IN-CITY CITY26-4 CITY26),"For each city index X from 1 to 29 and location index Y from 1 to 4, cityX-Y is a location in cityX, and cityX-4 is an airport.",deterministic_rule,true,covered,The complete X/Y rule yields (IN-CITY CITY26-4 CITY26) without extra siblings. Golden line 279.
init,(IN-CITY CITY26-3 CITY26),"For each city index X from 1 to 29 and location index Y from 1 to 4, cityX-Y is a location in cityX, and cityX-4 is an airport.",deterministic_rule,true,covered,The complete X/Y rule yields (IN-CITY CITY26-3 CITY26) without extra siblings. Golden line 280.
init,(IN-CITY CITY26-2 CITY26),"For each city index X from 1 to 29 and location index Y from 1 to 4, cityX-Y is a location in cityX, and cityX-4 is an airport.",deterministic_rule,true,covered,The complete X/Y rule yields (IN-CITY CITY26-2 CITY26) without extra siblings. Golden line 281.
init,(IN-CITY CITY26-1 CITY26),"For each city index X from 1 to 29 and location index Y from 1 to 4, cityX-Y is a location in cityX, and cityX-4 is an airport.",deterministic_rule,true,covered,The complete X/Y rule yields (IN-CITY CITY26-1 CITY26) without extra siblings. Golden line 282.
init,(IN-CITY CITY25-4 CITY25),"For each city index X from 1 to 29 and location index Y from 1 to 4, cityX-Y is a location in cityX, and cityX-4 is an airport.",deterministic_rule,true,covered,The complete X/Y rule yields (IN-CITY CITY25-4 CITY25) without extra siblings. Golden line 283.
init,(IN-CITY CITY25-3 CITY25),"For each city index X from 1 to 29 and location index Y from 1 to 4, cityX-Y is a location in cityX, and cityX-4 is an airport.",deterministic_rule,true,covered,The complete X/Y rule yields (IN-CITY CITY25-3 CITY25) without extra siblings. Golden line 284.
init,(IN-CITY CITY25-2 CITY25),"For each city index X from 1 to 29 and location index Y from 1 to 4, cityX-Y is a location in cityX, and cityX-4 is an airport.",deterministic_rule,true,covered,The complete X/Y rule yields (IN-CITY CITY25-2 CITY25) without extra siblings. Golden line 285.
init,(IN-CITY CITY25-1 CITY25),"For each city index X from 1 to 29 and location index Y from 1 to 4, cityX-Y is a location in cityX, and cityX-4 is an airport.",deterministic_rule,true,covered,The complete X/Y rule yields (IN-CITY CITY25-1 CITY25) without extra siblings. Golden line 286.
init,(IN-CITY CITY24-4 CITY24),"For each city index X from 1 to 29 and location index Y from 1 to 4, cityX-Y is a location in cityX, and cityX-4 is an airport.",deterministic_rule,true,covered,The complete X/Y rule yields (IN-CITY CITY24-4 CITY24) without extra siblings. Golden line 287.
init,(IN-CITY CITY24-3 CITY24),"For each city index X from 1 to 29 and location index Y from 1 to 4, cityX-Y is a location in cityX, and cityX-4 is an airport.",deterministic_rule,true,covered,The complete X/Y rule yields (IN-CITY CITY24-3 CITY24) without extra siblings. Golden line 288.
init,(IN-CITY CITY24-2 CITY24),"For each city index X from 1 to 29 and location index Y from 1 to 4, cityX-Y is a location in cityX, and cityX-4 is an airport.",deterministic_rule,true,covered,The complete X/Y rule yields (IN-CITY CITY24-2 CITY24) without extra siblings. Golden line 289.
init,(IN-CITY CITY24-1 CITY24),"For each city index X from 1 to 29 and location index Y from 1 to 4, cityX-Y is a location in cityX, and cityX-4 is an airport.",deterministic_rule,true,covered,The complete X/Y rule yields (IN-CITY CITY24-1 CITY24) without extra siblings. Golden line 290.
init,(IN-CITY CITY23-4 CITY23),"For each city index X from 1 to 29 and location index Y from 1 to 4, cityX-Y is a location in cityX, and cityX-4 is an airport.",deterministic_rule,true,covered,The complete X/Y rule yields (IN-CITY CITY23-4 CITY23) without extra siblings. Golden line 291.
init,(IN-CITY CITY23-3 CITY23),"For each city index X from 1 to 29 and location index Y from 1 to 4, cityX-Y is a location in cityX, and cityX-4 is an airport.",deterministic_rule,true,covered,The complete X/Y rule yields (IN-CITY CITY23-3 CITY23) without extra siblings. Golden line 292.
init,(IN-CITY CITY23-2 CITY23),"For each city index X from 1 to 29 and location index Y from 1 to 4, cityX-Y is a location in cityX, and cityX-4 is an airport.",deterministic_rule,true,covered,The complete X/Y rule yields (IN-CITY CITY23-2 CITY23) without extra siblings. Golden line 293.
init,(IN-CITY CITY23-1 CITY23),"For each city index X from 1 to 29 and location index Y from 1 to 4, cityX-Y is a location in cityX, and cityX-4 is an airport.",deterministic_rule,true,covered,The complete X/Y rule yields (IN-CITY CITY23-1 CITY23) without extra siblings. Golden line 294.
init,(IN-CITY CITY22-4 CITY22),"For each city index X from 1 to 29 and location index Y from 1 to 4, cityX-Y is a location in cityX, and cityX-4 is an airport.",deterministic_rule,true,covered,The complete X/Y rule yields (IN-CITY CITY22-4 CITY22) without extra siblings. Golden line 295.
init,(IN-CITY CITY22-3 CITY22),"For each city index X from 1 to 29 and location index Y from 1 to 4, cityX-Y is a location in cityX, and cityX-4 is an airport.",deterministic_rule,true,covered,The complete X/Y rule yields (IN-CITY CITY22-3 CITY22) without extra siblings. Golden line 296.
init,(IN-CITY CITY22-2 CITY22),"For each city index X from 1 to 29 and location index Y from 1 to 4, cityX-Y is a location in cityX, and cityX-4 is an airport.",deterministic_rule,true,covered,The complete X/Y rule yields (IN-CITY CITY22-2 CITY22) without extra siblings. Golden line 297.
init,(IN-CITY CITY22-1 CITY22),"For each city index X from 1 to 29 and location index Y from 1 to 4, cityX-Y is a location in cityX, and cityX-4 is an airport.",deterministic_rule,true,covered,The complete X/Y rule yields (IN-CITY CITY22-1 CITY22) without extra siblings. Golden line 298.
init,(IN-CITY CITY21-4 CITY21),"For each city index X from 1 to 29 and location index Y from 1 to 4, cityX-Y is a location in cityX, and cityX-4 is an airport.",deterministic_rule,true,covered,The complete X/Y rule yields (IN-CITY CITY21-4 CITY21) without extra siblings. Golden line 299.
init,(IN-CITY CITY21-3 CITY21),"For each city index X from 1 to 29 and location index Y from 1 to 4, cityX-Y is a location in cityX, and cityX-4 is an airport.",deterministic_rule,true,covered,The complete X/Y rule yields (IN-CITY CITY21-3 CITY21) without extra siblings. Golden line 300.
init,(IN-CITY CITY21-2 CITY21),"For each city index X from 1 to 29 and location index Y from 1 to 4, cityX-Y is a location in cityX, and cityX-4 is an airport.",deterministic_rule,true,covered,The complete X/Y rule yields (IN-CITY CITY21-2 CITY21) without extra siblings. Golden line 301.
init,(IN-CITY CITY21-1 CITY21),"For each city index X from 1 to 29 and location index Y from 1 to 4, cityX-Y is a location in cityX, and cityX-4 is an airport.",deterministic_rule,true,covered,The complete X/Y rule yields (IN-CITY CITY21-1 CITY21) without extra siblings. Golden line 302.
init,(IN-CITY CITY20-4 CITY20),"For each city index X from 1 to 29 and location index Y from 1 to 4, cityX-Y is a location in cityX, and cityX-4 is an airport.",deterministic_rule,true,covered,The complete X/Y rule yields (IN-CITY CITY20-4 CITY20) without extra siblings. Golden line 303.
init,(IN-CITY CITY20-3 CITY20),"For each city index X from 1 to 29 and location index Y from 1 to 4, cityX-Y is a location in cityX, and cityX-4 is an airport.",deterministic_rule,true,covered,The complete X/Y rule yields (IN-CITY CITY20-3 CITY20) without extra siblings. Golden line 304.
init,(IN-CITY CITY20-2 CITY20),"For each city index X from 1 to 29 and location index Y from 1 to 4, cityX-Y is a location in cityX, and cityX-4 is an airport.",deterministic_rule,true,covered,The complete X/Y rule yields (IN-CITY CITY20-2 CITY20) without extra siblings. Golden line 305.
init,(IN-CITY CITY20-1 CITY20),"For each city index X from 1 to 29 and location index Y from 1 to 4, cityX-Y is a location in cityX, and cityX-4 is an airport.",deterministic_rule,true,covered,The complete X/Y rule yields (IN-CITY CITY20-1 CITY20) without extra siblings. Golden line 306.
init,(IN-CITY CITY19-4 CITY19),"For each city index X from 1 to 29 and location index Y from 1 to 4, cityX-Y is a location in cityX, and cityX-4 is an airport.",deterministic_rule,true,covered,The complete X/Y rule yields (IN-CITY CITY19-4 CITY19) without extra siblings. Golden line 307.
init,(IN-CITY CITY19-3 CITY19),"For each city index X from 1 to 29 and location index Y from 1 to 4, cityX-Y is a location in cityX, and cityX-4 is an airport.",deterministic_rule,true,covered,The complete X/Y rule yields (IN-CITY CITY19-3 CITY19) without extra siblings. Golden line 308.
init,(IN-CITY CITY19-2 CITY19),"For each city index X from 1 to 29 and location index Y from 1 to 4, cityX-Y is a location in cityX, and cityX-4 is an airport.",deterministic_rule,true,covered,The complete X/Y rule yields (IN-CITY CITY19-2 CITY19) without extra siblings. Golden line 309.
init,(IN-CITY CITY19-1 CITY19),"For each city index X from 1 to 29 and location index Y from 1 to 4, cityX-Y is a location in cityX, and cityX-4 is an airport.",deterministic_rule,true,covered,The complete X/Y rule yields (IN-CITY CITY19-1 CITY19) without extra siblings. Golden line 310.
init,(IN-CITY CITY18-4 CITY18),"For each city index X from 1 to 29 and location index Y from 1 to 4, cityX-Y is a location in cityX, and cityX-4 is an airport.",deterministic_rule,true,covered,The complete X/Y rule yields (IN-CITY CITY18-4 CITY18) without extra siblings. Golden line 311.
init,(IN-CITY CITY18-3 CITY18),"For each city index X from 1 to 29 and location index Y from 1 to 4, cityX-Y is a location in cityX, and cityX-4 is an airport.",deterministic_rule,true,covered,The complete X/Y rule yields (IN-CITY CITY18-3 CITY18) without extra siblings. Golden line 312.
init,(IN-CITY CITY18-2 CITY18),"For each city index X from 1 to 29 and location index Y from 1 to 4, cityX-Y is a location in cityX, and cityX-4 is an airport.",deterministic_rule,true,covered,The complete X/Y rule yields (IN-CITY CITY18-2 CITY18) without extra siblings. Golden line 313.
init,(IN-CITY CITY18-1 CITY18),"For each city index X from 1 to 29 and location index Y from 1 to 4, cityX-Y is a location in cityX, and cityX-4 is an airport.",deterministic_rule,true,covered,The complete X/Y rule yields (IN-CITY CITY18-1 CITY18) without extra siblings. Golden line 314.
init,(IN-CITY CITY17-4 CITY17),"For each city index X from 1 to 29 and location index Y from 1 to 4, cityX-Y is a location in cityX, and cityX-4 is an airport.",deterministic_rule,true,covered,The complete X/Y rule yields (IN-CITY CITY17-4 CITY17) without extra siblings. Golden line 315.
init,(IN-CITY CITY17-3 CITY17),"For each city index X from 1 to 29 and location index Y from 1 to 4, cityX-Y is a location in cityX, and cityX-4 is an airport.",deterministic_rule,true,covered,The complete X/Y rule yields (IN-CITY CITY17-3 CITY17) without extra siblings. Golden line 316.
init,(IN-CITY CITY17-2 CITY17),"For each city index X from 1 to 29 and location index Y from 1 to 4, cityX-Y is a location in cityX, and cityX-4 is an airport.",deterministic_rule,true,covered,The complete X/Y rule yields (IN-CITY CITY17-2 CITY17) without extra siblings. Golden line 317.
init,(IN-CITY CITY17-1 CITY17),"For each city index X from 1 to 29 and location index Y from 1 to 4, cityX-Y is a location in cityX, and cityX-4 is an airport.",deterministic_rule,true,covered,The complete X/Y rule yields (IN-CITY CITY17-1 CITY17) without extra siblings. Golden line 318.
init,(IN-CITY CITY16-4 CITY16),"For each city index X from 1 to 29 and location index Y from 1 to 4, cityX-Y is a location in cityX, and cityX-4 is an airport.",deterministic_rule,true,covered,The complete X/Y rule yields (IN-CITY CITY16-4 CITY16) without extra siblings. Golden line 319.
init,(IN-CITY CITY16-3 CITY16),"For each city index X from 1 to 29 and location index Y from 1 to 4, cityX-Y is a location in cityX, and cityX-4 is an airport.",deterministic_rule,true,covered,The complete X/Y rule yields (IN-CITY CITY16-3 CITY16) without extra siblings. Golden line 320.
init,(IN-CITY CITY16-2 CITY16),"For each city index X from 1 to 29 and location index Y from 1 to 4, cityX-Y is a location in cityX, and cityX-4 is an airport.",deterministic_rule,true,covered,The complete X/Y rule yields (IN-CITY CITY16-2 CITY16) without extra siblings. Golden line 321.
init,(IN-CITY CITY16-1 CITY16),"For each city index X from 1 to 29 and location index Y from 1 to 4, cityX-Y is a location in cityX, and cityX-4 is an airport.",deterministic_rule,true,covered,The complete X/Y rule yields (IN-CITY CITY16-1 CITY16) without extra siblings. Golden line 322.
init,(IN-CITY CITY15-4 CITY15),"For each city index X from 1 to 29 and location index Y from 1 to 4, cityX-Y is a location in cityX, and cityX-4 is an airport.",deterministic_rule,true,covered,The complete X/Y rule yields (IN-CITY CITY15-4 CITY15) without extra siblings. Golden line 323.
init,(IN-CITY CITY15-3 CITY15),"For each city index X from 1 to 29 and location index Y from 1 to 4, cityX-Y is a location in cityX, and cityX-4 is an airport.",deterministic_rule,true,covered,The complete X/Y rule yields (IN-CITY CITY15-3 CITY15) without extra siblings. Golden line 324.
init,(IN-CITY CITY15-2 CITY15),"For each city index X from 1 to 29 and location index Y from 1 to 4, cityX-Y is a location in cityX, and cityX-4 is an airport.",deterministic_rule,true,covered,The complete X/Y rule yields (IN-CITY CITY15-2 CITY15) without extra siblings. Golden line 325.
init,(IN-CITY CITY15-1 CITY15),"For each city index X from 1 to 29 and location index Y from 1 to 4, cityX-Y is a location in cityX, and cityX-4 is an airport.",deterministic_rule,true,covered,The complete X/Y rule yields (IN-CITY CITY15-1 CITY15) without extra siblings. Golden line 326.
init,(IN-CITY CITY14-4 CITY14),"For each city index X from 1 to 29 and location index Y from 1 to 4, cityX-Y is a location in cityX, and cityX-4 is an airport.",deterministic_rule,true,covered,The complete X/Y rule yields (IN-CITY CITY14-4 CITY14) without extra siblings. Golden line 327.
init,(IN-CITY CITY14-3 CITY14),"For each city index X from 1 to 29 and location index Y from 1 to 4, cityX-Y is a location in cityX, and cityX-4 is an airport.",deterministic_rule,true,covered,The complete X/Y rule yields (IN-CITY CITY14-3 CITY14) without extra siblings. Golden line 328.
init,(IN-CITY CITY14-2 CITY14),"For each city index X from 1 to 29 and location index Y from 1 to 4, cityX-Y is a location in cityX, and cityX-4 is an airport.",deterministic_rule,true,covered,The complete X/Y rule yields (IN-CITY CITY14-2 CITY14) without extra siblings. Golden line 329.
init,(IN-CITY CITY14-1 CITY14),"For each city index X from 1 to 29 and location index Y from 1 to 4, cityX-Y is a location in cityX, and cityX-4 is an airport.",deterministic_rule,true,covered,The complete X/Y rule yields (IN-CITY CITY14-1 CITY14) without extra siblings. Golden line 330.
init,(IN-CITY CITY13-4 CITY13),"For each city index X from 1 to 29 and location index Y from 1 to 4, cityX-Y is a location in cityX, and cityX-4 is an airport.",deterministic_rule,true,covered,The complete X/Y rule yields (IN-CITY CITY13-4 CITY13) without extra siblings. Golden line 331.
init,(IN-CITY CITY13-3 CITY13),"For each city index X from 1 to 29 and location index Y from 1 to 4, cityX-Y is a location in cityX, and cityX-4 is an airport.",deterministic_rule,true,covered,The complete X/Y rule yields (IN-CITY CITY13-3 CITY13) without extra siblings. Golden line 332.
init,(IN-CITY CITY13-2 CITY13),"For each city index X from 1 to 29 and location index Y from 1 to 4, cityX-Y is a location in cityX, and cityX-4 is an airport.",deterministic_rule,true,covered,The complete X/Y rule yields (IN-CITY CITY13-2 CITY13) without extra siblings. Golden line 333.
init,(IN-CITY CITY13-1 CITY13),"For each city index X from 1 to 29 and location index Y from 1 to 4, cityX-Y is a location in cityX, and cityX-4 is an airport.",deterministic_rule,true,covered,The complete X/Y rule yields (IN-CITY CITY13-1 CITY13) without extra siblings. Golden line 334.
init,(IN-CITY CITY12-4 CITY12),"For each city index X from 1 to 29 and location index Y from 1 to 4, cityX-Y is a location in cityX, and cityX-4 is an airport.",deterministic_rule,true,covered,The complete X/Y rule yields (IN-CITY CITY12-4 CITY12) without extra siblings. Golden line 335.
init,(IN-CITY CITY12-3 CITY12),"For each city index X from 1 to 29 and location index Y from 1 to 4, cityX-Y is a location in cityX, and cityX-4 is an airport.",deterministic_rule,true,covered,The complete X/Y rule yields (IN-CITY CITY12-3 CITY12) without extra siblings. Golden line 336.
init,(IN-CITY CITY12-2 CITY12),"For each city index X from 1 to 29 and location index Y from 1 to 4, cityX-Y is a location in cityX, and cityX-4 is an airport.",deterministic_rule,true,covered,The complete X/Y rule yields (IN-CITY CITY12-2 CITY12) without extra siblings. Golden line 337.
init,(IN-CITY CITY12-1 CITY12),"For each city index X from 1 to 29 and location index Y from 1 to 4, cityX-Y is a location in cityX, and cityX-4 is an airport.",deterministic_rule,true,covered,The complete X/Y rule yields (IN-CITY CITY12-1 CITY12) without extra siblings. Golden line 338.
init,(IN-CITY CITY11-4 CITY11),"For each city index X from 1 to 29 and location index Y from 1 to 4, cityX-Y is a location in cityX, and cityX-4 is an airport.",deterministic_rule,true,covered,The complete X/Y rule yields (IN-CITY CITY11-4 CITY11) without extra siblings. Golden line 339.
init,(IN-CITY CITY11-3 CITY11),"For each city index X from 1 to 29 and location index Y from 1 to 4, cityX-Y is a location in cityX, and cityX-4 is an airport.",deterministic_rule,true,covered,The complete X/Y rule yields (IN-CITY CITY11-3 CITY11) without extra siblings. Golden line 340.
init,(IN-CITY CITY11-2 CITY11),"For each city index X from 1 to 29 and location index Y from 1 to 4, cityX-Y is a location in cityX, and cityX-4 is an airport.",deterministic_rule,true,covered,The complete X/Y rule yields (IN-CITY CITY11-2 CITY11) without extra siblings. Golden line 341.
init,(IN-CITY CITY11-1 CITY11),"For each city index X from 1 to 29 and location index Y from 1 to 4, cityX-Y is a location in cityX, and cityX-4 is an airport.",deterministic_rule,true,covered,The complete X/Y rule yields (IN-CITY CITY11-1 CITY11) without extra siblings. Golden line 342.
init,(IN-CITY CITY10-4 CITY10),"For each city index X from 1 to 29 and location index Y from 1 to 4, cityX-Y is a location in cityX, and cityX-4 is an airport.",deterministic_rule,true,covered,The complete X/Y rule yields (IN-CITY CITY10-4 CITY10) without extra siblings. Golden line 343.
init,(IN-CITY CITY10-3 CITY10),"For each city index X from 1 to 29 and location index Y from 1 to 4, cityX-Y is a location in cityX, and cityX-4 is an airport.",deterministic_rule,true,covered,The complete X/Y rule yields (IN-CITY CITY10-3 CITY10) without extra siblings. Golden line 344.
init,(IN-CITY CITY10-2 CITY10),"For each city index X from 1 to 29 and location index Y from 1 to 4, cityX-Y is a location in cityX, and cityX-4 is an airport.",deterministic_rule,true,covered,The complete X/Y rule yields (IN-CITY CITY10-2 CITY10) without extra siblings. Golden line 345.
init,(IN-CITY CITY10-1 CITY10),"For each city index X from 1 to 29 and location index Y from 1 to 4, cityX-Y is a location in cityX, and cityX-4 is an airport.",deterministic_rule,true,covered,The complete X/Y rule yields (IN-CITY CITY10-1 CITY10) without extra siblings. Golden line 346.
init,(IN-CITY CITY9-4 CITY9),"For each city index X from 1 to 29 and location index Y from 1 to 4, cityX-Y is a location in cityX, and cityX-4 is an airport.",deterministic_rule,true,covered,The complete X/Y rule yields (IN-CITY CITY9-4 CITY9) without extra siblings. Golden line 347.
init,(IN-CITY CITY9-3 CITY9),"For each city index X from 1 to 29 and location index Y from 1 to 4, cityX-Y is a location in cityX, and cityX-4 is an airport.",deterministic_rule,true,covered,The complete X/Y rule yields (IN-CITY CITY9-3 CITY9) without extra siblings. Golden line 348.
init,(IN-CITY CITY9-2 CITY9),"For each city index X from 1 to 29 and location index Y from 1 to 4, cityX-Y is a location in cityX, and cityX-4 is an airport.",deterministic_rule,true,covered,The complete X/Y rule yields (IN-CITY CITY9-2 CITY9) without extra siblings. Golden line 349.
init,(IN-CITY CITY9-1 CITY9),"For each city index X from 1 to 29 and location index Y from 1 to 4, cityX-Y is a location in cityX, and cityX-4 is an airport.",deterministic_rule,true,covered,The complete X/Y rule yields (IN-CITY CITY9-1 CITY9) without extra siblings. Golden line 350.
init,(IN-CITY CITY8-4 CITY8),"For each city index X from 1 to 29 and location index Y from 1 to 4, cityX-Y is a location in cityX, and cityX-4 is an airport.",deterministic_rule,true,covered,The complete X/Y rule yields (IN-CITY CITY8-4 CITY8) without extra siblings. Golden line 351.
init,(IN-CITY CITY8-3 CITY8),"For each city index X from 1 to 29 and location index Y from 1 to 4, cityX-Y is a location in cityX, and cityX-4 is an airport.",deterministic_rule,true,covered,The complete X/Y rule yields (IN-CITY CITY8-3 CITY8) without extra siblings. Golden line 352.
init,(IN-CITY CITY8-2 CITY8),"For each city index X from 1 to 29 and location index Y from 1 to 4, cityX-Y is a location in cityX, and cityX-4 is an airport.",deterministic_rule,true,covered,The complete X/Y rule yields (IN-CITY CITY8-2 CITY8) without extra siblings. Golden line 353.
init,(IN-CITY CITY8-1 CITY8),"For each city index X from 1 to 29 and location index Y from 1 to 4, cityX-Y is a location in cityX, and cityX-4 is an airport.",deterministic_rule,true,covered,The complete X/Y rule yields (IN-CITY CITY8-1 CITY8) without extra siblings. Golden line 354.
init,(IN-CITY CITY7-4 CITY7),"For each city index X from 1 to 29 and location index Y from 1 to 4, cityX-Y is a location in cityX, and cityX-4 is an airport.",deterministic_rule,true,covered,The complete X/Y rule yields (IN-CITY CITY7-4 CITY7) without extra siblings. Golden line 355.
init,(IN-CITY CITY7-3 CITY7),"For each city index X from 1 to 29 and location index Y from 1 to 4, cityX-Y is a location in cityX, and cityX-4 is an airport.",deterministic_rule,true,covered,The complete X/Y rule yields (IN-CITY CITY7-3 CITY7) without extra siblings. Golden line 356.
init,(IN-CITY CITY7-2 CITY7),"For each city index X from 1 to 29 and location index Y from 1 to 4, cityX-Y is a location in cityX, and cityX-4 is an airport.",deterministic_rule,true,covered,The complete X/Y rule yields (IN-CITY CITY7-2 CITY7) without extra siblings. Golden line 357.
init,(IN-CITY CITY7-1 CITY7),"For each city index X from 1 to 29 and location index Y from 1 to 4, cityX-Y is a location in cityX, and cityX-4 is an airport.",deterministic_rule,true,covered,The complete X/Y rule yields (IN-CITY CITY7-1 CITY7) without extra siblings. Golden line 358.
init,(IN-CITY CITY6-4 CITY6),"For each city index X from 1 to 29 and location index Y from 1 to 4, cityX-Y is a location in cityX, and cityX-4 is an airport.",deterministic_rule,true,covered,The complete X/Y rule yields (IN-CITY CITY6-4 CITY6) without extra siblings. Golden line 359.
init,(IN-CITY CITY6-3 CITY6),"For each city index X from 1 to 29 and location index Y from 1 to 4, cityX-Y is a location in cityX, and cityX-4 is an airport.",deterministic_rule,true,covered,The complete X/Y rule yields (IN-CITY CITY6-3 CITY6) without extra siblings. Golden line 360.
init,(IN-CITY CITY6-2 CITY6),"For each city index X from 1 to 29 and location index Y from 1 to 4, cityX-Y is a location in cityX, and cityX-4 is an airport.",deterministic_rule,true,covered,The complete X/Y rule yields (IN-CITY CITY6-2 CITY6) without extra siblings. Golden line 361.
init,(IN-CITY CITY6-1 CITY6),"For each city index X from 1 to 29 and location index Y from 1 to 4, cityX-Y is a location in cityX, and cityX-4 is an airport.",deterministic_rule,true,covered,The complete X/Y rule yields (IN-CITY CITY6-1 CITY6) without extra siblings. Golden line 362.
init,(IN-CITY CITY5-4 CITY5),"For each city index X from 1 to 29 and location index Y from 1 to 4, cityX-Y is a location in cityX, and cityX-4 is an airport.",deterministic_rule,true,covered,The complete X/Y rule yields (IN-CITY CITY5-4 CITY5) without extra siblings. Golden line 363.
init,(IN-CITY CITY5-3 CITY5),"For each city index X from 1 to 29 and location index Y from 1 to 4, cityX-Y is a location in cityX, and cityX-4 is an airport.",deterministic_rule,true,covered,The complete X/Y rule yields (IN-CITY CITY5-3 CITY5) without extra siblings. Golden line 364.
init,(IN-CITY CITY5-2 CITY5),"For each city index X from 1 to 29 and location index Y from 1 to 4, cityX-Y is a location in cityX, and cityX-4 is an airport.",deterministic_rule,true,covered,The complete X/Y rule yields (IN-CITY CITY5-2 CITY5) without extra siblings. Golden line 365.
init,(IN-CITY CITY5-1 CITY5),"For each city index X from 1 to 29 and location index Y from 1 to 4, cityX-Y is a location in cityX, and cityX-4 is an airport.",deterministic_rule,true,covered,The complete X/Y rule yields (IN-CITY CITY5-1 CITY5) without extra siblings. Golden line 366.
init,(IN-CITY CITY4-4 CITY4),"For each city index X from 1 to 29 and location index Y from 1 to 4, cityX-Y is a location in cityX, and cityX-4 is an airport.",deterministic_rule,true,covered,The complete X/Y rule yields (IN-CITY CITY4-4 CITY4) without extra siblings. Golden line 367.
init,(IN-CITY CITY4-3 CITY4),"For each city index X from 1 to 29 and location index Y from 1 to 4, cityX-Y is a location in cityX, and cityX-4 is an airport.",deterministic_rule,true,covered,The complete X/Y rule yields (IN-CITY CITY4-3 CITY4) without extra siblings. Golden line 368.
init,(IN-CITY CITY4-2 CITY4),"For each city index X from 1 to 29 and location index Y from 1 to 4, cityX-Y is a location in cityX, and cityX-4 is an airport.",deterministic_rule,true,covered,The complete X/Y rule yields (IN-CITY CITY4-2 CITY4) without extra siblings. Golden line 369.
init,(IN-CITY CITY4-1 CITY4),"For each city index X from 1 to 29 and location index Y from 1 to 4, cityX-Y is a location in cityX, and cityX-4 is an airport.",deterministic_rule,true,covered,The complete X/Y rule yields (IN-CITY CITY4-1 CITY4) without extra siblings. Golden line 370.
init,(IN-CITY CITY3-4 CITY3),"For each city index X from 1 to 29 and location index Y from 1 to 4, cityX-Y is a location in cityX, and cityX-4 is an airport.",deterministic_rule,true,covered,The complete X/Y rule yields (IN-CITY CITY3-4 CITY3) without extra siblings. Golden line 371.
init,(IN-CITY CITY3-3 CITY3),"For each city index X from 1 to 29 and location index Y from 1 to 4, cityX-Y is a location in cityX, and cityX-4 is an airport.",deterministic_rule,true,covered,The complete X/Y rule yields (IN-CITY CITY3-3 CITY3) without extra siblings. Golden line 372.
init,(IN-CITY CITY3-2 CITY3),"For each city index X from 1 to 29 and location index Y from 1 to 4, cityX-Y is a location in cityX, and cityX-4 is an airport.",deterministic_rule,true,covered,The complete X/Y rule yields (IN-CITY CITY3-2 CITY3) without extra siblings. Golden line 373.
init,(IN-CITY CITY3-1 CITY3),"For each city index X from 1 to 29 and location index Y from 1 to 4, cityX-Y is a location in cityX, and cityX-4 is an airport.",deterministic_rule,true,covered,The complete X/Y rule yields (IN-CITY CITY3-1 CITY3) without extra siblings. Golden line 374.
init,(IN-CITY CITY2-4 CITY2),"For each city index X from 1 to 29 and location index Y from 1 to 4, cityX-Y is a location in cityX, and cityX-4 is an airport.",deterministic_rule,true,covered,The complete X/Y rule yields (IN-CITY CITY2-4 CITY2) without extra siblings. Golden line 375.
init,(IN-CITY CITY2-3 CITY2),"For each city index X from 1 to 29 and location index Y from 1 to 4, cityX-Y is a location in cityX, and cityX-4 is an airport.",deterministic_rule,true,covered,The complete X/Y rule yields (IN-CITY CITY2-3 CITY2) without extra siblings. Golden line 376.
init,(IN-CITY CITY2-2 CITY2),"For each city index X from 1 to 29 and location index Y from 1 to 4, cityX-Y is a location in cityX, and cityX-4 is an airport.",deterministic_rule,true,covered,The complete X/Y rule yields (IN-CITY CITY2-2 CITY2) without extra siblings. Golden line 377.
init,(IN-CITY CITY2-1 CITY2),"For each city index X from 1 to 29 and location index Y from 1 to 4, cityX-Y is a location in cityX, and cityX-4 is an airport.",deterministic_rule,true,covered,The complete X/Y rule yields (IN-CITY CITY2-1 CITY2) without extra siblings. Golden line 378.
init,(IN-CITY CITY1-4 CITY1),"For each city index X from 1 to 29 and location index Y from 1 to 4, cityX-Y is a location in cityX, and cityX-4 is an airport.",deterministic_rule,true,covered,The complete X/Y rule yields (IN-CITY CITY1-4 CITY1) without extra siblings. Golden line 379.
init,(IN-CITY CITY1-3 CITY1),"For each city index X from 1 to 29 and location index Y from 1 to 4, cityX-Y is a location in cityX, and cityX-4 is an airport.",deterministic_rule,true,covered,The complete X/Y rule yields (IN-CITY CITY1-3 CITY1) without extra siblings. Golden line 380.
init,(IN-CITY CITY1-2 CITY1),"For each city index X from 1 to 29 and location index Y from 1 to 4, cityX-Y is a location in cityX, and cityX-4 is an airport.",deterministic_rule,true,covered,The complete X/Y rule yields (IN-CITY CITY1-2 CITY1) without extra siblings. Golden line 381.
init,(IN-CITY CITY1-1 CITY1),"For each city index X from 1 to 29 and location index Y from 1 to 4, cityX-Y is a location in cityX, and cityX-4 is an airport.",deterministic_rule,true,covered,The complete X/Y rule yields (IN-CITY CITY1-1 CITY1) without extra siblings. Golden line 382.
init,(AT PLANE9 CITY28-4),plane9 is at city28-4,direct,true,covered,The explicit initial mapping states (AT PLANE9 CITY28-4). Golden line 383.
init,(AT PLANE8 CITY23-4),plane8 is at city23-4,direct,true,covered,The explicit initial mapping states (AT PLANE8 CITY23-4). Golden line 384.
init,(AT PLANE7 CITY27-4),plane7 is at city27-4,direct,true,covered,The explicit initial mapping states (AT PLANE7 CITY27-4). Golden line 385.
init,(AT PLANE6 CITY29-4),plane6 is at city29-4,direct,true,covered,The explicit initial mapping states (AT PLANE6 CITY29-4). Golden line 386.
init,(AT PLANE5 CITY13-4),plane5 is at city13-4,direct,true,covered,The explicit initial mapping states (AT PLANE5 CITY13-4). Golden line 387.
init,(AT PLANE4 CITY4-4),plane4 is at city4-4,direct,true,covered,The explicit initial mapping states (AT PLANE4 CITY4-4). Golden line 388.
init,(AT PLANE3 CITY14-4),plane3 is at city14-4,direct,true,covered,The explicit initial mapping states (AT PLANE3 CITY14-4). Golden line 389.
init,(AT PLANE2 CITY14-4),plane2 is at city14-4,direct,true,covered,The explicit initial mapping states (AT PLANE2 CITY14-4). Golden line 390.
init,(AT PLANE1 CITY13-4),plane1 is at city13-4,direct,true,covered,The explicit initial mapping states (AT PLANE1 CITY13-4). Golden line 391.
init,(AT TRUCK29 CITY29-1),truck29 is at city29-1,direct,true,covered,The explicit initial mapping states (AT TRUCK29 CITY29-1). Golden line 392.
init,(AT TRUCK28 CITY28-2),truck28 is at city28-2,direct,true,covered,The explicit initial mapping states (AT TRUCK28 CITY28-2). Golden line 393.
init,(AT TRUCK27 CITY27-3),truck27 is at city27-3,direct,true,covered,The explicit initial mapping states (AT TRUCK27 CITY27-3). Golden line 394.
init,(AT TRUCK26 CITY26-1),truck26 is at city26-1,direct,true,covered,The explicit initial mapping states (AT TRUCK26 CITY26-1). Golden line 395.
init,(AT TRUCK25 CITY25-2),truck25 is at city25-2,direct,true,covered,The explicit initial mapping states (AT TRUCK25 CITY25-2). Golden line 396.
init,(AT TRUCK24 CITY24-3),truck24 is at city24-3,direct,true,covered,The explicit initial mapping states (AT TRUCK24 CITY24-3). Golden line 397.
init,(AT TRUCK23 CITY23-3),truck23 is at city23-3,direct,true,covered,The explicit initial mapping states (AT TRUCK23 CITY23-3). Golden line 398.
init,(AT TRUCK22 CITY22-3),truck22 is at city22-3,direct,true,covered,The explicit initial mapping states (AT TRUCK22 CITY22-3). Golden line 399.
init,(AT TRUCK21 CITY21-1),truck21 is at city21-1,direct,true,covered,The explicit initial mapping states (AT TRUCK21 CITY21-1). Golden line 400.
init,(AT TRUCK20 CITY20-1),truck20 is at city20-1,direct,true,covered,The explicit initial mapping states (AT TRUCK20 CITY20-1). Golden line 401.
init,(AT TRUCK19 CITY19-3),truck19 is at city19-3,direct,true,covered,The explicit initial mapping states (AT TRUCK19 CITY19-3). Golden line 402.
init,(AT TRUCK18 CITY18-2),truck18 is at city18-2,direct,true,covered,The explicit initial mapping states (AT TRUCK18 CITY18-2). Golden line 403.
init,(AT TRUCK17 CITY17-3),truck17 is at city17-3,direct,true,covered,The explicit initial mapping states (AT TRUCK17 CITY17-3). Golden line 404.
init,(AT TRUCK16 CITY16-2),truck16 is at city16-2,direct,true,covered,The explicit initial mapping states (AT TRUCK16 CITY16-2). Golden line 405.
init,(AT TRUCK15 CITY15-3),truck15 is at city15-3,direct,true,covered,The explicit initial mapping states (AT TRUCK15 CITY15-3). Golden line 406.
init,(AT TRUCK14 CITY14-3),truck14 is at city14-3,direct,true,covered,The explicit initial mapping states (AT TRUCK14 CITY14-3). Golden line 407.
init,(AT TRUCK13 CITY13-2),truck13 is at city13-2,direct,true,covered,The explicit initial mapping states (AT TRUCK13 CITY13-2). Golden line 408.
init,(AT TRUCK12 CITY12-3),truck12 is at city12-3,direct,true,covered,The explicit initial mapping states (AT TRUCK12 CITY12-3). Golden line 409.
init,(AT TRUCK11 CITY11-1),truck11 is at city11-1,direct,true,covered,The explicit initial mapping states (AT TRUCK11 CITY11-1). Golden line 410.
init,(AT TRUCK10 CITY10-2),truck10 is at city10-2,direct,true,covered,The explicit initial mapping states (AT TRUCK10 CITY10-2). Golden line 411.
init,(AT TRUCK9 CITY9-3),truck9 is at city9-3,direct,true,covered,The explicit initial mapping states (AT TRUCK9 CITY9-3). Golden line 412.
init,(AT TRUCK8 CITY8-2),truck8 is at city8-2,direct,true,covered,The explicit initial mapping states (AT TRUCK8 CITY8-2). Golden line 413.
init,(AT TRUCK7 CITY7-3),truck7 is at city7-3,direct,true,covered,The explicit initial mapping states (AT TRUCK7 CITY7-3). Golden line 414.
init,(AT TRUCK6 CITY6-3),truck6 is at city6-3,direct,true,covered,The explicit initial mapping states (AT TRUCK6 CITY6-3). Golden line 415.
init,(AT TRUCK5 CITY5-3),truck5 is at city5-3,direct,true,covered,The explicit initial mapping states (AT TRUCK5 CITY5-3). Golden line 416.
init,(AT TRUCK4 CITY4-2),truck4 is at city4-2,direct,true,covered,The explicit initial mapping states (AT TRUCK4 CITY4-2). Golden line 417.
init,(AT TRUCK3 CITY3-2),truck3 is at city3-2,direct,true,covered,The explicit initial mapping states (AT TRUCK3 CITY3-2). Golden line 418.
init,(AT TRUCK2 CITY2-3),truck2 is at city2-3,direct,true,covered,The explicit initial mapping states (AT TRUCK2 CITY2-3). Golden line 419.
init,(AT TRUCK1 CITY1-1),truck1 is at city1-1,direct,true,covered,The explicit initial mapping states (AT TRUCK1 CITY1-1). Golden line 420.
init,(AT PACKAGE23 CITY26-2),package23 is at city26-2,direct,true,covered,The explicit initial mapping states (AT PACKAGE23 CITY26-2). Golden line 421.
init,(AT PACKAGE22 CITY1-1),package22 is at city1-1,direct,true,covered,The explicit initial mapping states (AT PACKAGE22 CITY1-1). Golden line 422.
init,(AT PACKAGE21 CITY3-1),package21 is at city3-1,direct,true,covered,The explicit initial mapping states (AT PACKAGE21 CITY3-1). Golden line 423.
init,(AT PACKAGE20 CITY18-2),package20 is at city18-2,direct,true,covered,The explicit initial mapping states (AT PACKAGE20 CITY18-2). Golden line 424.
init,(AT PACKAGE19 CITY17-2),package19 is at city17-2,direct,true,covered,The explicit initial mapping states (AT PACKAGE19 CITY17-2). Golden line 425.
init,(AT PACKAGE18 CITY21-1),package18 is at city21-1,direct,true,covered,The explicit initial mapping states (AT PACKAGE18 CITY21-1). Golden line 426.
init,(AT PACKAGE17 CITY1-4),package17 is at city1-4,direct,true,covered,The explicit initial mapping states (AT PACKAGE17 CITY1-4). Golden line 427.
init,(AT PACKAGE16 CITY29-4),package16 is at city29-4,direct,true,covered,The explicit initial mapping states (AT PACKAGE16 CITY29-4). Golden line 428.
init,(AT PACKAGE15 CITY1-2),package15 is at city1-2,direct,true,covered,The explicit initial mapping states (AT PACKAGE15 CITY1-2). Golden line 429.
init,(AT PACKAGE14 CITY4-4),package14 is at city4-4,direct,true,covered,The explicit initial mapping states (AT PACKAGE14 CITY4-4). Golden line 430.
init,(AT PACKAGE13 CITY10-1),package13 is at city10-1,direct,true,covered,The explicit initial mapping states (AT PACKAGE13 CITY10-1). Golden line 431.
init,(AT PACKAGE12 CITY13-1),package12 is at city13-1,direct,true,covered,The explicit initial mapping states (AT PACKAGE12 CITY13-1). Golden line 432.
init,(AT PACKAGE11 CITY24-3),package11 is at city24-3,direct,true,covered,The explicit initial mapping states (AT PACKAGE11 CITY24-3). Golden line 433.
init,(AT PACKAGE10 CITY5-4),package10 is at city5-4,direct,true,covered,The explicit initial mapping states (AT PACKAGE10 CITY5-4). Golden line 434.
init,(AT PACKAGE9 CITY9-4),package9 is at city9-4,direct,true,covered,The explicit initial mapping states (AT PACKAGE9 CITY9-4). Golden line 435.
init,(AT PACKAGE8 CITY3-4),package8 is at city3-4,direct,true,covered,The explicit initial mapping states (AT PACKAGE8 CITY3-4). Golden line 436.
init,(AT PACKAGE7 CITY13-1),package7 is at city13-1,direct,true,covered,The explicit initial mapping states (AT PACKAGE7 CITY13-1). Golden line 437.
init,(AT PACKAGE6 CITY7-3),package6 is at city7-3,direct,true,covered,The explicit initial mapping states (AT PACKAGE6 CITY7-3). Golden line 438.
init,(AT PACKAGE5 CITY16-1),package5 is at city16-1,direct,true,covered,The explicit initial mapping states (AT PACKAGE5 CITY16-1). Golden line 439.
init,(AT PACKAGE4 CITY3-2),package4 is at city3-2,direct,true,covered,The explicit initial mapping states (AT PACKAGE4 CITY3-2). Golden line 440.
init,(AT PACKAGE3 CITY17-1),package3 is at city17-1,direct,true,covered,The explicit initial mapping states (AT PACKAGE3 CITY17-1). Golden line 441.
init,(AT PACKAGE2 CITY11-1),package2 is at city11-1,direct,true,covered,The explicit initial mapping states (AT PACKAGE2 CITY11-1). Golden line 442.
init,(AT PACKAGE1 CITY21-4),package1 is at city21-4,direct,true,covered,The explicit initial mapping states (AT PACKAGE1 CITY21-4). Golden line 443.
goal,(AT PACKAGE23 CITY7-4),"The goal is to relocate the packages to new destinations: package 23 should be at city 7-4, package 22 at city 11-3, package 21 at city 16-4, package 20 at city 4-4, package 19 at city 21-2, package 18 at city 22-1, package 17 at city 18-3, and package 16 at city 14-3.",direct,true,covered,The preserved complete goal sentence uniquely states (AT PACKAGE23 CITY7-4); the following sentence makes all eight destinations simultaneous. Golden line 444.
goal,(AT PACKAGE22 CITY11-3),"The goal is to relocate the packages to new destinations: package 23 should be at city 7-4, package 22 at city 11-3, package 21 at city 16-4, package 20 at city 4-4, package 19 at city 21-2, package 18 at city 22-1, package 17 at city 18-3, and package 16 at city 14-3.",direct,true,covered,The preserved complete goal sentence uniquely states (AT PACKAGE22 CITY11-3); the following sentence makes all eight destinations simultaneous. Golden line 445.
goal,(AT PACKAGE21 CITY16-4),"The goal is to relocate the packages to new destinations: package 23 should be at city 7-4, package 22 at city 11-3, package 21 at city 16-4, package 20 at city 4-4, package 19 at city 21-2, package 18 at city 22-1, package 17 at city 18-3, and package 16 at city 14-3.",direct,true,covered,The preserved complete goal sentence uniquely states (AT PACKAGE21 CITY16-4); the following sentence makes all eight destinations simultaneous. Golden line 446.
goal,(AT PACKAGE20 CITY4-4),"The goal is to relocate the packages to new destinations: package 23 should be at city 7-4, package 22 at city 11-3, package 21 at city 16-4, package 20 at city 4-4, package 19 at city 21-2, package 18 at city 22-1, package 17 at city 18-3, and package 16 at city 14-3.",direct,true,covered,The preserved complete goal sentence uniquely states (AT PACKAGE20 CITY4-4); the following sentence makes all eight destinations simultaneous. Golden line 447.
goal,(AT PACKAGE19 CITY21-2),"The goal is to relocate the packages to new destinations: package 23 should be at city 7-4, package 22 at city 11-3, package 21 at city 16-4, package 20 at city 4-4, package 19 at city 21-2, package 18 at city 22-1, package 17 at city 18-3, and package 16 at city 14-3.",direct,true,covered,The preserved complete goal sentence uniquely states (AT PACKAGE19 CITY21-2); the following sentence makes all eight destinations simultaneous. Golden line 448.
goal,(AT PACKAGE18 CITY22-1),"The goal is to relocate the packages to new destinations: package 23 should be at city 7-4, package 22 at city 11-3, package 21 at city 16-4, package 20 at city 4-4, package 19 at city 21-2, package 18 at city 22-1, package 17 at city 18-3, and package 16 at city 14-3.",direct,true,covered,The preserved complete goal sentence uniquely states (AT PACKAGE18 CITY22-1); the following sentence makes all eight destinations simultaneous. Golden line 449.
goal,(AT PACKAGE17 CITY18-3),"The goal is to relocate the packages to new destinations: package 23 should be at city 7-4, package 22 at city 11-3, package 21 at city 16-4, package 20 at city 4-4, package 19 at city 21-2, package 18 at city 22-1, package 17 at city 18-3, and package 16 at city 14-3.",direct,true,covered,The preserved complete goal sentence uniquely states (AT PACKAGE17 CITY18-3); the following sentence makes all eight destinations simultaneous. Golden line 450.
goal,(AT PACKAGE16 CITY14-3),"The goal is to relocate the packages to new destinations: package 23 should be at city 7-4, package 22 at city 11-3, package 21 at city 16-4, package 20 at city 4-4, package 19 at city 21-2, package 18 at city 22-1, package 17 at city 18-3, and package 16 at city 14-3.",direct,true,covered,The preserved complete goal sentence uniquely states (AT PACKAGE16 CITY14-3); the following sentence makes all eight destinations simultaneous. Golden line 451.
