section,pddl_item,evidence,evidence_kind,unique,status,notes
objects,APT12,"For each X from 1 to 12, posX and aptX are locations in citX, and aptX is an airport.",deterministic_rule,true,covered,Substituting the numeric suffix for X uniquely generates APT12; aptX is also declared an airport. Golden line 4.
objects,POS12,"For each X from 1 to 12, posX and aptX are locations in citX, and aptX is an airport.",deterministic_rule,true,covered,Substituting the numeric suffix for X uniquely generates POS12; aptX is also declared an airport. Golden line 5.
objects,CIT12,"There are also 12 cities labeled from cit1 to cit12, each with a position and airport location.",deterministic_rule,true,covered,Finite label range cit1..cit12 uniquely generates CIT12. Golden line 6.
objects,TRU12,"Initial setup for the logistics game includes, for each X from 1 to 12, the three packages objX1, objX2, and objX3, and includes 12 trucks labeled from tru1 to tru12.",deterministic_rule,true,covered,Finite X=1..12 construction uniquely generates TRU12. Golden line 7.
objects,OBJ123,"Initial setup for the logistics game includes, for each X from 1 to 12, the three packages objX1, objX2, and objX3, and includes 12 trucks labeled from tru1 to tru12.",deterministic_rule,true,covered,Finite X=1..12 construction uniquely generates OBJ123. Golden line 8.
objects,OBJ122,"Initial setup for the logistics game includes, for each X from 1 to 12, the three packages objX1, objX2, and objX3, and includes 12 trucks labeled from tru1 to tru12.",deterministic_rule,true,covered,Finite X=1..12 construction uniquely generates OBJ122. Golden line 9.
objects,OBJ121,"Initial setup for the logistics game includes, for each X from 1 to 12, the three packages objX1, objX2, and objX3, and includes 12 trucks labeled from tru1 to tru12.",deterministic_rule,true,covered,Finite X=1..12 construction uniquely generates OBJ121. Golden line 10.
objects,APT11,"For each X from 1 to 12, posX and aptX are locations in citX, and aptX is an airport.",deterministic_rule,true,covered,Substituting the numeric suffix for X uniquely generates APT11; aptX is also declared an airport. Golden line 11.
objects,POS11,"For each X from 1 to 12, posX and aptX are locations in citX, and aptX is an airport.",deterministic_rule,true,covered,Substituting the numeric suffix for X uniquely generates POS11; aptX is also declared an airport. Golden line 12.
objects,CIT11,"There are also 12 cities labeled from cit1 to cit12, each with a position and airport location.",deterministic_rule,true,covered,Finite label range cit1..cit12 uniquely generates CIT11. Golden line 13.
objects,TRU11,"Initial setup for the logistics game includes, for each X from 1 to 12, the three packages objX1, objX2, and objX3, and includes 12 trucks labeled from tru1 to tru12.",deterministic_rule,true,covered,Finite X=1..12 construction uniquely generates TRU11. Golden line 14.
objects,OBJ113,"Initial setup for the logistics game includes, for each X from 1 to 12, the three packages objX1, objX2, and objX3, and includes 12 trucks labeled from tru1 to tru12.",deterministic_rule,true,covered,Finite X=1..12 construction uniquely generates OBJ113. Golden line 15.
objects,OBJ112,"Initial setup for the logistics game includes, for each X from 1 to 12, the three packages objX1, objX2, and objX3, and includes 12 trucks labeled from tru1 to tru12.",deterministic_rule,true,covered,Finite X=1..12 construction uniquely generates OBJ112. Golden line 16.
objects,OBJ111,"Initial setup for the logistics game includes, for each X from 1 to 12, the three packages objX1, objX2, and objX3, and includes 12 trucks labeled from tru1 to tru12.",deterministic_rule,true,covered,Finite X=1..12 construction uniquely generates OBJ111. Golden line 17.
objects,APT10,"For each X from 1 to 12, posX and aptX are locations in citX, and aptX is an airport.",deterministic_rule,true,covered,Substituting the numeric suffix for X uniquely generates APT10; aptX is also declared an airport. Golden line 18.
objects,POS10,"For each X from 1 to 12, posX and aptX are locations in citX, and aptX is an airport.",deterministic_rule,true,covered,Substituting the numeric suffix for X uniquely generates POS10; aptX is also declared an airport. Golden line 19.
objects,CIT10,"There are also 12 cities labeled from cit1 to cit12, each with a position and airport location.",deterministic_rule,true,covered,Finite label range cit1..cit12 uniquely generates CIT10. Golden line 20.
objects,TRU10,"Initial setup for the logistics game includes, for each X from 1 to 12, the three packages objX1, objX2, and objX3, and includes 12 trucks labeled from tru1 to tru12.",deterministic_rule,true,covered,Finite X=1..12 construction uniquely generates TRU10. Golden line 21.
objects,OBJ103,"Initial setup for the logistics game includes, for each X from 1 to 12, the three packages objX1, objX2, and objX3, and includes 12 trucks labeled from tru1 to tru12.",deterministic_rule,true,covered,Finite X=1..12 construction uniquely generates OBJ103. Golden line 22.
objects,OBJ102,"Initial setup for the logistics game includes, for each X from 1 to 12, the three packages objX1, objX2, and objX3, and includes 12 trucks labeled from tru1 to tru12.",deterministic_rule,true,covered,Finite X=1..12 construction uniquely generates OBJ102. Golden line 23.
objects,OBJ101,"Initial setup for the logistics game includes, for each X from 1 to 12, the three packages objX1, objX2, and objX3, and includes 12 trucks labeled from tru1 to tru12.",deterministic_rule,true,covered,Finite X=1..12 construction uniquely generates OBJ101. Golden line 24.
objects,APN3,"Every airplane (apn1, apn2, and apn3) is initially stationed as follows: apn1 and apn2 are at apt12, and apn3 is at apt7.",direct,true,covered,The airplane list directly names APN3. Golden line 25.
objects,APT9,"For each X from 1 to 12, posX and aptX are locations in citX, and aptX is an airport.",deterministic_rule,true,covered,Substituting the numeric suffix for X uniquely generates APT9; aptX is also declared an airport. Golden line 26.
objects,POS9,"For each X from 1 to 12, posX and aptX are locations in citX, and aptX is an airport.",deterministic_rule,true,covered,Substituting the numeric suffix for X uniquely generates POS9; aptX is also declared an airport. Golden line 27.
objects,CIT9,"There are also 12 cities labeled from cit1 to cit12, each with a position and airport location.",deterministic_rule,true,covered,Finite label range cit1..cit12 uniquely generates CIT9. Golden line 28.
objects,TRU9,"Initial setup for the logistics game includes, for each X from 1 to 12, the three packages objX1, objX2, and objX3, and includes 12 trucks labeled from tru1 to tru12.",deterministic_rule,true,covered,Finite X=1..12 construction uniquely generates TRU9. Golden line 29.
objects,OBJ93,"Initial setup for the logistics game includes, for each X from 1 to 12, the three packages objX1, objX2, and objX3, and includes 12 trucks labeled from tru1 to tru12.",deterministic_rule,true,covered,Finite X=1..12 construction uniquely generates OBJ93. Golden line 30.
objects,OBJ92,"Initial setup for the logistics game includes, for each X from 1 to 12, the three packages objX1, objX2, and objX3, and includes 12 trucks labeled from tru1 to tru12.",deterministic_rule,true,covered,Finite X=1..12 construction uniquely generates OBJ92. Golden line 31.
objects,OBJ91,"Initial setup for the logistics game includes, for each X from 1 to 12, the three packages objX1, objX2, and objX3, and includes 12 trucks labeled from tru1 to tru12.",deterministic_rule,true,covered,Finite X=1..12 construction uniquely generates OBJ91. Golden line 32.
objects,APT8,"For each X from 1 to 12, posX and aptX are locations in citX, and aptX is an airport.",deterministic_rule,true,covered,Substituting the numeric suffix for X uniquely generates APT8; aptX is also declared an airport. Golden line 33.
objects,POS8,"For each X from 1 to 12, posX and aptX are locations in citX, and aptX is an airport.",deterministic_rule,true,covered,Substituting the numeric suffix for X uniquely generates POS8; aptX is also declared an airport. Golden line 34.
objects,CIT8,"There are also 12 cities labeled from cit1 to cit12, each with a position and airport location.",deterministic_rule,true,covered,Finite label range cit1..cit12 uniquely generates CIT8. Golden line 35.
objects,TRU8,"Initial setup for the logistics game includes, for each X from 1 to 12, the three packages objX1, objX2, and objX3, and includes 12 trucks labeled from tru1 to tru12.",deterministic_rule,true,covered,Finite X=1..12 construction uniquely generates TRU8. Golden line 36.
objects,OBJ83,"Initial setup for the logistics game includes, for each X from 1 to 12, the three packages objX1, objX2, and objX3, and includes 12 trucks labeled from tru1 to tru12.",deterministic_rule,true,covered,Finite X=1..12 construction uniquely generates OBJ83. Golden line 37.
objects,OBJ82,"Initial setup for the logistics game includes, for each X from 1 to 12, the three packages objX1, objX2, and objX3, and includes 12 trucks labeled from tru1 to tru12.",deterministic_rule,true,covered,Finite X=1..12 construction uniquely generates OBJ82. Golden line 38.
objects,OBJ81,"Initial setup for the logistics game includes, for each X from 1 to 12, the three packages objX1, objX2, and objX3, and includes 12 trucks labeled from tru1 to tru12.",deterministic_rule,true,covered,Finite X=1..12 construction uniquely generates OBJ81. Golden line 39.
objects,APT7,"For each X from 1 to 12, posX and aptX are locations in citX, and aptX is an airport.",deterministic_rule,true,covered,Substituting the numeric suffix for X uniquely generates APT7; aptX is also declared an airport. Golden line 40.
objects,POS7,"For each X from 1 to 12, posX and aptX are locations in citX, and aptX is an airport.",deterministic_rule,true,covered,Substituting the numeric suffix for X uniquely generates POS7; aptX is also declared an airport. Golden line 41.
objects,CIT7,"There are also 12 cities labeled from cit1 to cit12, each with a position and airport location.",deterministic_rule,true,covered,Finite label range cit1..cit12 uniquely generates CIT7. Golden line 42.
objects,TRU7,"Initial setup for the logistics game includes, for each X from 1 to 12, the three packages objX1, objX2, and objX3, and includes 12 trucks labeled from tru1 to tru12.",deterministic_rule,true,covered,Finite X=1..12 construction uniquely generates TRU7. Golden line 43.
objects,OBJ73,"Initial setup for the logistics game includes, for each X from 1 to 12, the three packages objX1, objX2, and objX3, and includes 12 trucks labeled from tru1 to tru12.",deterministic_rule,true,covered,Finite X=1..12 construction uniquely generates OBJ73. Golden line 44.
objects,OBJ72,"Initial setup for the logistics game includes, for each X from 1 to 12, the three packages objX1, objX2, and objX3, and includes 12 trucks labeled from tru1 to tru12.",deterministic_rule,true,covered,Finite X=1..12 construction uniquely generates OBJ72. Golden line 45.
objects,OBJ71,"Initial setup for the logistics game includes, for each X from 1 to 12, the three packages objX1, objX2, and objX3, and includes 12 trucks labeled from tru1 to tru12.",deterministic_rule,true,covered,Finite X=1..12 construction uniquely generates OBJ71. Golden line 46.
objects,APT6,"For each X from 1 to 12, posX and aptX are locations in citX, and aptX is an airport.",deterministic_rule,true,covered,Substituting the numeric suffix for X uniquely generates APT6; aptX is also declared an airport. Golden line 47.
objects,POS6,"For each X from 1 to 12, posX and aptX are locations in citX, and aptX is an airport.",deterministic_rule,true,covered,Substituting the numeric suffix for X uniquely generates POS6; aptX is also declared an airport. Golden line 48.
objects,CIT6,"There are also 12 cities labeled from cit1 to cit12, each with a position and airport location.",deterministic_rule,true,covered,Finite label range cit1..cit12 uniquely generates CIT6. Golden line 49.
objects,TRU6,"Initial setup for the logistics game includes, for each X from 1 to 12, the three packages objX1, objX2, and objX3, and includes 12 trucks labeled from tru1 to tru12.",deterministic_rule,true,covered,Finite X=1..12 construction uniquely generates TRU6. Golden line 50.
objects,OBJ63,"Initial setup for the logistics game includes, for each X from 1 to 12, the three packages objX1, objX2, and objX3, and includes 12 trucks labeled from tru1 to tru12.",deterministic_rule,true,covered,Finite X=1..12 construction uniquely generates OBJ63. Golden line 51.
objects,OBJ62,"Initial setup for the logistics game includes, for each X from 1 to 12, the three packages objX1, objX2, and objX3, and includes 12 trucks labeled from tru1 to tru12.",deterministic_rule,true,covered,Finite X=1..12 construction uniquely generates OBJ62. Golden line 52.
objects,OBJ61,"Initial setup for the logistics game includes, for each X from 1 to 12, the three packages objX1, objX2, and objX3, and includes 12 trucks labeled from tru1 to tru12.",deterministic_rule,true,covered,Finite X=1..12 construction uniquely generates OBJ61. Golden line 53.
objects,APN2,"Every airplane (apn1, apn2, and apn3) is initially stationed as follows: apn1 and apn2 are at apt12, and apn3 is at apt7.",direct,true,covered,The airplane list directly names APN2. Golden line 54.
objects,APT5,"For each X from 1 to 12, posX and aptX are locations in citX, and aptX is an airport.",deterministic_rule,true,covered,Substituting the numeric suffix for X uniquely generates APT5; aptX is also declared an airport. Golden line 55.
objects,POS5,"For each X from 1 to 12, posX and aptX are locations in citX, and aptX is an airport.",deterministic_rule,true,covered,Substituting the numeric suffix for X uniquely generates POS5; aptX is also declared an airport. Golden line 56.
objects,CIT5,"There are also 12 cities labeled from cit1 to cit12, each with a position and airport location.",deterministic_rule,true,covered,Finite label range cit1..cit12 uniquely generates CIT5. Golden line 57.
objects,TRU5,"Initial setup for the logistics game includes, for each X from 1 to 12, the three packages objX1, objX2, and objX3, and includes 12 trucks labeled from tru1 to tru12.",deterministic_rule,true,covered,Finite X=1..12 construction uniquely generates TRU5. Golden line 58.
objects,OBJ53,"Initial setup for the logistics game includes, for each X from 1 to 12, the three packages objX1, objX2, and objX3, and includes 12 trucks labeled from tru1 to tru12.",deterministic_rule,true,covered,Finite X=1..12 construction uniquely generates OBJ53. Golden line 59.
objects,OBJ52,"Initial setup for the logistics game includes, for each X from 1 to 12, the three packages objX1, objX2, and objX3, and includes 12 trucks labeled from tru1 to tru12.",deterministic_rule,true,covered,Finite X=1..12 construction uniquely generates OBJ52. Golden line 60.
objects,OBJ51,"Initial setup for the logistics game includes, for each X from 1 to 12, the three packages objX1, objX2, and objX3, and includes 12 trucks labeled from tru1 to tru12.",deterministic_rule,true,covered,Finite X=1..12 construction uniquely generates OBJ51. Golden line 61.
objects,APT4,"For each X from 1 to 12, posX and aptX are locations in citX, and aptX is an airport.",deterministic_rule,true,covered,Substituting the numeric suffix for X uniquely generates APT4; aptX is also declared an airport. Golden line 62.
objects,POS4,"For each X from 1 to 12, posX and aptX are locations in citX, and aptX is an airport.",deterministic_rule,true,covered,Substituting the numeric suffix for X uniquely generates POS4; aptX is also declared an airport. Golden line 63.
objects,CIT4,"There are also 12 cities labeled from cit1 to cit12, each with a position and airport location.",deterministic_rule,true,covered,Finite label range cit1..cit12 uniquely generates CIT4. Golden line 64.
objects,TRU4,"Initial setup for the logistics game includes, for each X from 1 to 12, the three packages objX1, objX2, and objX3, and includes 12 trucks labeled from tru1 to tru12.",deterministic_rule,true,covered,Finite X=1..12 construction uniquely generates TRU4. Golden line 65.
objects,OBJ43,"Initial setup for the logistics game includes, for each X from 1 to 12, the three packages objX1, objX2, and objX3, and includes 12 trucks labeled from tru1 to tru12.",deterministic_rule,true,covered,Finite X=1..12 construction uniquely generates OBJ43. Golden line 66.
objects,OBJ42,"Initial setup for the logistics game includes, for each X from 1 to 12, the three packages objX1, objX2, and objX3, and includes 12 trucks labeled from tru1 to tru12.",deterministic_rule,true,covered,Finite X=1..12 construction uniquely generates OBJ42. Golden line 67.
objects,OBJ41,"Initial setup for the logistics game includes, for each X from 1 to 12, the three packages objX1, objX2, and objX3, and includes 12 trucks labeled from tru1 to tru12.",deterministic_rule,true,covered,Finite X=1..12 construction uniquely generates OBJ41. Golden line 68.
objects,APT3,"For each X from 1 to 12, posX and aptX are locations in citX, and aptX is an airport.",deterministic_rule,true,covered,Substituting the numeric suffix for X uniquely generates APT3; aptX is also declared an airport. Golden line 69.
objects,POS3,"For each X from 1 to 12, posX and aptX are locations in citX, and aptX is an airport.",deterministic_rule,true,covered,Substituting the numeric suffix for X uniquely generates POS3; aptX is also declared an airport. Golden line 70.
objects,CIT3,"There are also 12 cities labeled from cit1 to cit12, each with a position and airport location.",deterministic_rule,true,covered,Finite label range cit1..cit12 uniquely generates CIT3. Golden line 71.
objects,TRU3,"Initial setup for the logistics game includes, for each X from 1 to 12, the three packages objX1, objX2, and objX3, and includes 12 trucks labeled from tru1 to tru12.",deterministic_rule,true,covered,Finite X=1..12 construction uniquely generates TRU3. Golden line 72.
objects,OBJ33,"Initial setup for the logistics game includes, for each X from 1 to 12, the three packages objX1, objX2, and objX3, and includes 12 trucks labeled from tru1 to tru12.",deterministic_rule,true,covered,Finite X=1..12 construction uniquely generates OBJ33. Golden line 73.
objects,OBJ32,"Initial setup for the logistics game includes, for each X from 1 to 12, the three packages objX1, objX2, and objX3, and includes 12 trucks labeled from tru1 to tru12.",deterministic_rule,true,covered,Finite X=1..12 construction uniquely generates OBJ32. Golden line 74.
objects,OBJ31,"Initial setup for the logistics game includes, for each X from 1 to 12, the three packages objX1, objX2, and objX3, and includes 12 trucks labeled from tru1 to tru12.",deterministic_rule,true,covered,Finite X=1..12 construction uniquely generates OBJ31. Golden line 75.
objects,APT2,"For each X from 1 to 12, posX and aptX are locations in citX, and aptX is an airport.",deterministic_rule,true,covered,Substituting the numeric suffix for X uniquely generates APT2; aptX is also declared an airport. Golden line 76.
objects,POS2,"For each X from 1 to 12, posX and aptX are locations in citX, and aptX is an airport.",deterministic_rule,true,covered,Substituting the numeric suffix for X uniquely generates POS2; aptX is also declared an airport. Golden line 77.
objects,CIT2,"There are also 12 cities labeled from cit1 to cit12, each with a position and airport location.",deterministic_rule,true,covered,Finite label range cit1..cit12 uniquely generates CIT2. Golden line 78.
objects,TRU2,"Initial setup for the logistics game includes, for each X from 1 to 12, the three packages objX1, objX2, and objX3, and includes 12 trucks labeled from tru1 to tru12.",deterministic_rule,true,covered,Finite X=1..12 construction uniquely generates TRU2. Golden line 79.
objects,OBJ23,"Initial setup for the logistics game includes, for each X from 1 to 12, the three packages objX1, objX2, and objX3, and includes 12 trucks labeled from tru1 to tru12.",deterministic_rule,true,covered,Finite X=1..12 construction uniquely generates OBJ23. Golden line 80.
objects,OBJ22,"Initial setup for the logistics game includes, for each X from 1 to 12, the three packages objX1, objX2, and objX3, and includes 12 trucks labeled from tru1 to tru12.",deterministic_rule,true,covered,Finite X=1..12 construction uniquely generates OBJ22. Golden line 81.
objects,OBJ21,"Initial setup for the logistics game includes, for each X from 1 to 12, the three packages objX1, objX2, and objX3, and includes 12 trucks labeled from tru1 to tru12.",deterministic_rule,true,covered,Finite X=1..12 construction uniquely generates OBJ21. Golden line 82.
objects,APN1,"Every airplane (apn1, apn2, and apn3) is initially stationed as follows: apn1 and apn2 are at apt12, and apn3 is at apt7.",direct,true,covered,The airplane list directly names APN1. Golden line 83.
objects,APT1,"For each X from 1 to 12, posX and aptX are locations in citX, and aptX is an airport.",deterministic_rule,true,covered,Substituting the numeric suffix for X uniquely generates APT1; aptX is also declared an airport. Golden line 84.
objects,POS1,"For each X from 1 to 12, posX and aptX are locations in citX, and aptX is an airport.",deterministic_rule,true,covered,Substituting the numeric suffix for X uniquely generates POS1; aptX is also declared an airport. Golden line 85.
objects,CIT1,"There are also 12 cities labeled from cit1 to cit12, each with a position and airport location.",deterministic_rule,true,covered,Finite label range cit1..cit12 uniquely generates CIT1. Golden line 86.
objects,TRU1,"Initial setup for the logistics game includes, for each X from 1 to 12, the three packages objX1, objX2, and objX3, and includes 12 trucks labeled from tru1 to tru12.",deterministic_rule,true,covered,Finite X=1..12 construction uniquely generates TRU1. Golden line 87.
objects,OBJ13,"Initial setup for the logistics game includes, for each X from 1 to 12, the three packages objX1, objX2, and objX3, and includes 12 trucks labeled from tru1 to tru12.",deterministic_rule,true,covered,Finite X=1..12 construction uniquely generates OBJ13. Golden line 88.
objects,OBJ12,"Initial setup for the logistics game includes, for each X from 1 to 12, the three packages objX1, objX2, and objX3, and includes 12 trucks labeled from tru1 to tru12.",deterministic_rule,true,covered,Finite X=1..12 construction uniquely generates OBJ12. Golden line 89.
objects,OBJ11,"Initial setup for the logistics game includes, for each X from 1 to 12, the three packages objX1, objX2, and objX3, and includes 12 trucks labeled from tru1 to tru12.",deterministic_rule,true,covered,Finite X=1..12 construction uniquely generates OBJ11. Golden line 90.
init,(PACKAGE OBJ11),"Initial setup for the logistics game includes, for each X from 1 to 12, the three packages objX1, objX2, and objX3, and includes 12 trucks labeled from tru1 to tru12.",deterministic_rule,true,covered,The finite X rule expands uniquely to (PACKAGE OBJ11). Golden line 93.
init,(PACKAGE OBJ12),"Initial setup for the logistics game includes, for each X from 1 to 12, the three packages objX1, objX2, and objX3, and includes 12 trucks labeled from tru1 to tru12.",deterministic_rule,true,covered,The finite X rule expands uniquely to (PACKAGE OBJ12). Golden line 94.
init,(PACKAGE OBJ13),"Initial setup for the logistics game includes, for each X from 1 to 12, the three packages objX1, objX2, and objX3, and includes 12 trucks labeled from tru1 to tru12.",deterministic_rule,true,covered,The finite X rule expands uniquely to (PACKAGE OBJ13). Golden line 95.
init,(PACKAGE OBJ21),"Initial setup for the logistics game includes, for each X from 1 to 12, the three packages objX1, objX2, and objX3, and includes 12 trucks labeled from tru1 to tru12.",deterministic_rule,true,covered,The finite X rule expands uniquely to (PACKAGE OBJ21). Golden line 96.
init,(PACKAGE OBJ22),"Initial setup for the logistics game includes, for each X from 1 to 12, the three packages objX1, objX2, and objX3, and includes 12 trucks labeled from tru1 to tru12.",deterministic_rule,true,covered,The finite X rule expands uniquely to (PACKAGE OBJ22). Golden line 97.
init,(PACKAGE OBJ23),"Initial setup for the logistics game includes, for each X from 1 to 12, the three packages objX1, objX2, and objX3, and includes 12 trucks labeled from tru1 to tru12.",deterministic_rule,true,covered,The finite X rule expands uniquely to (PACKAGE OBJ23). Golden line 98.
init,(PACKAGE OBJ31),"Initial setup for the logistics game includes, for each X from 1 to 12, the three packages objX1, objX2, and objX3, and includes 12 trucks labeled from tru1 to tru12.",deterministic_rule,true,covered,The finite X rule expands uniquely to (PACKAGE OBJ31). Golden line 99.
init,(PACKAGE OBJ32),"Initial setup for the logistics game includes, for each X from 1 to 12, the three packages objX1, objX2, and objX3, and includes 12 trucks labeled from tru1 to tru12.",deterministic_rule,true,covered,The finite X rule expands uniquely to (PACKAGE OBJ32). Golden line 100.
init,(PACKAGE OBJ33),"Initial setup for the logistics game includes, for each X from 1 to 12, the three packages objX1, objX2, and objX3, and includes 12 trucks labeled from tru1 to tru12.",deterministic_rule,true,covered,The finite X rule expands uniquely to (PACKAGE OBJ33). Golden line 101.
init,(PACKAGE OBJ41),"Initial setup for the logistics game includes, for each X from 1 to 12, the three packages objX1, objX2, and objX3, and includes 12 trucks labeled from tru1 to tru12.",deterministic_rule,true,covered,The finite X rule expands uniquely to (PACKAGE OBJ41). Golden line 102.
init,(PACKAGE OBJ42),"Initial setup for the logistics game includes, for each X from 1 to 12, the three packages objX1, objX2, and objX3, and includes 12 trucks labeled from tru1 to tru12.",deterministic_rule,true,covered,The finite X rule expands uniquely to (PACKAGE OBJ42). Golden line 103.
init,(PACKAGE OBJ43),"Initial setup for the logistics game includes, for each X from 1 to 12, the three packages objX1, objX2, and objX3, and includes 12 trucks labeled from tru1 to tru12.",deterministic_rule,true,covered,The finite X rule expands uniquely to (PACKAGE OBJ43). Golden line 104.
init,(PACKAGE OBJ51),"Initial setup for the logistics game includes, for each X from 1 to 12, the three packages objX1, objX2, and objX3, and includes 12 trucks labeled from tru1 to tru12.",deterministic_rule,true,covered,The finite X rule expands uniquely to (PACKAGE OBJ51). Golden line 105.
init,(PACKAGE OBJ52),"Initial setup for the logistics game includes, for each X from 1 to 12, the three packages objX1, objX2, and objX3, and includes 12 trucks labeled from tru1 to tru12.",deterministic_rule,true,covered,The finite X rule expands uniquely to (PACKAGE OBJ52). Golden line 106.
init,(PACKAGE OBJ53),"Initial setup for the logistics game includes, for each X from 1 to 12, the three packages objX1, objX2, and objX3, and includes 12 trucks labeled from tru1 to tru12.",deterministic_rule,true,covered,The finite X rule expands uniquely to (PACKAGE OBJ53). Golden line 107.
init,(PACKAGE OBJ61),"Initial setup for the logistics game includes, for each X from 1 to 12, the three packages objX1, objX2, and objX3, and includes 12 trucks labeled from tru1 to tru12.",deterministic_rule,true,covered,The finite X rule expands uniquely to (PACKAGE OBJ61). Golden line 108.
init,(PACKAGE OBJ62),"Initial setup for the logistics game includes, for each X from 1 to 12, the three packages objX1, objX2, and objX3, and includes 12 trucks labeled from tru1 to tru12.",deterministic_rule,true,covered,The finite X rule expands uniquely to (PACKAGE OBJ62). Golden line 109.
init,(PACKAGE OBJ63),"Initial setup for the logistics game includes, for each X from 1 to 12, the three packages objX1, objX2, and objX3, and includes 12 trucks labeled from tru1 to tru12.",deterministic_rule,true,covered,The finite X rule expands uniquely to (PACKAGE OBJ63). Golden line 110.
init,(PACKAGE OBJ71),"Initial setup for the logistics game includes, for each X from 1 to 12, the three packages objX1, objX2, and objX3, and includes 12 trucks labeled from tru1 to tru12.",deterministic_rule,true,covered,The finite X rule expands uniquely to (PACKAGE OBJ71). Golden line 111.
init,(PACKAGE OBJ72),"Initial setup for the logistics game includes, for each X from 1 to 12, the three packages objX1, objX2, and objX3, and includes 12 trucks labeled from tru1 to tru12.",deterministic_rule,true,covered,The finite X rule expands uniquely to (PACKAGE OBJ72). Golden line 112.
init,(PACKAGE OBJ73),"Initial setup for the logistics game includes, for each X from 1 to 12, the three packages objX1, objX2, and objX3, and includes 12 trucks labeled from tru1 to tru12.",deterministic_rule,true,covered,The finite X rule expands uniquely to (PACKAGE OBJ73). Golden line 113.
init,(PACKAGE OBJ81),"Initial setup for the logistics game includes, for each X from 1 to 12, the three packages objX1, objX2, and objX3, and includes 12 trucks labeled from tru1 to tru12.",deterministic_rule,true,covered,The finite X rule expands uniquely to (PACKAGE OBJ81). Golden line 114.
init,(PACKAGE OBJ82),"Initial setup for the logistics game includes, for each X from 1 to 12, the three packages objX1, objX2, and objX3, and includes 12 trucks labeled from tru1 to tru12.",deterministic_rule,true,covered,The finite X rule expands uniquely to (PACKAGE OBJ82). Golden line 115.
init,(PACKAGE OBJ83),"Initial setup for the logistics game includes, for each X from 1 to 12, the three packages objX1, objX2, and objX3, and includes 12 trucks labeled from tru1 to tru12.",deterministic_rule,true,covered,The finite X rule expands uniquely to (PACKAGE OBJ83). Golden line 116.
init,(PACKAGE OBJ91),"Initial setup for the logistics game includes, for each X from 1 to 12, the three packages objX1, objX2, and objX3, and includes 12 trucks labeled from tru1 to tru12.",deterministic_rule,true,covered,The finite X rule expands uniquely to (PACKAGE OBJ91). Golden line 117.
init,(PACKAGE OBJ92),"Initial setup for the logistics game includes, for each X from 1 to 12, the three packages objX1, objX2, and objX3, and includes 12 trucks labeled from tru1 to tru12.",deterministic_rule,true,covered,The finite X rule expands uniquely to (PACKAGE OBJ92). Golden line 118.
init,(PACKAGE OBJ93),"Initial setup for the logistics game includes, for each X from 1 to 12, the three packages objX1, objX2, and objX3, and includes 12 trucks labeled from tru1 to tru12.",deterministic_rule,true,covered,The finite X rule expands uniquely to (PACKAGE OBJ93). Golden line 119.
init,(PACKAGE OBJ101),"Initial setup for the logistics game includes, for each X from 1 to 12, the three packages objX1, objX2, and objX3, and includes 12 trucks labeled from tru1 to tru12.",deterministic_rule,true,covered,The finite X rule expands uniquely to (PACKAGE OBJ101). Golden line 120.
init,(PACKAGE OBJ102),"Initial setup for the logistics game includes, for each X from 1 to 12, the three packages objX1, objX2, and objX3, and includes 12 trucks labeled from tru1 to tru12.",deterministic_rule,true,covered,The finite X rule expands uniquely to (PACKAGE OBJ102). Golden line 121.
init,(PACKAGE OBJ103),"Initial setup for the logistics game includes, for each X from 1 to 12, the three packages objX1, objX2, and objX3, and includes 12 trucks labeled from tru1 to tru12.",deterministic_rule,true,covered,The finite X rule expands uniquely to (PACKAGE OBJ103). Golden line 122.
init,(PACKAGE OBJ111),"Initial setup for the logistics game includes, for each X from 1 to 12, the three packages objX1, objX2, and objX3, and includes 12 trucks labeled from tru1 to tru12.",deterministic_rule,true,covered,The finite X rule expands uniquely to (PACKAGE OBJ111). Golden line 123.
init,(PACKAGE OBJ112),"Initial setup for the logistics game includes, for each X from 1 to 12, the three packages objX1, objX2, and objX3, and includes 12 trucks labeled from tru1 to tru12.",deterministic_rule,true,covered,The finite X rule expands uniquely to (PACKAGE OBJ112). Golden line 124.
init,(PACKAGE OBJ113),"Initial setup for the logistics game includes, for each X from 1 to 12, the three packages objX1, objX2, and objX3, and includes 12 trucks labeled from tru1 to tru12.",deterministic_rule,true,covered,The finite X rule expands uniquely to (PACKAGE OBJ113). Golden line 125.
init,(PACKAGE OBJ121),"Initial setup for the logistics game includes, for each X from 1 to 12, the three packages objX1, objX2, and objX3, and includes 12 trucks labeled from tru1 to tru12.",deterministic_rule,true,covered,The finite X rule expands uniquely to (PACKAGE OBJ121). Golden line 126.
init,(PACKAGE OBJ122),"Initial setup for the logistics game includes, for each X from 1 to 12, the three packages objX1, objX2, and objX3, and includes 12 trucks labeled from tru1 to tru12.",deterministic_rule,true,covered,The finite X rule expands uniquely to (PACKAGE OBJ122). Golden line 127.
init,(PACKAGE OBJ123),"Initial setup for the logistics game includes, for each X from 1 to 12, the three packages objX1, objX2, and objX3, and includes 12 trucks labeled from tru1 to tru12.",deterministic_rule,true,covered,The finite X rule expands uniquely to (PACKAGE OBJ123). Golden line 128.
init,(TRUCK TRU1),"Initial setup for the logistics game includes, for each X from 1 to 12, the three packages objX1, objX2, and objX3, and includes 12 trucks labeled from tru1 to tru12.",deterministic_rule,true,covered,The finite X rule expands uniquely to (TRUCK TRU1). Golden line 129.
init,(TRUCK TRU2),"Initial setup for the logistics game includes, for each X from 1 to 12, the three packages objX1, objX2, and objX3, and includes 12 trucks labeled from tru1 to tru12.",deterministic_rule,true,covered,The finite X rule expands uniquely to (TRUCK TRU2). Golden line 130.
init,(TRUCK TRU3),"Initial setup for the logistics game includes, for each X from 1 to 12, the three packages objX1, objX2, and objX3, and includes 12 trucks labeled from tru1 to tru12.",deterministic_rule,true,covered,The finite X rule expands uniquely to (TRUCK TRU3). Golden line 131.
init,(TRUCK TRU4),"Initial setup for the logistics game includes, for each X from 1 to 12, the three packages objX1, objX2, and objX3, and includes 12 trucks labeled from tru1 to tru12.",deterministic_rule,true,covered,The finite X rule expands uniquely to (TRUCK TRU4). Golden line 132.
init,(TRUCK TRU5),"Initial setup for the logistics game includes, for each X from 1 to 12, the three packages objX1, objX2, and objX3, and includes 12 trucks labeled from tru1 to tru12.",deterministic_rule,true,covered,The finite X rule expands uniquely to (TRUCK TRU5). Golden line 133.
init,(TRUCK TRU6),"Initial setup for the logistics game includes, for each X from 1 to 12, the three packages objX1, objX2, and objX3, and includes 12 trucks labeled from tru1 to tru12.",deterministic_rule,true,covered,The finite X rule expands uniquely to (TRUCK TRU6). Golden line 134.
init,(TRUCK TRU7),"Initial setup for the logistics game includes, for each X from 1 to 12, the three packages objX1, objX2, and objX3, and includes 12 trucks labeled from tru1 to tru12.",deterministic_rule,true,covered,The finite X rule expands uniquely to (TRUCK TRU7). Golden line 135.
init,(TRUCK TRU8),"Initial setup for the logistics game includes, for each X from 1 to 12, the three packages objX1, objX2, and objX3, and includes 12 trucks labeled from tru1 to tru12.",deterministic_rule,true,covered,The finite X rule expands uniquely to (TRUCK TRU8). Golden line 136.
init,(TRUCK TRU9),"Initial setup for the logistics game includes, for each X from 1 to 12, the three packages objX1, objX2, and objX3, and includes 12 trucks labeled from tru1 to tru12.",deterministic_rule,true,covered,The finite X rule expands uniquely to (TRUCK TRU9). Golden line 137.
init,(TRUCK TRU10),"Initial setup for the logistics game includes, for each X from 1 to 12, the three packages objX1, objX2, and objX3, and includes 12 trucks labeled from tru1 to tru12.",deterministic_rule,true,covered,The finite X rule expands uniquely to (TRUCK TRU10). Golden line 138.
init,(TRUCK TRU11),"Initial setup for the logistics game includes, for each X from 1 to 12, the three packages objX1, objX2, and objX3, and includes 12 trucks labeled from tru1 to tru12.",deterministic_rule,true,covered,The finite X rule expands uniquely to (TRUCK TRU11). Golden line 139.
init,(TRUCK TRU12),"Initial setup for the logistics game includes, for each X from 1 to 12, the three packages objX1, objX2, and objX3, and includes 12 trucks labeled from tru1 to tru12.",deterministic_rule,true,covered,The finite X rule expands uniquely to (TRUCK TRU12). Golden line 140.
init,(CITY CIT1),"There are also 12 cities labeled from cit1 to cit12, each with a position and airport location.",deterministic_rule,true,covered,The finite city-label range expands uniquely to (CITY CIT1). Golden line 141.
init,(CITY CIT2),"There are also 12 cities labeled from cit1 to cit12, each with a position and airport location.",deterministic_rule,true,covered,The finite city-label range expands uniquely to (CITY CIT2). Golden line 142.
init,(CITY CIT3),"There are also 12 cities labeled from cit1 to cit12, each with a position and airport location.",deterministic_rule,true,covered,The finite city-label range expands uniquely to (CITY CIT3). Golden line 143.
init,(CITY CIT4),"There are also 12 cities labeled from cit1 to cit12, each with a position and airport location.",deterministic_rule,true,covered,The finite city-label range expands uniquely to (CITY CIT4). Golden line 144.
init,(CITY CIT5),"There are also 12 cities labeled from cit1 to cit12, each with a position and airport location.",deterministic_rule,true,covered,The finite city-label range expands uniquely to (CITY CIT5). Golden line 145.
init,(CITY CIT6),"There are also 12 cities labeled from cit1 to cit12, each with a position and airport location.",deterministic_rule,true,covered,The finite city-label range expands uniquely to (CITY CIT6). Golden line 146.
init,(CITY CIT7),"There are also 12 cities labeled from cit1 to cit12, each with a position and airport location.",deterministic_rule,true,covered,The finite city-label range expands uniquely to (CITY CIT7). Golden line 147.
init,(CITY CIT8),"There are also 12 cities labeled from cit1 to cit12, each with a position and airport location.",deterministic_rule,true,covered,The finite city-label range expands uniquely to (CITY CIT8). Golden line 148.
init,(CITY CIT9),"There are also 12 cities labeled from cit1 to cit12, each with a position and airport location.",deterministic_rule,true,covered,The finite city-label range expands uniquely to (CITY CIT9). Golden line 149.
init,(CITY CIT10),"There are also 12 cities labeled from cit1 to cit12, each with a position and airport location.",deterministic_rule,true,covered,The finite city-label range expands uniquely to (CITY CIT10). Golden line 150.
init,(CITY CIT11),"There are also 12 cities labeled from cit1 to cit12, each with a position and airport location.",deterministic_rule,true,covered,The finite city-label range expands uniquely to (CITY CIT11). Golden line 151.
init,(CITY CIT12),"There are also 12 cities labeled from cit1 to cit12, each with a position and airport location.",deterministic_rule,true,covered,The finite city-label range expands uniquely to (CITY CIT12). Golden line 152.
init,(LOCATION POS1),"For each X from 1 to 12, posX and aptX are locations in citX, and aptX is an airport.",deterministic_rule,true,covered,Substituting X=1 yields (LOCATION POS1); the stated bound adds no siblings outside X=1..12. Golden line 153.
init,(LOCATION APT1),"For each X from 1 to 12, posX and aptX are locations in citX, and aptX is an airport.",deterministic_rule,true,covered,Substituting X=1 yields (LOCATION APT1); the stated bound adds no siblings outside X=1..12. Golden line 154.
init,(LOCATION POS2),"For each X from 1 to 12, posX and aptX are locations in citX, and aptX is an airport.",deterministic_rule,true,covered,Substituting X=2 yields (LOCATION POS2); the stated bound adds no siblings outside X=1..12. Golden line 155.
init,(LOCATION APT2),"For each X from 1 to 12, posX and aptX are locations in citX, and aptX is an airport.",deterministic_rule,true,covered,Substituting X=2 yields (LOCATION APT2); the stated bound adds no siblings outside X=1..12. Golden line 156.
init,(LOCATION POS3),"For each X from 1 to 12, posX and aptX are locations in citX, and aptX is an airport.",deterministic_rule,true,covered,Substituting X=3 yields (LOCATION POS3); the stated bound adds no siblings outside X=1..12. Golden line 157.
init,(LOCATION APT3),"For each X from 1 to 12, posX and aptX are locations in citX, and aptX is an airport.",deterministic_rule,true,covered,Substituting X=3 yields (LOCATION APT3); the stated bound adds no siblings outside X=1..12. Golden line 158.
init,(LOCATION POS4),"For each X from 1 to 12, posX and aptX are locations in citX, and aptX is an airport.",deterministic_rule,true,covered,Substituting X=4 yields (LOCATION POS4); the stated bound adds no siblings outside X=1..12. Golden line 159.
init,(LOCATION APT4),"For each X from 1 to 12, posX and aptX are locations in citX, and aptX is an airport.",deterministic_rule,true,covered,Substituting X=4 yields (LOCATION APT4); the stated bound adds no siblings outside X=1..12. Golden line 160.
init,(LOCATION POS5),"For each X from 1 to 12, posX and aptX are locations in citX, and aptX is an airport.",deterministic_rule,true,covered,Substituting X=5 yields (LOCATION POS5); the stated bound adds no siblings outside X=1..12. Golden line 161.
init,(LOCATION APT5),"For each X from 1 to 12, posX and aptX are locations in citX, and aptX is an airport.",deterministic_rule,true,covered,Substituting X=5 yields (LOCATION APT5); the stated bound adds no siblings outside X=1..12. Golden line 162.
init,(LOCATION POS6),"For each X from 1 to 12, posX and aptX are locations in citX, and aptX is an airport.",deterministic_rule,true,covered,Substituting X=6 yields (LOCATION POS6); the stated bound adds no siblings outside X=1..12. Golden line 163.
init,(LOCATION APT6),"For each X from 1 to 12, posX and aptX are locations in citX, and aptX is an airport.",deterministic_rule,true,covered,Substituting X=6 yields (LOCATION APT6); the stated bound adds no siblings outside X=1..12. Golden line 164.
init,(LOCATION POS7),"For each X from 1 to 12, posX and aptX are locations in citX, and aptX is an airport.",deterministic_rule,true,covered,Substituting X=7 yields (LOCATION POS7); the stated bound adds no siblings outside X=1..12. Golden line 165.
init,(LOCATION APT7),"For each X from 1 to 12, posX and aptX are locations in citX, and aptX is an airport.",deterministic_rule,true,covered,Substituting X=7 yields (LOCATION APT7); the stated bound adds no siblings outside X=1..12. Golden line 166.
init,(LOCATION POS8),"For each X from 1 to 12, posX and aptX are locations in citX, and aptX is an airport.",deterministic_rule,true,covered,Substituting X=8 yields (LOCATION POS8); the stated bound adds no siblings outside X=1..12. Golden line 167.
init,(LOCATION APT8),"For each X from 1 to 12, posX and aptX are locations in citX, and aptX is an airport.",deterministic_rule,true,covered,Substituting X=8 yields (LOCATION APT8); the stated bound adds no siblings outside X=1..12. Golden line 168.
init,(LOCATION POS9),"For each X from 1 to 12, posX and aptX are locations in citX, and aptX is an airport.",deterministic_rule,true,covered,Substituting X=9 yields (LOCATION POS9); the stated bound adds no siblings outside X=1..12. Golden line 169.
init,(LOCATION APT9),"For each X from 1 to 12, posX and aptX are locations in citX, and aptX is an airport.",deterministic_rule,true,covered,Substituting X=9 yields (LOCATION APT9); the stated bound adds no siblings outside X=1..12. Golden line 170.
init,(LOCATION POS10),"For each X from 1 to 12, posX and aptX are locations in citX, and aptX is an airport.",deterministic_rule,true,covered,Substituting X=10 yields (LOCATION POS10); the stated bound adds no siblings outside X=1..12. Golden line 171.
init,(LOCATION APT10),"For each X from 1 to 12, posX and aptX are locations in citX, and aptX is an airport.",deterministic_rule,true,covered,Substituting X=10 yields (LOCATION APT10); the stated bound adds no siblings outside X=1..12. Golden line 172.
init,(LOCATION POS11),"For each X from 1 to 12, posX and aptX are locations in citX, and aptX is an airport.",deterministic_rule,true,covered,Substituting X=11 yields (LOCATION POS11); the stated bound adds no siblings outside X=1..12. Golden line 173.
init,(LOCATION APT11),"For each X from 1 to 12, posX and aptX are locations in citX, and aptX is an airport.",deterministic_rule,true,covered,Substituting X=11 yields (LOCATION APT11); the stated bound adds no siblings outside X=1..12. Golden line 174.
init,(LOCATION POS12),"For each X from 1 to 12, posX and aptX are locations in citX, and aptX is an airport.",deterministic_rule,true,covered,Substituting X=12 yields (LOCATION POS12); the stated bound adds no siblings outside X=1..12. Golden line 175.
init,(LOCATION APT12),"For each X from 1 to 12, posX and aptX are locations in citX, and aptX is an airport.",deterministic_rule,true,covered,Substituting X=12 yields (LOCATION APT12); the stated bound adds no siblings outside X=1..12. Golden line 176.
init,(AIRPORT APT1),"For each X from 1 to 12, posX and aptX are locations in citX, and aptX is an airport.",deterministic_rule,true,covered,Substituting X=1 yields (AIRPORT APT1); the stated bound adds no siblings outside X=1..12. Golden line 177.
init,(AIRPORT APT2),"For each X from 1 to 12, posX and aptX are locations in citX, and aptX is an airport.",deterministic_rule,true,covered,Substituting X=2 yields (AIRPORT APT2); the stated bound adds no siblings outside X=1..12. Golden line 178.
init,(AIRPORT APT3),"For each X from 1 to 12, posX and aptX are locations in citX, and aptX is an airport.",deterministic_rule,true,covered,Substituting X=3 yields (AIRPORT APT3); the stated bound adds no siblings outside X=1..12. Golden line 179.
init,(AIRPORT APT4),"For each X from 1 to 12, posX and aptX are locations in citX, and aptX is an airport.",deterministic_rule,true,covered,Substituting X=4 yields (AIRPORT APT4); the stated bound adds no siblings outside X=1..12. Golden line 180.
init,(AIRPORT APT5),"For each X from 1 to 12, posX and aptX are locations in citX, and aptX is an airport.",deterministic_rule,true,covered,Substituting X=5 yields (AIRPORT APT5); the stated bound adds no siblings outside X=1..12. Golden line 181.
init,(AIRPORT APT6),"For each X from 1 to 12, posX and aptX are locations in citX, and aptX is an airport.",deterministic_rule,true,covered,Substituting X=6 yields (AIRPORT APT6); the stated bound adds no siblings outside X=1..12. Golden line 182.
init,(AIRPORT APT7),"For each X from 1 to 12, posX and aptX are locations in citX, and aptX is an airport.",deterministic_rule,true,covered,Substituting X=7 yields (AIRPORT APT7); the stated bound adds no siblings outside X=1..12. Golden line 183.
init,(AIRPORT APT8),"For each X from 1 to 12, posX and aptX are locations in citX, and aptX is an airport.",deterministic_rule,true,covered,Substituting X=8 yields (AIRPORT APT8); the stated bound adds no siblings outside X=1..12. Golden line 184.
init,(AIRPORT APT9),"For each X from 1 to 12, posX and aptX are locations in citX, and aptX is an airport.",deterministic_rule,true,covered,Substituting X=9 yields (AIRPORT APT9); the stated bound adds no siblings outside X=1..12. Golden line 185.
init,(AIRPORT APT10),"For each X from 1 to 12, posX and aptX are locations in citX, and aptX is an airport.",deterministic_rule,true,covered,Substituting X=10 yields (AIRPORT APT10); the stated bound adds no siblings outside X=1..12. Golden line 186.
init,(AIRPORT APT11),"For each X from 1 to 12, posX and aptX are locations in citX, and aptX is an airport.",deterministic_rule,true,covered,Substituting X=11 yields (AIRPORT APT11); the stated bound adds no siblings outside X=1..12. Golden line 187.
init,(AIRPORT APT12),"For each X from 1 to 12, posX and aptX are locations in citX, and aptX is an airport.",deterministic_rule,true,covered,Substituting X=12 yields (AIRPORT APT12); the stated bound adds no siblings outside X=1..12. Golden line 188.
init,(AIRPLANE APN1),"Every airplane (apn1, apn2, and apn3) is initially stationed as follows: apn1 and apn2 are at apt12, and apn3 is at apt7.",direct,true,covered,Direct airplane declaration covers (AIRPLANE APN1). Golden line 189.
init,(AIRPLANE APN2),"Every airplane (apn1, apn2, and apn3) is initially stationed as follows: apn1 and apn2 are at apt12, and apn3 is at apt7.",direct,true,covered,Direct airplane declaration covers (AIRPLANE APN2). Golden line 190.
init,(AIRPLANE APN3),"Every airplane (apn1, apn2, and apn3) is initially stationed as follows: apn1 and apn2 are at apt12, and apn3 is at apt7.",direct,true,covered,Direct airplane declaration covers (AIRPLANE APN3). Golden line 191.
init,(AT APN1 APT12),"Every airplane (apn1, apn2, and apn3) is initially stationed as follows: apn1 and apn2 are at apt12, and apn3 is at apt7.",direct,true,covered,The explicit airplane mapping uniquely states (AT APN1 APT12). Golden line 192.
init,(AT APN2 APT12),"Every airplane (apn1, apn2, and apn3) is initially stationed as follows: apn1 and apn2 are at apt12, and apn3 is at apt7.",direct,true,covered,The explicit airplane mapping uniquely states (AT APN2 APT12). Golden line 193.
init,(AT APN3 APT7),"Every airplane (apn1, apn2, and apn3) is initially stationed as follows: apn1 and apn2 are at apt12, and apn3 is at apt7.",direct,true,covered,The explicit airplane mapping uniquely states (AT APN3 APT7). Golden line 194.
init,(AT TRU1 POS1),"Specifically, initially, for each X from 1 to 12, truck truX and packages objX1, objX2, and objX3 are at posX.",deterministic_rule,true,covered,Substituting the suffix X in the bounded rule yields (AT TRU1 POS1). Golden line 195.
init,(AT OBJ11 POS1),"Specifically, initially, for each X from 1 to 12, truck truX and packages objX1, objX2, and objX3 are at posX.",deterministic_rule,true,covered,Substituting the suffix X in the bounded rule yields (AT OBJ11 POS1). Golden line 196.
init,(AT OBJ12 POS1),"Specifically, initially, for each X from 1 to 12, truck truX and packages objX1, objX2, and objX3 are at posX.",deterministic_rule,true,covered,Substituting the suffix X in the bounded rule yields (AT OBJ12 POS1). Golden line 197.
init,(AT OBJ13 POS1),"Specifically, initially, for each X from 1 to 12, truck truX and packages objX1, objX2, and objX3 are at posX.",deterministic_rule,true,covered,Substituting the suffix X in the bounded rule yields (AT OBJ13 POS1). Golden line 198.
init,(AT TRU2 POS2),"Specifically, initially, for each X from 1 to 12, truck truX and packages objX1, objX2, and objX3 are at posX.",deterministic_rule,true,covered,Substituting the suffix X in the bounded rule yields (AT TRU2 POS2). Golden line 199.
init,(AT OBJ21 POS2),"Specifically, initially, for each X from 1 to 12, truck truX and packages objX1, objX2, and objX3 are at posX.",deterministic_rule,true,covered,Substituting the suffix X in the bounded rule yields (AT OBJ21 POS2). Golden line 200.
init,(AT OBJ22 POS2),"Specifically, initially, for each X from 1 to 12, truck truX and packages objX1, objX2, and objX3 are at posX.",deterministic_rule,true,covered,Substituting the suffix X in the bounded rule yields (AT OBJ22 POS2). Golden line 201.
init,(AT OBJ23 POS2),"Specifically, initially, for each X from 1 to 12, truck truX and packages objX1, objX2, and objX3 are at posX.",deterministic_rule,true,covered,Substituting the suffix X in the bounded rule yields (AT OBJ23 POS2). Golden line 202.
init,(AT TRU3 POS3),"Specifically, initially, for each X from 1 to 12, truck truX and packages objX1, objX2, and objX3 are at posX.",deterministic_rule,true,covered,Substituting the suffix X in the bounded rule yields (AT TRU3 POS3). Golden line 203.
init,(AT OBJ31 POS3),"Specifically, initially, for each X from 1 to 12, truck truX and packages objX1, objX2, and objX3 are at posX.",deterministic_rule,true,covered,Substituting the suffix X in the bounded rule yields (AT OBJ31 POS3). Golden line 204.
init,(AT OBJ32 POS3),"Specifically, initially, for each X from 1 to 12, truck truX and packages objX1, objX2, and objX3 are at posX.",deterministic_rule,true,covered,Substituting the suffix X in the bounded rule yields (AT OBJ32 POS3). Golden line 205.
init,(AT OBJ33 POS3),"Specifically, initially, for each X from 1 to 12, truck truX and packages objX1, objX2, and objX3 are at posX.",deterministic_rule,true,covered,Substituting the suffix X in the bounded rule yields (AT OBJ33 POS3). Golden line 206.
init,(AT TRU4 POS4),"Specifically, initially, for each X from 1 to 12, truck truX and packages objX1, objX2, and objX3 are at posX.",deterministic_rule,true,covered,Substituting the suffix X in the bounded rule yields (AT TRU4 POS4). Golden line 207.
init,(AT OBJ41 POS4),"Specifically, initially, for each X from 1 to 12, truck truX and packages objX1, objX2, and objX3 are at posX.",deterministic_rule,true,covered,Substituting the suffix X in the bounded rule yields (AT OBJ41 POS4). Golden line 208.
init,(AT OBJ42 POS4),"Specifically, initially, for each X from 1 to 12, truck truX and packages objX1, objX2, and objX3 are at posX.",deterministic_rule,true,covered,Substituting the suffix X in the bounded rule yields (AT OBJ42 POS4). Golden line 209.
init,(AT OBJ43 POS4),"Specifically, initially, for each X from 1 to 12, truck truX and packages objX1, objX2, and objX3 are at posX.",deterministic_rule,true,covered,Substituting the suffix X in the bounded rule yields (AT OBJ43 POS4). Golden line 210.
init,(AT TRU5 POS5),"Specifically, initially, for each X from 1 to 12, truck truX and packages objX1, objX2, and objX3 are at posX.",deterministic_rule,true,covered,Substituting the suffix X in the bounded rule yields (AT TRU5 POS5). Golden line 211.
init,(AT OBJ51 POS5),"Specifically, initially, for each X from 1 to 12, truck truX and packages objX1, objX2, and objX3 are at posX.",deterministic_rule,true,covered,Substituting the suffix X in the bounded rule yields (AT OBJ51 POS5). Golden line 212.
init,(AT OBJ52 POS5),"Specifically, initially, for each X from 1 to 12, truck truX and packages objX1, objX2, and objX3 are at posX.",deterministic_rule,true,covered,Substituting the suffix X in the bounded rule yields (AT OBJ52 POS5). Golden line 213.
init,(AT OBJ53 POS5),"Specifically, initially, for each X from 1 to 12, truck truX and packages objX1, objX2, and objX3 are at posX.",deterministic_rule,true,covered,Substituting the suffix X in the bounded rule yields (AT OBJ53 POS5). Golden line 214.
init,(AT TRU6 POS6),"Specifically, initially, for each X from 1 to 12, truck truX and packages objX1, objX2, and objX3 are at posX.",deterministic_rule,true,covered,Substituting the suffix X in the bounded rule yields (AT TRU6 POS6). Golden line 215.
init,(AT OBJ61 POS6),"Specifically, initially, for each X from 1 to 12, truck truX and packages objX1, objX2, and objX3 are at posX.",deterministic_rule,true,covered,Substituting the suffix X in the bounded rule yields (AT OBJ61 POS6). Golden line 216.
init,(AT OBJ62 POS6),"Specifically, initially, for each X from 1 to 12, truck truX and packages objX1, objX2, and objX3 are at posX.",deterministic_rule,true,covered,Substituting the suffix X in the bounded rule yields (AT OBJ62 POS6). Golden line 217.
init,(AT OBJ63 POS6),"Specifically, initially, for each X from 1 to 12, truck truX and packages objX1, objX2, and objX3 are at posX.",deterministic_rule,true,covered,Substituting the suffix X in the bounded rule yields (AT OBJ63 POS6). Golden line 218.
init,(AT TRU7 POS7),"Specifically, initially, for each X from 1 to 12, truck truX and packages objX1, objX2, and objX3 are at posX.",deterministic_rule,true,covered,Substituting the suffix X in the bounded rule yields (AT TRU7 POS7). Golden line 219.
init,(AT OBJ71 POS7),"Specifically, initially, for each X from 1 to 12, truck truX and packages objX1, objX2, and objX3 are at posX.",deterministic_rule,true,covered,Substituting the suffix X in the bounded rule yields (AT OBJ71 POS7). Golden line 220.
init,(AT OBJ72 POS7),"Specifically, initially, for each X from 1 to 12, truck truX and packages objX1, objX2, and objX3 are at posX.",deterministic_rule,true,covered,Substituting the suffix X in the bounded rule yields (AT OBJ72 POS7). Golden line 221.
init,(AT OBJ73 POS7),"Specifically, initially, for each X from 1 to 12, truck truX and packages objX1, objX2, and objX3 are at posX.",deterministic_rule,true,covered,Substituting the suffix X in the bounded rule yields (AT OBJ73 POS7). Golden line 222.
init,(AT TRU8 POS8),"Specifically, initially, for each X from 1 to 12, truck truX and packages objX1, objX2, and objX3 are at posX.",deterministic_rule,true,covered,Substituting the suffix X in the bounded rule yields (AT TRU8 POS8). Golden line 223.
init,(AT OBJ81 POS8),"Specifically, initially, for each X from 1 to 12, truck truX and packages objX1, objX2, and objX3 are at posX.",deterministic_rule,true,covered,Substituting the suffix X in the bounded rule yields (AT OBJ81 POS8). Golden line 224.
init,(AT OBJ82 POS8),"Specifically, initially, for each X from 1 to 12, truck truX and packages objX1, objX2, and objX3 are at posX.",deterministic_rule,true,covered,Substituting the suffix X in the bounded rule yields (AT OBJ82 POS8). Golden line 225.
init,(AT OBJ83 POS8),"Specifically, initially, for each X from 1 to 12, truck truX and packages objX1, objX2, and objX3 are at posX.",deterministic_rule,true,covered,Substituting the suffix X in the bounded rule yields (AT OBJ83 POS8). Golden line 226.
init,(AT TRU9 POS9),"Specifically, initially, for each X from 1 to 12, truck truX and packages objX1, objX2, and objX3 are at posX.",deterministic_rule,true,covered,Substituting the suffix X in the bounded rule yields (AT TRU9 POS9). Golden line 227.
init,(AT OBJ91 POS9),"Specifically, initially, for each X from 1 to 12, truck truX and packages objX1, objX2, and objX3 are at posX.",deterministic_rule,true,covered,Substituting the suffix X in the bounded rule yields (AT OBJ91 POS9). Golden line 228.
init,(AT OBJ92 POS9),"Specifically, initially, for each X from 1 to 12, truck truX and packages objX1, objX2, and objX3 are at posX.",deterministic_rule,true,covered,Substituting the suffix X in the bounded rule yields (AT OBJ92 POS9). Golden line 229.
init,(AT OBJ93 POS9),"Specifically, initially, for each X from 1 to 12, truck truX and packages objX1, objX2, and objX3 are at posX.",deterministic_rule,true,covered,Substituting the suffix X in the bounded rule yields (AT OBJ93 POS9). Golden line 230.
init,(AT TRU10 POS10),"Specifically, initially, for each X from 1 to 12, truck truX and packages objX1, objX2, and objX3 are at posX.",deterministic_rule,true,covered,Substituting the suffix X in the bounded rule yields (AT TRU10 POS10). Golden line 231.
init,(AT OBJ101 POS10),"Specifically, initially, for each X from 1 to 12, truck truX and packages objX1, objX2, and objX3 are at posX.",deterministic_rule,true,covered,Substituting the suffix X in the bounded rule yields (AT OBJ101 POS10). Golden line 232.
init,(AT OBJ102 POS10),"Specifically, initially, for each X from 1 to 12, truck truX and packages objX1, objX2, and objX3 are at posX.",deterministic_rule,true,covered,Substituting the suffix X in the bounded rule yields (AT OBJ102 POS10). Golden line 233.
init,(AT OBJ103 POS10),"Specifically, initially, for each X from 1 to 12, truck truX and packages objX1, objX2, and objX3 are at posX.",deterministic_rule,true,covered,Substituting the suffix X in the bounded rule yields (AT OBJ103 POS10). Golden line 234.
init,(AT TRU11 POS11),"Specifically, initially, for each X from 1 to 12, truck truX and packages objX1, objX2, and objX3 are at posX.",deterministic_rule,true,covered,Substituting the suffix X in the bounded rule yields (AT TRU11 POS11). Golden line 235.
init,(AT OBJ111 POS11),"Specifically, initially, for each X from 1 to 12, truck truX and packages objX1, objX2, and objX3 are at posX.",deterministic_rule,true,covered,Substituting the suffix X in the bounded rule yields (AT OBJ111 POS11). Golden line 236.
init,(AT OBJ112 POS11),"Specifically, initially, for each X from 1 to 12, truck truX and packages objX1, objX2, and objX3 are at posX.",deterministic_rule,true,covered,Substituting the suffix X in the bounded rule yields (AT OBJ112 POS11). Golden line 237.
init,(AT OBJ113 POS11),"Specifically, initially, for each X from 1 to 12, truck truX and packages objX1, objX2, and objX3 are at posX.",deterministic_rule,true,covered,Substituting the suffix X in the bounded rule yields (AT OBJ113 POS11). Golden line 238.
init,(AT TRU12 POS12),"Specifically, initially, for each X from 1 to 12, truck truX and packages objX1, objX2, and objX3 are at posX.",deterministic_rule,true,covered,Substituting the suffix X in the bounded rule yields (AT TRU12 POS12). Golden line 239.
init,(AT OBJ121 POS12),"Specifically, initially, for each X from 1 to 12, truck truX and packages objX1, objX2, and objX3 are at posX.",deterministic_rule,true,covered,Substituting the suffix X in the bounded rule yields (AT OBJ121 POS12). Golden line 240.
init,(AT OBJ122 POS12),"Specifically, initially, for each X from 1 to 12, truck truX and packages objX1, objX2, and objX3 are at posX.",deterministic_rule,true,covered,Substituting the suffix X in the bounded rule yields (AT OBJ122 POS12). Golden line 241.
init,(AT OBJ123 POS12),"Specifically, initially, for each X from 1 to 12, truck truX and packages objX1, objX2, and objX3 are at posX.",deterministic_rule,true,covered,Substituting the suffix X in the bounded rule yields (AT OBJ123 POS12). Golden line 242.
init,(IN-CITY POS1 CIT1),"For each X from 1 to 12, posX and aptX are locations in citX, and aptX is an airport.",deterministic_rule,true,covered,Substituting X=1 yields (IN-CITY POS1 CIT1); the stated bound adds no siblings outside X=1..12. Golden line 243.
init,(IN-CITY APT1 CIT1),"For each X from 1 to 12, posX and aptX are locations in citX, and aptX is an airport.",deterministic_rule,true,covered,Substituting X=1 yields (IN-CITY APT1 CIT1); the stated bound adds no siblings outside X=1..12. Golden line 244.
init,(IN-CITY POS2 CIT2),"For each X from 1 to 12, posX and aptX are locations in citX, and aptX is an airport.",deterministic_rule,true,covered,Substituting X=2 yields (IN-CITY POS2 CIT2); the stated bound adds no siblings outside X=1..12. Golden line 245.
init,(IN-CITY APT2 CIT2),"For each X from 1 to 12, posX and aptX are locations in citX, and aptX is an airport.",deterministic_rule,true,covered,Substituting X=2 yields (IN-CITY APT2 CIT2); the stated bound adds no siblings outside X=1..12. Golden line 246.
init,(IN-CITY POS3 CIT3),"For each X from 1 to 12, posX and aptX are locations in citX, and aptX is an airport.",deterministic_rule,true,covered,Substituting X=3 yields (IN-CITY POS3 CIT3); the stated bound adds no siblings outside X=1..12. Golden line 247.
init,(IN-CITY APT3 CIT3),"For each X from 1 to 12, posX and aptX are locations in citX, and aptX is an airport.",deterministic_rule,true,covered,Substituting X=3 yields (IN-CITY APT3 CIT3); the stated bound adds no siblings outside X=1..12. Golden line 248.
init,(IN-CITY POS4 CIT4),"For each X from 1 to 12, posX and aptX are locations in citX, and aptX is an airport.",deterministic_rule,true,covered,Substituting X=4 yields (IN-CITY POS4 CIT4); the stated bound adds no siblings outside X=1..12. Golden line 249.
init,(IN-CITY APT4 CIT4),"For each X from 1 to 12, posX and aptX are locations in citX, and aptX is an airport.",deterministic_rule,true,covered,Substituting X=4 yields (IN-CITY APT4 CIT4); the stated bound adds no siblings outside X=1..12. Golden line 250.
init,(IN-CITY POS5 CIT5),"For each X from 1 to 12, posX and aptX are locations in citX, and aptX is an airport.",deterministic_rule,true,covered,Substituting X=5 yields (IN-CITY POS5 CIT5); the stated bound adds no siblings outside X=1..12. Golden line 251.
init,(IN-CITY APT5 CIT5),"For each X from 1 to 12, posX and aptX are locations in citX, and aptX is an airport.",deterministic_rule,true,covered,Substituting X=5 yields (IN-CITY APT5 CIT5); the stated bound adds no siblings outside X=1..12. Golden line 252.
init,(IN-CITY POS6 CIT6),"For each X from 1 to 12, posX and aptX are locations in citX, and aptX is an airport.",deterministic_rule,true,covered,Substituting X=6 yields (IN-CITY POS6 CIT6); the stated bound adds no siblings outside X=1..12. Golden line 253.
init,(IN-CITY APT6 CIT6),"For each X from 1 to 12, posX and aptX are locations in citX, and aptX is an airport.",deterministic_rule,true,covered,Substituting X=6 yields (IN-CITY APT6 CIT6); the stated bound adds no siblings outside X=1..12. Golden line 254.
init,(IN-CITY POS7 CIT7),"For each X from 1 to 12, posX and aptX are locations in citX, and aptX is an airport.",deterministic_rule,true,covered,Substituting X=7 yields (IN-CITY POS7 CIT7); the stated bound adds no siblings outside X=1..12. Golden line 255.
init,(IN-CITY APT7 CIT7),"For each X from 1 to 12, posX and aptX are locations in citX, and aptX is an airport.",deterministic_rule,true,covered,Substituting X=7 yields (IN-CITY APT7 CIT7); the stated bound adds no siblings outside X=1..12. Golden line 256.
init,(IN-CITY POS8 CIT8),"For each X from 1 to 12, posX and aptX are locations in citX, and aptX is an airport.",deterministic_rule,true,covered,Substituting X=8 yields (IN-CITY POS8 CIT8); the stated bound adds no siblings outside X=1..12. Golden line 257.
init,(IN-CITY APT8 CIT8),"For each X from 1 to 12, posX and aptX are locations in citX, and aptX is an airport.",deterministic_rule,true,covered,Substituting X=8 yields (IN-CITY APT8 CIT8); the stated bound adds no siblings outside X=1..12. Golden line 258.
init,(IN-CITY POS9 CIT9),"For each X from 1 to 12, posX and aptX are locations in citX, and aptX is an airport.",deterministic_rule,true,covered,Substituting X=9 yields (IN-CITY POS9 CIT9); the stated bound adds no siblings outside X=1..12. Golden line 259.
init,(IN-CITY APT9 CIT9),"For each X from 1 to 12, posX and aptX are locations in citX, and aptX is an airport.",deterministic_rule,true,covered,Substituting X=9 yields (IN-CITY APT9 CIT9); the stated bound adds no siblings outside X=1..12. Golden line 260.
init,(IN-CITY POS10 CIT10),"For each X from 1 to 12, posX and aptX are locations in citX, and aptX is an airport.",deterministic_rule,true,covered,Substituting X=10 yields (IN-CITY POS10 CIT10); the stated bound adds no siblings outside X=1..12. Golden line 261.
init,(IN-CITY APT10 CIT10),"For each X from 1 to 12, posX and aptX are locations in citX, and aptX is an airport.",deterministic_rule,true,covered,Substituting X=10 yields (IN-CITY APT10 CIT10); the stated bound adds no siblings outside X=1..12. Golden line 262.
init,(IN-CITY POS11 CIT11),"For each X from 1 to 12, posX and aptX are locations in citX, and aptX is an airport.",deterministic_rule,true,covered,Substituting X=11 yields (IN-CITY POS11 CIT11); the stated bound adds no siblings outside X=1..12. Golden line 263.
init,(IN-CITY APT11 CIT11),"For each X from 1 to 12, posX and aptX are locations in citX, and aptX is an airport.",deterministic_rule,true,covered,Substituting X=11 yields (IN-CITY APT11 CIT11); the stated bound adds no siblings outside X=1..12. Golden line 264.
init,(IN-CITY POS12 CIT12),"For each X from 1 to 12, posX and aptX are locations in citX, and aptX is an airport.",deterministic_rule,true,covered,Substituting X=12 yields (IN-CITY POS12 CIT12); the stated bound adds no siblings outside X=1..12. Golden line 265.
init,(IN-CITY APT12 CIT12),"For each X from 1 to 12, posX and aptX are locations in citX, and aptX is an airport.",deterministic_rule,true,covered,Substituting X=12 yields (IN-CITY APT12 CIT12); the stated bound adds no siblings outside X=1..12. Golden line 266.
goal,(AT OBJ81 POS1),"Specifically, obj81 needs to be at pos1; obj62 needs to be at pos5; obj123 needs to be at pos7; obj42 needs to be at apt12; obj112 needs to be at apt6; obj63 needs to be at apt8; obj111 needs to be at pos5; obj122 needs to be at apt5; obj72 needs to be at pos1; obj52 needs to be at apt2; obj103 needs to be at apt3; obj61 needs to be at apt5; obj21 needs to be at apt9; obj31 needs to be at apt12; obj121 needs to be at pos12; obj41 needs to be at apt10; obj51 needs to be at apt5; obj22 needs to be at pos3; obj93 needs to be at apt10; obj13 needs to be at apt5; obj71 needs to be at pos7; obj73 needs to be at pos7; obj92 needs to be at apt2; obj12 needs to be at apt6; obj83 needs to be at apt8; obj33 needs to be at pos12; obj102 needs to be at pos11; obj23 needs to be at pos12; obj11 needs to be at apt9; obj32 needs to be at apt3; obj43 needs to be at apt7; obj91 needs to be at pos5; obj53 needs to be at apt6; obj113 needs to be at pos9; obj101 needs to be at apt12.",direct,true,covered,The complete irregular goal list directly includes (AT OBJ81 POS1); all 35 destinations are conjunctive. Golden line 269.
goal,(AT OBJ62 POS5),"Specifically, obj81 needs to be at pos1; obj62 needs to be at pos5; obj123 needs to be at pos7; obj42 needs to be at apt12; obj112 needs to be at apt6; obj63 needs to be at apt8; obj111 needs to be at pos5; obj122 needs to be at apt5; obj72 needs to be at pos1; obj52 needs to be at apt2; obj103 needs to be at apt3; obj61 needs to be at apt5; obj21 needs to be at apt9; obj31 needs to be at apt12; obj121 needs to be at pos12; obj41 needs to be at apt10; obj51 needs to be at apt5; obj22 needs to be at pos3; obj93 needs to be at apt10; obj13 needs to be at apt5; obj71 needs to be at pos7; obj73 needs to be at pos7; obj92 needs to be at apt2; obj12 needs to be at apt6; obj83 needs to be at apt8; obj33 needs to be at pos12; obj102 needs to be at pos11; obj23 needs to be at pos12; obj11 needs to be at apt9; obj32 needs to be at apt3; obj43 needs to be at apt7; obj91 needs to be at pos5; obj53 needs to be at apt6; obj113 needs to be at pos9; obj101 needs to be at apt12.",direct,true,covered,The complete irregular goal list directly includes (AT OBJ62 POS5); all 35 destinations are conjunctive. Golden line 270.
goal,(AT OBJ123 POS7),"Specifically, obj81 needs to be at pos1; obj62 needs to be at pos5; obj123 needs to be at pos7; obj42 needs to be at apt12; obj112 needs to be at apt6; obj63 needs to be at apt8; obj111 needs to be at pos5; obj122 needs to be at apt5; obj72 needs to be at pos1; obj52 needs to be at apt2; obj103 needs to be at apt3; obj61 needs to be at apt5; obj21 needs to be at apt9; obj31 needs to be at apt12; obj121 needs to be at pos12; obj41 needs to be at apt10; obj51 needs to be at apt5; obj22 needs to be at pos3; obj93 needs to be at apt10; obj13 needs to be at apt5; obj71 needs to be at pos7; obj73 needs to be at pos7; obj92 needs to be at apt2; obj12 needs to be at apt6; obj83 needs to be at apt8; obj33 needs to be at pos12; obj102 needs to be at pos11; obj23 needs to be at pos12; obj11 needs to be at apt9; obj32 needs to be at apt3; obj43 needs to be at apt7; obj91 needs to be at pos5; obj53 needs to be at apt6; obj113 needs to be at pos9; obj101 needs to be at apt12.",direct,true,covered,The complete irregular goal list directly includes (AT OBJ123 POS7); all 35 destinations are conjunctive. Golden line 271.
goal,(AT OBJ42 APT12),"Specifically, obj81 needs to be at pos1; obj62 needs to be at pos5; obj123 needs to be at pos7; obj42 needs to be at apt12; obj112 needs to be at apt6; obj63 needs to be at apt8; obj111 needs to be at pos5; obj122 needs to be at apt5; obj72 needs to be at pos1; obj52 needs to be at apt2; obj103 needs to be at apt3; obj61 needs to be at apt5; obj21 needs to be at apt9; obj31 needs to be at apt12; obj121 needs to be at pos12; obj41 needs to be at apt10; obj51 needs to be at apt5; obj22 needs to be at pos3; obj93 needs to be at apt10; obj13 needs to be at apt5; obj71 needs to be at pos7; obj73 needs to be at pos7; obj92 needs to be at apt2; obj12 needs to be at apt6; obj83 needs to be at apt8; obj33 needs to be at pos12; obj102 needs to be at pos11; obj23 needs to be at pos12; obj11 needs to be at apt9; obj32 needs to be at apt3; obj43 needs to be at apt7; obj91 needs to be at pos5; obj53 needs to be at apt6; obj113 needs to be at pos9; obj101 needs to be at apt12.",direct,true,covered,The complete irregular goal list directly includes (AT OBJ42 APT12); all 35 destinations are conjunctive. Golden line 272.
goal,(AT OBJ112 APT6),"Specifically, obj81 needs to be at pos1; obj62 needs to be at pos5; obj123 needs to be at pos7; obj42 needs to be at apt12; obj112 needs to be at apt6; obj63 needs to be at apt8; obj111 needs to be at pos5; obj122 needs to be at apt5; obj72 needs to be at pos1; obj52 needs to be at apt2; obj103 needs to be at apt3; obj61 needs to be at apt5; obj21 needs to be at apt9; obj31 needs to be at apt12; obj121 needs to be at pos12; obj41 needs to be at apt10; obj51 needs to be at apt5; obj22 needs to be at pos3; obj93 needs to be at apt10; obj13 needs to be at apt5; obj71 needs to be at pos7; obj73 needs to be at pos7; obj92 needs to be at apt2; obj12 needs to be at apt6; obj83 needs to be at apt8; obj33 needs to be at pos12; obj102 needs to be at pos11; obj23 needs to be at pos12; obj11 needs to be at apt9; obj32 needs to be at apt3; obj43 needs to be at apt7; obj91 needs to be at pos5; obj53 needs to be at apt6; obj113 needs to be at pos9; obj101 needs to be at apt12.",direct,true,covered,The complete irregular goal list directly includes (AT OBJ112 APT6); all 35 destinations are conjunctive. Golden line 273.
goal,(AT OBJ63 APT8),"Specifically, obj81 needs to be at pos1; obj62 needs to be at pos5; obj123 needs to be at pos7; obj42 needs to be at apt12; obj112 needs to be at apt6; obj63 needs to be at apt8; obj111 needs to be at pos5; obj122 needs to be at apt5; obj72 needs to be at pos1; obj52 needs to be at apt2; obj103 needs to be at apt3; obj61 needs to be at apt5; obj21 needs to be at apt9; obj31 needs to be at apt12; obj121 needs to be at pos12; obj41 needs to be at apt10; obj51 needs to be at apt5; obj22 needs to be at pos3; obj93 needs to be at apt10; obj13 needs to be at apt5; obj71 needs to be at pos7; obj73 needs to be at pos7; obj92 needs to be at apt2; obj12 needs to be at apt6; obj83 needs to be at apt8; obj33 needs to be at pos12; obj102 needs to be at pos11; obj23 needs to be at pos12; obj11 needs to be at apt9; obj32 needs to be at apt3; obj43 needs to be at apt7; obj91 needs to be at pos5; obj53 needs to be at apt6; obj113 needs to be at pos9; obj101 needs to be at apt12.",direct,true,covered,The complete irregular goal list directly includes (AT OBJ63 APT8); all 35 destinations are conjunctive. Golden line 274.
goal,(AT OBJ111 POS5),"Specifically, obj81 needs to be at pos1; obj62 needs to be at pos5; obj123 needs to be at pos7; obj42 needs to be at apt12; obj112 needs to be at apt6; obj63 needs to be at apt8; obj111 needs to be at pos5; obj122 needs to be at apt5; obj72 needs to be at pos1; obj52 needs to be at apt2; obj103 needs to be at apt3; obj61 needs to be at apt5; obj21 needs to be at apt9; obj31 needs to be at apt12; obj121 needs to be at pos12; obj41 needs to be at apt10; obj51 needs to be at apt5; obj22 needs to be at pos3; obj93 needs to be at apt10; obj13 needs to be at apt5; obj71 needs to be at pos7; obj73 needs to be at pos7; obj92 needs to be at apt2; obj12 needs to be at apt6; obj83 needs to be at apt8; obj33 needs to be at pos12; obj102 needs to be at pos11; obj23 needs to be at pos12; obj11 needs to be at apt9; obj32 needs to be at apt3; obj43 needs to be at apt7; obj91 needs to be at pos5; obj53 needs to be at apt6; obj113 needs to be at pos9; obj101 needs to be at apt12.",direct,true,covered,The complete irregular goal list directly includes (AT OBJ111 POS5); all 35 destinations are conjunctive. Golden line 275.
goal,(AT OBJ122 APT5),"Specifically, obj81 needs to be at pos1; obj62 needs to be at pos5; obj123 needs to be at pos7; obj42 needs to be at apt12; obj112 needs to be at apt6; obj63 needs to be at apt8; obj111 needs to be at pos5; obj122 needs to be at apt5; obj72 needs to be at pos1; obj52 needs to be at apt2; obj103 needs to be at apt3; obj61 needs to be at apt5; obj21 needs to be at apt9; obj31 needs to be at apt12; obj121 needs to be at pos12; obj41 needs to be at apt10; obj51 needs to be at apt5; obj22 needs to be at pos3; obj93 needs to be at apt10; obj13 needs to be at apt5; obj71 needs to be at pos7; obj73 needs to be at pos7; obj92 needs to be at apt2; obj12 needs to be at apt6; obj83 needs to be at apt8; obj33 needs to be at pos12; obj102 needs to be at pos11; obj23 needs to be at pos12; obj11 needs to be at apt9; obj32 needs to be at apt3; obj43 needs to be at apt7; obj91 needs to be at pos5; obj53 needs to be at apt6; obj113 needs to be at pos9; obj101 needs to be at apt12.",direct,true,covered,The complete irregular goal list directly includes (AT OBJ122 APT5); all 35 destinations are conjunctive. Golden line 276.
goal,(AT OBJ72 POS1),"Specifically, obj81 needs to be at pos1; obj62 needs to be at pos5; obj123 needs to be at pos7; obj42 needs to be at apt12; obj112 needs to be at apt6; obj63 needs to be at apt8; obj111 needs to be at pos5; obj122 needs to be at apt5; obj72 needs to be at pos1; obj52 needs to be at apt2; obj103 needs to be at apt3; obj61 needs to be at apt5; obj21 needs to be at apt9; obj31 needs to be at apt12; obj121 needs to be at pos12; obj41 needs to be at apt10; obj51 needs to be at apt5; obj22 needs to be at pos3; obj93 needs to be at apt10; obj13 needs to be at apt5; obj71 needs to be at pos7; obj73 needs to be at pos7; obj92 needs to be at apt2; obj12 needs to be at apt6; obj83 needs to be at apt8; obj33 needs to be at pos12; obj102 needs to be at pos11; obj23 needs to be at pos12; obj11 needs to be at apt9; obj32 needs to be at apt3; obj43 needs to be at apt7; obj91 needs to be at pos5; obj53 needs to be at apt6; obj113 needs to be at pos9; obj101 needs to be at apt12.",direct,true,covered,The complete irregular goal list directly includes (AT OBJ72 POS1); all 35 destinations are conjunctive. Golden line 277.
goal,(AT OBJ52 APT2),"Specifically, obj81 needs to be at pos1; obj62 needs to be at pos5; obj123 needs to be at pos7; obj42 needs to be at apt12; obj112 needs to be at apt6; obj63 needs to be at apt8; obj111 needs to be at pos5; obj122 needs to be at apt5; obj72 needs to be at pos1; obj52 needs to be at apt2; obj103 needs to be at apt3; obj61 needs to be at apt5; obj21 needs to be at apt9; obj31 needs to be at apt12; obj121 needs to be at pos12; obj41 needs to be at apt10; obj51 needs to be at apt5; obj22 needs to be at pos3; obj93 needs to be at apt10; obj13 needs to be at apt5; obj71 needs to be at pos7; obj73 needs to be at pos7; obj92 needs to be at apt2; obj12 needs to be at apt6; obj83 needs to be at apt8; obj33 needs to be at pos12; obj102 needs to be at pos11; obj23 needs to be at pos12; obj11 needs to be at apt9; obj32 needs to be at apt3; obj43 needs to be at apt7; obj91 needs to be at pos5; obj53 needs to be at apt6; obj113 needs to be at pos9; obj101 needs to be at apt12.",direct,true,covered,The complete irregular goal list directly includes (AT OBJ52 APT2); all 35 destinations are conjunctive. Golden line 278.
goal,(AT OBJ103 APT3),"Specifically, obj81 needs to be at pos1; obj62 needs to be at pos5; obj123 needs to be at pos7; obj42 needs to be at apt12; obj112 needs to be at apt6; obj63 needs to be at apt8; obj111 needs to be at pos5; obj122 needs to be at apt5; obj72 needs to be at pos1; obj52 needs to be at apt2; obj103 needs to be at apt3; obj61 needs to be at apt5; obj21 needs to be at apt9; obj31 needs to be at apt12; obj121 needs to be at pos12; obj41 needs to be at apt10; obj51 needs to be at apt5; obj22 needs to be at pos3; obj93 needs to be at apt10; obj13 needs to be at apt5; obj71 needs to be at pos7; obj73 needs to be at pos7; obj92 needs to be at apt2; obj12 needs to be at apt6; obj83 needs to be at apt8; obj33 needs to be at pos12; obj102 needs to be at pos11; obj23 needs to be at pos12; obj11 needs to be at apt9; obj32 needs to be at apt3; obj43 needs to be at apt7; obj91 needs to be at pos5; obj53 needs to be at apt6; obj113 needs to be at pos9; obj101 needs to be at apt12.",direct,true,covered,The complete irregular goal list directly includes (AT OBJ103 APT3); all 35 destinations are conjunctive. Golden line 279.
goal,(AT OBJ61 APT5),"Specifically, obj81 needs to be at pos1; obj62 needs to be at pos5; obj123 needs to be at pos7; obj42 needs to be at apt12; obj112 needs to be at apt6; obj63 needs to be at apt8; obj111 needs to be at pos5; obj122 needs to be at apt5; obj72 needs to be at pos1; obj52 needs to be at apt2; obj103 needs to be at apt3; obj61 needs to be at apt5; obj21 needs to be at apt9; obj31 needs to be at apt12; obj121 needs to be at pos12; obj41 needs to be at apt10; obj51 needs to be at apt5; obj22 needs to be at pos3; obj93 needs to be at apt10; obj13 needs to be at apt5; obj71 needs to be at pos7; obj73 needs to be at pos7; obj92 needs to be at apt2; obj12 needs to be at apt6; obj83 needs to be at apt8; obj33 needs to be at pos12; obj102 needs to be at pos11; obj23 needs to be at pos12; obj11 needs to be at apt9; obj32 needs to be at apt3; obj43 needs to be at apt7; obj91 needs to be at pos5; obj53 needs to be at apt6; obj113 needs to be at pos9; obj101 needs to be at apt12.",direct,true,covered,The complete irregular goal list directly includes (AT OBJ61 APT5); all 35 destinations are conjunctive. Golden line 280.
goal,(AT OBJ21 APT9),"Specifically, obj81 needs to be at pos1; obj62 needs to be at pos5; obj123 needs to be at pos7; obj42 needs to be at apt12; obj112 needs to be at apt6; obj63 needs to be at apt8; obj111 needs to be at pos5; obj122 needs to be at apt5; obj72 needs to be at pos1; obj52 needs to be at apt2; obj103 needs to be at apt3; obj61 needs to be at apt5; obj21 needs to be at apt9; obj31 needs to be at apt12; obj121 needs to be at pos12; obj41 needs to be at apt10; obj51 needs to be at apt5; obj22 needs to be at pos3; obj93 needs to be at apt10; obj13 needs to be at apt5; obj71 needs to be at pos7; obj73 needs to be at pos7; obj92 needs to be at apt2; obj12 needs to be at apt6; obj83 needs to be at apt8; obj33 needs to be at pos12; obj102 needs to be at pos11; obj23 needs to be at pos12; obj11 needs to be at apt9; obj32 needs to be at apt3; obj43 needs to be at apt7; obj91 needs to be at pos5; obj53 needs to be at apt6; obj113 needs to be at pos9; obj101 needs to be at apt12.",direct,true,covered,The complete irregular goal list directly includes (AT OBJ21 APT9); all 35 destinations are conjunctive. Golden line 281.
goal,(AT OBJ31 APT12),"Specifically, obj81 needs to be at pos1; obj62 needs to be at pos5; obj123 needs to be at pos7; obj42 needs to be at apt12; obj112 needs to be at apt6; obj63 needs to be at apt8; obj111 needs to be at pos5; obj122 needs to be at apt5; obj72 needs to be at pos1; obj52 needs to be at apt2; obj103 needs to be at apt3; obj61 needs to be at apt5; obj21 needs to be at apt9; obj31 needs to be at apt12; obj121 needs to be at pos12; obj41 needs to be at apt10; obj51 needs to be at apt5; obj22 needs to be at pos3; obj93 needs to be at apt10; obj13 needs to be at apt5; obj71 needs to be at pos7; obj73 needs to be at pos7; obj92 needs to be at apt2; obj12 needs to be at apt6; obj83 needs to be at apt8; obj33 needs to be at pos12; obj102 needs to be at pos11; obj23 needs to be at pos12; obj11 needs to be at apt9; obj32 needs to be at apt3; obj43 needs to be at apt7; obj91 needs to be at pos5; obj53 needs to be at apt6; obj113 needs to be at pos9; obj101 needs to be at apt12.",direct,true,covered,The complete irregular goal list directly includes (AT OBJ31 APT12); all 35 destinations are conjunctive. Golden line 282.
goal,(AT OBJ121 POS12),"Specifically, obj81 needs to be at pos1; obj62 needs to be at pos5; obj123 needs to be at pos7; obj42 needs to be at apt12; obj112 needs to be at apt6; obj63 needs to be at apt8; obj111 needs to be at pos5; obj122 needs to be at apt5; obj72 needs to be at pos1; obj52 needs to be at apt2; obj103 needs to be at apt3; obj61 needs to be at apt5; obj21 needs to be at apt9; obj31 needs to be at apt12; obj121 needs to be at pos12; obj41 needs to be at apt10; obj51 needs to be at apt5; obj22 needs to be at pos3; obj93 needs to be at apt10; obj13 needs to be at apt5; obj71 needs to be at pos7; obj73 needs to be at pos7; obj92 needs to be at apt2; obj12 needs to be at apt6; obj83 needs to be at apt8; obj33 needs to be at pos12; obj102 needs to be at pos11; obj23 needs to be at pos12; obj11 needs to be at apt9; obj32 needs to be at apt3; obj43 needs to be at apt7; obj91 needs to be at pos5; obj53 needs to be at apt6; obj113 needs to be at pos9; obj101 needs to be at apt12.",direct,true,covered,The complete irregular goal list directly includes (AT OBJ121 POS12); all 35 destinations are conjunctive. Golden line 283.
goal,(AT OBJ41 APT10),"Specifically, obj81 needs to be at pos1; obj62 needs to be at pos5; obj123 needs to be at pos7; obj42 needs to be at apt12; obj112 needs to be at apt6; obj63 needs to be at apt8; obj111 needs to be at pos5; obj122 needs to be at apt5; obj72 needs to be at pos1; obj52 needs to be at apt2; obj103 needs to be at apt3; obj61 needs to be at apt5; obj21 needs to be at apt9; obj31 needs to be at apt12; obj121 needs to be at pos12; obj41 needs to be at apt10; obj51 needs to be at apt5; obj22 needs to be at pos3; obj93 needs to be at apt10; obj13 needs to be at apt5; obj71 needs to be at pos7; obj73 needs to be at pos7; obj92 needs to be at apt2; obj12 needs to be at apt6; obj83 needs to be at apt8; obj33 needs to be at pos12; obj102 needs to be at pos11; obj23 needs to be at pos12; obj11 needs to be at apt9; obj32 needs to be at apt3; obj43 needs to be at apt7; obj91 needs to be at pos5; obj53 needs to be at apt6; obj113 needs to be at pos9; obj101 needs to be at apt12.",direct,true,covered,The complete irregular goal list directly includes (AT OBJ41 APT10); all 35 destinations are conjunctive. Golden line 284.
goal,(AT OBJ51 APT5),"Specifically, obj81 needs to be at pos1; obj62 needs to be at pos5; obj123 needs to be at pos7; obj42 needs to be at apt12; obj112 needs to be at apt6; obj63 needs to be at apt8; obj111 needs to be at pos5; obj122 needs to be at apt5; obj72 needs to be at pos1; obj52 needs to be at apt2; obj103 needs to be at apt3; obj61 needs to be at apt5; obj21 needs to be at apt9; obj31 needs to be at apt12; obj121 needs to be at pos12; obj41 needs to be at apt10; obj51 needs to be at apt5; obj22 needs to be at pos3; obj93 needs to be at apt10; obj13 needs to be at apt5; obj71 needs to be at pos7; obj73 needs to be at pos7; obj92 needs to be at apt2; obj12 needs to be at apt6; obj83 needs to be at apt8; obj33 needs to be at pos12; obj102 needs to be at pos11; obj23 needs to be at pos12; obj11 needs to be at apt9; obj32 needs to be at apt3; obj43 needs to be at apt7; obj91 needs to be at pos5; obj53 needs to be at apt6; obj113 needs to be at pos9; obj101 needs to be at apt12.",direct,true,covered,The complete irregular goal list directly includes (AT OBJ51 APT5); all 35 destinations are conjunctive. Golden line 285.
goal,(AT OBJ22 POS3),"Specifically, obj81 needs to be at pos1; obj62 needs to be at pos5; obj123 needs to be at pos7; obj42 needs to be at apt12; obj112 needs to be at apt6; obj63 needs to be at apt8; obj111 needs to be at pos5; obj122 needs to be at apt5; obj72 needs to be at pos1; obj52 needs to be at apt2; obj103 needs to be at apt3; obj61 needs to be at apt5; obj21 needs to be at apt9; obj31 needs to be at apt12; obj121 needs to be at pos12; obj41 needs to be at apt10; obj51 needs to be at apt5; obj22 needs to be at pos3; obj93 needs to be at apt10; obj13 needs to be at apt5; obj71 needs to be at pos7; obj73 needs to be at pos7; obj92 needs to be at apt2; obj12 needs to be at apt6; obj83 needs to be at apt8; obj33 needs to be at pos12; obj102 needs to be at pos11; obj23 needs to be at pos12; obj11 needs to be at apt9; obj32 needs to be at apt3; obj43 needs to be at apt7; obj91 needs to be at pos5; obj53 needs to be at apt6; obj113 needs to be at pos9; obj101 needs to be at apt12.",direct,true,covered,The complete irregular goal list directly includes (AT OBJ22 POS3); all 35 destinations are conjunctive. Golden line 286.
goal,(AT OBJ93 APT10),"Specifically, obj81 needs to be at pos1; obj62 needs to be at pos5; obj123 needs to be at pos7; obj42 needs to be at apt12; obj112 needs to be at apt6; obj63 needs to be at apt8; obj111 needs to be at pos5; obj122 needs to be at apt5; obj72 needs to be at pos1; obj52 needs to be at apt2; obj103 needs to be at apt3; obj61 needs to be at apt5; obj21 needs to be at apt9; obj31 needs to be at apt12; obj121 needs to be at pos12; obj41 needs to be at apt10; obj51 needs to be at apt5; obj22 needs to be at pos3; obj93 needs to be at apt10; obj13 needs to be at apt5; obj71 needs to be at pos7; obj73 needs to be at pos7; obj92 needs to be at apt2; obj12 needs to be at apt6; obj83 needs to be at apt8; obj33 needs to be at pos12; obj102 needs to be at pos11; obj23 needs to be at pos12; obj11 needs to be at apt9; obj32 needs to be at apt3; obj43 needs to be at apt7; obj91 needs to be at pos5; obj53 needs to be at apt6; obj113 needs to be at pos9; obj101 needs to be at apt12.",direct,true,covered,The complete irregular goal list directly includes (AT OBJ93 APT10); all 35 destinations are conjunctive. Golden line 287.
goal,(AT OBJ13 APT5),"Specifically, obj81 needs to be at pos1; obj62 needs to be at pos5; obj123 needs to be at pos7; obj42 needs to be at apt12; obj112 needs to be at apt6; obj63 needs to be at apt8; obj111 needs to be at pos5; obj122 needs to be at apt5; obj72 needs to be at pos1; obj52 needs to be at apt2; obj103 needs to be at apt3; obj61 needs to be at apt5; obj21 needs to be at apt9; obj31 needs to be at apt12; obj121 needs to be at pos12; obj41 needs to be at apt10; obj51 needs to be at apt5; obj22 needs to be at pos3; obj93 needs to be at apt10; obj13 needs to be at apt5; obj71 needs to be at pos7; obj73 needs to be at pos7; obj92 needs to be at apt2; obj12 needs to be at apt6; obj83 needs to be at apt8; obj33 needs to be at pos12; obj102 needs to be at pos11; obj23 needs to be at pos12; obj11 needs to be at apt9; obj32 needs to be at apt3; obj43 needs to be at apt7; obj91 needs to be at pos5; obj53 needs to be at apt6; obj113 needs to be at pos9; obj101 needs to be at apt12.",direct,true,covered,The complete irregular goal list directly includes (AT OBJ13 APT5); all 35 destinations are conjunctive. Golden line 288.
goal,(AT OBJ71 POS7),"Specifically, obj81 needs to be at pos1; obj62 needs to be at pos5; obj123 needs to be at pos7; obj42 needs to be at apt12; obj112 needs to be at apt6; obj63 needs to be at apt8; obj111 needs to be at pos5; obj122 needs to be at apt5; obj72 needs to be at pos1; obj52 needs to be at apt2; obj103 needs to be at apt3; obj61 needs to be at apt5; obj21 needs to be at apt9; obj31 needs to be at apt12; obj121 needs to be at pos12; obj41 needs to be at apt10; obj51 needs to be at apt5; obj22 needs to be at pos3; obj93 needs to be at apt10; obj13 needs to be at apt5; obj71 needs to be at pos7; obj73 needs to be at pos7; obj92 needs to be at apt2; obj12 needs to be at apt6; obj83 needs to be at apt8; obj33 needs to be at pos12; obj102 needs to be at pos11; obj23 needs to be at pos12; obj11 needs to be at apt9; obj32 needs to be at apt3; obj43 needs to be at apt7; obj91 needs to be at pos5; obj53 needs to be at apt6; obj113 needs to be at pos9; obj101 needs to be at apt12.",direct,true,covered,The complete irregular goal list directly includes (AT OBJ71 POS7); all 35 destinations are conjunctive. Golden line 289.
goal,(AT OBJ73 POS7),"Specifically, obj81 needs to be at pos1; obj62 needs to be at pos5; obj123 needs to be at pos7; obj42 needs to be at apt12; obj112 needs to be at apt6; obj63 needs to be at apt8; obj111 needs to be at pos5; obj122 needs to be at apt5; obj72 needs to be at pos1; obj52 needs to be at apt2; obj103 needs to be at apt3; obj61 needs to be at apt5; obj21 needs to be at apt9; obj31 needs to be at apt12; obj121 needs to be at pos12; obj41 needs to be at apt10; obj51 needs to be at apt5; obj22 needs to be at pos3; obj93 needs to be at apt10; obj13 needs to be at apt5; obj71 needs to be at pos7; obj73 needs to be at pos7; obj92 needs to be at apt2; obj12 needs to be at apt6; obj83 needs to be at apt8; obj33 needs to be at pos12; obj102 needs to be at pos11; obj23 needs to be at pos12; obj11 needs to be at apt9; obj32 needs to be at apt3; obj43 needs to be at apt7; obj91 needs to be at pos5; obj53 needs to be at apt6; obj113 needs to be at pos9; obj101 needs to be at apt12.",direct,true,covered,The complete irregular goal list directly includes (AT OBJ73 POS7); all 35 destinations are conjunctive. Golden line 290.
goal,(AT OBJ92 APT2),"Specifically, obj81 needs to be at pos1; obj62 needs to be at pos5; obj123 needs to be at pos7; obj42 needs to be at apt12; obj112 needs to be at apt6; obj63 needs to be at apt8; obj111 needs to be at pos5; obj122 needs to be at apt5; obj72 needs to be at pos1; obj52 needs to be at apt2; obj103 needs to be at apt3; obj61 needs to be at apt5; obj21 needs to be at apt9; obj31 needs to be at apt12; obj121 needs to be at pos12; obj41 needs to be at apt10; obj51 needs to be at apt5; obj22 needs to be at pos3; obj93 needs to be at apt10; obj13 needs to be at apt5; obj71 needs to be at pos7; obj73 needs to be at pos7; obj92 needs to be at apt2; obj12 needs to be at apt6; obj83 needs to be at apt8; obj33 needs to be at pos12; obj102 needs to be at pos11; obj23 needs to be at pos12; obj11 needs to be at apt9; obj32 needs to be at apt3; obj43 needs to be at apt7; obj91 needs to be at pos5; obj53 needs to be at apt6; obj113 needs to be at pos9; obj101 needs to be at apt12.",direct,true,covered,The complete irregular goal list directly includes (AT OBJ92 APT2); all 35 destinations are conjunctive. Golden line 291.
goal,(AT OBJ12 APT6),"Specifically, obj81 needs to be at pos1; obj62 needs to be at pos5; obj123 needs to be at pos7; obj42 needs to be at apt12; obj112 needs to be at apt6; obj63 needs to be at apt8; obj111 needs to be at pos5; obj122 needs to be at apt5; obj72 needs to be at pos1; obj52 needs to be at apt2; obj103 needs to be at apt3; obj61 needs to be at apt5; obj21 needs to be at apt9; obj31 needs to be at apt12; obj121 needs to be at pos12; obj41 needs to be at apt10; obj51 needs to be at apt5; obj22 needs to be at pos3; obj93 needs to be at apt10; obj13 needs to be at apt5; obj71 needs to be at pos7; obj73 needs to be at pos7; obj92 needs to be at apt2; obj12 needs to be at apt6; obj83 needs to be at apt8; obj33 needs to be at pos12; obj102 needs to be at pos11; obj23 needs to be at pos12; obj11 needs to be at apt9; obj32 needs to be at apt3; obj43 needs to be at apt7; obj91 needs to be at pos5; obj53 needs to be at apt6; obj113 needs to be at pos9; obj101 needs to be at apt12.",direct,true,covered,The complete irregular goal list directly includes (AT OBJ12 APT6); all 35 destinations are conjunctive. Golden line 292.
goal,(AT OBJ83 APT8),"Specifically, obj81 needs to be at pos1; obj62 needs to be at pos5; obj123 needs to be at pos7; obj42 needs to be at apt12; obj112 needs to be at apt6; obj63 needs to be at apt8; obj111 needs to be at pos5; obj122 needs to be at apt5; obj72 needs to be at pos1; obj52 needs to be at apt2; obj103 needs to be at apt3; obj61 needs to be at apt5; obj21 needs to be at apt9; obj31 needs to be at apt12; obj121 needs to be at pos12; obj41 needs to be at apt10; obj51 needs to be at apt5; obj22 needs to be at pos3; obj93 needs to be at apt10; obj13 needs to be at apt5; obj71 needs to be at pos7; obj73 needs to be at pos7; obj92 needs to be at apt2; obj12 needs to be at apt6; obj83 needs to be at apt8; obj33 needs to be at pos12; obj102 needs to be at pos11; obj23 needs to be at pos12; obj11 needs to be at apt9; obj32 needs to be at apt3; obj43 needs to be at apt7; obj91 needs to be at pos5; obj53 needs to be at apt6; obj113 needs to be at pos9; obj101 needs to be at apt12.",direct,true,covered,The complete irregular goal list directly includes (AT OBJ83 APT8); all 35 destinations are conjunctive. Golden line 293.
goal,(AT OBJ33 POS12),"Specifically, obj81 needs to be at pos1; obj62 needs to be at pos5; obj123 needs to be at pos7; obj42 needs to be at apt12; obj112 needs to be at apt6; obj63 needs to be at apt8; obj111 needs to be at pos5; obj122 needs to be at apt5; obj72 needs to be at pos1; obj52 needs to be at apt2; obj103 needs to be at apt3; obj61 needs to be at apt5; obj21 needs to be at apt9; obj31 needs to be at apt12; obj121 needs to be at pos12; obj41 needs to be at apt10; obj51 needs to be at apt5; obj22 needs to be at pos3; obj93 needs to be at apt10; obj13 needs to be at apt5; obj71 needs to be at pos7; obj73 needs to be at pos7; obj92 needs to be at apt2; obj12 needs to be at apt6; obj83 needs to be at apt8; obj33 needs to be at pos12; obj102 needs to be at pos11; obj23 needs to be at pos12; obj11 needs to be at apt9; obj32 needs to be at apt3; obj43 needs to be at apt7; obj91 needs to be at pos5; obj53 needs to be at apt6; obj113 needs to be at pos9; obj101 needs to be at apt12.",direct,true,covered,The complete irregular goal list directly includes (AT OBJ33 POS12); all 35 destinations are conjunctive. Golden line 294.
goal,(AT OBJ102 POS11),"Specifically, obj81 needs to be at pos1; obj62 needs to be at pos5; obj123 needs to be at pos7; obj42 needs to be at apt12; obj112 needs to be at apt6; obj63 needs to be at apt8; obj111 needs to be at pos5; obj122 needs to be at apt5; obj72 needs to be at pos1; obj52 needs to be at apt2; obj103 needs to be at apt3; obj61 needs to be at apt5; obj21 needs to be at apt9; obj31 needs to be at apt12; obj121 needs to be at pos12; obj41 needs to be at apt10; obj51 needs to be at apt5; obj22 needs to be at pos3; obj93 needs to be at apt10; obj13 needs to be at apt5; obj71 needs to be at pos7; obj73 needs to be at pos7; obj92 needs to be at apt2; obj12 needs to be at apt6; obj83 needs to be at apt8; obj33 needs to be at pos12; obj102 needs to be at pos11; obj23 needs to be at pos12; obj11 needs to be at apt9; obj32 needs to be at apt3; obj43 needs to be at apt7; obj91 needs to be at pos5; obj53 needs to be at apt6; obj113 needs to be at pos9; obj101 needs to be at apt12.",direct,true,covered,The complete irregular goal list directly includes (AT OBJ102 POS11); all 35 destinations are conjunctive. Golden line 295.
goal,(AT OBJ23 POS12),"Specifically, obj81 needs to be at pos1; obj62 needs to be at pos5; obj123 needs to be at pos7; obj42 needs to be at apt12; obj112 needs to be at apt6; obj63 needs to be at apt8; obj111 needs to be at pos5; obj122 needs to be at apt5; obj72 needs to be at pos1; obj52 needs to be at apt2; obj103 needs to be at apt3; obj61 needs to be at apt5; obj21 needs to be at apt9; obj31 needs to be at apt12; obj121 needs to be at pos12; obj41 needs to be at apt10; obj51 needs to be at apt5; obj22 needs to be at pos3; obj93 needs to be at apt10; obj13 needs to be at apt5; obj71 needs to be at pos7; obj73 needs to be at pos7; obj92 needs to be at apt2; obj12 needs to be at apt6; obj83 needs to be at apt8; obj33 needs to be at pos12; obj102 needs to be at pos11; obj23 needs to be at pos12; obj11 needs to be at apt9; obj32 needs to be at apt3; obj43 needs to be at apt7; obj91 needs to be at pos5; obj53 needs to be at apt6; obj113 needs to be at pos9; obj101 needs to be at apt12.",direct,true,covered,The complete irregular goal list directly includes (AT OBJ23 POS12); all 35 destinations are conjunctive. Golden line 296.
goal,(AT OBJ11 APT9),"Specifically, obj81 needs to be at pos1; obj62 needs to be at pos5; obj123 needs to be at pos7; obj42 needs to be at apt12; obj112 needs to be at apt6; obj63 needs to be at apt8; obj111 needs to be at pos5; obj122 needs to be at apt5; obj72 needs to be at pos1; obj52 needs to be at apt2; obj103 needs to be at apt3; obj61 needs to be at apt5; obj21 needs to be at apt9; obj31 needs to be at apt12; obj121 needs to be at pos12; obj41 needs to be at apt10; obj51 needs to be at apt5; obj22 needs to be at pos3; obj93 needs to be at apt10; obj13 needs to be at apt5; obj71 needs to be at pos7; obj73 needs to be at pos7; obj92 needs to be at apt2; obj12 needs to be at apt6; obj83 needs to be at apt8; obj33 needs to be at pos12; obj102 needs to be at pos11; obj23 needs to be at pos12; obj11 needs to be at apt9; obj32 needs to be at apt3; obj43 needs to be at apt7; obj91 needs to be at pos5; obj53 needs to be at apt6; obj113 needs to be at pos9; obj101 needs to be at apt12.",direct,true,covered,The complete irregular goal list directly includes (AT OBJ11 APT9); all 35 destinations are conjunctive. Golden line 297.
goal,(AT OBJ32 APT3),"Specifically, obj81 needs to be at pos1; obj62 needs to be at pos5; obj123 needs to be at pos7; obj42 needs to be at apt12; obj112 needs to be at apt6; obj63 needs to be at apt8; obj111 needs to be at pos5; obj122 needs to be at apt5; obj72 needs to be at pos1; obj52 needs to be at apt2; obj103 needs to be at apt3; obj61 needs to be at apt5; obj21 needs to be at apt9; obj31 needs to be at apt12; obj121 needs to be at pos12; obj41 needs to be at apt10; obj51 needs to be at apt5; obj22 needs to be at pos3; obj93 needs to be at apt10; obj13 needs to be at apt5; obj71 needs to be at pos7; obj73 needs to be at pos7; obj92 needs to be at apt2; obj12 needs to be at apt6; obj83 needs to be at apt8; obj33 needs to be at pos12; obj102 needs to be at pos11; obj23 needs to be at pos12; obj11 needs to be at apt9; obj32 needs to be at apt3; obj43 needs to be at apt7; obj91 needs to be at pos5; obj53 needs to be at apt6; obj113 needs to be at pos9; obj101 needs to be at apt12.",direct,true,covered,The complete irregular goal list directly includes (AT OBJ32 APT3); all 35 destinations are conjunctive. Golden line 298.
goal,(AT OBJ43 APT7),"Specifically, obj81 needs to be at pos1; obj62 needs to be at pos5; obj123 needs to be at pos7; obj42 needs to be at apt12; obj112 needs to be at apt6; obj63 needs to be at apt8; obj111 needs to be at pos5; obj122 needs to be at apt5; obj72 needs to be at pos1; obj52 needs to be at apt2; obj103 needs to be at apt3; obj61 needs to be at apt5; obj21 needs to be at apt9; obj31 needs to be at apt12; obj121 needs to be at pos12; obj41 needs to be at apt10; obj51 needs to be at apt5; obj22 needs to be at pos3; obj93 needs to be at apt10; obj13 needs to be at apt5; obj71 needs to be at pos7; obj73 needs to be at pos7; obj92 needs to be at apt2; obj12 needs to be at apt6; obj83 needs to be at apt8; obj33 needs to be at pos12; obj102 needs to be at pos11; obj23 needs to be at pos12; obj11 needs to be at apt9; obj32 needs to be at apt3; obj43 needs to be at apt7; obj91 needs to be at pos5; obj53 needs to be at apt6; obj113 needs to be at pos9; obj101 needs to be at apt12.",direct,true,covered,The complete irregular goal list directly includes (AT OBJ43 APT7); all 35 destinations are conjunctive. Golden line 299.
goal,(AT OBJ91 POS5),"Specifically, obj81 needs to be at pos1; obj62 needs to be at pos5; obj123 needs to be at pos7; obj42 needs to be at apt12; obj112 needs to be at apt6; obj63 needs to be at apt8; obj111 needs to be at pos5; obj122 needs to be at apt5; obj72 needs to be at pos1; obj52 needs to be at apt2; obj103 needs to be at apt3; obj61 needs to be at apt5; obj21 needs to be at apt9; obj31 needs to be at apt12; obj121 needs to be at pos12; obj41 needs to be at apt10; obj51 needs to be at apt5; obj22 needs to be at pos3; obj93 needs to be at apt10; obj13 needs to be at apt5; obj71 needs to be at pos7; obj73 needs to be at pos7; obj92 needs to be at apt2; obj12 needs to be at apt6; obj83 needs to be at apt8; obj33 needs to be at pos12; obj102 needs to be at pos11; obj23 needs to be at pos12; obj11 needs to be at apt9; obj32 needs to be at apt3; obj43 needs to be at apt7; obj91 needs to be at pos5; obj53 needs to be at apt6; obj113 needs to be at pos9; obj101 needs to be at apt12.",direct,true,covered,The complete irregular goal list directly includes (AT OBJ91 POS5); all 35 destinations are conjunctive. Golden line 300.
goal,(AT OBJ53 APT6),"Specifically, obj81 needs to be at pos1; obj62 needs to be at pos5; obj123 needs to be at pos7; obj42 needs to be at apt12; obj112 needs to be at apt6; obj63 needs to be at apt8; obj111 needs to be at pos5; obj122 needs to be at apt5; obj72 needs to be at pos1; obj52 needs to be at apt2; obj103 needs to be at apt3; obj61 needs to be at apt5; obj21 needs to be at apt9; obj31 needs to be at apt12; obj121 needs to be at pos12; obj41 needs to be at apt10; obj51 needs to be at apt5; obj22 needs to be at pos3; obj93 needs to be at apt10; obj13 needs to be at apt5; obj71 needs to be at pos7; obj73 needs to be at pos7; obj92 needs to be at apt2; obj12 needs to be at apt6; obj83 needs to be at apt8; obj33 needs to be at pos12; obj102 needs to be at pos11; obj23 needs to be at pos12; obj11 needs to be at apt9; obj32 needs to be at apt3; obj43 needs to be at apt7; obj91 needs to be at pos5; obj53 needs to be at apt6; obj113 needs to be at pos9; obj101 needs to be at apt12.",direct,true,covered,The complete irregular goal list directly includes (AT OBJ53 APT6); all 35 destinations are conjunctive. Golden line 301.
goal,(AT OBJ113 POS9),"Specifically, obj81 needs to be at pos1; obj62 needs to be at pos5; obj123 needs to be at pos7; obj42 needs to be at apt12; obj112 needs to be at apt6; obj63 needs to be at apt8; obj111 needs to be at pos5; obj122 needs to be at apt5; obj72 needs to be at pos1; obj52 needs to be at apt2; obj103 needs to be at apt3; obj61 needs to be at apt5; obj21 needs to be at apt9; obj31 needs to be at apt12; obj121 needs to be at pos12; obj41 needs to be at apt10; obj51 needs to be at apt5; obj22 needs to be at pos3; obj93 needs to be at apt10; obj13 needs to be at apt5; obj71 needs to be at pos7; obj73 needs to be at pos7; obj92 needs to be at apt2; obj12 needs to be at apt6; obj83 needs to be at apt8; obj33 needs to be at pos12; obj102 needs to be at pos11; obj23 needs to be at pos12; obj11 needs to be at apt9; obj32 needs to be at apt3; obj43 needs to be at apt7; obj91 needs to be at pos5; obj53 needs to be at apt6; obj113 needs to be at pos9; obj101 needs to be at apt12.",direct,true,covered,The complete irregular goal list directly includes (AT OBJ113 POS9); all 35 destinations are conjunctive. Golden line 302.
goal,(AT OBJ101 APT12),"Specifically, obj81 needs to be at pos1; obj62 needs to be at pos5; obj123 needs to be at pos7; obj42 needs to be at apt12; obj112 needs to be at apt6; obj63 needs to be at apt8; obj111 needs to be at pos5; obj122 needs to be at apt5; obj72 needs to be at pos1; obj52 needs to be at apt2; obj103 needs to be at apt3; obj61 needs to be at apt5; obj21 needs to be at apt9; obj31 needs to be at apt12; obj121 needs to be at pos12; obj41 needs to be at apt10; obj51 needs to be at apt5; obj22 needs to be at pos3; obj93 needs to be at apt10; obj13 needs to be at apt5; obj71 needs to be at pos7; obj73 needs to be at pos7; obj92 needs to be at apt2; obj12 needs to be at apt6; obj83 needs to be at apt8; obj33 needs to be at pos12; obj102 needs to be at pos11; obj23 needs to be at pos12; obj11 needs to be at apt9; obj32 needs to be at apt3; obj43 needs to be at apt7; obj91 needs to be at pos5; obj53 needs to be at apt6; obj113 needs to be at pos9; obj101 needs to be at apt12.",direct,true,covered,The complete irregular goal list directly includes (AT OBJ101 APT12); all 35 destinations are conjunctive. Golden line 303.
