section,pddl_item,evidence,evidence_kind,unique,status,notes
objects,APT12,"There are also twelve cities labeled from cit1 to cit12, each with two locations: a posX location and an aptX airport, where X is the city number from 1 to 12.",deterministic_rule,true,covered,"With X=1..12 as the city number, the rule uniquely generates APT12. Golden line 4."
objects,POS12,"There are also twelve cities labeled from cit1 to cit12, each with two locations: a posX location and an aptX airport, where X is the city number from 1 to 12.",deterministic_rule,true,covered,"With X=1..12 as the city number, the rule uniquely generates POS12. Golden line 5."
objects,CIT12,"There are also twelve cities labeled from cit1 to cit12, each with two locations: a posX location and an aptX airport, where X is the city number from 1 to 12.",deterministic_rule,true,covered,"With X=1..12 as the city number, the rule uniquely generates CIT12. Golden line 6."
objects,TRU12,"For each X from 1 to 12, the three packages are labeled objX1, objX2, and objX3; the trucks are labeled from tru1 to tru12; and the airplanes are labeled apn1, apn2, and apn3.",deterministic_rule,true,covered,The bounded construction/range uniquely generates TRU12. Golden line 7.
objects,OBJ123,"For each X from 1 to 12, the three packages are labeled objX1, objX2, and objX3; the trucks are labeled from tru1 to tru12; and the airplanes are labeled apn1, apn2, and apn3.",deterministic_rule,true,covered,The bounded construction/range uniquely generates OBJ123. Golden line 8.
objects,OBJ122,"For each X from 1 to 12, the three packages are labeled objX1, objX2, and objX3; the trucks are labeled from tru1 to tru12; and the airplanes are labeled apn1, apn2, and apn3.",deterministic_rule,true,covered,The bounded construction/range uniquely generates OBJ122. Golden line 9.
objects,OBJ121,"For each X from 1 to 12, the three packages are labeled objX1, objX2, and objX3; the trucks are labeled from tru1 to tru12; and the airplanes are labeled apn1, apn2, and apn3.",deterministic_rule,true,covered,The bounded construction/range uniquely generates OBJ121. Golden line 10.
objects,APT11,"There are also twelve cities labeled from cit1 to cit12, each with two locations: a posX location and an aptX airport, where X is the city number from 1 to 12.",deterministic_rule,true,covered,"With X=1..12 as the city number, the rule uniquely generates APT11. Golden line 11."
objects,POS11,"There are also twelve cities labeled from cit1 to cit12, each with two locations: a posX location and an aptX airport, where X is the city number from 1 to 12.",deterministic_rule,true,covered,"With X=1..12 as the city number, the rule uniquely generates POS11. Golden line 12."
objects,CIT11,"There are also twelve cities labeled from cit1 to cit12, each with two locations: a posX location and an aptX airport, where X is the city number from 1 to 12.",deterministic_rule,true,covered,"With X=1..12 as the city number, the rule uniquely generates CIT11. Golden line 13."
objects,TRU11,"For each X from 1 to 12, the three packages are labeled objX1, objX2, and objX3; the trucks are labeled from tru1 to tru12; and the airplanes are labeled apn1, apn2, and apn3.",deterministic_rule,true,covered,The bounded construction/range uniquely generates TRU11. Golden line 14.
objects,OBJ113,"For each X from 1 to 12, the three packages are labeled objX1, objX2, and objX3; the trucks are labeled from tru1 to tru12; and the airplanes are labeled apn1, apn2, and apn3.",deterministic_rule,true,covered,The bounded construction/range uniquely generates OBJ113. Golden line 15.
objects,OBJ112,"For each X from 1 to 12, the three packages are labeled objX1, objX2, and objX3; the trucks are labeled from tru1 to tru12; and the airplanes are labeled apn1, apn2, and apn3.",deterministic_rule,true,covered,The bounded construction/range uniquely generates OBJ112. Golden line 16.
objects,OBJ111,"For each X from 1 to 12, the three packages are labeled objX1, objX2, and objX3; the trucks are labeled from tru1 to tru12; and the airplanes are labeled apn1, apn2, and apn3.",deterministic_rule,true,covered,The bounded construction/range uniquely generates OBJ111. Golden line 17.
objects,APT10,"There are also twelve cities labeled from cit1 to cit12, each with two locations: a posX location and an aptX airport, where X is the city number from 1 to 12.",deterministic_rule,true,covered,"With X=1..12 as the city number, the rule uniquely generates APT10. Golden line 18."
objects,POS10,"There are also twelve cities labeled from cit1 to cit12, each with two locations: a posX location and an aptX airport, where X is the city number from 1 to 12.",deterministic_rule,true,covered,"With X=1..12 as the city number, the rule uniquely generates POS10. Golden line 19."
objects,CIT10,"There are also twelve cities labeled from cit1 to cit12, each with two locations: a posX location and an aptX airport, where X is the city number from 1 to 12.",deterministic_rule,true,covered,"With X=1..12 as the city number, the rule uniquely generates CIT10. Golden line 20."
objects,TRU10,"For each X from 1 to 12, the three packages are labeled objX1, objX2, and objX3; the trucks are labeled from tru1 to tru12; and the airplanes are labeled apn1, apn2, and apn3.",deterministic_rule,true,covered,The bounded construction/range uniquely generates TRU10. Golden line 21.
objects,OBJ103,"For each X from 1 to 12, the three packages are labeled objX1, objX2, and objX3; the trucks are labeled from tru1 to tru12; and the airplanes are labeled apn1, apn2, and apn3.",deterministic_rule,true,covered,The bounded construction/range uniquely generates OBJ103. Golden line 22.
objects,OBJ102,"For each X from 1 to 12, the three packages are labeled objX1, objX2, and objX3; the trucks are labeled from tru1 to tru12; and the airplanes are labeled apn1, apn2, and apn3.",deterministic_rule,true,covered,The bounded construction/range uniquely generates OBJ102. Golden line 23.
objects,OBJ101,"For each X from 1 to 12, the three packages are labeled objX1, objX2, and objX3; the trucks are labeled from tru1 to tru12; and the airplanes are labeled apn1, apn2, and apn3.",deterministic_rule,true,covered,The bounded construction/range uniquely generates OBJ101. Golden line 24.
objects,APN3,"For each X from 1 to 12, the three packages are labeled objX1, objX2, and objX3; the trucks are labeled from tru1 to tru12; and the airplanes are labeled apn1, apn2, and apn3.",direct,true,covered,The sentence directly enumerates APN3. Golden line 25.
objects,APT9,"There are also twelve cities labeled from cit1 to cit12, each with two locations: a posX location and an aptX airport, where X is the city number from 1 to 12.",deterministic_rule,true,covered,"With X=1..12 as the city number, the rule uniquely generates APT9. Golden line 26."
objects,POS9,"There are also twelve cities labeled from cit1 to cit12, each with two locations: a posX location and an aptX airport, where X is the city number from 1 to 12.",deterministic_rule,true,covered,"With X=1..12 as the city number, the rule uniquely generates POS9. Golden line 27."
objects,CIT9,"There are also twelve cities labeled from cit1 to cit12, each with two locations: a posX location and an aptX airport, where X is the city number from 1 to 12.",deterministic_rule,true,covered,"With X=1..12 as the city number, the rule uniquely generates CIT9. Golden line 28."
objects,TRU9,"For each X from 1 to 12, the three packages are labeled objX1, objX2, and objX3; the trucks are labeled from tru1 to tru12; and the airplanes are labeled apn1, apn2, and apn3.",deterministic_rule,true,covered,The bounded construction/range uniquely generates TRU9. Golden line 29.
objects,OBJ93,"For each X from 1 to 12, the three packages are labeled objX1, objX2, and objX3; the trucks are labeled from tru1 to tru12; and the airplanes are labeled apn1, apn2, and apn3.",deterministic_rule,true,covered,The bounded construction/range uniquely generates OBJ93. Golden line 30.
objects,OBJ92,"For each X from 1 to 12, the three packages are labeled objX1, objX2, and objX3; the trucks are labeled from tru1 to tru12; and the airplanes are labeled apn1, apn2, and apn3.",deterministic_rule,true,covered,The bounded construction/range uniquely generates OBJ92. Golden line 31.
objects,OBJ91,"For each X from 1 to 12, the three packages are labeled objX1, objX2, and objX3; the trucks are labeled from tru1 to tru12; and the airplanes are labeled apn1, apn2, and apn3.",deterministic_rule,true,covered,The bounded construction/range uniquely generates OBJ91. Golden line 32.
objects,APT8,"There are also twelve cities labeled from cit1 to cit12, each with two locations: a posX location and an aptX airport, where X is the city number from 1 to 12.",deterministic_rule,true,covered,"With X=1..12 as the city number, the rule uniquely generates APT8. Golden line 33."
objects,POS8,"There are also twelve cities labeled from cit1 to cit12, each with two locations: a posX location and an aptX airport, where X is the city number from 1 to 12.",deterministic_rule,true,covered,"With X=1..12 as the city number, the rule uniquely generates POS8. Golden line 34."
objects,CIT8,"There are also twelve cities labeled from cit1 to cit12, each with two locations: a posX location and an aptX airport, where X is the city number from 1 to 12.",deterministic_rule,true,covered,"With X=1..12 as the city number, the rule uniquely generates CIT8. Golden line 35."
objects,TRU8,"For each X from 1 to 12, the three packages are labeled objX1, objX2, and objX3; the trucks are labeled from tru1 to tru12; and the airplanes are labeled apn1, apn2, and apn3.",deterministic_rule,true,covered,The bounded construction/range uniquely generates TRU8. Golden line 36.
objects,OBJ83,"For each X from 1 to 12, the three packages are labeled objX1, objX2, and objX3; the trucks are labeled from tru1 to tru12; and the airplanes are labeled apn1, apn2, and apn3.",deterministic_rule,true,covered,The bounded construction/range uniquely generates OBJ83. Golden line 37.
objects,OBJ82,"For each X from 1 to 12, the three packages are labeled objX1, objX2, and objX3; the trucks are labeled from tru1 to tru12; and the airplanes are labeled apn1, apn2, and apn3.",deterministic_rule,true,covered,The bounded construction/range uniquely generates OBJ82. Golden line 38.
objects,OBJ81,"For each X from 1 to 12, the three packages are labeled objX1, objX2, and objX3; the trucks are labeled from tru1 to tru12; and the airplanes are labeled apn1, apn2, and apn3.",deterministic_rule,true,covered,The bounded construction/range uniquely generates OBJ81. Golden line 39.
objects,APT7,"There are also twelve cities labeled from cit1 to cit12, each with two locations: a posX location and an aptX airport, where X is the city number from 1 to 12.",deterministic_rule,true,covered,"With X=1..12 as the city number, the rule uniquely generates APT7. Golden line 40."
objects,POS7,"There are also twelve cities labeled from cit1 to cit12, each with two locations: a posX location and an aptX airport, where X is the city number from 1 to 12.",deterministic_rule,true,covered,"With X=1..12 as the city number, the rule uniquely generates POS7. Golden line 41."
objects,CIT7,"There are also twelve cities labeled from cit1 to cit12, each with two locations: a posX location and an aptX airport, where X is the city number from 1 to 12.",deterministic_rule,true,covered,"With X=1..12 as the city number, the rule uniquely generates CIT7. Golden line 42."
objects,TRU7,"For each X from 1 to 12, the three packages are labeled objX1, objX2, and objX3; the trucks are labeled from tru1 to tru12; and the airplanes are labeled apn1, apn2, and apn3.",deterministic_rule,true,covered,The bounded construction/range uniquely generates TRU7. Golden line 43.
objects,OBJ73,"For each X from 1 to 12, the three packages are labeled objX1, objX2, and objX3; the trucks are labeled from tru1 to tru12; and the airplanes are labeled apn1, apn2, and apn3.",deterministic_rule,true,covered,The bounded construction/range uniquely generates OBJ73. Golden line 44.
objects,OBJ72,"For each X from 1 to 12, the three packages are labeled objX1, objX2, and objX3; the trucks are labeled from tru1 to tru12; and the airplanes are labeled apn1, apn2, and apn3.",deterministic_rule,true,covered,The bounded construction/range uniquely generates OBJ72. Golden line 45.
objects,OBJ71,"For each X from 1 to 12, the three packages are labeled objX1, objX2, and objX3; the trucks are labeled from tru1 to tru12; and the airplanes are labeled apn1, apn2, and apn3.",deterministic_rule,true,covered,The bounded construction/range uniquely generates OBJ71. Golden line 46.
objects,APT6,"There are also twelve cities labeled from cit1 to cit12, each with two locations: a posX location and an aptX airport, where X is the city number from 1 to 12.",deterministic_rule,true,covered,"With X=1..12 as the city number, the rule uniquely generates APT6. Golden line 47."
objects,POS6,"There are also twelve cities labeled from cit1 to cit12, each with two locations: a posX location and an aptX airport, where X is the city number from 1 to 12.",deterministic_rule,true,covered,"With X=1..12 as the city number, the rule uniquely generates POS6. Golden line 48."
objects,CIT6,"There are also twelve cities labeled from cit1 to cit12, each with two locations: a posX location and an aptX airport, where X is the city number from 1 to 12.",deterministic_rule,true,covered,"With X=1..12 as the city number, the rule uniquely generates CIT6. Golden line 49."
objects,TRU6,"For each X from 1 to 12, the three packages are labeled objX1, objX2, and objX3; the trucks are labeled from tru1 to tru12; and the airplanes are labeled apn1, apn2, and apn3.",deterministic_rule,true,covered,The bounded construction/range uniquely generates TRU6. Golden line 50.
objects,OBJ63,"For each X from 1 to 12, the three packages are labeled objX1, objX2, and objX3; the trucks are labeled from tru1 to tru12; and the airplanes are labeled apn1, apn2, and apn3.",deterministic_rule,true,covered,The bounded construction/range uniquely generates OBJ63. Golden line 51.
objects,OBJ62,"For each X from 1 to 12, the three packages are labeled objX1, objX2, and objX3; the trucks are labeled from tru1 to tru12; and the airplanes are labeled apn1, apn2, and apn3.",deterministic_rule,true,covered,The bounded construction/range uniquely generates OBJ62. Golden line 52.
objects,OBJ61,"For each X from 1 to 12, the three packages are labeled objX1, objX2, and objX3; the trucks are labeled from tru1 to tru12; and the airplanes are labeled apn1, apn2, and apn3.",deterministic_rule,true,covered,The bounded construction/range uniquely generates OBJ61. Golden line 53.
objects,APN2,"For each X from 1 to 12, the three packages are labeled objX1, objX2, and objX3; the trucks are labeled from tru1 to tru12; and the airplanes are labeled apn1, apn2, and apn3.",direct,true,covered,The sentence directly enumerates APN2. Golden line 54.
objects,APT5,"There are also twelve cities labeled from cit1 to cit12, each with two locations: a posX location and an aptX airport, where X is the city number from 1 to 12.",deterministic_rule,true,covered,"With X=1..12 as the city number, the rule uniquely generates APT5. Golden line 55."
objects,POS5,"There are also twelve cities labeled from cit1 to cit12, each with two locations: a posX location and an aptX airport, where X is the city number from 1 to 12.",deterministic_rule,true,covered,"With X=1..12 as the city number, the rule uniquely generates POS5. Golden line 56."
objects,CIT5,"There are also twelve cities labeled from cit1 to cit12, each with two locations: a posX location and an aptX airport, where X is the city number from 1 to 12.",deterministic_rule,true,covered,"With X=1..12 as the city number, the rule uniquely generates CIT5. Golden line 57."
objects,TRU5,"For each X from 1 to 12, the three packages are labeled objX1, objX2, and objX3; the trucks are labeled from tru1 to tru12; and the airplanes are labeled apn1, apn2, and apn3.",deterministic_rule,true,covered,The bounded construction/range uniquely generates TRU5. Golden line 58.
objects,OBJ53,"For each X from 1 to 12, the three packages are labeled objX1, objX2, and objX3; the trucks are labeled from tru1 to tru12; and the airplanes are labeled apn1, apn2, and apn3.",deterministic_rule,true,covered,The bounded construction/range uniquely generates OBJ53. Golden line 59.
objects,OBJ52,"For each X from 1 to 12, the three packages are labeled objX1, objX2, and objX3; the trucks are labeled from tru1 to tru12; and the airplanes are labeled apn1, apn2, and apn3.",deterministic_rule,true,covered,The bounded construction/range uniquely generates OBJ52. Golden line 60.
objects,OBJ51,"For each X from 1 to 12, the three packages are labeled objX1, objX2, and objX3; the trucks are labeled from tru1 to tru12; and the airplanes are labeled apn1, apn2, and apn3.",deterministic_rule,true,covered,The bounded construction/range uniquely generates OBJ51. Golden line 61.
objects,APT4,"There are also twelve cities labeled from cit1 to cit12, each with two locations: a posX location and an aptX airport, where X is the city number from 1 to 12.",deterministic_rule,true,covered,"With X=1..12 as the city number, the rule uniquely generates APT4. Golden line 62."
objects,POS4,"There are also twelve cities labeled from cit1 to cit12, each with two locations: a posX location and an aptX airport, where X is the city number from 1 to 12.",deterministic_rule,true,covered,"With X=1..12 as the city number, the rule uniquely generates POS4. Golden line 63."
objects,CIT4,"There are also twelve cities labeled from cit1 to cit12, each with two locations: a posX location and an aptX airport, where X is the city number from 1 to 12.",deterministic_rule,true,covered,"With X=1..12 as the city number, the rule uniquely generates CIT4. Golden line 64."
objects,TRU4,"For each X from 1 to 12, the three packages are labeled objX1, objX2, and objX3; the trucks are labeled from tru1 to tru12; and the airplanes are labeled apn1, apn2, and apn3.",deterministic_rule,true,covered,The bounded construction/range uniquely generates TRU4. Golden line 65.
objects,OBJ43,"For each X from 1 to 12, the three packages are labeled objX1, objX2, and objX3; the trucks are labeled from tru1 to tru12; and the airplanes are labeled apn1, apn2, and apn3.",deterministic_rule,true,covered,The bounded construction/range uniquely generates OBJ43. Golden line 66.
objects,OBJ42,"For each X from 1 to 12, the three packages are labeled objX1, objX2, and objX3; the trucks are labeled from tru1 to tru12; and the airplanes are labeled apn1, apn2, and apn3.",deterministic_rule,true,covered,The bounded construction/range uniquely generates OBJ42. Golden line 67.
objects,OBJ41,"For each X from 1 to 12, the three packages are labeled objX1, objX2, and objX3; the trucks are labeled from tru1 to tru12; and the airplanes are labeled apn1, apn2, and apn3.",deterministic_rule,true,covered,The bounded construction/range uniquely generates OBJ41. Golden line 68.
objects,APT3,"There are also twelve cities labeled from cit1 to cit12, each with two locations: a posX location and an aptX airport, where X is the city number from 1 to 12.",deterministic_rule,true,covered,"With X=1..12 as the city number, the rule uniquely generates APT3. Golden line 69."
objects,POS3,"There are also twelve cities labeled from cit1 to cit12, each with two locations: a posX location and an aptX airport, where X is the city number from 1 to 12.",deterministic_rule,true,covered,"With X=1..12 as the city number, the rule uniquely generates POS3. Golden line 70."
objects,CIT3,"There are also twelve cities labeled from cit1 to cit12, each with two locations: a posX location and an aptX airport, where X is the city number from 1 to 12.",deterministic_rule,true,covered,"With X=1..12 as the city number, the rule uniquely generates CIT3. Golden line 71."
objects,TRU3,"For each X from 1 to 12, the three packages are labeled objX1, objX2, and objX3; the trucks are labeled from tru1 to tru12; and the airplanes are labeled apn1, apn2, and apn3.",deterministic_rule,true,covered,The bounded construction/range uniquely generates TRU3. Golden line 72.
objects,OBJ33,"For each X from 1 to 12, the three packages are labeled objX1, objX2, and objX3; the trucks are labeled from tru1 to tru12; and the airplanes are labeled apn1, apn2, and apn3.",deterministic_rule,true,covered,The bounded construction/range uniquely generates OBJ33. Golden line 73.
objects,OBJ32,"For each X from 1 to 12, the three packages are labeled objX1, objX2, and objX3; the trucks are labeled from tru1 to tru12; and the airplanes are labeled apn1, apn2, and apn3.",deterministic_rule,true,covered,The bounded construction/range uniquely generates OBJ32. Golden line 74.
objects,OBJ31,"For each X from 1 to 12, the three packages are labeled objX1, objX2, and objX3; the trucks are labeled from tru1 to tru12; and the airplanes are labeled apn1, apn2, and apn3.",deterministic_rule,true,covered,The bounded construction/range uniquely generates OBJ31. Golden line 75.
objects,APT2,"There are also twelve cities labeled from cit1 to cit12, each with two locations: a posX location and an aptX airport, where X is the city number from 1 to 12.",deterministic_rule,true,covered,"With X=1..12 as the city number, the rule uniquely generates APT2. Golden line 76."
objects,POS2,"There are also twelve cities labeled from cit1 to cit12, each with two locations: a posX location and an aptX airport, where X is the city number from 1 to 12.",deterministic_rule,true,covered,"With X=1..12 as the city number, the rule uniquely generates POS2. Golden line 77."
objects,CIT2,"There are also twelve cities labeled from cit1 to cit12, each with two locations: a posX location and an aptX airport, where X is the city number from 1 to 12.",deterministic_rule,true,covered,"With X=1..12 as the city number, the rule uniquely generates CIT2. Golden line 78."
objects,TRU2,"For each X from 1 to 12, the three packages are labeled objX1, objX2, and objX3; the trucks are labeled from tru1 to tru12; and the airplanes are labeled apn1, apn2, and apn3.",deterministic_rule,true,covered,The bounded construction/range uniquely generates TRU2. Golden line 79.
objects,OBJ23,"For each X from 1 to 12, the three packages are labeled objX1, objX2, and objX3; the trucks are labeled from tru1 to tru12; and the airplanes are labeled apn1, apn2, and apn3.",deterministic_rule,true,covered,The bounded construction/range uniquely generates OBJ23. Golden line 80.
objects,OBJ22,"For each X from 1 to 12, the three packages are labeled objX1, objX2, and objX3; the trucks are labeled from tru1 to tru12; and the airplanes are labeled apn1, apn2, and apn3.",deterministic_rule,true,covered,The bounded construction/range uniquely generates OBJ22. Golden line 81.
objects,OBJ21,"For each X from 1 to 12, the three packages are labeled objX1, objX2, and objX3; the trucks are labeled from tru1 to tru12; and the airplanes are labeled apn1, apn2, and apn3.",deterministic_rule,true,covered,The bounded construction/range uniquely generates OBJ21. Golden line 82.
objects,APN1,"For each X from 1 to 12, the three packages are labeled objX1, objX2, and objX3; the trucks are labeled from tru1 to tru12; and the airplanes are labeled apn1, apn2, and apn3.",direct,true,covered,The sentence directly enumerates APN1. Golden line 83.
objects,APT1,"There are also twelve cities labeled from cit1 to cit12, each with two locations: a posX location and an aptX airport, where X is the city number from 1 to 12.",deterministic_rule,true,covered,"With X=1..12 as the city number, the rule uniquely generates APT1. Golden line 84."
objects,POS1,"There are also twelve cities labeled from cit1 to cit12, each with two locations: a posX location and an aptX airport, where X is the city number from 1 to 12.",deterministic_rule,true,covered,"With X=1..12 as the city number, the rule uniquely generates POS1. Golden line 85."
objects,CIT1,"There are also twelve cities labeled from cit1 to cit12, each with two locations: a posX location and an aptX airport, where X is the city number from 1 to 12.",deterministic_rule,true,covered,"With X=1..12 as the city number, the rule uniquely generates CIT1. Golden line 86."
objects,TRU1,"For each X from 1 to 12, the three packages are labeled objX1, objX2, and objX3; the trucks are labeled from tru1 to tru12; and the airplanes are labeled apn1, apn2, and apn3.",deterministic_rule,true,covered,The bounded construction/range uniquely generates TRU1. Golden line 87.
objects,OBJ13,"For each X from 1 to 12, the three packages are labeled objX1, objX2, and objX3; the trucks are labeled from tru1 to tru12; and the airplanes are labeled apn1, apn2, and apn3.",deterministic_rule,true,covered,The bounded construction/range uniquely generates OBJ13. Golden line 88.
objects,OBJ12,"For each X from 1 to 12, the three packages are labeled objX1, objX2, and objX3; the trucks are labeled from tru1 to tru12; and the airplanes are labeled apn1, apn2, and apn3.",deterministic_rule,true,covered,The bounded construction/range uniquely generates OBJ12. Golden line 89.
objects,OBJ11,"For each X from 1 to 12, the three packages are labeled objX1, objX2, and objX3; the trucks are labeled from tru1 to tru12; and the airplanes are labeled apn1, apn2, and apn3.",deterministic_rule,true,covered,The bounded construction/range uniquely generates OBJ11. Golden line 90.
init,(PACKAGE OBJ11),"For each X from 1 to 12, the three packages are labeled objX1, objX2, and objX3; the trucks are labeled from tru1 to tru12; and the airplanes are labeled apn1, apn2, and apn3.",deterministic_rule,true,covered,The declaration uniquely covers (PACKAGE OBJ11). Golden line 93.
init,(PACKAGE OBJ12),"For each X from 1 to 12, the three packages are labeled objX1, objX2, and objX3; the trucks are labeled from tru1 to tru12; and the airplanes are labeled apn1, apn2, and apn3.",deterministic_rule,true,covered,The declaration uniquely covers (PACKAGE OBJ12). Golden line 94.
init,(PACKAGE OBJ13),"For each X from 1 to 12, the three packages are labeled objX1, objX2, and objX3; the trucks are labeled from tru1 to tru12; and the airplanes are labeled apn1, apn2, and apn3.",deterministic_rule,true,covered,The declaration uniquely covers (PACKAGE OBJ13). Golden line 95.
init,(PACKAGE OBJ21),"For each X from 1 to 12, the three packages are labeled objX1, objX2, and objX3; the trucks are labeled from tru1 to tru12; and the airplanes are labeled apn1, apn2, and apn3.",deterministic_rule,true,covered,The declaration uniquely covers (PACKAGE OBJ21). Golden line 96.
init,(PACKAGE OBJ22),"For each X from 1 to 12, the three packages are labeled objX1, objX2, and objX3; the trucks are labeled from tru1 to tru12; and the airplanes are labeled apn1, apn2, and apn3.",deterministic_rule,true,covered,The declaration uniquely covers (PACKAGE OBJ22). Golden line 97.
init,(PACKAGE OBJ23),"For each X from 1 to 12, the three packages are labeled objX1, objX2, and objX3; the trucks are labeled from tru1 to tru12; and the airplanes are labeled apn1, apn2, and apn3.",deterministic_rule,true,covered,The declaration uniquely covers (PACKAGE OBJ23). Golden line 98.
init,(PACKAGE OBJ31),"For each X from 1 to 12, the three packages are labeled objX1, objX2, and objX3; the trucks are labeled from tru1 to tru12; and the airplanes are labeled apn1, apn2, and apn3.",deterministic_rule,true,covered,The declaration uniquely covers (PACKAGE OBJ31). Golden line 99.
init,(PACKAGE OBJ32),"For each X from 1 to 12, the three packages are labeled objX1, objX2, and objX3; the trucks are labeled from tru1 to tru12; and the airplanes are labeled apn1, apn2, and apn3.",deterministic_rule,true,covered,The declaration uniquely covers (PACKAGE OBJ32). Golden line 100.
init,(PACKAGE OBJ33),"For each X from 1 to 12, the three packages are labeled objX1, objX2, and objX3; the trucks are labeled from tru1 to tru12; and the airplanes are labeled apn1, apn2, and apn3.",deterministic_rule,true,covered,The declaration uniquely covers (PACKAGE OBJ33). Golden line 101.
init,(PACKAGE OBJ41),"For each X from 1 to 12, the three packages are labeled objX1, objX2, and objX3; the trucks are labeled from tru1 to tru12; and the airplanes are labeled apn1, apn2, and apn3.",deterministic_rule,true,covered,The declaration uniquely covers (PACKAGE OBJ41). Golden line 102.
init,(PACKAGE OBJ42),"For each X from 1 to 12, the three packages are labeled objX1, objX2, and objX3; the trucks are labeled from tru1 to tru12; and the airplanes are labeled apn1, apn2, and apn3.",deterministic_rule,true,covered,The declaration uniquely covers (PACKAGE OBJ42). Golden line 103.
init,(PACKAGE OBJ43),"For each X from 1 to 12, the three packages are labeled objX1, objX2, and objX3; the trucks are labeled from tru1 to tru12; and the airplanes are labeled apn1, apn2, and apn3.",deterministic_rule,true,covered,The declaration uniquely covers (PACKAGE OBJ43). Golden line 104.
init,(PACKAGE OBJ51),"For each X from 1 to 12, the three packages are labeled objX1, objX2, and objX3; the trucks are labeled from tru1 to tru12; and the airplanes are labeled apn1, apn2, and apn3.",deterministic_rule,true,covered,The declaration uniquely covers (PACKAGE OBJ51). Golden line 105.
init,(PACKAGE OBJ52),"For each X from 1 to 12, the three packages are labeled objX1, objX2, and objX3; the trucks are labeled from tru1 to tru12; and the airplanes are labeled apn1, apn2, and apn3.",deterministic_rule,true,covered,The declaration uniquely covers (PACKAGE OBJ52). Golden line 106.
init,(PACKAGE OBJ53),"For each X from 1 to 12, the three packages are labeled objX1, objX2, and objX3; the trucks are labeled from tru1 to tru12; and the airplanes are labeled apn1, apn2, and apn3.",deterministic_rule,true,covered,The declaration uniquely covers (PACKAGE OBJ53). Golden line 107.
init,(PACKAGE OBJ61),"For each X from 1 to 12, the three packages are labeled objX1, objX2, and objX3; the trucks are labeled from tru1 to tru12; and the airplanes are labeled apn1, apn2, and apn3.",deterministic_rule,true,covered,The declaration uniquely covers (PACKAGE OBJ61). Golden line 108.
init,(PACKAGE OBJ62),"For each X from 1 to 12, the three packages are labeled objX1, objX2, and objX3; the trucks are labeled from tru1 to tru12; and the airplanes are labeled apn1, apn2, and apn3.",deterministic_rule,true,covered,The declaration uniquely covers (PACKAGE OBJ62). Golden line 109.
init,(PACKAGE OBJ63),"For each X from 1 to 12, the three packages are labeled objX1, objX2, and objX3; the trucks are labeled from tru1 to tru12; and the airplanes are labeled apn1, apn2, and apn3.",deterministic_rule,true,covered,The declaration uniquely covers (PACKAGE OBJ63). Golden line 110.
init,(PACKAGE OBJ71),"For each X from 1 to 12, the three packages are labeled objX1, objX2, and objX3; the trucks are labeled from tru1 to tru12; and the airplanes are labeled apn1, apn2, and apn3.",deterministic_rule,true,covered,The declaration uniquely covers (PACKAGE OBJ71). Golden line 111.
init,(PACKAGE OBJ72),"For each X from 1 to 12, the three packages are labeled objX1, objX2, and objX3; the trucks are labeled from tru1 to tru12; and the airplanes are labeled apn1, apn2, and apn3.",deterministic_rule,true,covered,The declaration uniquely covers (PACKAGE OBJ72). Golden line 112.
init,(PACKAGE OBJ73),"For each X from 1 to 12, the three packages are labeled objX1, objX2, and objX3; the trucks are labeled from tru1 to tru12; and the airplanes are labeled apn1, apn2, and apn3.",deterministic_rule,true,covered,The declaration uniquely covers (PACKAGE OBJ73). Golden line 113.
init,(PACKAGE OBJ81),"For each X from 1 to 12, the three packages are labeled objX1, objX2, and objX3; the trucks are labeled from tru1 to tru12; and the airplanes are labeled apn1, apn2, and apn3.",deterministic_rule,true,covered,The declaration uniquely covers (PACKAGE OBJ81). Golden line 114.
init,(PACKAGE OBJ82),"For each X from 1 to 12, the three packages are labeled objX1, objX2, and objX3; the trucks are labeled from tru1 to tru12; and the airplanes are labeled apn1, apn2, and apn3.",deterministic_rule,true,covered,The declaration uniquely covers (PACKAGE OBJ82). Golden line 115.
init,(PACKAGE OBJ83),"For each X from 1 to 12, the three packages are labeled objX1, objX2, and objX3; the trucks are labeled from tru1 to tru12; and the airplanes are labeled apn1, apn2, and apn3.",deterministic_rule,true,covered,The declaration uniquely covers (PACKAGE OBJ83). Golden line 116.
init,(PACKAGE OBJ91),"For each X from 1 to 12, the three packages are labeled objX1, objX2, and objX3; the trucks are labeled from tru1 to tru12; and the airplanes are labeled apn1, apn2, and apn3.",deterministic_rule,true,covered,The declaration uniquely covers (PACKAGE OBJ91). Golden line 117.
init,(PACKAGE OBJ92),"For each X from 1 to 12, the three packages are labeled objX1, objX2, and objX3; the trucks are labeled from tru1 to tru12; and the airplanes are labeled apn1, apn2, and apn3.",deterministic_rule,true,covered,The declaration uniquely covers (PACKAGE OBJ92). Golden line 118.
init,(PACKAGE OBJ93),"For each X from 1 to 12, the three packages are labeled objX1, objX2, and objX3; the trucks are labeled from tru1 to tru12; and the airplanes are labeled apn1, apn2, and apn3.",deterministic_rule,true,covered,The declaration uniquely covers (PACKAGE OBJ93). Golden line 119.
init,(PACKAGE OBJ101),"For each X from 1 to 12, the three packages are labeled objX1, objX2, and objX3; the trucks are labeled from tru1 to tru12; and the airplanes are labeled apn1, apn2, and apn3.",deterministic_rule,true,covered,The declaration uniquely covers (PACKAGE OBJ101). Golden line 120.
init,(PACKAGE OBJ102),"For each X from 1 to 12, the three packages are labeled objX1, objX2, and objX3; the trucks are labeled from tru1 to tru12; and the airplanes are labeled apn1, apn2, and apn3.",deterministic_rule,true,covered,The declaration uniquely covers (PACKAGE OBJ102). Golden line 121.
init,(PACKAGE OBJ103),"For each X from 1 to 12, the three packages are labeled objX1, objX2, and objX3; the trucks are labeled from tru1 to tru12; and the airplanes are labeled apn1, apn2, and apn3.",deterministic_rule,true,covered,The declaration uniquely covers (PACKAGE OBJ103). Golden line 122.
init,(PACKAGE OBJ111),"For each X from 1 to 12, the three packages are labeled objX1, objX2, and objX3; the trucks are labeled from tru1 to tru12; and the airplanes are labeled apn1, apn2, and apn3.",deterministic_rule,true,covered,The declaration uniquely covers (PACKAGE OBJ111). Golden line 123.
init,(PACKAGE OBJ112),"For each X from 1 to 12, the three packages are labeled objX1, objX2, and objX3; the trucks are labeled from tru1 to tru12; and the airplanes are labeled apn1, apn2, and apn3.",deterministic_rule,true,covered,The declaration uniquely covers (PACKAGE OBJ112). Golden line 124.
init,(PACKAGE OBJ113),"For each X from 1 to 12, the three packages are labeled objX1, objX2, and objX3; the trucks are labeled from tru1 to tru12; and the airplanes are labeled apn1, apn2, and apn3.",deterministic_rule,true,covered,The declaration uniquely covers (PACKAGE OBJ113). Golden line 125.
init,(PACKAGE OBJ121),"For each X from 1 to 12, the three packages are labeled objX1, objX2, and objX3; the trucks are labeled from tru1 to tru12; and the airplanes are labeled apn1, apn2, and apn3.",deterministic_rule,true,covered,The declaration uniquely covers (PACKAGE OBJ121). Golden line 126.
init,(PACKAGE OBJ122),"For each X from 1 to 12, the three packages are labeled objX1, objX2, and objX3; the trucks are labeled from tru1 to tru12; and the airplanes are labeled apn1, apn2, and apn3.",deterministic_rule,true,covered,The declaration uniquely covers (PACKAGE OBJ122). Golden line 127.
init,(PACKAGE OBJ123),"For each X from 1 to 12, the three packages are labeled objX1, objX2, and objX3; the trucks are labeled from tru1 to tru12; and the airplanes are labeled apn1, apn2, and apn3.",deterministic_rule,true,covered,The declaration uniquely covers (PACKAGE OBJ123). Golden line 128.
init,(TRUCK TRU1),"For each X from 1 to 12, the three packages are labeled objX1, objX2, and objX3; the trucks are labeled from tru1 to tru12; and the airplanes are labeled apn1, apn2, and apn3.",deterministic_rule,true,covered,The declaration uniquely covers (TRUCK TRU1). Golden line 129.
init,(TRUCK TRU2),"For each X from 1 to 12, the three packages are labeled objX1, objX2, and objX3; the trucks are labeled from tru1 to tru12; and the airplanes are labeled apn1, apn2, and apn3.",deterministic_rule,true,covered,The declaration uniquely covers (TRUCK TRU2). Golden line 130.
init,(TRUCK TRU3),"For each X from 1 to 12, the three packages are labeled objX1, objX2, and objX3; the trucks are labeled from tru1 to tru12; and the airplanes are labeled apn1, apn2, and apn3.",deterministic_rule,true,covered,The declaration uniquely covers (TRUCK TRU3). Golden line 131.
init,(TRUCK TRU4),"For each X from 1 to 12, the three packages are labeled objX1, objX2, and objX3; the trucks are labeled from tru1 to tru12; and the airplanes are labeled apn1, apn2, and apn3.",deterministic_rule,true,covered,The declaration uniquely covers (TRUCK TRU4). Golden line 132.
init,(TRUCK TRU5),"For each X from 1 to 12, the three packages are labeled objX1, objX2, and objX3; the trucks are labeled from tru1 to tru12; and the airplanes are labeled apn1, apn2, and apn3.",deterministic_rule,true,covered,The declaration uniquely covers (TRUCK TRU5). Golden line 133.
init,(TRUCK TRU6),"For each X from 1 to 12, the three packages are labeled objX1, objX2, and objX3; the trucks are labeled from tru1 to tru12; and the airplanes are labeled apn1, apn2, and apn3.",deterministic_rule,true,covered,The declaration uniquely covers (TRUCK TRU6). Golden line 134.
init,(TRUCK TRU7),"For each X from 1 to 12, the three packages are labeled objX1, objX2, and objX3; the trucks are labeled from tru1 to tru12; and the airplanes are labeled apn1, apn2, and apn3.",deterministic_rule,true,covered,The declaration uniquely covers (TRUCK TRU7). Golden line 135.
init,(TRUCK TRU8),"For each X from 1 to 12, the three packages are labeled objX1, objX2, and objX3; the trucks are labeled from tru1 to tru12; and the airplanes are labeled apn1, apn2, and apn3.",deterministic_rule,true,covered,The declaration uniquely covers (TRUCK TRU8). Golden line 136.
init,(TRUCK TRU9),"For each X from 1 to 12, the three packages are labeled objX1, objX2, and objX3; the trucks are labeled from tru1 to tru12; and the airplanes are labeled apn1, apn2, and apn3.",deterministic_rule,true,covered,The declaration uniquely covers (TRUCK TRU9). Golden line 137.
init,(TRUCK TRU10),"For each X from 1 to 12, the three packages are labeled objX1, objX2, and objX3; the trucks are labeled from tru1 to tru12; and the airplanes are labeled apn1, apn2, and apn3.",deterministic_rule,true,covered,The declaration uniquely covers (TRUCK TRU10). Golden line 138.
init,(TRUCK TRU11),"For each X from 1 to 12, the three packages are labeled objX1, objX2, and objX3; the trucks are labeled from tru1 to tru12; and the airplanes are labeled apn1, apn2, and apn3.",deterministic_rule,true,covered,The declaration uniquely covers (TRUCK TRU11). Golden line 139.
init,(TRUCK TRU12),"For each X from 1 to 12, the three packages are labeled objX1, objX2, and objX3; the trucks are labeled from tru1 to tru12; and the airplanes are labeled apn1, apn2, and apn3.",deterministic_rule,true,covered,The declaration uniquely covers (TRUCK TRU12). Golden line 140.
init,(CITY CIT1),"There are also twelve cities labeled from cit1 to cit12, each with two locations: a posX location and an aptX airport, where X is the city number from 1 to 12.",deterministic_rule,true,covered,"Using the shared city number X yields (CITY CIT1), with exactly X=1..12. Golden line 141."
init,(CITY CIT2),"There are also twelve cities labeled from cit1 to cit12, each with two locations: a posX location and an aptX airport, where X is the city number from 1 to 12.",deterministic_rule,true,covered,"Using the shared city number X yields (CITY CIT2), with exactly X=1..12. Golden line 142."
init,(CITY CIT3),"There are also twelve cities labeled from cit1 to cit12, each with two locations: a posX location and an aptX airport, where X is the city number from 1 to 12.",deterministic_rule,true,covered,"Using the shared city number X yields (CITY CIT3), with exactly X=1..12. Golden line 143."
init,(CITY CIT4),"There are also twelve cities labeled from cit1 to cit12, each with two locations: a posX location and an aptX airport, where X is the city number from 1 to 12.",deterministic_rule,true,covered,"Using the shared city number X yields (CITY CIT4), with exactly X=1..12. Golden line 144."
init,(CITY CIT5),"There are also twelve cities labeled from cit1 to cit12, each with two locations: a posX location and an aptX airport, where X is the city number from 1 to 12.",deterministic_rule,true,covered,"Using the shared city number X yields (CITY CIT5), with exactly X=1..12. Golden line 145."
init,(CITY CIT6),"There are also twelve cities labeled from cit1 to cit12, each with two locations: a posX location and an aptX airport, where X is the city number from 1 to 12.",deterministic_rule,true,covered,"Using the shared city number X yields (CITY CIT6), with exactly X=1..12. Golden line 146."
init,(CITY CIT7),"There are also twelve cities labeled from cit1 to cit12, each with two locations: a posX location and an aptX airport, where X is the city number from 1 to 12.",deterministic_rule,true,covered,"Using the shared city number X yields (CITY CIT7), with exactly X=1..12. Golden line 147."
init,(CITY CIT8),"There are also twelve cities labeled from cit1 to cit12, each with two locations: a posX location and an aptX airport, where X is the city number from 1 to 12.",deterministic_rule,true,covered,"Using the shared city number X yields (CITY CIT8), with exactly X=1..12. Golden line 148."
init,(CITY CIT9),"There are also twelve cities labeled from cit1 to cit12, each with two locations: a posX location and an aptX airport, where X is the city number from 1 to 12.",deterministic_rule,true,covered,"Using the shared city number X yields (CITY CIT9), with exactly X=1..12. Golden line 149."
init,(CITY CIT10),"There are also twelve cities labeled from cit1 to cit12, each with two locations: a posX location and an aptX airport, where X is the city number from 1 to 12.",deterministic_rule,true,covered,"Using the shared city number X yields (CITY CIT10), with exactly X=1..12. Golden line 150."
init,(CITY CIT11),"There are also twelve cities labeled from cit1 to cit12, each with two locations: a posX location and an aptX airport, where X is the city number from 1 to 12.",deterministic_rule,true,covered,"Using the shared city number X yields (CITY CIT11), with exactly X=1..12. Golden line 151."
init,(CITY CIT12),"There are also twelve cities labeled from cit1 to cit12, each with two locations: a posX location and an aptX airport, where X is the city number from 1 to 12.",deterministic_rule,true,covered,"Using the shared city number X yields (CITY CIT12), with exactly X=1..12. Golden line 152."
init,(LOCATION POS1),"There are also twelve cities labeled from cit1 to cit12, each with two locations: a posX location and an aptX airport, where X is the city number from 1 to 12.",deterministic_rule,true,covered,"Using the shared city number X yields (LOCATION POS1), with exactly X=1..12. Golden line 153."
init,(LOCATION APT1),"There are also twelve cities labeled from cit1 to cit12, each with two locations: a posX location and an aptX airport, where X is the city number from 1 to 12.",deterministic_rule,true,covered,"Using the shared city number X yields (LOCATION APT1), with exactly X=1..12. Golden line 154."
init,(LOCATION POS2),"There are also twelve cities labeled from cit1 to cit12, each with two locations: a posX location and an aptX airport, where X is the city number from 1 to 12.",deterministic_rule,true,covered,"Using the shared city number X yields (LOCATION POS2), with exactly X=1..12. Golden line 155."
init,(LOCATION APT2),"There are also twelve cities labeled from cit1 to cit12, each with two locations: a posX location and an aptX airport, where X is the city number from 1 to 12.",deterministic_rule,true,covered,"Using the shared city number X yields (LOCATION APT2), with exactly X=1..12. Golden line 156."
init,(LOCATION POS3),"There are also twelve cities labeled from cit1 to cit12, each with two locations: a posX location and an aptX airport, where X is the city number from 1 to 12.",deterministic_rule,true,covered,"Using the shared city number X yields (LOCATION POS3), with exactly X=1..12. Golden line 157."
init,(LOCATION APT3),"There are also twelve cities labeled from cit1 to cit12, each with two locations: a posX location and an aptX airport, where X is the city number from 1 to 12.",deterministic_rule,true,covered,"Using the shared city number X yields (LOCATION APT3), with exactly X=1..12. Golden line 158."
init,(LOCATION POS4),"There are also twelve cities labeled from cit1 to cit12, each with two locations: a posX location and an aptX airport, where X is the city number from 1 to 12.",deterministic_rule,true,covered,"Using the shared city number X yields (LOCATION POS4), with exactly X=1..12. Golden line 159."
init,(LOCATION APT4),"There are also twelve cities labeled from cit1 to cit12, each with two locations: a posX location and an aptX airport, where X is the city number from 1 to 12.",deterministic_rule,true,covered,"Using the shared city number X yields (LOCATION APT4), with exactly X=1..12. Golden line 160."
init,(LOCATION POS5),"There are also twelve cities labeled from cit1 to cit12, each with two locations: a posX location and an aptX airport, where X is the city number from 1 to 12.",deterministic_rule,true,covered,"Using the shared city number X yields (LOCATION POS5), with exactly X=1..12. Golden line 161."
init,(LOCATION APT5),"There are also twelve cities labeled from cit1 to cit12, each with two locations: a posX location and an aptX airport, where X is the city number from 1 to 12.",deterministic_rule,true,covered,"Using the shared city number X yields (LOCATION APT5), with exactly X=1..12. Golden line 162."
init,(LOCATION POS6),"There are also twelve cities labeled from cit1 to cit12, each with two locations: a posX location and an aptX airport, where X is the city number from 1 to 12.",deterministic_rule,true,covered,"Using the shared city number X yields (LOCATION POS6), with exactly X=1..12. Golden line 163."
init,(LOCATION APT6),"There are also twelve cities labeled from cit1 to cit12, each with two locations: a posX location and an aptX airport, where X is the city number from 1 to 12.",deterministic_rule,true,covered,"Using the shared city number X yields (LOCATION APT6), with exactly X=1..12. Golden line 164."
init,(LOCATION POS7),"There are also twelve cities labeled from cit1 to cit12, each with two locations: a posX location and an aptX airport, where X is the city number from 1 to 12.",deterministic_rule,true,covered,"Using the shared city number X yields (LOCATION POS7), with exactly X=1..12. Golden line 165."
init,(LOCATION APT7),"There are also twelve cities labeled from cit1 to cit12, each with two locations: a posX location and an aptX airport, where X is the city number from 1 to 12.",deterministic_rule,true,covered,"Using the shared city number X yields (LOCATION APT7), with exactly X=1..12. Golden line 166."
init,(LOCATION POS8),"There are also twelve cities labeled from cit1 to cit12, each with two locations: a posX location and an aptX airport, where X is the city number from 1 to 12.",deterministic_rule,true,covered,"Using the shared city number X yields (LOCATION POS8), with exactly X=1..12. Golden line 167."
init,(LOCATION APT8),"There are also twelve cities labeled from cit1 to cit12, each with two locations: a posX location and an aptX airport, where X is the city number from 1 to 12.",deterministic_rule,true,covered,"Using the shared city number X yields (LOCATION APT8), with exactly X=1..12. Golden line 168."
init,(LOCATION POS9),"There are also twelve cities labeled from cit1 to cit12, each with two locations: a posX location and an aptX airport, where X is the city number from 1 to 12.",deterministic_rule,true,covered,"Using the shared city number X yields (LOCATION POS9), with exactly X=1..12. Golden line 169."
init,(LOCATION APT9),"There are also twelve cities labeled from cit1 to cit12, each with two locations: a posX location and an aptX airport, where X is the city number from 1 to 12.",deterministic_rule,true,covered,"Using the shared city number X yields (LOCATION APT9), with exactly X=1..12. Golden line 170."
init,(LOCATION POS10),"There are also twelve cities labeled from cit1 to cit12, each with two locations: a posX location and an aptX airport, where X is the city number from 1 to 12.",deterministic_rule,true,covered,"Using the shared city number X yields (LOCATION POS10), with exactly X=1..12. Golden line 171."
init,(LOCATION APT10),"There are also twelve cities labeled from cit1 to cit12, each with two locations: a posX location and an aptX airport, where X is the city number from 1 to 12.",deterministic_rule,true,covered,"Using the shared city number X yields (LOCATION APT10), with exactly X=1..12. Golden line 172."
init,(LOCATION POS11),"There are also twelve cities labeled from cit1 to cit12, each with two locations: a posX location and an aptX airport, where X is the city number from 1 to 12.",deterministic_rule,true,covered,"Using the shared city number X yields (LOCATION POS11), with exactly X=1..12. Golden line 173."
init,(LOCATION APT11),"There are also twelve cities labeled from cit1 to cit12, each with two locations: a posX location and an aptX airport, where X is the city number from 1 to 12.",deterministic_rule,true,covered,"Using the shared city number X yields (LOCATION APT11), with exactly X=1..12. Golden line 174."
init,(LOCATION POS12),"There are also twelve cities labeled from cit1 to cit12, each with two locations: a posX location and an aptX airport, where X is the city number from 1 to 12.",deterministic_rule,true,covered,"Using the shared city number X yields (LOCATION POS12), with exactly X=1..12. Golden line 175."
init,(LOCATION APT12),"There are also twelve cities labeled from cit1 to cit12, each with two locations: a posX location and an aptX airport, where X is the city number from 1 to 12.",deterministic_rule,true,covered,"Using the shared city number X yields (LOCATION APT12), with exactly X=1..12. Golden line 176."
init,(AIRPORT APT1),"There are also twelve cities labeled from cit1 to cit12, each with two locations: a posX location and an aptX airport, where X is the city number from 1 to 12.",deterministic_rule,true,covered,"Using the shared city number X yields (AIRPORT APT1), with exactly X=1..12. Golden line 177."
init,(AIRPORT APT2),"There are also twelve cities labeled from cit1 to cit12, each with two locations: a posX location and an aptX airport, where X is the city number from 1 to 12.",deterministic_rule,true,covered,"Using the shared city number X yields (AIRPORT APT2), with exactly X=1..12. Golden line 178."
init,(AIRPORT APT3),"There are also twelve cities labeled from cit1 to cit12, each with two locations: a posX location and an aptX airport, where X is the city number from 1 to 12.",deterministic_rule,true,covered,"Using the shared city number X yields (AIRPORT APT3), with exactly X=1..12. Golden line 179."
init,(AIRPORT APT4),"There are also twelve cities labeled from cit1 to cit12, each with two locations: a posX location and an aptX airport, where X is the city number from 1 to 12.",deterministic_rule,true,covered,"Using the shared city number X yields (AIRPORT APT4), with exactly X=1..12. Golden line 180."
init,(AIRPORT APT5),"There are also twelve cities labeled from cit1 to cit12, each with two locations: a posX location and an aptX airport, where X is the city number from 1 to 12.",deterministic_rule,true,covered,"Using the shared city number X yields (AIRPORT APT5), with exactly X=1..12. Golden line 181."
init,(AIRPORT APT6),"There are also twelve cities labeled from cit1 to cit12, each with two locations: a posX location and an aptX airport, where X is the city number from 1 to 12.",deterministic_rule,true,covered,"Using the shared city number X yields (AIRPORT APT6), with exactly X=1..12. Golden line 182."
init,(AIRPORT APT7),"There are also twelve cities labeled from cit1 to cit12, each with two locations: a posX location and an aptX airport, where X is the city number from 1 to 12.",deterministic_rule,true,covered,"Using the shared city number X yields (AIRPORT APT7), with exactly X=1..12. Golden line 183."
init,(AIRPORT APT8),"There are also twelve cities labeled from cit1 to cit12, each with two locations: a posX location and an aptX airport, where X is the city number from 1 to 12.",deterministic_rule,true,covered,"Using the shared city number X yields (AIRPORT APT8), with exactly X=1..12. Golden line 184."
init,(AIRPORT APT9),"There are also twelve cities labeled from cit1 to cit12, each with two locations: a posX location and an aptX airport, where X is the city number from 1 to 12.",deterministic_rule,true,covered,"Using the shared city number X yields (AIRPORT APT9), with exactly X=1..12. Golden line 185."
init,(AIRPORT APT10),"There are also twelve cities labeled from cit1 to cit12, each with two locations: a posX location and an aptX airport, where X is the city number from 1 to 12.",deterministic_rule,true,covered,"Using the shared city number X yields (AIRPORT APT10), with exactly X=1..12. Golden line 186."
init,(AIRPORT APT11),"There are also twelve cities labeled from cit1 to cit12, each with two locations: a posX location and an aptX airport, where X is the city number from 1 to 12.",deterministic_rule,true,covered,"Using the shared city number X yields (AIRPORT APT11), with exactly X=1..12. Golden line 187."
init,(AIRPORT APT12),"There are also twelve cities labeled from cit1 to cit12, each with two locations: a posX location and an aptX airport, where X is the city number from 1 to 12.",deterministic_rule,true,covered,"Using the shared city number X yields (AIRPORT APT12), with exactly X=1..12. Golden line 188."
init,(AIRPLANE APN1),"For each X from 1 to 12, the three packages are labeled objX1, objX2, and objX3; the trucks are labeled from tru1 to tru12; and the airplanes are labeled apn1, apn2, and apn3.",direct,true,covered,The declaration uniquely covers (AIRPLANE APN1). Golden line 189.
init,(AIRPLANE APN2),"For each X from 1 to 12, the three packages are labeled objX1, objX2, and objX3; the trucks are labeled from tru1 to tru12; and the airplanes are labeled apn1, apn2, and apn3.",direct,true,covered,The declaration uniquely covers (AIRPLANE APN2). Golden line 190.
init,(AIRPLANE APN3),"For each X from 1 to 12, the three packages are labeled objX1, objX2, and objX3; the trucks are labeled from tru1 to tru12; and the airplanes are labeled apn1, apn2, and apn3.",direct,true,covered,The declaration uniquely covers (AIRPLANE APN3). Golden line 191.
init,(AT APN1 APT11),"Initially, for each X from 1 to 12, truX and packages objX1, objX2, and objX3 are at posX, and each airplane is stationed at a specific airport: apn1 is at apt11, apn2 is at apt9, and apn3 is at apt2.",direct,true,covered,The explicit airplane mapping uniquely states (AT APN1 APT11). Golden line 192.
init,(AT APN2 APT9),"Initially, for each X from 1 to 12, truX and packages objX1, objX2, and objX3 are at posX, and each airplane is stationed at a specific airport: apn1 is at apt11, apn2 is at apt9, and apn3 is at apt2.",direct,true,covered,The explicit airplane mapping uniquely states (AT APN2 APT9). Golden line 193.
init,(AT APN3 APT2),"Initially, for each X from 1 to 12, truX and packages objX1, objX2, and objX3 are at posX, and each airplane is stationed at a specific airport: apn1 is at apt11, apn2 is at apt9, and apn3 is at apt2.",direct,true,covered,The explicit airplane mapping uniquely states (AT APN3 APT2). Golden line 194.
init,(AT TRU1 POS1),"Initially, for each X from 1 to 12, truX and packages objX1, objX2, and objX3 are at posX, and each airplane is stationed at a specific airport: apn1 is at apt11, apn2 is at apt9, and apn3 is at apt2.",deterministic_rule,true,covered,Substituting the object's numeric group suffix for X yields (AT TRU1 POS1). Golden line 195.
init,(AT OBJ11 POS1),"Initially, for each X from 1 to 12, truX and packages objX1, objX2, and objX3 are at posX, and each airplane is stationed at a specific airport: apn1 is at apt11, apn2 is at apt9, and apn3 is at apt2.",deterministic_rule,true,covered,Substituting the object's numeric group suffix for X yields (AT OBJ11 POS1). Golden line 196.
init,(AT OBJ12 POS1),"Initially, for each X from 1 to 12, truX and packages objX1, objX2, and objX3 are at posX, and each airplane is stationed at a specific airport: apn1 is at apt11, apn2 is at apt9, and apn3 is at apt2.",deterministic_rule,true,covered,Substituting the object's numeric group suffix for X yields (AT OBJ12 POS1). Golden line 197.
init,(AT OBJ13 POS1),"Initially, for each X from 1 to 12, truX and packages objX1, objX2, and objX3 are at posX, and each airplane is stationed at a specific airport: apn1 is at apt11, apn2 is at apt9, and apn3 is at apt2.",deterministic_rule,true,covered,Substituting the object's numeric group suffix for X yields (AT OBJ13 POS1). Golden line 198.
init,(AT TRU2 POS2),"Initially, for each X from 1 to 12, truX and packages objX1, objX2, and objX3 are at posX, and each airplane is stationed at a specific airport: apn1 is at apt11, apn2 is at apt9, and apn3 is at apt2.",deterministic_rule,true,covered,Substituting the object's numeric group suffix for X yields (AT TRU2 POS2). Golden line 199.
init,(AT OBJ21 POS2),"Initially, for each X from 1 to 12, truX and packages objX1, objX2, and objX3 are at posX, and each airplane is stationed at a specific airport: apn1 is at apt11, apn2 is at apt9, and apn3 is at apt2.",deterministic_rule,true,covered,Substituting the object's numeric group suffix for X yields (AT OBJ21 POS2). Golden line 200.
init,(AT OBJ22 POS2),"Initially, for each X from 1 to 12, truX and packages objX1, objX2, and objX3 are at posX, and each airplane is stationed at a specific airport: apn1 is at apt11, apn2 is at apt9, and apn3 is at apt2.",deterministic_rule,true,covered,Substituting the object's numeric group suffix for X yields (AT OBJ22 POS2). Golden line 201.
init,(AT OBJ23 POS2),"Initially, for each X from 1 to 12, truX and packages objX1, objX2, and objX3 are at posX, and each airplane is stationed at a specific airport: apn1 is at apt11, apn2 is at apt9, and apn3 is at apt2.",deterministic_rule,true,covered,Substituting the object's numeric group suffix for X yields (AT OBJ23 POS2). Golden line 202.
init,(AT TRU3 POS3),"Initially, for each X from 1 to 12, truX and packages objX1, objX2, and objX3 are at posX, and each airplane is stationed at a specific airport: apn1 is at apt11, apn2 is at apt9, and apn3 is at apt2.",deterministic_rule,true,covered,Substituting the object's numeric group suffix for X yields (AT TRU3 POS3). Golden line 203.
init,(AT OBJ31 POS3),"Initially, for each X from 1 to 12, truX and packages objX1, objX2, and objX3 are at posX, and each airplane is stationed at a specific airport: apn1 is at apt11, apn2 is at apt9, and apn3 is at apt2.",deterministic_rule,true,covered,Substituting the object's numeric group suffix for X yields (AT OBJ31 POS3). Golden line 204.
init,(AT OBJ32 POS3),"Initially, for each X from 1 to 12, truX and packages objX1, objX2, and objX3 are at posX, and each airplane is stationed at a specific airport: apn1 is at apt11, apn2 is at apt9, and apn3 is at apt2.",deterministic_rule,true,covered,Substituting the object's numeric group suffix for X yields (AT OBJ32 POS3). Golden line 205.
init,(AT OBJ33 POS3),"Initially, for each X from 1 to 12, truX and packages objX1, objX2, and objX3 are at posX, and each airplane is stationed at a specific airport: apn1 is at apt11, apn2 is at apt9, and apn3 is at apt2.",deterministic_rule,true,covered,Substituting the object's numeric group suffix for X yields (AT OBJ33 POS3). Golden line 206.
init,(AT TRU4 POS4),"Initially, for each X from 1 to 12, truX and packages objX1, objX2, and objX3 are at posX, and each airplane is stationed at a specific airport: apn1 is at apt11, apn2 is at apt9, and apn3 is at apt2.",deterministic_rule,true,covered,Substituting the object's numeric group suffix for X yields (AT TRU4 POS4). Golden line 207.
init,(AT OBJ41 POS4),"Initially, for each X from 1 to 12, truX and packages objX1, objX2, and objX3 are at posX, and each airplane is stationed at a specific airport: apn1 is at apt11, apn2 is at apt9, and apn3 is at apt2.",deterministic_rule,true,covered,Substituting the object's numeric group suffix for X yields (AT OBJ41 POS4). Golden line 208.
init,(AT OBJ42 POS4),"Initially, for each X from 1 to 12, truX and packages objX1, objX2, and objX3 are at posX, and each airplane is stationed at a specific airport: apn1 is at apt11, apn2 is at apt9, and apn3 is at apt2.",deterministic_rule,true,covered,Substituting the object's numeric group suffix for X yields (AT OBJ42 POS4). Golden line 209.
init,(AT OBJ43 POS4),"Initially, for each X from 1 to 12, truX and packages objX1, objX2, and objX3 are at posX, and each airplane is stationed at a specific airport: apn1 is at apt11, apn2 is at apt9, and apn3 is at apt2.",deterministic_rule,true,covered,Substituting the object's numeric group suffix for X yields (AT OBJ43 POS4). Golden line 210.
init,(AT TRU5 POS5),"Initially, for each X from 1 to 12, truX and packages objX1, objX2, and objX3 are at posX, and each airplane is stationed at a specific airport: apn1 is at apt11, apn2 is at apt9, and apn3 is at apt2.",deterministic_rule,true,covered,Substituting the object's numeric group suffix for X yields (AT TRU5 POS5). Golden line 211.
init,(AT OBJ51 POS5),"Initially, for each X from 1 to 12, truX and packages objX1, objX2, and objX3 are at posX, and each airplane is stationed at a specific airport: apn1 is at apt11, apn2 is at apt9, and apn3 is at apt2.",deterministic_rule,true,covered,Substituting the object's numeric group suffix for X yields (AT OBJ51 POS5). Golden line 212.
init,(AT OBJ52 POS5),"Initially, for each X from 1 to 12, truX and packages objX1, objX2, and objX3 are at posX, and each airplane is stationed at a specific airport: apn1 is at apt11, apn2 is at apt9, and apn3 is at apt2.",deterministic_rule,true,covered,Substituting the object's numeric group suffix for X yields (AT OBJ52 POS5). Golden line 213.
init,(AT OBJ53 POS5),"Initially, for each X from 1 to 12, truX and packages objX1, objX2, and objX3 are at posX, and each airplane is stationed at a specific airport: apn1 is at apt11, apn2 is at apt9, and apn3 is at apt2.",deterministic_rule,true,covered,Substituting the object's numeric group suffix for X yields (AT OBJ53 POS5). Golden line 214.
init,(AT TRU6 POS6),"Initially, for each X from 1 to 12, truX and packages objX1, objX2, and objX3 are at posX, and each airplane is stationed at a specific airport: apn1 is at apt11, apn2 is at apt9, and apn3 is at apt2.",deterministic_rule,true,covered,Substituting the object's numeric group suffix for X yields (AT TRU6 POS6). Golden line 215.
init,(AT OBJ61 POS6),"Initially, for each X from 1 to 12, truX and packages objX1, objX2, and objX3 are at posX, and each airplane is stationed at a specific airport: apn1 is at apt11, apn2 is at apt9, and apn3 is at apt2.",deterministic_rule,true,covered,Substituting the object's numeric group suffix for X yields (AT OBJ61 POS6). Golden line 216.
init,(AT OBJ62 POS6),"Initially, for each X from 1 to 12, truX and packages objX1, objX2, and objX3 are at posX, and each airplane is stationed at a specific airport: apn1 is at apt11, apn2 is at apt9, and apn3 is at apt2.",deterministic_rule,true,covered,Substituting the object's numeric group suffix for X yields (AT OBJ62 POS6). Golden line 217.
init,(AT OBJ63 POS6),"Initially, for each X from 1 to 12, truX and packages objX1, objX2, and objX3 are at posX, and each airplane is stationed at a specific airport: apn1 is at apt11, apn2 is at apt9, and apn3 is at apt2.",deterministic_rule,true,covered,Substituting the object's numeric group suffix for X yields (AT OBJ63 POS6). Golden line 218.
init,(AT TRU7 POS7),"Initially, for each X from 1 to 12, truX and packages objX1, objX2, and objX3 are at posX, and each airplane is stationed at a specific airport: apn1 is at apt11, apn2 is at apt9, and apn3 is at apt2.",deterministic_rule,true,covered,Substituting the object's numeric group suffix for X yields (AT TRU7 POS7). Golden line 219.
init,(AT OBJ71 POS7),"Initially, for each X from 1 to 12, truX and packages objX1, objX2, and objX3 are at posX, and each airplane is stationed at a specific airport: apn1 is at apt11, apn2 is at apt9, and apn3 is at apt2.",deterministic_rule,true,covered,Substituting the object's numeric group suffix for X yields (AT OBJ71 POS7). Golden line 220.
init,(AT OBJ72 POS7),"Initially, for each X from 1 to 12, truX and packages objX1, objX2, and objX3 are at posX, and each airplane is stationed at a specific airport: apn1 is at apt11, apn2 is at apt9, and apn3 is at apt2.",deterministic_rule,true,covered,Substituting the object's numeric group suffix for X yields (AT OBJ72 POS7). Golden line 221.
init,(AT OBJ73 POS7),"Initially, for each X from 1 to 12, truX and packages objX1, objX2, and objX3 are at posX, and each airplane is stationed at a specific airport: apn1 is at apt11, apn2 is at apt9, and apn3 is at apt2.",deterministic_rule,true,covered,Substituting the object's numeric group suffix for X yields (AT OBJ73 POS7). Golden line 222.
init,(AT TRU8 POS8),"Initially, for each X from 1 to 12, truX and packages objX1, objX2, and objX3 are at posX, and each airplane is stationed at a specific airport: apn1 is at apt11, apn2 is at apt9, and apn3 is at apt2.",deterministic_rule,true,covered,Substituting the object's numeric group suffix for X yields (AT TRU8 POS8). Golden line 223.
init,(AT OBJ81 POS8),"Initially, for each X from 1 to 12, truX and packages objX1, objX2, and objX3 are at posX, and each airplane is stationed at a specific airport: apn1 is at apt11, apn2 is at apt9, and apn3 is at apt2.",deterministic_rule,true,covered,Substituting the object's numeric group suffix for X yields (AT OBJ81 POS8). Golden line 224.
init,(AT OBJ82 POS8),"Initially, for each X from 1 to 12, truX and packages objX1, objX2, and objX3 are at posX, and each airplane is stationed at a specific airport: apn1 is at apt11, apn2 is at apt9, and apn3 is at apt2.",deterministic_rule,true,covered,Substituting the object's numeric group suffix for X yields (AT OBJ82 POS8). Golden line 225.
init,(AT OBJ83 POS8),"Initially, for each X from 1 to 12, truX and packages objX1, objX2, and objX3 are at posX, and each airplane is stationed at a specific airport: apn1 is at apt11, apn2 is at apt9, and apn3 is at apt2.",deterministic_rule,true,covered,Substituting the object's numeric group suffix for X yields (AT OBJ83 POS8). Golden line 226.
init,(AT TRU9 POS9),"Initially, for each X from 1 to 12, truX and packages objX1, objX2, and objX3 are at posX, and each airplane is stationed at a specific airport: apn1 is at apt11, apn2 is at apt9, and apn3 is at apt2.",deterministic_rule,true,covered,Substituting the object's numeric group suffix for X yields (AT TRU9 POS9). Golden line 227.
init,(AT OBJ91 POS9),"Initially, for each X from 1 to 12, truX and packages objX1, objX2, and objX3 are at posX, and each airplane is stationed at a specific airport: apn1 is at apt11, apn2 is at apt9, and apn3 is at apt2.",deterministic_rule,true,covered,Substituting the object's numeric group suffix for X yields (AT OBJ91 POS9). Golden line 228.
init,(AT OBJ92 POS9),"Initially, for each X from 1 to 12, truX and packages objX1, objX2, and objX3 are at posX, and each airplane is stationed at a specific airport: apn1 is at apt11, apn2 is at apt9, and apn3 is at apt2.",deterministic_rule,true,covered,Substituting the object's numeric group suffix for X yields (AT OBJ92 POS9). Golden line 229.
init,(AT OBJ93 POS9),"Initially, for each X from 1 to 12, truX and packages objX1, objX2, and objX3 are at posX, and each airplane is stationed at a specific airport: apn1 is at apt11, apn2 is at apt9, and apn3 is at apt2.",deterministic_rule,true,covered,Substituting the object's numeric group suffix for X yields (AT OBJ93 POS9). Golden line 230.
init,(AT TRU10 POS10),"Initially, for each X from 1 to 12, truX and packages objX1, objX2, and objX3 are at posX, and each airplane is stationed at a specific airport: apn1 is at apt11, apn2 is at apt9, and apn3 is at apt2.",deterministic_rule,true,covered,Substituting the object's numeric group suffix for X yields (AT TRU10 POS10). Golden line 231.
init,(AT OBJ101 POS10),"Initially, for each X from 1 to 12, truX and packages objX1, objX2, and objX3 are at posX, and each airplane is stationed at a specific airport: apn1 is at apt11, apn2 is at apt9, and apn3 is at apt2.",deterministic_rule,true,covered,Substituting the object's numeric group suffix for X yields (AT OBJ101 POS10). Golden line 232.
init,(AT OBJ102 POS10),"Initially, for each X from 1 to 12, truX and packages objX1, objX2, and objX3 are at posX, and each airplane is stationed at a specific airport: apn1 is at apt11, apn2 is at apt9, and apn3 is at apt2.",deterministic_rule,true,covered,Substituting the object's numeric group suffix for X yields (AT OBJ102 POS10). Golden line 233.
init,(AT OBJ103 POS10),"Initially, for each X from 1 to 12, truX and packages objX1, objX2, and objX3 are at posX, and each airplane is stationed at a specific airport: apn1 is at apt11, apn2 is at apt9, and apn3 is at apt2.",deterministic_rule,true,covered,Substituting the object's numeric group suffix for X yields (AT OBJ103 POS10). Golden line 234.
init,(AT TRU11 POS11),"Initially, for each X from 1 to 12, truX and packages objX1, objX2, and objX3 are at posX, and each airplane is stationed at a specific airport: apn1 is at apt11, apn2 is at apt9, and apn3 is at apt2.",deterministic_rule,true,covered,Substituting the object's numeric group suffix for X yields (AT TRU11 POS11). Golden line 235.
init,(AT OBJ111 POS11),"Initially, for each X from 1 to 12, truX and packages objX1, objX2, and objX3 are at posX, and each airplane is stationed at a specific airport: apn1 is at apt11, apn2 is at apt9, and apn3 is at apt2.",deterministic_rule,true,covered,Substituting the object's numeric group suffix for X yields (AT OBJ111 POS11). Golden line 236.
init,(AT OBJ112 POS11),"Initially, for each X from 1 to 12, truX and packages objX1, objX2, and objX3 are at posX, and each airplane is stationed at a specific airport: apn1 is at apt11, apn2 is at apt9, and apn3 is at apt2.",deterministic_rule,true,covered,Substituting the object's numeric group suffix for X yields (AT OBJ112 POS11). Golden line 237.
init,(AT OBJ113 POS11),"Initially, for each X from 1 to 12, truX and packages objX1, objX2, and objX3 are at posX, and each airplane is stationed at a specific airport: apn1 is at apt11, apn2 is at apt9, and apn3 is at apt2.",deterministic_rule,true,covered,Substituting the object's numeric group suffix for X yields (AT OBJ113 POS11). Golden line 238.
init,(AT TRU12 POS12),"Initially, for each X from 1 to 12, truX and packages objX1, objX2, and objX3 are at posX, and each airplane is stationed at a specific airport: apn1 is at apt11, apn2 is at apt9, and apn3 is at apt2.",deterministic_rule,true,covered,Substituting the object's numeric group suffix for X yields (AT TRU12 POS12). Golden line 239.
init,(AT OBJ121 POS12),"Initially, for each X from 1 to 12, truX and packages objX1, objX2, and objX3 are at posX, and each airplane is stationed at a specific airport: apn1 is at apt11, apn2 is at apt9, and apn3 is at apt2.",deterministic_rule,true,covered,Substituting the object's numeric group suffix for X yields (AT OBJ121 POS12). Golden line 240.
init,(AT OBJ122 POS12),"Initially, for each X from 1 to 12, truX and packages objX1, objX2, and objX3 are at posX, and each airplane is stationed at a specific airport: apn1 is at apt11, apn2 is at apt9, and apn3 is at apt2.",deterministic_rule,true,covered,Substituting the object's numeric group suffix for X yields (AT OBJ122 POS12). Golden line 241.
init,(AT OBJ123 POS12),"Initially, for each X from 1 to 12, truX and packages objX1, objX2, and objX3 are at posX, and each airplane is stationed at a specific airport: apn1 is at apt11, apn2 is at apt9, and apn3 is at apt2.",deterministic_rule,true,covered,Substituting the object's numeric group suffix for X yields (AT OBJ123 POS12). Golden line 242.
init,(IN-CITY POS1 CIT1),"There are also twelve cities labeled from cit1 to cit12, each with two locations: a posX location and an aptX airport, where X is the city number from 1 to 12.",deterministic_rule,true,covered,"Using the shared city number X yields (IN-CITY POS1 CIT1), with exactly X=1..12. Golden line 243."
init,(IN-CITY APT1 CIT1),"There are also twelve cities labeled from cit1 to cit12, each with two locations: a posX location and an aptX airport, where X is the city number from 1 to 12.",deterministic_rule,true,covered,"Using the shared city number X yields (IN-CITY APT1 CIT1), with exactly X=1..12. Golden line 244."
init,(IN-CITY POS2 CIT2),"There are also twelve cities labeled from cit1 to cit12, each with two locations: a posX location and an aptX airport, where X is the city number from 1 to 12.",deterministic_rule,true,covered,"Using the shared city number X yields (IN-CITY POS2 CIT2), with exactly X=1..12. Golden line 245."
init,(IN-CITY APT2 CIT2),"There are also twelve cities labeled from cit1 to cit12, each with two locations: a posX location and an aptX airport, where X is the city number from 1 to 12.",deterministic_rule,true,covered,"Using the shared city number X yields (IN-CITY APT2 CIT2), with exactly X=1..12. Golden line 246."
init,(IN-CITY POS3 CIT3),"There are also twelve cities labeled from cit1 to cit12, each with two locations: a posX location and an aptX airport, where X is the city number from 1 to 12.",deterministic_rule,true,covered,"Using the shared city number X yields (IN-CITY POS3 CIT3), with exactly X=1..12. Golden line 247."
init,(IN-CITY APT3 CIT3),"There are also twelve cities labeled from cit1 to cit12, each with two locations: a posX location and an aptX airport, where X is the city number from 1 to 12.",deterministic_rule,true,covered,"Using the shared city number X yields (IN-CITY APT3 CIT3), with exactly X=1..12. Golden line 248."
init,(IN-CITY POS4 CIT4),"There are also twelve cities labeled from cit1 to cit12, each with two locations: a posX location and an aptX airport, where X is the city number from 1 to 12.",deterministic_rule,true,covered,"Using the shared city number X yields (IN-CITY POS4 CIT4), with exactly X=1..12. Golden line 249."
init,(IN-CITY APT4 CIT4),"There are also twelve cities labeled from cit1 to cit12, each with two locations: a posX location and an aptX airport, where X is the city number from 1 to 12.",deterministic_rule,true,covered,"Using the shared city number X yields (IN-CITY APT4 CIT4), with exactly X=1..12. Golden line 250."
init,(IN-CITY POS5 CIT5),"There are also twelve cities labeled from cit1 to cit12, each with two locations: a posX location and an aptX airport, where X is the city number from 1 to 12.",deterministic_rule,true,covered,"Using the shared city number X yields (IN-CITY POS5 CIT5), with exactly X=1..12. Golden line 251."
init,(IN-CITY APT5 CIT5),"There are also twelve cities labeled from cit1 to cit12, each with two locations: a posX location and an aptX airport, where X is the city number from 1 to 12.",deterministic_rule,true,covered,"Using the shared city number X yields (IN-CITY APT5 CIT5), with exactly X=1..12. Golden line 252."
init,(IN-CITY POS6 CIT6),"There are also twelve cities labeled from cit1 to cit12, each with two locations: a posX location and an aptX airport, where X is the city number from 1 to 12.",deterministic_rule,true,covered,"Using the shared city number X yields (IN-CITY POS6 CIT6), with exactly X=1..12. Golden line 253."
init,(IN-CITY APT6 CIT6),"There are also twelve cities labeled from cit1 to cit12, each with two locations: a posX location and an aptX airport, where X is the city number from 1 to 12.",deterministic_rule,true,covered,"Using the shared city number X yields (IN-CITY APT6 CIT6), with exactly X=1..12. Golden line 254."
init,(IN-CITY POS7 CIT7),"There are also twelve cities labeled from cit1 to cit12, each with two locations: a posX location and an aptX airport, where X is the city number from 1 to 12.",deterministic_rule,true,covered,"Using the shared city number X yields (IN-CITY POS7 CIT7), with exactly X=1..12. Golden line 255."
init,(IN-CITY APT7 CIT7),"There are also twelve cities labeled from cit1 to cit12, each with two locations: a posX location and an aptX airport, where X is the city number from 1 to 12.",deterministic_rule,true,covered,"Using the shared city number X yields (IN-CITY APT7 CIT7), with exactly X=1..12. Golden line 256."
init,(IN-CITY POS8 CIT8),"There are also twelve cities labeled from cit1 to cit12, each with two locations: a posX location and an aptX airport, where X is the city number from 1 to 12.",deterministic_rule,true,covered,"Using the shared city number X yields (IN-CITY POS8 CIT8), with exactly X=1..12. Golden line 257."
init,(IN-CITY APT8 CIT8),"There are also twelve cities labeled from cit1 to cit12, each with two locations: a posX location and an aptX airport, where X is the city number from 1 to 12.",deterministic_rule,true,covered,"Using the shared city number X yields (IN-CITY APT8 CIT8), with exactly X=1..12. Golden line 258."
init,(IN-CITY POS9 CIT9),"There are also twelve cities labeled from cit1 to cit12, each with two locations: a posX location and an aptX airport, where X is the city number from 1 to 12.",deterministic_rule,true,covered,"Using the shared city number X yields (IN-CITY POS9 CIT9), with exactly X=1..12. Golden line 259."
init,(IN-CITY APT9 CIT9),"There are also twelve cities labeled from cit1 to cit12, each with two locations: a posX location and an aptX airport, where X is the city number from 1 to 12.",deterministic_rule,true,covered,"Using the shared city number X yields (IN-CITY APT9 CIT9), with exactly X=1..12. Golden line 260."
init,(IN-CITY POS10 CIT10),"There are also twelve cities labeled from cit1 to cit12, each with two locations: a posX location and an aptX airport, where X is the city number from 1 to 12.",deterministic_rule,true,covered,"Using the shared city number X yields (IN-CITY POS10 CIT10), with exactly X=1..12. Golden line 261."
init,(IN-CITY APT10 CIT10),"There are also twelve cities labeled from cit1 to cit12, each with two locations: a posX location and an aptX airport, where X is the city number from 1 to 12.",deterministic_rule,true,covered,"Using the shared city number X yields (IN-CITY APT10 CIT10), with exactly X=1..12. Golden line 262."
init,(IN-CITY POS11 CIT11),"There are also twelve cities labeled from cit1 to cit12, each with two locations: a posX location and an aptX airport, where X is the city number from 1 to 12.",deterministic_rule,true,covered,"Using the shared city number X yields (IN-CITY POS11 CIT11), with exactly X=1..12. Golden line 263."
init,(IN-CITY APT11 CIT11),"There are also twelve cities labeled from cit1 to cit12, each with two locations: a posX location and an aptX airport, where X is the city number from 1 to 12.",deterministic_rule,true,covered,"Using the shared city number X yields (IN-CITY APT11 CIT11), with exactly X=1..12. Golden line 264."
init,(IN-CITY POS12 CIT12),"There are also twelve cities labeled from cit1 to cit12, each with two locations: a posX location and an aptX airport, where X is the city number from 1 to 12.",deterministic_rule,true,covered,"Using the shared city number X yields (IN-CITY POS12 CIT12), with exactly X=1..12. Golden line 265."
init,(IN-CITY APT12 CIT12),"There are also twelve cities labeled from cit1 to cit12, each with two locations: a posX location and an aptX airport, where X is the city number from 1 to 12.",deterministic_rule,true,covered,"Using the shared city number X yields (IN-CITY APT12 CIT12), with exactly X=1..12. Golden line 266."
goal,(AT OBJ61 POS4),"Our goal is to transport the packages to their designated destinations: obj61 to pos4, obj23 and obj21 to apt1, obj51 and obj81 to apt11, obj43 to apt9, obj123 and obj92 to pos1, obj73 to apt9, obj91 to pos11, obj53 to apt8, obj72 to pos8, obj82 to apt11, obj22 to pos1, obj62 to apt10, obj32 to apt10, obj121 to pos11, obj122 to apt8, obj71 to pos6, obj13 to apt7, obj113 to apt6, obj41 to pos8, obj33 to apt5, obj11 to apt11, obj63 to apt3, obj101 to apt11, obj83 to pos1, obj42 to apt8, obj12 to apt11, obj93 to apt2, obj112 to apt1, obj52 to apt7, obj111 to apt4, and obj102 to apt9.",direct,true,covered,The complete irregular goal list directly includes (AT OBJ61 POS4); the following sentence makes all 35 destinations simultaneous. Golden line 269.
goal,(AT OBJ23 APT1),"Our goal is to transport the packages to their designated destinations: obj61 to pos4, obj23 and obj21 to apt1, obj51 and obj81 to apt11, obj43 to apt9, obj123 and obj92 to pos1, obj73 to apt9, obj91 to pos11, obj53 to apt8, obj72 to pos8, obj82 to apt11, obj22 to pos1, obj62 to apt10, obj32 to apt10, obj121 to pos11, obj122 to apt8, obj71 to pos6, obj13 to apt7, obj113 to apt6, obj41 to pos8, obj33 to apt5, obj11 to apt11, obj63 to apt3, obj101 to apt11, obj83 to pos1, obj42 to apt8, obj12 to apt11, obj93 to apt2, obj112 to apt1, obj52 to apt7, obj111 to apt4, and obj102 to apt9.",direct,true,covered,The complete irregular goal list directly includes (AT OBJ23 APT1); the following sentence makes all 35 destinations simultaneous. Golden line 270.
goal,(AT OBJ51 APT11),"Our goal is to transport the packages to their designated destinations: obj61 to pos4, obj23 and obj21 to apt1, obj51 and obj81 to apt11, obj43 to apt9, obj123 and obj92 to pos1, obj73 to apt9, obj91 to pos11, obj53 to apt8, obj72 to pos8, obj82 to apt11, obj22 to pos1, obj62 to apt10, obj32 to apt10, obj121 to pos11, obj122 to apt8, obj71 to pos6, obj13 to apt7, obj113 to apt6, obj41 to pos8, obj33 to apt5, obj11 to apt11, obj63 to apt3, obj101 to apt11, obj83 to pos1, obj42 to apt8, obj12 to apt11, obj93 to apt2, obj112 to apt1, obj52 to apt7, obj111 to apt4, and obj102 to apt9.",direct,true,covered,The complete irregular goal list directly includes (AT OBJ51 APT11); the following sentence makes all 35 destinations simultaneous. Golden line 271.
goal,(AT OBJ43 APT9),"Our goal is to transport the packages to their designated destinations: obj61 to pos4, obj23 and obj21 to apt1, obj51 and obj81 to apt11, obj43 to apt9, obj123 and obj92 to pos1, obj73 to apt9, obj91 to pos11, obj53 to apt8, obj72 to pos8, obj82 to apt11, obj22 to pos1, obj62 to apt10, obj32 to apt10, obj121 to pos11, obj122 to apt8, obj71 to pos6, obj13 to apt7, obj113 to apt6, obj41 to pos8, obj33 to apt5, obj11 to apt11, obj63 to apt3, obj101 to apt11, obj83 to pos1, obj42 to apt8, obj12 to apt11, obj93 to apt2, obj112 to apt1, obj52 to apt7, obj111 to apt4, and obj102 to apt9.",direct,true,covered,The complete irregular goal list directly includes (AT OBJ43 APT9); the following sentence makes all 35 destinations simultaneous. Golden line 272.
goal,(AT OBJ123 POS1),"Our goal is to transport the packages to their designated destinations: obj61 to pos4, obj23 and obj21 to apt1, obj51 and obj81 to apt11, obj43 to apt9, obj123 and obj92 to pos1, obj73 to apt9, obj91 to pos11, obj53 to apt8, obj72 to pos8, obj82 to apt11, obj22 to pos1, obj62 to apt10, obj32 to apt10, obj121 to pos11, obj122 to apt8, obj71 to pos6, obj13 to apt7, obj113 to apt6, obj41 to pos8, obj33 to apt5, obj11 to apt11, obj63 to apt3, obj101 to apt11, obj83 to pos1, obj42 to apt8, obj12 to apt11, obj93 to apt2, obj112 to apt1, obj52 to apt7, obj111 to apt4, and obj102 to apt9.",direct,true,covered,The complete irregular goal list directly includes (AT OBJ123 POS1); the following sentence makes all 35 destinations simultaneous. Golden line 273.
goal,(AT OBJ73 APT9),"Our goal is to transport the packages to their designated destinations: obj61 to pos4, obj23 and obj21 to apt1, obj51 and obj81 to apt11, obj43 to apt9, obj123 and obj92 to pos1, obj73 to apt9, obj91 to pos11, obj53 to apt8, obj72 to pos8, obj82 to apt11, obj22 to pos1, obj62 to apt10, obj32 to apt10, obj121 to pos11, obj122 to apt8, obj71 to pos6, obj13 to apt7, obj113 to apt6, obj41 to pos8, obj33 to apt5, obj11 to apt11, obj63 to apt3, obj101 to apt11, obj83 to pos1, obj42 to apt8, obj12 to apt11, obj93 to apt2, obj112 to apt1, obj52 to apt7, obj111 to apt4, and obj102 to apt9.",direct,true,covered,The complete irregular goal list directly includes (AT OBJ73 APT9); the following sentence makes all 35 destinations simultaneous. Golden line 274.
goal,(AT OBJ91 POS11),"Our goal is to transport the packages to their designated destinations: obj61 to pos4, obj23 and obj21 to apt1, obj51 and obj81 to apt11, obj43 to apt9, obj123 and obj92 to pos1, obj73 to apt9, obj91 to pos11, obj53 to apt8, obj72 to pos8, obj82 to apt11, obj22 to pos1, obj62 to apt10, obj32 to apt10, obj121 to pos11, obj122 to apt8, obj71 to pos6, obj13 to apt7, obj113 to apt6, obj41 to pos8, obj33 to apt5, obj11 to apt11, obj63 to apt3, obj101 to apt11, obj83 to pos1, obj42 to apt8, obj12 to apt11, obj93 to apt2, obj112 to apt1, obj52 to apt7, obj111 to apt4, and obj102 to apt9.",direct,true,covered,The complete irregular goal list directly includes (AT OBJ91 POS11); the following sentence makes all 35 destinations simultaneous. Golden line 275.
goal,(AT OBJ53 APT8),"Our goal is to transport the packages to their designated destinations: obj61 to pos4, obj23 and obj21 to apt1, obj51 and obj81 to apt11, obj43 to apt9, obj123 and obj92 to pos1, obj73 to apt9, obj91 to pos11, obj53 to apt8, obj72 to pos8, obj82 to apt11, obj22 to pos1, obj62 to apt10, obj32 to apt10, obj121 to pos11, obj122 to apt8, obj71 to pos6, obj13 to apt7, obj113 to apt6, obj41 to pos8, obj33 to apt5, obj11 to apt11, obj63 to apt3, obj101 to apt11, obj83 to pos1, obj42 to apt8, obj12 to apt11, obj93 to apt2, obj112 to apt1, obj52 to apt7, obj111 to apt4, and obj102 to apt9.",direct,true,covered,The complete irregular goal list directly includes (AT OBJ53 APT8); the following sentence makes all 35 destinations simultaneous. Golden line 276.
goal,(AT OBJ72 POS8),"Our goal is to transport the packages to their designated destinations: obj61 to pos4, obj23 and obj21 to apt1, obj51 and obj81 to apt11, obj43 to apt9, obj123 and obj92 to pos1, obj73 to apt9, obj91 to pos11, obj53 to apt8, obj72 to pos8, obj82 to apt11, obj22 to pos1, obj62 to apt10, obj32 to apt10, obj121 to pos11, obj122 to apt8, obj71 to pos6, obj13 to apt7, obj113 to apt6, obj41 to pos8, obj33 to apt5, obj11 to apt11, obj63 to apt3, obj101 to apt11, obj83 to pos1, obj42 to apt8, obj12 to apt11, obj93 to apt2, obj112 to apt1, obj52 to apt7, obj111 to apt4, and obj102 to apt9.",direct,true,covered,The complete irregular goal list directly includes (AT OBJ72 POS8); the following sentence makes all 35 destinations simultaneous. Golden line 277.
goal,(AT OBJ82 APT11),"Our goal is to transport the packages to their designated destinations: obj61 to pos4, obj23 and obj21 to apt1, obj51 and obj81 to apt11, obj43 to apt9, obj123 and obj92 to pos1, obj73 to apt9, obj91 to pos11, obj53 to apt8, obj72 to pos8, obj82 to apt11, obj22 to pos1, obj62 to apt10, obj32 to apt10, obj121 to pos11, obj122 to apt8, obj71 to pos6, obj13 to apt7, obj113 to apt6, obj41 to pos8, obj33 to apt5, obj11 to apt11, obj63 to apt3, obj101 to apt11, obj83 to pos1, obj42 to apt8, obj12 to apt11, obj93 to apt2, obj112 to apt1, obj52 to apt7, obj111 to apt4, and obj102 to apt9.",direct,true,covered,The complete irregular goal list directly includes (AT OBJ82 APT11); the following sentence makes all 35 destinations simultaneous. Golden line 278.
goal,(AT OBJ22 POS1),"Our goal is to transport the packages to their designated destinations: obj61 to pos4, obj23 and obj21 to apt1, obj51 and obj81 to apt11, obj43 to apt9, obj123 and obj92 to pos1, obj73 to apt9, obj91 to pos11, obj53 to apt8, obj72 to pos8, obj82 to apt11, obj22 to pos1, obj62 to apt10, obj32 to apt10, obj121 to pos11, obj122 to apt8, obj71 to pos6, obj13 to apt7, obj113 to apt6, obj41 to pos8, obj33 to apt5, obj11 to apt11, obj63 to apt3, obj101 to apt11, obj83 to pos1, obj42 to apt8, obj12 to apt11, obj93 to apt2, obj112 to apt1, obj52 to apt7, obj111 to apt4, and obj102 to apt9.",direct,true,covered,The complete irregular goal list directly includes (AT OBJ22 POS1); the following sentence makes all 35 destinations simultaneous. Golden line 279.
goal,(AT OBJ92 POS1),"Our goal is to transport the packages to their designated destinations: obj61 to pos4, obj23 and obj21 to apt1, obj51 and obj81 to apt11, obj43 to apt9, obj123 and obj92 to pos1, obj73 to apt9, obj91 to pos11, obj53 to apt8, obj72 to pos8, obj82 to apt11, obj22 to pos1, obj62 to apt10, obj32 to apt10, obj121 to pos11, obj122 to apt8, obj71 to pos6, obj13 to apt7, obj113 to apt6, obj41 to pos8, obj33 to apt5, obj11 to apt11, obj63 to apt3, obj101 to apt11, obj83 to pos1, obj42 to apt8, obj12 to apt11, obj93 to apt2, obj112 to apt1, obj52 to apt7, obj111 to apt4, and obj102 to apt9.",direct,true,covered,The complete irregular goal list directly includes (AT OBJ92 POS1); the following sentence makes all 35 destinations simultaneous. Golden line 280.
goal,(AT OBJ62 APT10),"Our goal is to transport the packages to their designated destinations: obj61 to pos4, obj23 and obj21 to apt1, obj51 and obj81 to apt11, obj43 to apt9, obj123 and obj92 to pos1, obj73 to apt9, obj91 to pos11, obj53 to apt8, obj72 to pos8, obj82 to apt11, obj22 to pos1, obj62 to apt10, obj32 to apt10, obj121 to pos11, obj122 to apt8, obj71 to pos6, obj13 to apt7, obj113 to apt6, obj41 to pos8, obj33 to apt5, obj11 to apt11, obj63 to apt3, obj101 to apt11, obj83 to pos1, obj42 to apt8, obj12 to apt11, obj93 to apt2, obj112 to apt1, obj52 to apt7, obj111 to apt4, and obj102 to apt9.",direct,true,covered,The complete irregular goal list directly includes (AT OBJ62 APT10); the following sentence makes all 35 destinations simultaneous. Golden line 281.
goal,(AT OBJ32 APT10),"Our goal is to transport the packages to their designated destinations: obj61 to pos4, obj23 and obj21 to apt1, obj51 and obj81 to apt11, obj43 to apt9, obj123 and obj92 to pos1, obj73 to apt9, obj91 to pos11, obj53 to apt8, obj72 to pos8, obj82 to apt11, obj22 to pos1, obj62 to apt10, obj32 to apt10, obj121 to pos11, obj122 to apt8, obj71 to pos6, obj13 to apt7, obj113 to apt6, obj41 to pos8, obj33 to apt5, obj11 to apt11, obj63 to apt3, obj101 to apt11, obj83 to pos1, obj42 to apt8, obj12 to apt11, obj93 to apt2, obj112 to apt1, obj52 to apt7, obj111 to apt4, and obj102 to apt9.",direct,true,covered,The complete irregular goal list directly includes (AT OBJ32 APT10); the following sentence makes all 35 destinations simultaneous. Golden line 282.
goal,(AT OBJ121 POS11),"Our goal is to transport the packages to their designated destinations: obj61 to pos4, obj23 and obj21 to apt1, obj51 and obj81 to apt11, obj43 to apt9, obj123 and obj92 to pos1, obj73 to apt9, obj91 to pos11, obj53 to apt8, obj72 to pos8, obj82 to apt11, obj22 to pos1, obj62 to apt10, obj32 to apt10, obj121 to pos11, obj122 to apt8, obj71 to pos6, obj13 to apt7, obj113 to apt6, obj41 to pos8, obj33 to apt5, obj11 to apt11, obj63 to apt3, obj101 to apt11, obj83 to pos1, obj42 to apt8, obj12 to apt11, obj93 to apt2, obj112 to apt1, obj52 to apt7, obj111 to apt4, and obj102 to apt9.",direct,true,covered,The complete irregular goal list directly includes (AT OBJ121 POS11); the following sentence makes all 35 destinations simultaneous. Golden line 283.
goal,(AT OBJ122 APT8),"Our goal is to transport the packages to their designated destinations: obj61 to pos4, obj23 and obj21 to apt1, obj51 and obj81 to apt11, obj43 to apt9, obj123 and obj92 to pos1, obj73 to apt9, obj91 to pos11, obj53 to apt8, obj72 to pos8, obj82 to apt11, obj22 to pos1, obj62 to apt10, obj32 to apt10, obj121 to pos11, obj122 to apt8, obj71 to pos6, obj13 to apt7, obj113 to apt6, obj41 to pos8, obj33 to apt5, obj11 to apt11, obj63 to apt3, obj101 to apt11, obj83 to pos1, obj42 to apt8, obj12 to apt11, obj93 to apt2, obj112 to apt1, obj52 to apt7, obj111 to apt4, and obj102 to apt9.",direct,true,covered,The complete irregular goal list directly includes (AT OBJ122 APT8); the following sentence makes all 35 destinations simultaneous. Golden line 284.
goal,(AT OBJ71 POS6),"Our goal is to transport the packages to their designated destinations: obj61 to pos4, obj23 and obj21 to apt1, obj51 and obj81 to apt11, obj43 to apt9, obj123 and obj92 to pos1, obj73 to apt9, obj91 to pos11, obj53 to apt8, obj72 to pos8, obj82 to apt11, obj22 to pos1, obj62 to apt10, obj32 to apt10, obj121 to pos11, obj122 to apt8, obj71 to pos6, obj13 to apt7, obj113 to apt6, obj41 to pos8, obj33 to apt5, obj11 to apt11, obj63 to apt3, obj101 to apt11, obj83 to pos1, obj42 to apt8, obj12 to apt11, obj93 to apt2, obj112 to apt1, obj52 to apt7, obj111 to apt4, and obj102 to apt9.",direct,true,covered,The complete irregular goal list directly includes (AT OBJ71 POS6); the following sentence makes all 35 destinations simultaneous. Golden line 285.
goal,(AT OBJ13 APT7),"Our goal is to transport the packages to their designated destinations: obj61 to pos4, obj23 and obj21 to apt1, obj51 and obj81 to apt11, obj43 to apt9, obj123 and obj92 to pos1, obj73 to apt9, obj91 to pos11, obj53 to apt8, obj72 to pos8, obj82 to apt11, obj22 to pos1, obj62 to apt10, obj32 to apt10, obj121 to pos11, obj122 to apt8, obj71 to pos6, obj13 to apt7, obj113 to apt6, obj41 to pos8, obj33 to apt5, obj11 to apt11, obj63 to apt3, obj101 to apt11, obj83 to pos1, obj42 to apt8, obj12 to apt11, obj93 to apt2, obj112 to apt1, obj52 to apt7, obj111 to apt4, and obj102 to apt9.",direct,true,covered,The complete irregular goal list directly includes (AT OBJ13 APT7); the following sentence makes all 35 destinations simultaneous. Golden line 286.
goal,(AT OBJ113 APT6),"Our goal is to transport the packages to their designated destinations: obj61 to pos4, obj23 and obj21 to apt1, obj51 and obj81 to apt11, obj43 to apt9, obj123 and obj92 to pos1, obj73 to apt9, obj91 to pos11, obj53 to apt8, obj72 to pos8, obj82 to apt11, obj22 to pos1, obj62 to apt10, obj32 to apt10, obj121 to pos11, obj122 to apt8, obj71 to pos6, obj13 to apt7, obj113 to apt6, obj41 to pos8, obj33 to apt5, obj11 to apt11, obj63 to apt3, obj101 to apt11, obj83 to pos1, obj42 to apt8, obj12 to apt11, obj93 to apt2, obj112 to apt1, obj52 to apt7, obj111 to apt4, and obj102 to apt9.",direct,true,covered,The complete irregular goal list directly includes (AT OBJ113 APT6); the following sentence makes all 35 destinations simultaneous. Golden line 287.
goal,(AT OBJ41 POS8),"Our goal is to transport the packages to their designated destinations: obj61 to pos4, obj23 and obj21 to apt1, obj51 and obj81 to apt11, obj43 to apt9, obj123 and obj92 to pos1, obj73 to apt9, obj91 to pos11, obj53 to apt8, obj72 to pos8, obj82 to apt11, obj22 to pos1, obj62 to apt10, obj32 to apt10, obj121 to pos11, obj122 to apt8, obj71 to pos6, obj13 to apt7, obj113 to apt6, obj41 to pos8, obj33 to apt5, obj11 to apt11, obj63 to apt3, obj101 to apt11, obj83 to pos1, obj42 to apt8, obj12 to apt11, obj93 to apt2, obj112 to apt1, obj52 to apt7, obj111 to apt4, and obj102 to apt9.",direct,true,covered,The complete irregular goal list directly includes (AT OBJ41 POS8); the following sentence makes all 35 destinations simultaneous. Golden line 288.
goal,(AT OBJ33 APT5),"Our goal is to transport the packages to their designated destinations: obj61 to pos4, obj23 and obj21 to apt1, obj51 and obj81 to apt11, obj43 to apt9, obj123 and obj92 to pos1, obj73 to apt9, obj91 to pos11, obj53 to apt8, obj72 to pos8, obj82 to apt11, obj22 to pos1, obj62 to apt10, obj32 to apt10, obj121 to pos11, obj122 to apt8, obj71 to pos6, obj13 to apt7, obj113 to apt6, obj41 to pos8, obj33 to apt5, obj11 to apt11, obj63 to apt3, obj101 to apt11, obj83 to pos1, obj42 to apt8, obj12 to apt11, obj93 to apt2, obj112 to apt1, obj52 to apt7, obj111 to apt4, and obj102 to apt9.",direct,true,covered,The complete irregular goal list directly includes (AT OBJ33 APT5); the following sentence makes all 35 destinations simultaneous. Golden line 289.
goal,(AT OBJ81 APT11),"Our goal is to transport the packages to their designated destinations: obj61 to pos4, obj23 and obj21 to apt1, obj51 and obj81 to apt11, obj43 to apt9, obj123 and obj92 to pos1, obj73 to apt9, obj91 to pos11, obj53 to apt8, obj72 to pos8, obj82 to apt11, obj22 to pos1, obj62 to apt10, obj32 to apt10, obj121 to pos11, obj122 to apt8, obj71 to pos6, obj13 to apt7, obj113 to apt6, obj41 to pos8, obj33 to apt5, obj11 to apt11, obj63 to apt3, obj101 to apt11, obj83 to pos1, obj42 to apt8, obj12 to apt11, obj93 to apt2, obj112 to apt1, obj52 to apt7, obj111 to apt4, and obj102 to apt9.",direct,true,covered,The complete irregular goal list directly includes (AT OBJ81 APT11); the following sentence makes all 35 destinations simultaneous. Golden line 290.
goal,(AT OBJ21 APT1),"Our goal is to transport the packages to their designated destinations: obj61 to pos4, obj23 and obj21 to apt1, obj51 and obj81 to apt11, obj43 to apt9, obj123 and obj92 to pos1, obj73 to apt9, obj91 to pos11, obj53 to apt8, obj72 to pos8, obj82 to apt11, obj22 to pos1, obj62 to apt10, obj32 to apt10, obj121 to pos11, obj122 to apt8, obj71 to pos6, obj13 to apt7, obj113 to apt6, obj41 to pos8, obj33 to apt5, obj11 to apt11, obj63 to apt3, obj101 to apt11, obj83 to pos1, obj42 to apt8, obj12 to apt11, obj93 to apt2, obj112 to apt1, obj52 to apt7, obj111 to apt4, and obj102 to apt9.",direct,true,covered,The complete irregular goal list directly includes (AT OBJ21 APT1); the following sentence makes all 35 destinations simultaneous. Golden line 291.
goal,(AT OBJ103 APT7),"Our goal is to transport the packages to their designated destinations: obj61 to pos4, obj23 and obj21 to apt1, obj51 and obj81 to apt11, obj43 to apt9, obj123 and obj92 to pos1, obj73 to apt9, obj91 to pos11, obj53 to apt8, obj72 to pos8, obj82 to apt11, obj22 to pos1, obj62 to apt10, obj32 to apt10, obj121 to pos11, obj122 to apt8, obj71 to pos6, obj13 to apt7, obj113 to apt6, obj41 to pos8, obj33 to apt5, obj11 to apt11, obj63 to apt3, obj101 to apt11, obj83 to pos1, obj42 to apt8, obj12 to apt11, obj93 to apt2, obj112 to apt1, obj52 to apt7, obj111 to apt4, and obj102 to apt9.",direct,true,covered,The complete irregular goal list directly includes (AT OBJ103 APT7); the following sentence makes all 35 destinations simultaneous. Golden line 292.
goal,(AT OBJ11 APT11),"Our goal is to transport the packages to their designated destinations: obj61 to pos4, obj23 and obj21 to apt1, obj51 and obj81 to apt11, obj43 to apt9, obj123 and obj92 to pos1, obj73 to apt9, obj91 to pos11, obj53 to apt8, obj72 to pos8, obj82 to apt11, obj22 to pos1, obj62 to apt10, obj32 to apt10, obj121 to pos11, obj122 to apt8, obj71 to pos6, obj13 to apt7, obj113 to apt6, obj41 to pos8, obj33 to apt5, obj11 to apt11, obj63 to apt3, obj101 to apt11, obj83 to pos1, obj42 to apt8, obj12 to apt11, obj93 to apt2, obj112 to apt1, obj52 to apt7, obj111 to apt4, and obj102 to apt9.",direct,true,covered,The complete irregular goal list directly includes (AT OBJ11 APT11); the following sentence makes all 35 destinations simultaneous. Golden line 293.
goal,(AT OBJ63 APT3),"Our goal is to transport the packages to their designated destinations: obj61 to pos4, obj23 and obj21 to apt1, obj51 and obj81 to apt11, obj43 to apt9, obj123 and obj92 to pos1, obj73 to apt9, obj91 to pos11, obj53 to apt8, obj72 to pos8, obj82 to apt11, obj22 to pos1, obj62 to apt10, obj32 to apt10, obj121 to pos11, obj122 to apt8, obj71 to pos6, obj13 to apt7, obj113 to apt6, obj41 to pos8, obj33 to apt5, obj11 to apt11, obj63 to apt3, obj101 to apt11, obj83 to pos1, obj42 to apt8, obj12 to apt11, obj93 to apt2, obj112 to apt1, obj52 to apt7, obj111 to apt4, and obj102 to apt9.",direct,true,covered,The complete irregular goal list directly includes (AT OBJ63 APT3); the following sentence makes all 35 destinations simultaneous. Golden line 294.
goal,(AT OBJ101 APT11),"Our goal is to transport the packages to their designated destinations: obj61 to pos4, obj23 and obj21 to apt1, obj51 and obj81 to apt11, obj43 to apt9, obj123 and obj92 to pos1, obj73 to apt9, obj91 to pos11, obj53 to apt8, obj72 to pos8, obj82 to apt11, obj22 to pos1, obj62 to apt10, obj32 to apt10, obj121 to pos11, obj122 to apt8, obj71 to pos6, obj13 to apt7, obj113 to apt6, obj41 to pos8, obj33 to apt5, obj11 to apt11, obj63 to apt3, obj101 to apt11, obj83 to pos1, obj42 to apt8, obj12 to apt11, obj93 to apt2, obj112 to apt1, obj52 to apt7, obj111 to apt4, and obj102 to apt9.",direct,true,covered,The complete irregular goal list directly includes (AT OBJ101 APT11); the following sentence makes all 35 destinations simultaneous. Golden line 295.
goal,(AT OBJ83 POS1),"Our goal is to transport the packages to their designated destinations: obj61 to pos4, obj23 and obj21 to apt1, obj51 and obj81 to apt11, obj43 to apt9, obj123 and obj92 to pos1, obj73 to apt9, obj91 to pos11, obj53 to apt8, obj72 to pos8, obj82 to apt11, obj22 to pos1, obj62 to apt10, obj32 to apt10, obj121 to pos11, obj122 to apt8, obj71 to pos6, obj13 to apt7, obj113 to apt6, obj41 to pos8, obj33 to apt5, obj11 to apt11, obj63 to apt3, obj101 to apt11, obj83 to pos1, obj42 to apt8, obj12 to apt11, obj93 to apt2, obj112 to apt1, obj52 to apt7, obj111 to apt4, and obj102 to apt9.",direct,true,covered,The complete irregular goal list directly includes (AT OBJ83 POS1); the following sentence makes all 35 destinations simultaneous. Golden line 296.
goal,(AT OBJ42 APT8),"Our goal is to transport the packages to their designated destinations: obj61 to pos4, obj23 and obj21 to apt1, obj51 and obj81 to apt11, obj43 to apt9, obj123 and obj92 to pos1, obj73 to apt9, obj91 to pos11, obj53 to apt8, obj72 to pos8, obj82 to apt11, obj22 to pos1, obj62 to apt10, obj32 to apt10, obj121 to pos11, obj122 to apt8, obj71 to pos6, obj13 to apt7, obj113 to apt6, obj41 to pos8, obj33 to apt5, obj11 to apt11, obj63 to apt3, obj101 to apt11, obj83 to pos1, obj42 to apt8, obj12 to apt11, obj93 to apt2, obj112 to apt1, obj52 to apt7, obj111 to apt4, and obj102 to apt9.",direct,true,covered,The complete irregular goal list directly includes (AT OBJ42 APT8); the following sentence makes all 35 destinations simultaneous. Golden line 297.
goal,(AT OBJ12 APT11),"Our goal is to transport the packages to their designated destinations: obj61 to pos4, obj23 and obj21 to apt1, obj51 and obj81 to apt11, obj43 to apt9, obj123 and obj92 to pos1, obj73 to apt9, obj91 to pos11, obj53 to apt8, obj72 to pos8, obj82 to apt11, obj22 to pos1, obj62 to apt10, obj32 to apt10, obj121 to pos11, obj122 to apt8, obj71 to pos6, obj13 to apt7, obj113 to apt6, obj41 to pos8, obj33 to apt5, obj11 to apt11, obj63 to apt3, obj101 to apt11, obj83 to pos1, obj42 to apt8, obj12 to apt11, obj93 to apt2, obj112 to apt1, obj52 to apt7, obj111 to apt4, and obj102 to apt9.",direct,true,covered,The complete irregular goal list directly includes (AT OBJ12 APT11); the following sentence makes all 35 destinations simultaneous. Golden line 298.
goal,(AT OBJ93 APT2),"Our goal is to transport the packages to their designated destinations: obj61 to pos4, obj23 and obj21 to apt1, obj51 and obj81 to apt11, obj43 to apt9, obj123 and obj92 to pos1, obj73 to apt9, obj91 to pos11, obj53 to apt8, obj72 to pos8, obj82 to apt11, obj22 to pos1, obj62 to apt10, obj32 to apt10, obj121 to pos11, obj122 to apt8, obj71 to pos6, obj13 to apt7, obj113 to apt6, obj41 to pos8, obj33 to apt5, obj11 to apt11, obj63 to apt3, obj101 to apt11, obj83 to pos1, obj42 to apt8, obj12 to apt11, obj93 to apt2, obj112 to apt1, obj52 to apt7, obj111 to apt4, and obj102 to apt9.",direct,true,covered,The complete irregular goal list directly includes (AT OBJ93 APT2); the following sentence makes all 35 destinations simultaneous. Golden line 299.
goal,(AT OBJ112 APT1),"Our goal is to transport the packages to their designated destinations: obj61 to pos4, obj23 and obj21 to apt1, obj51 and obj81 to apt11, obj43 to apt9, obj123 and obj92 to pos1, obj73 to apt9, obj91 to pos11, obj53 to apt8, obj72 to pos8, obj82 to apt11, obj22 to pos1, obj62 to apt10, obj32 to apt10, obj121 to pos11, obj122 to apt8, obj71 to pos6, obj13 to apt7, obj113 to apt6, obj41 to pos8, obj33 to apt5, obj11 to apt11, obj63 to apt3, obj101 to apt11, obj83 to pos1, obj42 to apt8, obj12 to apt11, obj93 to apt2, obj112 to apt1, obj52 to apt7, obj111 to apt4, and obj102 to apt9.",direct,true,covered,The complete irregular goal list directly includes (AT OBJ112 APT1); the following sentence makes all 35 destinations simultaneous. Golden line 300.
goal,(AT OBJ52 APT7),"Our goal is to transport the packages to their designated destinations: obj61 to pos4, obj23 and obj21 to apt1, obj51 and obj81 to apt11, obj43 to apt9, obj123 and obj92 to pos1, obj73 to apt9, obj91 to pos11, obj53 to apt8, obj72 to pos8, obj82 to apt11, obj22 to pos1, obj62 to apt10, obj32 to apt10, obj121 to pos11, obj122 to apt8, obj71 to pos6, obj13 to apt7, obj113 to apt6, obj41 to pos8, obj33 to apt5, obj11 to apt11, obj63 to apt3, obj101 to apt11, obj83 to pos1, obj42 to apt8, obj12 to apt11, obj93 to apt2, obj112 to apt1, obj52 to apt7, obj111 to apt4, and obj102 to apt9.",direct,true,covered,The complete irregular goal list directly includes (AT OBJ52 APT7); the following sentence makes all 35 destinations simultaneous. Golden line 301.
goal,(AT OBJ111 APT4),"Our goal is to transport the packages to their designated destinations: obj61 to pos4, obj23 and obj21 to apt1, obj51 and obj81 to apt11, obj43 to apt9, obj123 and obj92 to pos1, obj73 to apt9, obj91 to pos11, obj53 to apt8, obj72 to pos8, obj82 to apt11, obj22 to pos1, obj62 to apt10, obj32 to apt10, obj121 to pos11, obj122 to apt8, obj71 to pos6, obj13 to apt7, obj113 to apt6, obj41 to pos8, obj33 to apt5, obj11 to apt11, obj63 to apt3, obj101 to apt11, obj83 to pos1, obj42 to apt8, obj12 to apt11, obj93 to apt2, obj112 to apt1, obj52 to apt7, obj111 to apt4, and obj102 to apt9.",direct,true,covered,The complete irregular goal list directly includes (AT OBJ111 APT4); the following sentence makes all 35 destinations simultaneous. Golden line 302.
goal,(AT OBJ102 APT9),"Our goal is to transport the packages to their designated destinations: obj61 to pos4, obj23 and obj21 to apt1, obj51 and obj81 to apt11, obj43 to apt9, obj123 and obj92 to pos1, obj73 to apt9, obj91 to pos11, obj53 to apt8, obj72 to pos8, obj82 to apt11, obj22 to pos1, obj62 to apt10, obj32 to apt10, obj121 to pos11, obj122 to apt8, obj71 to pos6, obj13 to apt7, obj113 to apt6, obj41 to pos8, obj33 to apt5, obj11 to apt11, obj63 to apt3, obj101 to apt11, obj83 to pos1, obj42 to apt8, obj12 to apt11, obj93 to apt2, obj112 to apt1, obj52 to apt7, obj111 to apt4, and obj102 to apt9.",direct,true,covered,The complete irregular goal list directly includes (AT OBJ102 APT9); the following sentence makes all 35 destinations simultaneous. Golden line 303.
