section,pddl_item,evidence,evidence_kind,unique,status,notes
objects,apt10,"The locations are pos1, apt1, pos2, apt2, pos3, apt3, pos4, apt4, pos5, apt5, pos6, apt6, pos7, apt7, pos8, apt8, pos9, apt9, pos10, apt10.",direct,true,covered,The exact location inventory explicitly includes this identifier.
objects,pos10,"The locations are pos1, apt1, pos2, apt2, pos3, apt3, pos4, apt4, pos5, apt5, pos6, apt6, pos7, apt7, pos8, apt8, pos9, apt9, pos10, apt10.",direct,true,covered,The exact location inventory explicitly includes this identifier.
objects,cit10,"The cities are cit1, cit2, cit3, cit4, cit5, cit6, cit7, cit8, cit9, cit10.",direct,true,covered,The exact city inventory explicitly includes this identifier.
objects,tru10,"The trucks are tru1, tru2, tru3, tru4, tru5, tru6, tru7, tru8, tru9, tru10.",direct,true,covered,The exact truck inventory explicitly includes this identifier.
objects,obj103,"The packages are obj11, obj12, obj13, obj21, obj22, obj23, obj31, obj32, obj33, obj41, obj42, obj43, obj51, obj52, obj53, obj61, obj62, obj63, obj71, obj72, obj73, obj81, obj82, obj83, obj91, obj92, obj93, obj101, obj102, obj103.",direct,true,covered,The exact package inventory explicitly includes this identifier.
objects,obj102,"The packages are obj11, obj12, obj13, obj21, obj22, obj23, obj31, obj32, obj33, obj41, obj42, obj43, obj51, obj52, obj53, obj61, obj62, obj63, obj71, obj72, obj73, obj81, obj82, obj83, obj91, obj92, obj93, obj101, obj102, obj103.",direct,true,covered,The exact package inventory explicitly includes this identifier.
objects,obj101,"The packages are obj11, obj12, obj13, obj21, obj22, obj23, obj31, obj32, obj33, obj41, obj42, obj43, obj51, obj52, obj53, obj61, obj62, obj63, obj71, obj72, obj73, obj81, obj82, obj83, obj91, obj92, obj93, obj101, obj102, obj103.",direct,true,covered,The exact package inventory explicitly includes this identifier.
objects,apn3,"The airplanes are apn1, apn2, apn3.",direct,true,covered,The exact airplane inventory explicitly includes this identifier.
objects,apt9,"The locations are pos1, apt1, pos2, apt2, pos3, apt3, pos4, apt4, pos5, apt5, pos6, apt6, pos7, apt7, pos8, apt8, pos9, apt9, pos10, apt10.",direct,true,covered,The exact location inventory explicitly includes this identifier.
objects,pos9,"The locations are pos1, apt1, pos2, apt2, pos3, apt3, pos4, apt4, pos5, apt5, pos6, apt6, pos7, apt7, pos8, apt8, pos9, apt9, pos10, apt10.",direct,true,covered,The exact location inventory explicitly includes this identifier.
objects,cit9,"The cities are cit1, cit2, cit3, cit4, cit5, cit6, cit7, cit8, cit9, cit10.",direct,true,covered,The exact city inventory explicitly includes this identifier.
objects,tru9,"The trucks are tru1, tru2, tru3, tru4, tru5, tru6, tru7, tru8, tru9, tru10.",direct,true,covered,The exact truck inventory explicitly includes this identifier.
objects,obj93,"The packages are obj11, obj12, obj13, obj21, obj22, obj23, obj31, obj32, obj33, obj41, obj42, obj43, obj51, obj52, obj53, obj61, obj62, obj63, obj71, obj72, obj73, obj81, obj82, obj83, obj91, obj92, obj93, obj101, obj102, obj103.",direct,true,covered,The exact package inventory explicitly includes this identifier.
objects,obj92,"The packages are obj11, obj12, obj13, obj21, obj22, obj23, obj31, obj32, obj33, obj41, obj42, obj43, obj51, obj52, obj53, obj61, obj62, obj63, obj71, obj72, obj73, obj81, obj82, obj83, obj91, obj92, obj93, obj101, obj102, obj103.",direct,true,covered,The exact package inventory explicitly includes this identifier.
objects,obj91,"The packages are obj11, obj12, obj13, obj21, obj22, obj23, obj31, obj32, obj33, obj41, obj42, obj43, obj51, obj52, obj53, obj61, obj62, obj63, obj71, obj72, obj73, obj81, obj82, obj83, obj91, obj92, obj93, obj101, obj102, obj103.",direct,true,covered,The exact package inventory explicitly includes this identifier.
objects,apt8,"The locations are pos1, apt1, pos2, apt2, pos3, apt3, pos4, apt4, pos5, apt5, pos6, apt6, pos7, apt7, pos8, apt8, pos9, apt9, pos10, apt10.",direct,true,covered,The exact location inventory explicitly includes this identifier.
objects,pos8,"The locations are pos1, apt1, pos2, apt2, pos3, apt3, pos4, apt4, pos5, apt5, pos6, apt6, pos7, apt7, pos8, apt8, pos9, apt9, pos10, apt10.",direct,true,covered,The exact location inventory explicitly includes this identifier.
objects,cit8,"The cities are cit1, cit2, cit3, cit4, cit5, cit6, cit7, cit8, cit9, cit10.",direct,true,covered,The exact city inventory explicitly includes this identifier.
objects,tru8,"The trucks are tru1, tru2, tru3, tru4, tru5, tru6, tru7, tru8, tru9, tru10.",direct,true,covered,The exact truck inventory explicitly includes this identifier.
objects,obj83,"The packages are obj11, obj12, obj13, obj21, obj22, obj23, obj31, obj32, obj33, obj41, obj42, obj43, obj51, obj52, obj53, obj61, obj62, obj63, obj71, obj72, obj73, obj81, obj82, obj83, obj91, obj92, obj93, obj101, obj102, obj103.",direct,true,covered,The exact package inventory explicitly includes this identifier.
objects,obj82,"The packages are obj11, obj12, obj13, obj21, obj22, obj23, obj31, obj32, obj33, obj41, obj42, obj43, obj51, obj52, obj53, obj61, obj62, obj63, obj71, obj72, obj73, obj81, obj82, obj83, obj91, obj92, obj93, obj101, obj102, obj103.",direct,true,covered,The exact package inventory explicitly includes this identifier.
objects,obj81,"The packages are obj11, obj12, obj13, obj21, obj22, obj23, obj31, obj32, obj33, obj41, obj42, obj43, obj51, obj52, obj53, obj61, obj62, obj63, obj71, obj72, obj73, obj81, obj82, obj83, obj91, obj92, obj93, obj101, obj102, obj103.",direct,true,covered,The exact package inventory explicitly includes this identifier.
objects,apt7,"The locations are pos1, apt1, pos2, apt2, pos3, apt3, pos4, apt4, pos5, apt5, pos6, apt6, pos7, apt7, pos8, apt8, pos9, apt9, pos10, apt10.",direct,true,covered,The exact location inventory explicitly includes this identifier.
objects,pos7,"The locations are pos1, apt1, pos2, apt2, pos3, apt3, pos4, apt4, pos5, apt5, pos6, apt6, pos7, apt7, pos8, apt8, pos9, apt9, pos10, apt10.",direct,true,covered,The exact location inventory explicitly includes this identifier.
objects,cit7,"The cities are cit1, cit2, cit3, cit4, cit5, cit6, cit7, cit8, cit9, cit10.",direct,true,covered,The exact city inventory explicitly includes this identifier.
objects,tru7,"The trucks are tru1, tru2, tru3, tru4, tru5, tru6, tru7, tru8, tru9, tru10.",direct,true,covered,The exact truck inventory explicitly includes this identifier.
objects,obj73,"The packages are obj11, obj12, obj13, obj21, obj22, obj23, obj31, obj32, obj33, obj41, obj42, obj43, obj51, obj52, obj53, obj61, obj62, obj63, obj71, obj72, obj73, obj81, obj82, obj83, obj91, obj92, obj93, obj101, obj102, obj103.",direct,true,covered,The exact package inventory explicitly includes this identifier.
objects,obj72,"The packages are obj11, obj12, obj13, obj21, obj22, obj23, obj31, obj32, obj33, obj41, obj42, obj43, obj51, obj52, obj53, obj61, obj62, obj63, obj71, obj72, obj73, obj81, obj82, obj83, obj91, obj92, obj93, obj101, obj102, obj103.",direct,true,covered,The exact package inventory explicitly includes this identifier.
objects,obj71,"The packages are obj11, obj12, obj13, obj21, obj22, obj23, obj31, obj32, obj33, obj41, obj42, obj43, obj51, obj52, obj53, obj61, obj62, obj63, obj71, obj72, obj73, obj81, obj82, obj83, obj91, obj92, obj93, obj101, obj102, obj103.",direct,true,covered,The exact package inventory explicitly includes this identifier.
objects,apt6,"The locations are pos1, apt1, pos2, apt2, pos3, apt3, pos4, apt4, pos5, apt5, pos6, apt6, pos7, apt7, pos8, apt8, pos9, apt9, pos10, apt10.",direct,true,covered,The exact location inventory explicitly includes this identifier.
objects,pos6,"The locations are pos1, apt1, pos2, apt2, pos3, apt3, pos4, apt4, pos5, apt5, pos6, apt6, pos7, apt7, pos8, apt8, pos9, apt9, pos10, apt10.",direct,true,covered,The exact location inventory explicitly includes this identifier.
objects,cit6,"The cities are cit1, cit2, cit3, cit4, cit5, cit6, cit7, cit8, cit9, cit10.",direct,true,covered,The exact city inventory explicitly includes this identifier.
objects,tru6,"The trucks are tru1, tru2, tru3, tru4, tru5, tru6, tru7, tru8, tru9, tru10.",direct,true,covered,The exact truck inventory explicitly includes this identifier.
objects,obj63,"The packages are obj11, obj12, obj13, obj21, obj22, obj23, obj31, obj32, obj33, obj41, obj42, obj43, obj51, obj52, obj53, obj61, obj62, obj63, obj71, obj72, obj73, obj81, obj82, obj83, obj91, obj92, obj93, obj101, obj102, obj103.",direct,true,covered,The exact package inventory explicitly includes this identifier.
objects,obj62,"The packages are obj11, obj12, obj13, obj21, obj22, obj23, obj31, obj32, obj33, obj41, obj42, obj43, obj51, obj52, obj53, obj61, obj62, obj63, obj71, obj72, obj73, obj81, obj82, obj83, obj91, obj92, obj93, obj101, obj102, obj103.",direct,true,covered,The exact package inventory explicitly includes this identifier.
objects,obj61,"The packages are obj11, obj12, obj13, obj21, obj22, obj23, obj31, obj32, obj33, obj41, obj42, obj43, obj51, obj52, obj53, obj61, obj62, obj63, obj71, obj72, obj73, obj81, obj82, obj83, obj91, obj92, obj93, obj101, obj102, obj103.",direct,true,covered,The exact package inventory explicitly includes this identifier.
objects,apn2,"The airplanes are apn1, apn2, apn3.",direct,true,covered,The exact airplane inventory explicitly includes this identifier.
objects,apt5,"The locations are pos1, apt1, pos2, apt2, pos3, apt3, pos4, apt4, pos5, apt5, pos6, apt6, pos7, apt7, pos8, apt8, pos9, apt9, pos10, apt10.",direct,true,covered,The exact location inventory explicitly includes this identifier.
objects,pos5,"The locations are pos1, apt1, pos2, apt2, pos3, apt3, pos4, apt4, pos5, apt5, pos6, apt6, pos7, apt7, pos8, apt8, pos9, apt9, pos10, apt10.",direct,true,covered,The exact location inventory explicitly includes this identifier.
objects,cit5,"The cities are cit1, cit2, cit3, cit4, cit5, cit6, cit7, cit8, cit9, cit10.",direct,true,covered,The exact city inventory explicitly includes this identifier.
objects,tru5,"The trucks are tru1, tru2, tru3, tru4, tru5, tru6, tru7, tru8, tru9, tru10.",direct,true,covered,The exact truck inventory explicitly includes this identifier.
objects,obj53,"The packages are obj11, obj12, obj13, obj21, obj22, obj23, obj31, obj32, obj33, obj41, obj42, obj43, obj51, obj52, obj53, obj61, obj62, obj63, obj71, obj72, obj73, obj81, obj82, obj83, obj91, obj92, obj93, obj101, obj102, obj103.",direct,true,covered,The exact package inventory explicitly includes this identifier.
objects,obj52,"The packages are obj11, obj12, obj13, obj21, obj22, obj23, obj31, obj32, obj33, obj41, obj42, obj43, obj51, obj52, obj53, obj61, obj62, obj63, obj71, obj72, obj73, obj81, obj82, obj83, obj91, obj92, obj93, obj101, obj102, obj103.",direct,true,covered,The exact package inventory explicitly includes this identifier.
objects,obj51,"The packages are obj11, obj12, obj13, obj21, obj22, obj23, obj31, obj32, obj33, obj41, obj42, obj43, obj51, obj52, obj53, obj61, obj62, obj63, obj71, obj72, obj73, obj81, obj82, obj83, obj91, obj92, obj93, obj101, obj102, obj103.",direct,true,covered,The exact package inventory explicitly includes this identifier.
objects,apt4,"The locations are pos1, apt1, pos2, apt2, pos3, apt3, pos4, apt4, pos5, apt5, pos6, apt6, pos7, apt7, pos8, apt8, pos9, apt9, pos10, apt10.",direct,true,covered,The exact location inventory explicitly includes this identifier.
objects,pos4,"The locations are pos1, apt1, pos2, apt2, pos3, apt3, pos4, apt4, pos5, apt5, pos6, apt6, pos7, apt7, pos8, apt8, pos9, apt9, pos10, apt10.",direct,true,covered,The exact location inventory explicitly includes this identifier.
objects,cit4,"The cities are cit1, cit2, cit3, cit4, cit5, cit6, cit7, cit8, cit9, cit10.",direct,true,covered,The exact city inventory explicitly includes this identifier.
objects,tru4,"The trucks are tru1, tru2, tru3, tru4, tru5, tru6, tru7, tru8, tru9, tru10.",direct,true,covered,The exact truck inventory explicitly includes this identifier.
objects,obj43,"The packages are obj11, obj12, obj13, obj21, obj22, obj23, obj31, obj32, obj33, obj41, obj42, obj43, obj51, obj52, obj53, obj61, obj62, obj63, obj71, obj72, obj73, obj81, obj82, obj83, obj91, obj92, obj93, obj101, obj102, obj103.",direct,true,covered,The exact package inventory explicitly includes this identifier.
objects,obj42,"The packages are obj11, obj12, obj13, obj21, obj22, obj23, obj31, obj32, obj33, obj41, obj42, obj43, obj51, obj52, obj53, obj61, obj62, obj63, obj71, obj72, obj73, obj81, obj82, obj83, obj91, obj92, obj93, obj101, obj102, obj103.",direct,true,covered,The exact package inventory explicitly includes this identifier.
objects,obj41,"The packages are obj11, obj12, obj13, obj21, obj22, obj23, obj31, obj32, obj33, obj41, obj42, obj43, obj51, obj52, obj53, obj61, obj62, obj63, obj71, obj72, obj73, obj81, obj82, obj83, obj91, obj92, obj93, obj101, obj102, obj103.",direct,true,covered,The exact package inventory explicitly includes this identifier.
objects,apt3,"The locations are pos1, apt1, pos2, apt2, pos3, apt3, pos4, apt4, pos5, apt5, pos6, apt6, pos7, apt7, pos8, apt8, pos9, apt9, pos10, apt10.",direct,true,covered,The exact location inventory explicitly includes this identifier.
objects,pos3,"The locations are pos1, apt1, pos2, apt2, pos3, apt3, pos4, apt4, pos5, apt5, pos6, apt6, pos7, apt7, pos8, apt8, pos9, apt9, pos10, apt10.",direct,true,covered,The exact location inventory explicitly includes this identifier.
objects,cit3,"The cities are cit1, cit2, cit3, cit4, cit5, cit6, cit7, cit8, cit9, cit10.",direct,true,covered,The exact city inventory explicitly includes this identifier.
objects,tru3,"The trucks are tru1, tru2, tru3, tru4, tru5, tru6, tru7, tru8, tru9, tru10.",direct,true,covered,The exact truck inventory explicitly includes this identifier.
objects,obj33,"The packages are obj11, obj12, obj13, obj21, obj22, obj23, obj31, obj32, obj33, obj41, obj42, obj43, obj51, obj52, obj53, obj61, obj62, obj63, obj71, obj72, obj73, obj81, obj82, obj83, obj91, obj92, obj93, obj101, obj102, obj103.",direct,true,covered,The exact package inventory explicitly includes this identifier.
objects,obj32,"The packages are obj11, obj12, obj13, obj21, obj22, obj23, obj31, obj32, obj33, obj41, obj42, obj43, obj51, obj52, obj53, obj61, obj62, obj63, obj71, obj72, obj73, obj81, obj82, obj83, obj91, obj92, obj93, obj101, obj102, obj103.",direct,true,covered,The exact package inventory explicitly includes this identifier.
objects,obj31,"The packages are obj11, obj12, obj13, obj21, obj22, obj23, obj31, obj32, obj33, obj41, obj42, obj43, obj51, obj52, obj53, obj61, obj62, obj63, obj71, obj72, obj73, obj81, obj82, obj83, obj91, obj92, obj93, obj101, obj102, obj103.",direct,true,covered,The exact package inventory explicitly includes this identifier.
objects,apt2,"The locations are pos1, apt1, pos2, apt2, pos3, apt3, pos4, apt4, pos5, apt5, pos6, apt6, pos7, apt7, pos8, apt8, pos9, apt9, pos10, apt10.",direct,true,covered,The exact location inventory explicitly includes this identifier.
objects,pos2,"The locations are pos1, apt1, pos2, apt2, pos3, apt3, pos4, apt4, pos5, apt5, pos6, apt6, pos7, apt7, pos8, apt8, pos9, apt9, pos10, apt10.",direct,true,covered,The exact location inventory explicitly includes this identifier.
objects,cit2,"The cities are cit1, cit2, cit3, cit4, cit5, cit6, cit7, cit8, cit9, cit10.",direct,true,covered,The exact city inventory explicitly includes this identifier.
objects,tru2,"The trucks are tru1, tru2, tru3, tru4, tru5, tru6, tru7, tru8, tru9, tru10.",direct,true,covered,The exact truck inventory explicitly includes this identifier.
objects,obj23,"The packages are obj11, obj12, obj13, obj21, obj22, obj23, obj31, obj32, obj33, obj41, obj42, obj43, obj51, obj52, obj53, obj61, obj62, obj63, obj71, obj72, obj73, obj81, obj82, obj83, obj91, obj92, obj93, obj101, obj102, obj103.",direct,true,covered,The exact package inventory explicitly includes this identifier.
objects,obj22,"The packages are obj11, obj12, obj13, obj21, obj22, obj23, obj31, obj32, obj33, obj41, obj42, obj43, obj51, obj52, obj53, obj61, obj62, obj63, obj71, obj72, obj73, obj81, obj82, obj83, obj91, obj92, obj93, obj101, obj102, obj103.",direct,true,covered,The exact package inventory explicitly includes this identifier.
objects,obj21,"The packages are obj11, obj12, obj13, obj21, obj22, obj23, obj31, obj32, obj33, obj41, obj42, obj43, obj51, obj52, obj53, obj61, obj62, obj63, obj71, obj72, obj73, obj81, obj82, obj83, obj91, obj92, obj93, obj101, obj102, obj103.",direct,true,covered,The exact package inventory explicitly includes this identifier.
objects,apn1,"The airplanes are apn1, apn2, apn3.",direct,true,covered,The exact airplane inventory explicitly includes this identifier.
objects,apt1,"The locations are pos1, apt1, pos2, apt2, pos3, apt3, pos4, apt4, pos5, apt5, pos6, apt6, pos7, apt7, pos8, apt8, pos9, apt9, pos10, apt10.",direct,true,covered,The exact location inventory explicitly includes this identifier.
objects,pos1,"The locations are pos1, apt1, pos2, apt2, pos3, apt3, pos4, apt4, pos5, apt5, pos6, apt6, pos7, apt7, pos8, apt8, pos9, apt9, pos10, apt10.",direct,true,covered,The exact location inventory explicitly includes this identifier.
objects,cit1,"The cities are cit1, cit2, cit3, cit4, cit5, cit6, cit7, cit8, cit9, cit10.",direct,true,covered,The exact city inventory explicitly includes this identifier.
objects,tru1,"The trucks are tru1, tru2, tru3, tru4, tru5, tru6, tru7, tru8, tru9, tru10.",direct,true,covered,The exact truck inventory explicitly includes this identifier.
objects,obj13,"The packages are obj11, obj12, obj13, obj21, obj22, obj23, obj31, obj32, obj33, obj41, obj42, obj43, obj51, obj52, obj53, obj61, obj62, obj63, obj71, obj72, obj73, obj81, obj82, obj83, obj91, obj92, obj93, obj101, obj102, obj103.",direct,true,covered,The exact package inventory explicitly includes this identifier.
objects,obj12,"The packages are obj11, obj12, obj13, obj21, obj22, obj23, obj31, obj32, obj33, obj41, obj42, obj43, obj51, obj52, obj53, obj61, obj62, obj63, obj71, obj72, obj73, obj81, obj82, obj83, obj91, obj92, obj93, obj101, obj102, obj103.",direct,true,covered,The exact package inventory explicitly includes this identifier.
objects,obj11,"The packages are obj11, obj12, obj13, obj21, obj22, obj23, obj31, obj32, obj33, obj41, obj42, obj43, obj51, obj52, obj53, obj61, obj62, obj63, obj71, obj72, obj73, obj81, obj82, obj83, obj91, obj92, obj93, obj101, obj102, obj103.",direct,true,covered,The exact package inventory explicitly includes this identifier.
init,(package obj11),"The packages are obj11, obj12, obj13, obj21, obj22, obj23, obj31, obj32, obj33, obj41, obj42, obj43, obj51, obj52, obj53, obj61, obj62, obj63, obj71, obj72, obj73, obj81, obj82, obj83, obj91, obj92, obj93, obj101, obj102, obj103.",direct,true,covered,The exact package inventory explicitly includes this identifier.
init,(package obj12),"The packages are obj11, obj12, obj13, obj21, obj22, obj23, obj31, obj32, obj33, obj41, obj42, obj43, obj51, obj52, obj53, obj61, obj62, obj63, obj71, obj72, obj73, obj81, obj82, obj83, obj91, obj92, obj93, obj101, obj102, obj103.",direct,true,covered,The exact package inventory explicitly includes this identifier.
init,(package obj13),"The packages are obj11, obj12, obj13, obj21, obj22, obj23, obj31, obj32, obj33, obj41, obj42, obj43, obj51, obj52, obj53, obj61, obj62, obj63, obj71, obj72, obj73, obj81, obj82, obj83, obj91, obj92, obj93, obj101, obj102, obj103.",direct,true,covered,The exact package inventory explicitly includes this identifier.
init,(package obj21),"The packages are obj11, obj12, obj13, obj21, obj22, obj23, obj31, obj32, obj33, obj41, obj42, obj43, obj51, obj52, obj53, obj61, obj62, obj63, obj71, obj72, obj73, obj81, obj82, obj83, obj91, obj92, obj93, obj101, obj102, obj103.",direct,true,covered,The exact package inventory explicitly includes this identifier.
init,(package obj22),"The packages are obj11, obj12, obj13, obj21, obj22, obj23, obj31, obj32, obj33, obj41, obj42, obj43, obj51, obj52, obj53, obj61, obj62, obj63, obj71, obj72, obj73, obj81, obj82, obj83, obj91, obj92, obj93, obj101, obj102, obj103.",direct,true,covered,The exact package inventory explicitly includes this identifier.
init,(package obj23),"The packages are obj11, obj12, obj13, obj21, obj22, obj23, obj31, obj32, obj33, obj41, obj42, obj43, obj51, obj52, obj53, obj61, obj62, obj63, obj71, obj72, obj73, obj81, obj82, obj83, obj91, obj92, obj93, obj101, obj102, obj103.",direct,true,covered,The exact package inventory explicitly includes this identifier.
init,(package obj31),"The packages are obj11, obj12, obj13, obj21, obj22, obj23, obj31, obj32, obj33, obj41, obj42, obj43, obj51, obj52, obj53, obj61, obj62, obj63, obj71, obj72, obj73, obj81, obj82, obj83, obj91, obj92, obj93, obj101, obj102, obj103.",direct,true,covered,The exact package inventory explicitly includes this identifier.
init,(package obj32),"The packages are obj11, obj12, obj13, obj21, obj22, obj23, obj31, obj32, obj33, obj41, obj42, obj43, obj51, obj52, obj53, obj61, obj62, obj63, obj71, obj72, obj73, obj81, obj82, obj83, obj91, obj92, obj93, obj101, obj102, obj103.",direct,true,covered,The exact package inventory explicitly includes this identifier.
init,(package obj33),"The packages are obj11, obj12, obj13, obj21, obj22, obj23, obj31, obj32, obj33, obj41, obj42, obj43, obj51, obj52, obj53, obj61, obj62, obj63, obj71, obj72, obj73, obj81, obj82, obj83, obj91, obj92, obj93, obj101, obj102, obj103.",direct,true,covered,The exact package inventory explicitly includes this identifier.
init,(package obj41),"The packages are obj11, obj12, obj13, obj21, obj22, obj23, obj31, obj32, obj33, obj41, obj42, obj43, obj51, obj52, obj53, obj61, obj62, obj63, obj71, obj72, obj73, obj81, obj82, obj83, obj91, obj92, obj93, obj101, obj102, obj103.",direct,true,covered,The exact package inventory explicitly includes this identifier.
init,(package obj42),"The packages are obj11, obj12, obj13, obj21, obj22, obj23, obj31, obj32, obj33, obj41, obj42, obj43, obj51, obj52, obj53, obj61, obj62, obj63, obj71, obj72, obj73, obj81, obj82, obj83, obj91, obj92, obj93, obj101, obj102, obj103.",direct,true,covered,The exact package inventory explicitly includes this identifier.
init,(package obj43),"The packages are obj11, obj12, obj13, obj21, obj22, obj23, obj31, obj32, obj33, obj41, obj42, obj43, obj51, obj52, obj53, obj61, obj62, obj63, obj71, obj72, obj73, obj81, obj82, obj83, obj91, obj92, obj93, obj101, obj102, obj103.",direct,true,covered,The exact package inventory explicitly includes this identifier.
init,(package obj51),"The packages are obj11, obj12, obj13, obj21, obj22, obj23, obj31, obj32, obj33, obj41, obj42, obj43, obj51, obj52, obj53, obj61, obj62, obj63, obj71, obj72, obj73, obj81, obj82, obj83, obj91, obj92, obj93, obj101, obj102, obj103.",direct,true,covered,The exact package inventory explicitly includes this identifier.
init,(package obj52),"The packages are obj11, obj12, obj13, obj21, obj22, obj23, obj31, obj32, obj33, obj41, obj42, obj43, obj51, obj52, obj53, obj61, obj62, obj63, obj71, obj72, obj73, obj81, obj82, obj83, obj91, obj92, obj93, obj101, obj102, obj103.",direct,true,covered,The exact package inventory explicitly includes this identifier.
init,(package obj53),"The packages are obj11, obj12, obj13, obj21, obj22, obj23, obj31, obj32, obj33, obj41, obj42, obj43, obj51, obj52, obj53, obj61, obj62, obj63, obj71, obj72, obj73, obj81, obj82, obj83, obj91, obj92, obj93, obj101, obj102, obj103.",direct,true,covered,The exact package inventory explicitly includes this identifier.
init,(package obj61),"The packages are obj11, obj12, obj13, obj21, obj22, obj23, obj31, obj32, obj33, obj41, obj42, obj43, obj51, obj52, obj53, obj61, obj62, obj63, obj71, obj72, obj73, obj81, obj82, obj83, obj91, obj92, obj93, obj101, obj102, obj103.",direct,true,covered,The exact package inventory explicitly includes this identifier.
init,(package obj62),"The packages are obj11, obj12, obj13, obj21, obj22, obj23, obj31, obj32, obj33, obj41, obj42, obj43, obj51, obj52, obj53, obj61, obj62, obj63, obj71, obj72, obj73, obj81, obj82, obj83, obj91, obj92, obj93, obj101, obj102, obj103.",direct,true,covered,The exact package inventory explicitly includes this identifier.
init,(package obj63),"The packages are obj11, obj12, obj13, obj21, obj22, obj23, obj31, obj32, obj33, obj41, obj42, obj43, obj51, obj52, obj53, obj61, obj62, obj63, obj71, obj72, obj73, obj81, obj82, obj83, obj91, obj92, obj93, obj101, obj102, obj103.",direct,true,covered,The exact package inventory explicitly includes this identifier.
init,(package obj71),"The packages are obj11, obj12, obj13, obj21, obj22, obj23, obj31, obj32, obj33, obj41, obj42, obj43, obj51, obj52, obj53, obj61, obj62, obj63, obj71, obj72, obj73, obj81, obj82, obj83, obj91, obj92, obj93, obj101, obj102, obj103.",direct,true,covered,The exact package inventory explicitly includes this identifier.
init,(package obj72),"The packages are obj11, obj12, obj13, obj21, obj22, obj23, obj31, obj32, obj33, obj41, obj42, obj43, obj51, obj52, obj53, obj61, obj62, obj63, obj71, obj72, obj73, obj81, obj82, obj83, obj91, obj92, obj93, obj101, obj102, obj103.",direct,true,covered,The exact package inventory explicitly includes this identifier.
init,(package obj73),"The packages are obj11, obj12, obj13, obj21, obj22, obj23, obj31, obj32, obj33, obj41, obj42, obj43, obj51, obj52, obj53, obj61, obj62, obj63, obj71, obj72, obj73, obj81, obj82, obj83, obj91, obj92, obj93, obj101, obj102, obj103.",direct,true,covered,The exact package inventory explicitly includes this identifier.
init,(package obj81),"The packages are obj11, obj12, obj13, obj21, obj22, obj23, obj31, obj32, obj33, obj41, obj42, obj43, obj51, obj52, obj53, obj61, obj62, obj63, obj71, obj72, obj73, obj81, obj82, obj83, obj91, obj92, obj93, obj101, obj102, obj103.",direct,true,covered,The exact package inventory explicitly includes this identifier.
init,(package obj82),"The packages are obj11, obj12, obj13, obj21, obj22, obj23, obj31, obj32, obj33, obj41, obj42, obj43, obj51, obj52, obj53, obj61, obj62, obj63, obj71, obj72, obj73, obj81, obj82, obj83, obj91, obj92, obj93, obj101, obj102, obj103.",direct,true,covered,The exact package inventory explicitly includes this identifier.
init,(package obj83),"The packages are obj11, obj12, obj13, obj21, obj22, obj23, obj31, obj32, obj33, obj41, obj42, obj43, obj51, obj52, obj53, obj61, obj62, obj63, obj71, obj72, obj73, obj81, obj82, obj83, obj91, obj92, obj93, obj101, obj102, obj103.",direct,true,covered,The exact package inventory explicitly includes this identifier.
init,(package obj91),"The packages are obj11, obj12, obj13, obj21, obj22, obj23, obj31, obj32, obj33, obj41, obj42, obj43, obj51, obj52, obj53, obj61, obj62, obj63, obj71, obj72, obj73, obj81, obj82, obj83, obj91, obj92, obj93, obj101, obj102, obj103.",direct,true,covered,The exact package inventory explicitly includes this identifier.
init,(package obj92),"The packages are obj11, obj12, obj13, obj21, obj22, obj23, obj31, obj32, obj33, obj41, obj42, obj43, obj51, obj52, obj53, obj61, obj62, obj63, obj71, obj72, obj73, obj81, obj82, obj83, obj91, obj92, obj93, obj101, obj102, obj103.",direct,true,covered,The exact package inventory explicitly includes this identifier.
init,(package obj93),"The packages are obj11, obj12, obj13, obj21, obj22, obj23, obj31, obj32, obj33, obj41, obj42, obj43, obj51, obj52, obj53, obj61, obj62, obj63, obj71, obj72, obj73, obj81, obj82, obj83, obj91, obj92, obj93, obj101, obj102, obj103.",direct,true,covered,The exact package inventory explicitly includes this identifier.
init,(package obj101),"The packages are obj11, obj12, obj13, obj21, obj22, obj23, obj31, obj32, obj33, obj41, obj42, obj43, obj51, obj52, obj53, obj61, obj62, obj63, obj71, obj72, obj73, obj81, obj82, obj83, obj91, obj92, obj93, obj101, obj102, obj103.",direct,true,covered,The exact package inventory explicitly includes this identifier.
init,(package obj102),"The packages are obj11, obj12, obj13, obj21, obj22, obj23, obj31, obj32, obj33, obj41, obj42, obj43, obj51, obj52, obj53, obj61, obj62, obj63, obj71, obj72, obj73, obj81, obj82, obj83, obj91, obj92, obj93, obj101, obj102, obj103.",direct,true,covered,The exact package inventory explicitly includes this identifier.
init,(package obj103),"The packages are obj11, obj12, obj13, obj21, obj22, obj23, obj31, obj32, obj33, obj41, obj42, obj43, obj51, obj52, obj53, obj61, obj62, obj63, obj71, obj72, obj73, obj81, obj82, obj83, obj91, obj92, obj93, obj101, obj102, obj103.",direct,true,covered,The exact package inventory explicitly includes this identifier.
init,(truck tru1),"The trucks are tru1, tru2, tru3, tru4, tru5, tru6, tru7, tru8, tru9, tru10.",direct,true,covered,The exact truck inventory explicitly includes this identifier.
init,(truck tru2),"The trucks are tru1, tru2, tru3, tru4, tru5, tru6, tru7, tru8, tru9, tru10.",direct,true,covered,The exact truck inventory explicitly includes this identifier.
init,(truck tru3),"The trucks are tru1, tru2, tru3, tru4, tru5, tru6, tru7, tru8, tru9, tru10.",direct,true,covered,The exact truck inventory explicitly includes this identifier.
init,(truck tru4),"The trucks are tru1, tru2, tru3, tru4, tru5, tru6, tru7, tru8, tru9, tru10.",direct,true,covered,The exact truck inventory explicitly includes this identifier.
init,(truck tru5),"The trucks are tru1, tru2, tru3, tru4, tru5, tru6, tru7, tru8, tru9, tru10.",direct,true,covered,The exact truck inventory explicitly includes this identifier.
init,(truck tru6),"The trucks are tru1, tru2, tru3, tru4, tru5, tru6, tru7, tru8, tru9, tru10.",direct,true,covered,The exact truck inventory explicitly includes this identifier.
init,(truck tru7),"The trucks are tru1, tru2, tru3, tru4, tru5, tru6, tru7, tru8, tru9, tru10.",direct,true,covered,The exact truck inventory explicitly includes this identifier.
init,(truck tru8),"The trucks are tru1, tru2, tru3, tru4, tru5, tru6, tru7, tru8, tru9, tru10.",direct,true,covered,The exact truck inventory explicitly includes this identifier.
init,(truck tru9),"The trucks are tru1, tru2, tru3, tru4, tru5, tru6, tru7, tru8, tru9, tru10.",direct,true,covered,The exact truck inventory explicitly includes this identifier.
init,(truck tru10),"The trucks are tru1, tru2, tru3, tru4, tru5, tru6, tru7, tru8, tru9, tru10.",direct,true,covered,The exact truck inventory explicitly includes this identifier.
init,(city cit1),"The cities are cit1, cit2, cit3, cit4, cit5, cit6, cit7, cit8, cit9, cit10.",direct,true,covered,The exact city inventory explicitly includes this identifier.
init,(city cit2),"The cities are cit1, cit2, cit3, cit4, cit5, cit6, cit7, cit8, cit9, cit10.",direct,true,covered,The exact city inventory explicitly includes this identifier.
init,(city cit3),"The cities are cit1, cit2, cit3, cit4, cit5, cit6, cit7, cit8, cit9, cit10.",direct,true,covered,The exact city inventory explicitly includes this identifier.
init,(city cit4),"The cities are cit1, cit2, cit3, cit4, cit5, cit6, cit7, cit8, cit9, cit10.",direct,true,covered,The exact city inventory explicitly includes this identifier.
init,(city cit5),"The cities are cit1, cit2, cit3, cit4, cit5, cit6, cit7, cit8, cit9, cit10.",direct,true,covered,The exact city inventory explicitly includes this identifier.
init,(city cit6),"The cities are cit1, cit2, cit3, cit4, cit5, cit6, cit7, cit8, cit9, cit10.",direct,true,covered,The exact city inventory explicitly includes this identifier.
init,(city cit7),"The cities are cit1, cit2, cit3, cit4, cit5, cit6, cit7, cit8, cit9, cit10.",direct,true,covered,The exact city inventory explicitly includes this identifier.
init,(city cit8),"The cities are cit1, cit2, cit3, cit4, cit5, cit6, cit7, cit8, cit9, cit10.",direct,true,covered,The exact city inventory explicitly includes this identifier.
init,(city cit9),"The cities are cit1, cit2, cit3, cit4, cit5, cit6, cit7, cit8, cit9, cit10.",direct,true,covered,The exact city inventory explicitly includes this identifier.
init,(city cit10),"The cities are cit1, cit2, cit3, cit4, cit5, cit6, cit7, cit8, cit9, cit10.",direct,true,covered,The exact city inventory explicitly includes this identifier.
init,(location pos1),"The locations are pos1, apt1, pos2, apt2, pos3, apt3, pos4, apt4, pos5, apt5, pos6, apt6, pos7, apt7, pos8, apt8, pos9, apt9, pos10, apt10.",direct,true,covered,The exact location inventory directly types this identifier as a location.
init,(location apt1),"The locations are pos1, apt1, pos2, apt2, pos3, apt3, pos4, apt4, pos5, apt5, pos6, apt6, pos7, apt7, pos8, apt8, pos9, apt9, pos10, apt10.",direct,true,covered,The exact location inventory directly types this identifier as a location.
init,(location pos2),"The locations are pos1, apt1, pos2, apt2, pos3, apt3, pos4, apt4, pos5, apt5, pos6, apt6, pos7, apt7, pos8, apt8, pos9, apt9, pos10, apt10.",direct,true,covered,The exact location inventory directly types this identifier as a location.
init,(location apt2),"The locations are pos1, apt1, pos2, apt2, pos3, apt3, pos4, apt4, pos5, apt5, pos6, apt6, pos7, apt7, pos8, apt8, pos9, apt9, pos10, apt10.",direct,true,covered,The exact location inventory directly types this identifier as a location.
init,(location pos3),"The locations are pos1, apt1, pos2, apt2, pos3, apt3, pos4, apt4, pos5, apt5, pos6, apt6, pos7, apt7, pos8, apt8, pos9, apt9, pos10, apt10.",direct,true,covered,The exact location inventory directly types this identifier as a location.
init,(location apt3),"The locations are pos1, apt1, pos2, apt2, pos3, apt3, pos4, apt4, pos5, apt5, pos6, apt6, pos7, apt7, pos8, apt8, pos9, apt9, pos10, apt10.",direct,true,covered,The exact location inventory directly types this identifier as a location.
init,(location pos4),"The locations are pos1, apt1, pos2, apt2, pos3, apt3, pos4, apt4, pos5, apt5, pos6, apt6, pos7, apt7, pos8, apt8, pos9, apt9, pos10, apt10.",direct,true,covered,The exact location inventory directly types this identifier as a location.
init,(location apt4),"The locations are pos1, apt1, pos2, apt2, pos3, apt3, pos4, apt4, pos5, apt5, pos6, apt6, pos7, apt7, pos8, apt8, pos9, apt9, pos10, apt10.",direct,true,covered,The exact location inventory directly types this identifier as a location.
init,(location pos5),"The locations are pos1, apt1, pos2, apt2, pos3, apt3, pos4, apt4, pos5, apt5, pos6, apt6, pos7, apt7, pos8, apt8, pos9, apt9, pos10, apt10.",direct,true,covered,The exact location inventory directly types this identifier as a location.
init,(location apt5),"The locations are pos1, apt1, pos2, apt2, pos3, apt3, pos4, apt4, pos5, apt5, pos6, apt6, pos7, apt7, pos8, apt8, pos9, apt9, pos10, apt10.",direct,true,covered,The exact location inventory directly types this identifier as a location.
init,(location pos6),"The locations are pos1, apt1, pos2, apt2, pos3, apt3, pos4, apt4, pos5, apt5, pos6, apt6, pos7, apt7, pos8, apt8, pos9, apt9, pos10, apt10.",direct,true,covered,The exact location inventory directly types this identifier as a location.
init,(location apt6),"The locations are pos1, apt1, pos2, apt2, pos3, apt3, pos4, apt4, pos5, apt5, pos6, apt6, pos7, apt7, pos8, apt8, pos9, apt9, pos10, apt10.",direct,true,covered,The exact location inventory directly types this identifier as a location.
init,(location pos7),"The locations are pos1, apt1, pos2, apt2, pos3, apt3, pos4, apt4, pos5, apt5, pos6, apt6, pos7, apt7, pos8, apt8, pos9, apt9, pos10, apt10.",direct,true,covered,The exact location inventory directly types this identifier as a location.
init,(location apt7),"The locations are pos1, apt1, pos2, apt2, pos3, apt3, pos4, apt4, pos5, apt5, pos6, apt6, pos7, apt7, pos8, apt8, pos9, apt9, pos10, apt10.",direct,true,covered,The exact location inventory directly types this identifier as a location.
init,(location pos8),"The locations are pos1, apt1, pos2, apt2, pos3, apt3, pos4, apt4, pos5, apt5, pos6, apt6, pos7, apt7, pos8, apt8, pos9, apt9, pos10, apt10.",direct,true,covered,The exact location inventory directly types this identifier as a location.
init,(location apt8),"The locations are pos1, apt1, pos2, apt2, pos3, apt3, pos4, apt4, pos5, apt5, pos6, apt6, pos7, apt7, pos8, apt8, pos9, apt9, pos10, apt10.",direct,true,covered,The exact location inventory directly types this identifier as a location.
init,(location pos9),"The locations are pos1, apt1, pos2, apt2, pos3, apt3, pos4, apt4, pos5, apt5, pos6, apt6, pos7, apt7, pos8, apt8, pos9, apt9, pos10, apt10.",direct,true,covered,The exact location inventory directly types this identifier as a location.
init,(location apt9),"The locations are pos1, apt1, pos2, apt2, pos3, apt3, pos4, apt4, pos5, apt5, pos6, apt6, pos7, apt7, pos8, apt8, pos9, apt9, pos10, apt10.",direct,true,covered,The exact location inventory directly types this identifier as a location.
init,(location pos10),"The locations are pos1, apt1, pos2, apt2, pos3, apt3, pos4, apt4, pos5, apt5, pos6, apt6, pos7, apt7, pos8, apt8, pos9, apt9, pos10, apt10.",direct,true,covered,The exact location inventory directly types this identifier as a location.
init,(location apt10),"The locations are pos1, apt1, pos2, apt2, pos3, apt3, pos4, apt4, pos5, apt5, pos6, apt6, pos7, apt7, pos8, apt8, pos9, apt9, pos10, apt10.",direct,true,covered,The exact location inventory directly types this identifier as a location.
init,(airport apt1),"The airport locations are apt1, apt2, apt3, apt4, apt5, apt6, apt7, apt8, apt9, apt10.",direct,true,covered,The exact airport inventory directly types this identifier as an airport.
init,(airport apt2),"The airport locations are apt1, apt2, apt3, apt4, apt5, apt6, apt7, apt8, apt9, apt10.",direct,true,covered,The exact airport inventory directly types this identifier as an airport.
init,(airport apt3),"The airport locations are apt1, apt2, apt3, apt4, apt5, apt6, apt7, apt8, apt9, apt10.",direct,true,covered,The exact airport inventory directly types this identifier as an airport.
init,(airport apt4),"The airport locations are apt1, apt2, apt3, apt4, apt5, apt6, apt7, apt8, apt9, apt10.",direct,true,covered,The exact airport inventory directly types this identifier as an airport.
init,(airport apt5),"The airport locations are apt1, apt2, apt3, apt4, apt5, apt6, apt7, apt8, apt9, apt10.",direct,true,covered,The exact airport inventory directly types this identifier as an airport.
init,(airport apt6),"The airport locations are apt1, apt2, apt3, apt4, apt5, apt6, apt7, apt8, apt9, apt10.",direct,true,covered,The exact airport inventory directly types this identifier as an airport.
init,(airport apt7),"The airport locations are apt1, apt2, apt3, apt4, apt5, apt6, apt7, apt8, apt9, apt10.",direct,true,covered,The exact airport inventory directly types this identifier as an airport.
init,(airport apt8),"The airport locations are apt1, apt2, apt3, apt4, apt5, apt6, apt7, apt8, apt9, apt10.",direct,true,covered,The exact airport inventory directly types this identifier as an airport.
init,(airport apt9),"The airport locations are apt1, apt2, apt3, apt4, apt5, apt6, apt7, apt8, apt9, apt10.",direct,true,covered,The exact airport inventory directly types this identifier as an airport.
init,(airport apt10),"The airport locations are apt1, apt2, apt3, apt4, apt5, apt6, apt7, apt8, apt9, apt10.",direct,true,covered,The exact airport inventory directly types this identifier as an airport.
init,(airplane apn1),"The airplanes are apn1, apn2, apn3.",direct,true,covered,The exact airplane inventory explicitly includes this identifier.
init,(airplane apn2),"The airplanes are apn1, apn2, apn3.",direct,true,covered,The exact airplane inventory explicitly includes this identifier.
init,(airplane apn3),"The airplanes are apn1, apn2, apn3.",direct,true,covered,The exact airplane inventory explicitly includes this identifier.
init,(at apn1 apt3),"Initially, the airplanes are positioned as follows: apn1 is at apt3; apn2 is at apt8; apn3 is at apt6.",direct,true,covered,The airplane placement is explicitly stated.
init,(at apn2 apt8),"Initially, the airplanes are positioned as follows: apn1 is at apt3; apn2 is at apt8; apn3 is at apt6.",direct,true,covered,The airplane placement is explicitly stated.
init,(at apn3 apt6),"Initially, the airplanes are positioned as follows: apn1 is at apt3; apn2 is at apt8; apn3 is at apt6.",direct,true,covered,The airplane placement is explicitly stated.
init,(at tru1 pos1),"Initially, the trucks are positioned as follows: tru1 is at pos1; tru2 is at pos2; tru3 is at pos3; tru4 is at pos4; tru5 is at pos5; tru6 is at pos6; tru7 is at pos7; tru8 is at pos8; tru9 is at pos9; tru10 is at pos10.",direct,true,covered,The truck placement is explicitly stated.
init,(at obj11 pos1),"Initially, the packages are positioned as follows: obj11 is at pos1; obj12 is at pos1; obj13 is at pos1; obj21 is at pos2; obj22 is at pos2; obj23 is at pos2; obj31 is at pos3; obj32 is at pos3; obj33 is at pos3; obj41 is at pos4; obj42 is at pos4; obj43 is at pos4; obj51 is at pos5; obj52 is at pos5; obj53 is at pos5; obj61 is at pos6; obj62 is at pos6; obj63 is at pos6; obj71 is at pos7; obj72 is at pos7; obj73 is at pos7; obj81 is at pos8; obj82 is at pos8; obj83 is at pos8; obj91 is at pos9; obj92 is at pos9; obj93 is at pos9; obj101 is at pos10; obj102 is at pos10; obj103 is at pos10.",direct,true,covered,The package placement is explicitly stated.
init,(at obj12 pos1),"Initially, the packages are positioned as follows: obj11 is at pos1; obj12 is at pos1; obj13 is at pos1; obj21 is at pos2; obj22 is at pos2; obj23 is at pos2; obj31 is at pos3; obj32 is at pos3; obj33 is at pos3; obj41 is at pos4; obj42 is at pos4; obj43 is at pos4; obj51 is at pos5; obj52 is at pos5; obj53 is at pos5; obj61 is at pos6; obj62 is at pos6; obj63 is at pos6; obj71 is at pos7; obj72 is at pos7; obj73 is at pos7; obj81 is at pos8; obj82 is at pos8; obj83 is at pos8; obj91 is at pos9; obj92 is at pos9; obj93 is at pos9; obj101 is at pos10; obj102 is at pos10; obj103 is at pos10.",direct,true,covered,The package placement is explicitly stated.
init,(at obj13 pos1),"Initially, the packages are positioned as follows: obj11 is at pos1; obj12 is at pos1; obj13 is at pos1; obj21 is at pos2; obj22 is at pos2; obj23 is at pos2; obj31 is at pos3; obj32 is at pos3; obj33 is at pos3; obj41 is at pos4; obj42 is at pos4; obj43 is at pos4; obj51 is at pos5; obj52 is at pos5; obj53 is at pos5; obj61 is at pos6; obj62 is at pos6; obj63 is at pos6; obj71 is at pos7; obj72 is at pos7; obj73 is at pos7; obj81 is at pos8; obj82 is at pos8; obj83 is at pos8; obj91 is at pos9; obj92 is at pos9; obj93 is at pos9; obj101 is at pos10; obj102 is at pos10; obj103 is at pos10.",direct,true,covered,The package placement is explicitly stated.
init,(at tru2 pos2),"Initially, the trucks are positioned as follows: tru1 is at pos1; tru2 is at pos2; tru3 is at pos3; tru4 is at pos4; tru5 is at pos5; tru6 is at pos6; tru7 is at pos7; tru8 is at pos8; tru9 is at pos9; tru10 is at pos10.",direct,true,covered,The truck placement is explicitly stated.
init,(at obj21 pos2),"Initially, the packages are positioned as follows: obj11 is at pos1; obj12 is at pos1; obj13 is at pos1; obj21 is at pos2; obj22 is at pos2; obj23 is at pos2; obj31 is at pos3; obj32 is at pos3; obj33 is at pos3; obj41 is at pos4; obj42 is at pos4; obj43 is at pos4; obj51 is at pos5; obj52 is at pos5; obj53 is at pos5; obj61 is at pos6; obj62 is at pos6; obj63 is at pos6; obj71 is at pos7; obj72 is at pos7; obj73 is at pos7; obj81 is at pos8; obj82 is at pos8; obj83 is at pos8; obj91 is at pos9; obj92 is at pos9; obj93 is at pos9; obj101 is at pos10; obj102 is at pos10; obj103 is at pos10.",direct,true,covered,The package placement is explicitly stated.
init,(at obj22 pos2),"Initially, the packages are positioned as follows: obj11 is at pos1; obj12 is at pos1; obj13 is at pos1; obj21 is at pos2; obj22 is at pos2; obj23 is at pos2; obj31 is at pos3; obj32 is at pos3; obj33 is at pos3; obj41 is at pos4; obj42 is at pos4; obj43 is at pos4; obj51 is at pos5; obj52 is at pos5; obj53 is at pos5; obj61 is at pos6; obj62 is at pos6; obj63 is at pos6; obj71 is at pos7; obj72 is at pos7; obj73 is at pos7; obj81 is at pos8; obj82 is at pos8; obj83 is at pos8; obj91 is at pos9; obj92 is at pos9; obj93 is at pos9; obj101 is at pos10; obj102 is at pos10; obj103 is at pos10.",direct,true,covered,The package placement is explicitly stated.
init,(at obj23 pos2),"Initially, the packages are positioned as follows: obj11 is at pos1; obj12 is at pos1; obj13 is at pos1; obj21 is at pos2; obj22 is at pos2; obj23 is at pos2; obj31 is at pos3; obj32 is at pos3; obj33 is at pos3; obj41 is at pos4; obj42 is at pos4; obj43 is at pos4; obj51 is at pos5; obj52 is at pos5; obj53 is at pos5; obj61 is at pos6; obj62 is at pos6; obj63 is at pos6; obj71 is at pos7; obj72 is at pos7; obj73 is at pos7; obj81 is at pos8; obj82 is at pos8; obj83 is at pos8; obj91 is at pos9; obj92 is at pos9; obj93 is at pos9; obj101 is at pos10; obj102 is at pos10; obj103 is at pos10.",direct,true,covered,The package placement is explicitly stated.
init,(at tru3 pos3),"Initially, the trucks are positioned as follows: tru1 is at pos1; tru2 is at pos2; tru3 is at pos3; tru4 is at pos4; tru5 is at pos5; tru6 is at pos6; tru7 is at pos7; tru8 is at pos8; tru9 is at pos9; tru10 is at pos10.",direct,true,covered,The truck placement is explicitly stated.
init,(at obj31 pos3),"Initially, the packages are positioned as follows: obj11 is at pos1; obj12 is at pos1; obj13 is at pos1; obj21 is at pos2; obj22 is at pos2; obj23 is at pos2; obj31 is at pos3; obj32 is at pos3; obj33 is at pos3; obj41 is at pos4; obj42 is at pos4; obj43 is at pos4; obj51 is at pos5; obj52 is at pos5; obj53 is at pos5; obj61 is at pos6; obj62 is at pos6; obj63 is at pos6; obj71 is at pos7; obj72 is at pos7; obj73 is at pos7; obj81 is at pos8; obj82 is at pos8; obj83 is at pos8; obj91 is at pos9; obj92 is at pos9; obj93 is at pos9; obj101 is at pos10; obj102 is at pos10; obj103 is at pos10.",direct,true,covered,The package placement is explicitly stated.
init,(at obj32 pos3),"Initially, the packages are positioned as follows: obj11 is at pos1; obj12 is at pos1; obj13 is at pos1; obj21 is at pos2; obj22 is at pos2; obj23 is at pos2; obj31 is at pos3; obj32 is at pos3; obj33 is at pos3; obj41 is at pos4; obj42 is at pos4; obj43 is at pos4; obj51 is at pos5; obj52 is at pos5; obj53 is at pos5; obj61 is at pos6; obj62 is at pos6; obj63 is at pos6; obj71 is at pos7; obj72 is at pos7; obj73 is at pos7; obj81 is at pos8; obj82 is at pos8; obj83 is at pos8; obj91 is at pos9; obj92 is at pos9; obj93 is at pos9; obj101 is at pos10; obj102 is at pos10; obj103 is at pos10.",direct,true,covered,The package placement is explicitly stated.
init,(at obj33 pos3),"Initially, the packages are positioned as follows: obj11 is at pos1; obj12 is at pos1; obj13 is at pos1; obj21 is at pos2; obj22 is at pos2; obj23 is at pos2; obj31 is at pos3; obj32 is at pos3; obj33 is at pos3; obj41 is at pos4; obj42 is at pos4; obj43 is at pos4; obj51 is at pos5; obj52 is at pos5; obj53 is at pos5; obj61 is at pos6; obj62 is at pos6; obj63 is at pos6; obj71 is at pos7; obj72 is at pos7; obj73 is at pos7; obj81 is at pos8; obj82 is at pos8; obj83 is at pos8; obj91 is at pos9; obj92 is at pos9; obj93 is at pos9; obj101 is at pos10; obj102 is at pos10; obj103 is at pos10.",direct,true,covered,The package placement is explicitly stated.
init,(at tru4 pos4),"Initially, the trucks are positioned as follows: tru1 is at pos1; tru2 is at pos2; tru3 is at pos3; tru4 is at pos4; tru5 is at pos5; tru6 is at pos6; tru7 is at pos7; tru8 is at pos8; tru9 is at pos9; tru10 is at pos10.",direct,true,covered,The truck placement is explicitly stated.
init,(at obj41 pos4),"Initially, the packages are positioned as follows: obj11 is at pos1; obj12 is at pos1; obj13 is at pos1; obj21 is at pos2; obj22 is at pos2; obj23 is at pos2; obj31 is at pos3; obj32 is at pos3; obj33 is at pos3; obj41 is at pos4; obj42 is at pos4; obj43 is at pos4; obj51 is at pos5; obj52 is at pos5; obj53 is at pos5; obj61 is at pos6; obj62 is at pos6; obj63 is at pos6; obj71 is at pos7; obj72 is at pos7; obj73 is at pos7; obj81 is at pos8; obj82 is at pos8; obj83 is at pos8; obj91 is at pos9; obj92 is at pos9; obj93 is at pos9; obj101 is at pos10; obj102 is at pos10; obj103 is at pos10.",direct,true,covered,The package placement is explicitly stated.
init,(at obj42 pos4),"Initially, the packages are positioned as follows: obj11 is at pos1; obj12 is at pos1; obj13 is at pos1; obj21 is at pos2; obj22 is at pos2; obj23 is at pos2; obj31 is at pos3; obj32 is at pos3; obj33 is at pos3; obj41 is at pos4; obj42 is at pos4; obj43 is at pos4; obj51 is at pos5; obj52 is at pos5; obj53 is at pos5; obj61 is at pos6; obj62 is at pos6; obj63 is at pos6; obj71 is at pos7; obj72 is at pos7; obj73 is at pos7; obj81 is at pos8; obj82 is at pos8; obj83 is at pos8; obj91 is at pos9; obj92 is at pos9; obj93 is at pos9; obj101 is at pos10; obj102 is at pos10; obj103 is at pos10.",direct,true,covered,The package placement is explicitly stated.
init,(at obj43 pos4),"Initially, the packages are positioned as follows: obj11 is at pos1; obj12 is at pos1; obj13 is at pos1; obj21 is at pos2; obj22 is at pos2; obj23 is at pos2; obj31 is at pos3; obj32 is at pos3; obj33 is at pos3; obj41 is at pos4; obj42 is at pos4; obj43 is at pos4; obj51 is at pos5; obj52 is at pos5; obj53 is at pos5; obj61 is at pos6; obj62 is at pos6; obj63 is at pos6; obj71 is at pos7; obj72 is at pos7; obj73 is at pos7; obj81 is at pos8; obj82 is at pos8; obj83 is at pos8; obj91 is at pos9; obj92 is at pos9; obj93 is at pos9; obj101 is at pos10; obj102 is at pos10; obj103 is at pos10.",direct,true,covered,The package placement is explicitly stated.
init,(at tru5 pos5),"Initially, the trucks are positioned as follows: tru1 is at pos1; tru2 is at pos2; tru3 is at pos3; tru4 is at pos4; tru5 is at pos5; tru6 is at pos6; tru7 is at pos7; tru8 is at pos8; tru9 is at pos9; tru10 is at pos10.",direct,true,covered,The truck placement is explicitly stated.
init,(at obj51 pos5),"Initially, the packages are positioned as follows: obj11 is at pos1; obj12 is at pos1; obj13 is at pos1; obj21 is at pos2; obj22 is at pos2; obj23 is at pos2; obj31 is at pos3; obj32 is at pos3; obj33 is at pos3; obj41 is at pos4; obj42 is at pos4; obj43 is at pos4; obj51 is at pos5; obj52 is at pos5; obj53 is at pos5; obj61 is at pos6; obj62 is at pos6; obj63 is at pos6; obj71 is at pos7; obj72 is at pos7; obj73 is at pos7; obj81 is at pos8; obj82 is at pos8; obj83 is at pos8; obj91 is at pos9; obj92 is at pos9; obj93 is at pos9; obj101 is at pos10; obj102 is at pos10; obj103 is at pos10.",direct,true,covered,The package placement is explicitly stated.
init,(at obj52 pos5),"Initially, the packages are positioned as follows: obj11 is at pos1; obj12 is at pos1; obj13 is at pos1; obj21 is at pos2; obj22 is at pos2; obj23 is at pos2; obj31 is at pos3; obj32 is at pos3; obj33 is at pos3; obj41 is at pos4; obj42 is at pos4; obj43 is at pos4; obj51 is at pos5; obj52 is at pos5; obj53 is at pos5; obj61 is at pos6; obj62 is at pos6; obj63 is at pos6; obj71 is at pos7; obj72 is at pos7; obj73 is at pos7; obj81 is at pos8; obj82 is at pos8; obj83 is at pos8; obj91 is at pos9; obj92 is at pos9; obj93 is at pos9; obj101 is at pos10; obj102 is at pos10; obj103 is at pos10.",direct,true,covered,The package placement is explicitly stated.
init,(at obj53 pos5),"Initially, the packages are positioned as follows: obj11 is at pos1; obj12 is at pos1; obj13 is at pos1; obj21 is at pos2; obj22 is at pos2; obj23 is at pos2; obj31 is at pos3; obj32 is at pos3; obj33 is at pos3; obj41 is at pos4; obj42 is at pos4; obj43 is at pos4; obj51 is at pos5; obj52 is at pos5; obj53 is at pos5; obj61 is at pos6; obj62 is at pos6; obj63 is at pos6; obj71 is at pos7; obj72 is at pos7; obj73 is at pos7; obj81 is at pos8; obj82 is at pos8; obj83 is at pos8; obj91 is at pos9; obj92 is at pos9; obj93 is at pos9; obj101 is at pos10; obj102 is at pos10; obj103 is at pos10.",direct,true,covered,The package placement is explicitly stated.
init,(at tru6 pos6),"Initially, the trucks are positioned as follows: tru1 is at pos1; tru2 is at pos2; tru3 is at pos3; tru4 is at pos4; tru5 is at pos5; tru6 is at pos6; tru7 is at pos7; tru8 is at pos8; tru9 is at pos9; tru10 is at pos10.",direct,true,covered,The truck placement is explicitly stated.
init,(at obj61 pos6),"Initially, the packages are positioned as follows: obj11 is at pos1; obj12 is at pos1; obj13 is at pos1; obj21 is at pos2; obj22 is at pos2; obj23 is at pos2; obj31 is at pos3; obj32 is at pos3; obj33 is at pos3; obj41 is at pos4; obj42 is at pos4; obj43 is at pos4; obj51 is at pos5; obj52 is at pos5; obj53 is at pos5; obj61 is at pos6; obj62 is at pos6; obj63 is at pos6; obj71 is at pos7; obj72 is at pos7; obj73 is at pos7; obj81 is at pos8; obj82 is at pos8; obj83 is at pos8; obj91 is at pos9; obj92 is at pos9; obj93 is at pos9; obj101 is at pos10; obj102 is at pos10; obj103 is at pos10.",direct,true,covered,The package placement is explicitly stated.
init,(at obj62 pos6),"Initially, the packages are positioned as follows: obj11 is at pos1; obj12 is at pos1; obj13 is at pos1; obj21 is at pos2; obj22 is at pos2; obj23 is at pos2; obj31 is at pos3; obj32 is at pos3; obj33 is at pos3; obj41 is at pos4; obj42 is at pos4; obj43 is at pos4; obj51 is at pos5; obj52 is at pos5; obj53 is at pos5; obj61 is at pos6; obj62 is at pos6; obj63 is at pos6; obj71 is at pos7; obj72 is at pos7; obj73 is at pos7; obj81 is at pos8; obj82 is at pos8; obj83 is at pos8; obj91 is at pos9; obj92 is at pos9; obj93 is at pos9; obj101 is at pos10; obj102 is at pos10; obj103 is at pos10.",direct,true,covered,The package placement is explicitly stated.
init,(at obj63 pos6),"Initially, the packages are positioned as follows: obj11 is at pos1; obj12 is at pos1; obj13 is at pos1; obj21 is at pos2; obj22 is at pos2; obj23 is at pos2; obj31 is at pos3; obj32 is at pos3; obj33 is at pos3; obj41 is at pos4; obj42 is at pos4; obj43 is at pos4; obj51 is at pos5; obj52 is at pos5; obj53 is at pos5; obj61 is at pos6; obj62 is at pos6; obj63 is at pos6; obj71 is at pos7; obj72 is at pos7; obj73 is at pos7; obj81 is at pos8; obj82 is at pos8; obj83 is at pos8; obj91 is at pos9; obj92 is at pos9; obj93 is at pos9; obj101 is at pos10; obj102 is at pos10; obj103 is at pos10.",direct,true,covered,The package placement is explicitly stated.
init,(at tru7 pos7),"Initially, the trucks are positioned as follows: tru1 is at pos1; tru2 is at pos2; tru3 is at pos3; tru4 is at pos4; tru5 is at pos5; tru6 is at pos6; tru7 is at pos7; tru8 is at pos8; tru9 is at pos9; tru10 is at pos10.",direct,true,covered,The truck placement is explicitly stated.
init,(at obj71 pos7),"Initially, the packages are positioned as follows: obj11 is at pos1; obj12 is at pos1; obj13 is at pos1; obj21 is at pos2; obj22 is at pos2; obj23 is at pos2; obj31 is at pos3; obj32 is at pos3; obj33 is at pos3; obj41 is at pos4; obj42 is at pos4; obj43 is at pos4; obj51 is at pos5; obj52 is at pos5; obj53 is at pos5; obj61 is at pos6; obj62 is at pos6; obj63 is at pos6; obj71 is at pos7; obj72 is at pos7; obj73 is at pos7; obj81 is at pos8; obj82 is at pos8; obj83 is at pos8; obj91 is at pos9; obj92 is at pos9; obj93 is at pos9; obj101 is at pos10; obj102 is at pos10; obj103 is at pos10.",direct,true,covered,The package placement is explicitly stated.
init,(at obj72 pos7),"Initially, the packages are positioned as follows: obj11 is at pos1; obj12 is at pos1; obj13 is at pos1; obj21 is at pos2; obj22 is at pos2; obj23 is at pos2; obj31 is at pos3; obj32 is at pos3; obj33 is at pos3; obj41 is at pos4; obj42 is at pos4; obj43 is at pos4; obj51 is at pos5; obj52 is at pos5; obj53 is at pos5; obj61 is at pos6; obj62 is at pos6; obj63 is at pos6; obj71 is at pos7; obj72 is at pos7; obj73 is at pos7; obj81 is at pos8; obj82 is at pos8; obj83 is at pos8; obj91 is at pos9; obj92 is at pos9; obj93 is at pos9; obj101 is at pos10; obj102 is at pos10; obj103 is at pos10.",direct,true,covered,The package placement is explicitly stated.
init,(at obj73 pos7),"Initially, the packages are positioned as follows: obj11 is at pos1; obj12 is at pos1; obj13 is at pos1; obj21 is at pos2; obj22 is at pos2; obj23 is at pos2; obj31 is at pos3; obj32 is at pos3; obj33 is at pos3; obj41 is at pos4; obj42 is at pos4; obj43 is at pos4; obj51 is at pos5; obj52 is at pos5; obj53 is at pos5; obj61 is at pos6; obj62 is at pos6; obj63 is at pos6; obj71 is at pos7; obj72 is at pos7; obj73 is at pos7; obj81 is at pos8; obj82 is at pos8; obj83 is at pos8; obj91 is at pos9; obj92 is at pos9; obj93 is at pos9; obj101 is at pos10; obj102 is at pos10; obj103 is at pos10.",direct,true,covered,The package placement is explicitly stated.
init,(at tru8 pos8),"Initially, the trucks are positioned as follows: tru1 is at pos1; tru2 is at pos2; tru3 is at pos3; tru4 is at pos4; tru5 is at pos5; tru6 is at pos6; tru7 is at pos7; tru8 is at pos8; tru9 is at pos9; tru10 is at pos10.",direct,true,covered,The truck placement is explicitly stated.
init,(at obj81 pos8),"Initially, the packages are positioned as follows: obj11 is at pos1; obj12 is at pos1; obj13 is at pos1; obj21 is at pos2; obj22 is at pos2; obj23 is at pos2; obj31 is at pos3; obj32 is at pos3; obj33 is at pos3; obj41 is at pos4; obj42 is at pos4; obj43 is at pos4; obj51 is at pos5; obj52 is at pos5; obj53 is at pos5; obj61 is at pos6; obj62 is at pos6; obj63 is at pos6; obj71 is at pos7; obj72 is at pos7; obj73 is at pos7; obj81 is at pos8; obj82 is at pos8; obj83 is at pos8; obj91 is at pos9; obj92 is at pos9; obj93 is at pos9; obj101 is at pos10; obj102 is at pos10; obj103 is at pos10.",direct,true,covered,The package placement is explicitly stated.
init,(at obj82 pos8),"Initially, the packages are positioned as follows: obj11 is at pos1; obj12 is at pos1; obj13 is at pos1; obj21 is at pos2; obj22 is at pos2; obj23 is at pos2; obj31 is at pos3; obj32 is at pos3; obj33 is at pos3; obj41 is at pos4; obj42 is at pos4; obj43 is at pos4; obj51 is at pos5; obj52 is at pos5; obj53 is at pos5; obj61 is at pos6; obj62 is at pos6; obj63 is at pos6; obj71 is at pos7; obj72 is at pos7; obj73 is at pos7; obj81 is at pos8; obj82 is at pos8; obj83 is at pos8; obj91 is at pos9; obj92 is at pos9; obj93 is at pos9; obj101 is at pos10; obj102 is at pos10; obj103 is at pos10.",direct,true,covered,The package placement is explicitly stated.
init,(at obj83 pos8),"Initially, the packages are positioned as follows: obj11 is at pos1; obj12 is at pos1; obj13 is at pos1; obj21 is at pos2; obj22 is at pos2; obj23 is at pos2; obj31 is at pos3; obj32 is at pos3; obj33 is at pos3; obj41 is at pos4; obj42 is at pos4; obj43 is at pos4; obj51 is at pos5; obj52 is at pos5; obj53 is at pos5; obj61 is at pos6; obj62 is at pos6; obj63 is at pos6; obj71 is at pos7; obj72 is at pos7; obj73 is at pos7; obj81 is at pos8; obj82 is at pos8; obj83 is at pos8; obj91 is at pos9; obj92 is at pos9; obj93 is at pos9; obj101 is at pos10; obj102 is at pos10; obj103 is at pos10.",direct,true,covered,The package placement is explicitly stated.
init,(at tru9 pos9),"Initially, the trucks are positioned as follows: tru1 is at pos1; tru2 is at pos2; tru3 is at pos3; tru4 is at pos4; tru5 is at pos5; tru6 is at pos6; tru7 is at pos7; tru8 is at pos8; tru9 is at pos9; tru10 is at pos10.",direct,true,covered,The truck placement is explicitly stated.
init,(at obj91 pos9),"Initially, the packages are positioned as follows: obj11 is at pos1; obj12 is at pos1; obj13 is at pos1; obj21 is at pos2; obj22 is at pos2; obj23 is at pos2; obj31 is at pos3; obj32 is at pos3; obj33 is at pos3; obj41 is at pos4; obj42 is at pos4; obj43 is at pos4; obj51 is at pos5; obj52 is at pos5; obj53 is at pos5; obj61 is at pos6; obj62 is at pos6; obj63 is at pos6; obj71 is at pos7; obj72 is at pos7; obj73 is at pos7; obj81 is at pos8; obj82 is at pos8; obj83 is at pos8; obj91 is at pos9; obj92 is at pos9; obj93 is at pos9; obj101 is at pos10; obj102 is at pos10; obj103 is at pos10.",direct,true,covered,The package placement is explicitly stated.
init,(at obj92 pos9),"Initially, the packages are positioned as follows: obj11 is at pos1; obj12 is at pos1; obj13 is at pos1; obj21 is at pos2; obj22 is at pos2; obj23 is at pos2; obj31 is at pos3; obj32 is at pos3; obj33 is at pos3; obj41 is at pos4; obj42 is at pos4; obj43 is at pos4; obj51 is at pos5; obj52 is at pos5; obj53 is at pos5; obj61 is at pos6; obj62 is at pos6; obj63 is at pos6; obj71 is at pos7; obj72 is at pos7; obj73 is at pos7; obj81 is at pos8; obj82 is at pos8; obj83 is at pos8; obj91 is at pos9; obj92 is at pos9; obj93 is at pos9; obj101 is at pos10; obj102 is at pos10; obj103 is at pos10.",direct,true,covered,The package placement is explicitly stated.
init,(at obj93 pos9),"Initially, the packages are positioned as follows: obj11 is at pos1; obj12 is at pos1; obj13 is at pos1; obj21 is at pos2; obj22 is at pos2; obj23 is at pos2; obj31 is at pos3; obj32 is at pos3; obj33 is at pos3; obj41 is at pos4; obj42 is at pos4; obj43 is at pos4; obj51 is at pos5; obj52 is at pos5; obj53 is at pos5; obj61 is at pos6; obj62 is at pos6; obj63 is at pos6; obj71 is at pos7; obj72 is at pos7; obj73 is at pos7; obj81 is at pos8; obj82 is at pos8; obj83 is at pos8; obj91 is at pos9; obj92 is at pos9; obj93 is at pos9; obj101 is at pos10; obj102 is at pos10; obj103 is at pos10.",direct,true,covered,The package placement is explicitly stated.
init,(at tru10 pos10),"Initially, the trucks are positioned as follows: tru1 is at pos1; tru2 is at pos2; tru3 is at pos3; tru4 is at pos4; tru5 is at pos5; tru6 is at pos6; tru7 is at pos7; tru8 is at pos8; tru9 is at pos9; tru10 is at pos10.",direct,true,covered,The truck placement is explicitly stated.
init,(at obj101 pos10),"Initially, the packages are positioned as follows: obj11 is at pos1; obj12 is at pos1; obj13 is at pos1; obj21 is at pos2; obj22 is at pos2; obj23 is at pos2; obj31 is at pos3; obj32 is at pos3; obj33 is at pos3; obj41 is at pos4; obj42 is at pos4; obj43 is at pos4; obj51 is at pos5; obj52 is at pos5; obj53 is at pos5; obj61 is at pos6; obj62 is at pos6; obj63 is at pos6; obj71 is at pos7; obj72 is at pos7; obj73 is at pos7; obj81 is at pos8; obj82 is at pos8; obj83 is at pos8; obj91 is at pos9; obj92 is at pos9; obj93 is at pos9; obj101 is at pos10; obj102 is at pos10; obj103 is at pos10.",direct,true,covered,The package placement is explicitly stated.
init,(at obj102 pos10),"Initially, the packages are positioned as follows: obj11 is at pos1; obj12 is at pos1; obj13 is at pos1; obj21 is at pos2; obj22 is at pos2; obj23 is at pos2; obj31 is at pos3; obj32 is at pos3; obj33 is at pos3; obj41 is at pos4; obj42 is at pos4; obj43 is at pos4; obj51 is at pos5; obj52 is at pos5; obj53 is at pos5; obj61 is at pos6; obj62 is at pos6; obj63 is at pos6; obj71 is at pos7; obj72 is at pos7; obj73 is at pos7; obj81 is at pos8; obj82 is at pos8; obj83 is at pos8; obj91 is at pos9; obj92 is at pos9; obj93 is at pos9; obj101 is at pos10; obj102 is at pos10; obj103 is at pos10.",direct,true,covered,The package placement is explicitly stated.
init,(at obj103 pos10),"Initially, the packages are positioned as follows: obj11 is at pos1; obj12 is at pos1; obj13 is at pos1; obj21 is at pos2; obj22 is at pos2; obj23 is at pos2; obj31 is at pos3; obj32 is at pos3; obj33 is at pos3; obj41 is at pos4; obj42 is at pos4; obj43 is at pos4; obj51 is at pos5; obj52 is at pos5; obj53 is at pos5; obj61 is at pos6; obj62 is at pos6; obj63 is at pos6; obj71 is at pos7; obj72 is at pos7; obj73 is at pos7; obj81 is at pos8; obj82 is at pos8; obj83 is at pos8; obj91 is at pos9; obj92 is at pos9; obj93 is at pos9; obj101 is at pos10; obj102 is at pos10; obj103 is at pos10.",direct,true,covered,The package placement is explicitly stated.
init,(in-city pos1 cit1),The location-to-city relationships are: pos1 is in cit1; apt1 is in cit1; pos2 is in cit2; apt2 is in cit2; pos3 is in cit3; apt3 is in cit3; pos4 is in cit4; apt4 is in cit4; pos5 is in cit5; apt5 is in cit5; pos6 is in cit6; apt6 is in cit6; pos7 is in cit7; apt7 is in cit7; pos8 is in cit8; apt8 is in cit8; pos9 is in cit9; apt9 is in cit9; pos10 is in cit10; apt10 is in cit10.,direct,true,covered,The location-to-city pair is explicitly stated.
init,(in-city apt1 cit1),The location-to-city relationships are: pos1 is in cit1; apt1 is in cit1; pos2 is in cit2; apt2 is in cit2; pos3 is in cit3; apt3 is in cit3; pos4 is in cit4; apt4 is in cit4; pos5 is in cit5; apt5 is in cit5; pos6 is in cit6; apt6 is in cit6; pos7 is in cit7; apt7 is in cit7; pos8 is in cit8; apt8 is in cit8; pos9 is in cit9; apt9 is in cit9; pos10 is in cit10; apt10 is in cit10.,direct,true,covered,The location-to-city pair is explicitly stated.
init,(in-city pos2 cit2),The location-to-city relationships are: pos1 is in cit1; apt1 is in cit1; pos2 is in cit2; apt2 is in cit2; pos3 is in cit3; apt3 is in cit3; pos4 is in cit4; apt4 is in cit4; pos5 is in cit5; apt5 is in cit5; pos6 is in cit6; apt6 is in cit6; pos7 is in cit7; apt7 is in cit7; pos8 is in cit8; apt8 is in cit8; pos9 is in cit9; apt9 is in cit9; pos10 is in cit10; apt10 is in cit10.,direct,true,covered,The location-to-city pair is explicitly stated.
init,(in-city apt2 cit2),The location-to-city relationships are: pos1 is in cit1; apt1 is in cit1; pos2 is in cit2; apt2 is in cit2; pos3 is in cit3; apt3 is in cit3; pos4 is in cit4; apt4 is in cit4; pos5 is in cit5; apt5 is in cit5; pos6 is in cit6; apt6 is in cit6; pos7 is in cit7; apt7 is in cit7; pos8 is in cit8; apt8 is in cit8; pos9 is in cit9; apt9 is in cit9; pos10 is in cit10; apt10 is in cit10.,direct,true,covered,The location-to-city pair is explicitly stated.
init,(in-city pos3 cit3),The location-to-city relationships are: pos1 is in cit1; apt1 is in cit1; pos2 is in cit2; apt2 is in cit2; pos3 is in cit3; apt3 is in cit3; pos4 is in cit4; apt4 is in cit4; pos5 is in cit5; apt5 is in cit5; pos6 is in cit6; apt6 is in cit6; pos7 is in cit7; apt7 is in cit7; pos8 is in cit8; apt8 is in cit8; pos9 is in cit9; apt9 is in cit9; pos10 is in cit10; apt10 is in cit10.,direct,true,covered,The location-to-city pair is explicitly stated.
init,(in-city apt3 cit3),The location-to-city relationships are: pos1 is in cit1; apt1 is in cit1; pos2 is in cit2; apt2 is in cit2; pos3 is in cit3; apt3 is in cit3; pos4 is in cit4; apt4 is in cit4; pos5 is in cit5; apt5 is in cit5; pos6 is in cit6; apt6 is in cit6; pos7 is in cit7; apt7 is in cit7; pos8 is in cit8; apt8 is in cit8; pos9 is in cit9; apt9 is in cit9; pos10 is in cit10; apt10 is in cit10.,direct,true,covered,The location-to-city pair is explicitly stated.
init,(in-city pos4 cit4),The location-to-city relationships are: pos1 is in cit1; apt1 is in cit1; pos2 is in cit2; apt2 is in cit2; pos3 is in cit3; apt3 is in cit3; pos4 is in cit4; apt4 is in cit4; pos5 is in cit5; apt5 is in cit5; pos6 is in cit6; apt6 is in cit6; pos7 is in cit7; apt7 is in cit7; pos8 is in cit8; apt8 is in cit8; pos9 is in cit9; apt9 is in cit9; pos10 is in cit10; apt10 is in cit10.,direct,true,covered,The location-to-city pair is explicitly stated.
init,(in-city apt4 cit4),The location-to-city relationships are: pos1 is in cit1; apt1 is in cit1; pos2 is in cit2; apt2 is in cit2; pos3 is in cit3; apt3 is in cit3; pos4 is in cit4; apt4 is in cit4; pos5 is in cit5; apt5 is in cit5; pos6 is in cit6; apt6 is in cit6; pos7 is in cit7; apt7 is in cit7; pos8 is in cit8; apt8 is in cit8; pos9 is in cit9; apt9 is in cit9; pos10 is in cit10; apt10 is in cit10.,direct,true,covered,The location-to-city pair is explicitly stated.
init,(in-city pos5 cit5),The location-to-city relationships are: pos1 is in cit1; apt1 is in cit1; pos2 is in cit2; apt2 is in cit2; pos3 is in cit3; apt3 is in cit3; pos4 is in cit4; apt4 is in cit4; pos5 is in cit5; apt5 is in cit5; pos6 is in cit6; apt6 is in cit6; pos7 is in cit7; apt7 is in cit7; pos8 is in cit8; apt8 is in cit8; pos9 is in cit9; apt9 is in cit9; pos10 is in cit10; apt10 is in cit10.,direct,true,covered,The location-to-city pair is explicitly stated.
init,(in-city apt5 cit5),The location-to-city relationships are: pos1 is in cit1; apt1 is in cit1; pos2 is in cit2; apt2 is in cit2; pos3 is in cit3; apt3 is in cit3; pos4 is in cit4; apt4 is in cit4; pos5 is in cit5; apt5 is in cit5; pos6 is in cit6; apt6 is in cit6; pos7 is in cit7; apt7 is in cit7; pos8 is in cit8; apt8 is in cit8; pos9 is in cit9; apt9 is in cit9; pos10 is in cit10; apt10 is in cit10.,direct,true,covered,The location-to-city pair is explicitly stated.
init,(in-city pos6 cit6),The location-to-city relationships are: pos1 is in cit1; apt1 is in cit1; pos2 is in cit2; apt2 is in cit2; pos3 is in cit3; apt3 is in cit3; pos4 is in cit4; apt4 is in cit4; pos5 is in cit5; apt5 is in cit5; pos6 is in cit6; apt6 is in cit6; pos7 is in cit7; apt7 is in cit7; pos8 is in cit8; apt8 is in cit8; pos9 is in cit9; apt9 is in cit9; pos10 is in cit10; apt10 is in cit10.,direct,true,covered,The location-to-city pair is explicitly stated.
init,(in-city apt6 cit6),The location-to-city relationships are: pos1 is in cit1; apt1 is in cit1; pos2 is in cit2; apt2 is in cit2; pos3 is in cit3; apt3 is in cit3; pos4 is in cit4; apt4 is in cit4; pos5 is in cit5; apt5 is in cit5; pos6 is in cit6; apt6 is in cit6; pos7 is in cit7; apt7 is in cit7; pos8 is in cit8; apt8 is in cit8; pos9 is in cit9; apt9 is in cit9; pos10 is in cit10; apt10 is in cit10.,direct,true,covered,The location-to-city pair is explicitly stated.
init,(in-city pos7 cit7),The location-to-city relationships are: pos1 is in cit1; apt1 is in cit1; pos2 is in cit2; apt2 is in cit2; pos3 is in cit3; apt3 is in cit3; pos4 is in cit4; apt4 is in cit4; pos5 is in cit5; apt5 is in cit5; pos6 is in cit6; apt6 is in cit6; pos7 is in cit7; apt7 is in cit7; pos8 is in cit8; apt8 is in cit8; pos9 is in cit9; apt9 is in cit9; pos10 is in cit10; apt10 is in cit10.,direct,true,covered,The location-to-city pair is explicitly stated.
init,(in-city apt7 cit7),The location-to-city relationships are: pos1 is in cit1; apt1 is in cit1; pos2 is in cit2; apt2 is in cit2; pos3 is in cit3; apt3 is in cit3; pos4 is in cit4; apt4 is in cit4; pos5 is in cit5; apt5 is in cit5; pos6 is in cit6; apt6 is in cit6; pos7 is in cit7; apt7 is in cit7; pos8 is in cit8; apt8 is in cit8; pos9 is in cit9; apt9 is in cit9; pos10 is in cit10; apt10 is in cit10.,direct,true,covered,The location-to-city pair is explicitly stated.
init,(in-city pos8 cit8),The location-to-city relationships are: pos1 is in cit1; apt1 is in cit1; pos2 is in cit2; apt2 is in cit2; pos3 is in cit3; apt3 is in cit3; pos4 is in cit4; apt4 is in cit4; pos5 is in cit5; apt5 is in cit5; pos6 is in cit6; apt6 is in cit6; pos7 is in cit7; apt7 is in cit7; pos8 is in cit8; apt8 is in cit8; pos9 is in cit9; apt9 is in cit9; pos10 is in cit10; apt10 is in cit10.,direct,true,covered,The location-to-city pair is explicitly stated.
init,(in-city apt8 cit8),The location-to-city relationships are: pos1 is in cit1; apt1 is in cit1; pos2 is in cit2; apt2 is in cit2; pos3 is in cit3; apt3 is in cit3; pos4 is in cit4; apt4 is in cit4; pos5 is in cit5; apt5 is in cit5; pos6 is in cit6; apt6 is in cit6; pos7 is in cit7; apt7 is in cit7; pos8 is in cit8; apt8 is in cit8; pos9 is in cit9; apt9 is in cit9; pos10 is in cit10; apt10 is in cit10.,direct,true,covered,The location-to-city pair is explicitly stated.
init,(in-city pos9 cit9),The location-to-city relationships are: pos1 is in cit1; apt1 is in cit1; pos2 is in cit2; apt2 is in cit2; pos3 is in cit3; apt3 is in cit3; pos4 is in cit4; apt4 is in cit4; pos5 is in cit5; apt5 is in cit5; pos6 is in cit6; apt6 is in cit6; pos7 is in cit7; apt7 is in cit7; pos8 is in cit8; apt8 is in cit8; pos9 is in cit9; apt9 is in cit9; pos10 is in cit10; apt10 is in cit10.,direct,true,covered,The location-to-city pair is explicitly stated.
init,(in-city apt9 cit9),The location-to-city relationships are: pos1 is in cit1; apt1 is in cit1; pos2 is in cit2; apt2 is in cit2; pos3 is in cit3; apt3 is in cit3; pos4 is in cit4; apt4 is in cit4; pos5 is in cit5; apt5 is in cit5; pos6 is in cit6; apt6 is in cit6; pos7 is in cit7; apt7 is in cit7; pos8 is in cit8; apt8 is in cit8; pos9 is in cit9; apt9 is in cit9; pos10 is in cit10; apt10 is in cit10.,direct,true,covered,The location-to-city pair is explicitly stated.
init,(in-city pos10 cit10),The location-to-city relationships are: pos1 is in cit1; apt1 is in cit1; pos2 is in cit2; apt2 is in cit2; pos3 is in cit3; apt3 is in cit3; pos4 is in cit4; apt4 is in cit4; pos5 is in cit5; apt5 is in cit5; pos6 is in cit6; apt6 is in cit6; pos7 is in cit7; apt7 is in cit7; pos8 is in cit8; apt8 is in cit8; pos9 is in cit9; apt9 is in cit9; pos10 is in cit10; apt10 is in cit10.,direct,true,covered,The location-to-city pair is explicitly stated.
init,(in-city apt10 cit10),The location-to-city relationships are: pos1 is in cit1; apt1 is in cit1; pos2 is in cit2; apt2 is in cit2; pos3 is in cit3; apt3 is in cit3; pos4 is in cit4; apt4 is in cit4; pos5 is in cit5; apt5 is in cit5; pos6 is in cit6; apt6 is in cit6; pos7 is in cit7; apt7 is in cit7; pos8 is in cit8; apt8 is in cit8; pos9 is in cit9; apt9 is in cit9; pos10 is in cit10; apt10 is in cit10.,direct,true,covered,The location-to-city pair is explicitly stated.
goal,(at obj42 pos10),The goal is for the packages to reach these destinations: obj42 must be at pos10; obj103 must be at pos2; obj61 must be at apt10; obj91 must be at pos6; obj32 must be at pos4; obj43 must be at pos7; obj11 must be at pos9; obj83 must be at pos5; obj21 must be at apt9; obj52 must be at pos5; obj23 must be at pos1; obj92 must be at pos5; obj73 must be at apt10; obj62 must be at pos8; obj13 must be at apt10; obj51 must be at pos7; obj101 must be at apt10; obj12 must be at pos7; obj71 must be at pos2; obj53 must be at apt5; obj81 must be at pos2; obj22 must be at apt7; obj33 must be at apt9; obj93 must be at pos3; obj82 must be at pos9; obj41 must be at pos7; obj102 must be at apt8; obj31 must be at pos10; obj63 must be at pos10; obj72 must be at pos1.,direct,true,covered,The complete goal sentence explicitly names this package-destination pair and requires all listed pairs simultaneously.
goal,(at obj103 pos2),The goal is for the packages to reach these destinations: obj42 must be at pos10; obj103 must be at pos2; obj61 must be at apt10; obj91 must be at pos6; obj32 must be at pos4; obj43 must be at pos7; obj11 must be at pos9; obj83 must be at pos5; obj21 must be at apt9; obj52 must be at pos5; obj23 must be at pos1; obj92 must be at pos5; obj73 must be at apt10; obj62 must be at pos8; obj13 must be at apt10; obj51 must be at pos7; obj101 must be at apt10; obj12 must be at pos7; obj71 must be at pos2; obj53 must be at apt5; obj81 must be at pos2; obj22 must be at apt7; obj33 must be at apt9; obj93 must be at pos3; obj82 must be at pos9; obj41 must be at pos7; obj102 must be at apt8; obj31 must be at pos10; obj63 must be at pos10; obj72 must be at pos1.,direct,true,covered,The complete goal sentence explicitly names this package-destination pair and requires all listed pairs simultaneously.
goal,(at obj61 apt10),The goal is for the packages to reach these destinations: obj42 must be at pos10; obj103 must be at pos2; obj61 must be at apt10; obj91 must be at pos6; obj32 must be at pos4; obj43 must be at pos7; obj11 must be at pos9; obj83 must be at pos5; obj21 must be at apt9; obj52 must be at pos5; obj23 must be at pos1; obj92 must be at pos5; obj73 must be at apt10; obj62 must be at pos8; obj13 must be at apt10; obj51 must be at pos7; obj101 must be at apt10; obj12 must be at pos7; obj71 must be at pos2; obj53 must be at apt5; obj81 must be at pos2; obj22 must be at apt7; obj33 must be at apt9; obj93 must be at pos3; obj82 must be at pos9; obj41 must be at pos7; obj102 must be at apt8; obj31 must be at pos10; obj63 must be at pos10; obj72 must be at pos1.,direct,true,covered,The complete goal sentence explicitly names this package-destination pair and requires all listed pairs simultaneously.
goal,(at obj91 pos6),The goal is for the packages to reach these destinations: obj42 must be at pos10; obj103 must be at pos2; obj61 must be at apt10; obj91 must be at pos6; obj32 must be at pos4; obj43 must be at pos7; obj11 must be at pos9; obj83 must be at pos5; obj21 must be at apt9; obj52 must be at pos5; obj23 must be at pos1; obj92 must be at pos5; obj73 must be at apt10; obj62 must be at pos8; obj13 must be at apt10; obj51 must be at pos7; obj101 must be at apt10; obj12 must be at pos7; obj71 must be at pos2; obj53 must be at apt5; obj81 must be at pos2; obj22 must be at apt7; obj33 must be at apt9; obj93 must be at pos3; obj82 must be at pos9; obj41 must be at pos7; obj102 must be at apt8; obj31 must be at pos10; obj63 must be at pos10; obj72 must be at pos1.,direct,true,covered,The complete goal sentence explicitly names this package-destination pair and requires all listed pairs simultaneously.
goal,(at obj32 pos4),The goal is for the packages to reach these destinations: obj42 must be at pos10; obj103 must be at pos2; obj61 must be at apt10; obj91 must be at pos6; obj32 must be at pos4; obj43 must be at pos7; obj11 must be at pos9; obj83 must be at pos5; obj21 must be at apt9; obj52 must be at pos5; obj23 must be at pos1; obj92 must be at pos5; obj73 must be at apt10; obj62 must be at pos8; obj13 must be at apt10; obj51 must be at pos7; obj101 must be at apt10; obj12 must be at pos7; obj71 must be at pos2; obj53 must be at apt5; obj81 must be at pos2; obj22 must be at apt7; obj33 must be at apt9; obj93 must be at pos3; obj82 must be at pos9; obj41 must be at pos7; obj102 must be at apt8; obj31 must be at pos10; obj63 must be at pos10; obj72 must be at pos1.,direct,true,covered,The complete goal sentence explicitly names this package-destination pair and requires all listed pairs simultaneously.
goal,(at obj43 pos7),The goal is for the packages to reach these destinations: obj42 must be at pos10; obj103 must be at pos2; obj61 must be at apt10; obj91 must be at pos6; obj32 must be at pos4; obj43 must be at pos7; obj11 must be at pos9; obj83 must be at pos5; obj21 must be at apt9; obj52 must be at pos5; obj23 must be at pos1; obj92 must be at pos5; obj73 must be at apt10; obj62 must be at pos8; obj13 must be at apt10; obj51 must be at pos7; obj101 must be at apt10; obj12 must be at pos7; obj71 must be at pos2; obj53 must be at apt5; obj81 must be at pos2; obj22 must be at apt7; obj33 must be at apt9; obj93 must be at pos3; obj82 must be at pos9; obj41 must be at pos7; obj102 must be at apt8; obj31 must be at pos10; obj63 must be at pos10; obj72 must be at pos1.,direct,true,covered,The complete goal sentence explicitly names this package-destination pair and requires all listed pairs simultaneously.
goal,(at obj11 pos9),The goal is for the packages to reach these destinations: obj42 must be at pos10; obj103 must be at pos2; obj61 must be at apt10; obj91 must be at pos6; obj32 must be at pos4; obj43 must be at pos7; obj11 must be at pos9; obj83 must be at pos5; obj21 must be at apt9; obj52 must be at pos5; obj23 must be at pos1; obj92 must be at pos5; obj73 must be at apt10; obj62 must be at pos8; obj13 must be at apt10; obj51 must be at pos7; obj101 must be at apt10; obj12 must be at pos7; obj71 must be at pos2; obj53 must be at apt5; obj81 must be at pos2; obj22 must be at apt7; obj33 must be at apt9; obj93 must be at pos3; obj82 must be at pos9; obj41 must be at pos7; obj102 must be at apt8; obj31 must be at pos10; obj63 must be at pos10; obj72 must be at pos1.,direct,true,covered,The complete goal sentence explicitly names this package-destination pair and requires all listed pairs simultaneously.
goal,(at obj83 pos5),The goal is for the packages to reach these destinations: obj42 must be at pos10; obj103 must be at pos2; obj61 must be at apt10; obj91 must be at pos6; obj32 must be at pos4; obj43 must be at pos7; obj11 must be at pos9; obj83 must be at pos5; obj21 must be at apt9; obj52 must be at pos5; obj23 must be at pos1; obj92 must be at pos5; obj73 must be at apt10; obj62 must be at pos8; obj13 must be at apt10; obj51 must be at pos7; obj101 must be at apt10; obj12 must be at pos7; obj71 must be at pos2; obj53 must be at apt5; obj81 must be at pos2; obj22 must be at apt7; obj33 must be at apt9; obj93 must be at pos3; obj82 must be at pos9; obj41 must be at pos7; obj102 must be at apt8; obj31 must be at pos10; obj63 must be at pos10; obj72 must be at pos1.,direct,true,covered,The complete goal sentence explicitly names this package-destination pair and requires all listed pairs simultaneously.
goal,(at obj21 apt9),The goal is for the packages to reach these destinations: obj42 must be at pos10; obj103 must be at pos2; obj61 must be at apt10; obj91 must be at pos6; obj32 must be at pos4; obj43 must be at pos7; obj11 must be at pos9; obj83 must be at pos5; obj21 must be at apt9; obj52 must be at pos5; obj23 must be at pos1; obj92 must be at pos5; obj73 must be at apt10; obj62 must be at pos8; obj13 must be at apt10; obj51 must be at pos7; obj101 must be at apt10; obj12 must be at pos7; obj71 must be at pos2; obj53 must be at apt5; obj81 must be at pos2; obj22 must be at apt7; obj33 must be at apt9; obj93 must be at pos3; obj82 must be at pos9; obj41 must be at pos7; obj102 must be at apt8; obj31 must be at pos10; obj63 must be at pos10; obj72 must be at pos1.,direct,true,covered,The complete goal sentence explicitly names this package-destination pair and requires all listed pairs simultaneously.
goal,(at obj52 pos5),The goal is for the packages to reach these destinations: obj42 must be at pos10; obj103 must be at pos2; obj61 must be at apt10; obj91 must be at pos6; obj32 must be at pos4; obj43 must be at pos7; obj11 must be at pos9; obj83 must be at pos5; obj21 must be at apt9; obj52 must be at pos5; obj23 must be at pos1; obj92 must be at pos5; obj73 must be at apt10; obj62 must be at pos8; obj13 must be at apt10; obj51 must be at pos7; obj101 must be at apt10; obj12 must be at pos7; obj71 must be at pos2; obj53 must be at apt5; obj81 must be at pos2; obj22 must be at apt7; obj33 must be at apt9; obj93 must be at pos3; obj82 must be at pos9; obj41 must be at pos7; obj102 must be at apt8; obj31 must be at pos10; obj63 must be at pos10; obj72 must be at pos1.,direct,true,covered,The complete goal sentence explicitly names this package-destination pair and requires all listed pairs simultaneously.
goal,(at obj23 pos1),The goal is for the packages to reach these destinations: obj42 must be at pos10; obj103 must be at pos2; obj61 must be at apt10; obj91 must be at pos6; obj32 must be at pos4; obj43 must be at pos7; obj11 must be at pos9; obj83 must be at pos5; obj21 must be at apt9; obj52 must be at pos5; obj23 must be at pos1; obj92 must be at pos5; obj73 must be at apt10; obj62 must be at pos8; obj13 must be at apt10; obj51 must be at pos7; obj101 must be at apt10; obj12 must be at pos7; obj71 must be at pos2; obj53 must be at apt5; obj81 must be at pos2; obj22 must be at apt7; obj33 must be at apt9; obj93 must be at pos3; obj82 must be at pos9; obj41 must be at pos7; obj102 must be at apt8; obj31 must be at pos10; obj63 must be at pos10; obj72 must be at pos1.,direct,true,covered,The complete goal sentence explicitly names this package-destination pair and requires all listed pairs simultaneously.
goal,(at obj92 pos5),The goal is for the packages to reach these destinations: obj42 must be at pos10; obj103 must be at pos2; obj61 must be at apt10; obj91 must be at pos6; obj32 must be at pos4; obj43 must be at pos7; obj11 must be at pos9; obj83 must be at pos5; obj21 must be at apt9; obj52 must be at pos5; obj23 must be at pos1; obj92 must be at pos5; obj73 must be at apt10; obj62 must be at pos8; obj13 must be at apt10; obj51 must be at pos7; obj101 must be at apt10; obj12 must be at pos7; obj71 must be at pos2; obj53 must be at apt5; obj81 must be at pos2; obj22 must be at apt7; obj33 must be at apt9; obj93 must be at pos3; obj82 must be at pos9; obj41 must be at pos7; obj102 must be at apt8; obj31 must be at pos10; obj63 must be at pos10; obj72 must be at pos1.,direct,true,covered,The complete goal sentence explicitly names this package-destination pair and requires all listed pairs simultaneously.
goal,(at obj73 apt10),The goal is for the packages to reach these destinations: obj42 must be at pos10; obj103 must be at pos2; obj61 must be at apt10; obj91 must be at pos6; obj32 must be at pos4; obj43 must be at pos7; obj11 must be at pos9; obj83 must be at pos5; obj21 must be at apt9; obj52 must be at pos5; obj23 must be at pos1; obj92 must be at pos5; obj73 must be at apt10; obj62 must be at pos8; obj13 must be at apt10; obj51 must be at pos7; obj101 must be at apt10; obj12 must be at pos7; obj71 must be at pos2; obj53 must be at apt5; obj81 must be at pos2; obj22 must be at apt7; obj33 must be at apt9; obj93 must be at pos3; obj82 must be at pos9; obj41 must be at pos7; obj102 must be at apt8; obj31 must be at pos10; obj63 must be at pos10; obj72 must be at pos1.,direct,true,covered,The complete goal sentence explicitly names this package-destination pair and requires all listed pairs simultaneously.
goal,(at obj62 pos8),The goal is for the packages to reach these destinations: obj42 must be at pos10; obj103 must be at pos2; obj61 must be at apt10; obj91 must be at pos6; obj32 must be at pos4; obj43 must be at pos7; obj11 must be at pos9; obj83 must be at pos5; obj21 must be at apt9; obj52 must be at pos5; obj23 must be at pos1; obj92 must be at pos5; obj73 must be at apt10; obj62 must be at pos8; obj13 must be at apt10; obj51 must be at pos7; obj101 must be at apt10; obj12 must be at pos7; obj71 must be at pos2; obj53 must be at apt5; obj81 must be at pos2; obj22 must be at apt7; obj33 must be at apt9; obj93 must be at pos3; obj82 must be at pos9; obj41 must be at pos7; obj102 must be at apt8; obj31 must be at pos10; obj63 must be at pos10; obj72 must be at pos1.,direct,true,covered,The complete goal sentence explicitly names this package-destination pair and requires all listed pairs simultaneously.
goal,(at obj13 apt10),The goal is for the packages to reach these destinations: obj42 must be at pos10; obj103 must be at pos2; obj61 must be at apt10; obj91 must be at pos6; obj32 must be at pos4; obj43 must be at pos7; obj11 must be at pos9; obj83 must be at pos5; obj21 must be at apt9; obj52 must be at pos5; obj23 must be at pos1; obj92 must be at pos5; obj73 must be at apt10; obj62 must be at pos8; obj13 must be at apt10; obj51 must be at pos7; obj101 must be at apt10; obj12 must be at pos7; obj71 must be at pos2; obj53 must be at apt5; obj81 must be at pos2; obj22 must be at apt7; obj33 must be at apt9; obj93 must be at pos3; obj82 must be at pos9; obj41 must be at pos7; obj102 must be at apt8; obj31 must be at pos10; obj63 must be at pos10; obj72 must be at pos1.,direct,true,covered,The complete goal sentence explicitly names this package-destination pair and requires all listed pairs simultaneously.
goal,(at obj51 pos7),The goal is for the packages to reach these destinations: obj42 must be at pos10; obj103 must be at pos2; obj61 must be at apt10; obj91 must be at pos6; obj32 must be at pos4; obj43 must be at pos7; obj11 must be at pos9; obj83 must be at pos5; obj21 must be at apt9; obj52 must be at pos5; obj23 must be at pos1; obj92 must be at pos5; obj73 must be at apt10; obj62 must be at pos8; obj13 must be at apt10; obj51 must be at pos7; obj101 must be at apt10; obj12 must be at pos7; obj71 must be at pos2; obj53 must be at apt5; obj81 must be at pos2; obj22 must be at apt7; obj33 must be at apt9; obj93 must be at pos3; obj82 must be at pos9; obj41 must be at pos7; obj102 must be at apt8; obj31 must be at pos10; obj63 must be at pos10; obj72 must be at pos1.,direct,true,covered,The complete goal sentence explicitly names this package-destination pair and requires all listed pairs simultaneously.
goal,(at obj101 apt10),The goal is for the packages to reach these destinations: obj42 must be at pos10; obj103 must be at pos2; obj61 must be at apt10; obj91 must be at pos6; obj32 must be at pos4; obj43 must be at pos7; obj11 must be at pos9; obj83 must be at pos5; obj21 must be at apt9; obj52 must be at pos5; obj23 must be at pos1; obj92 must be at pos5; obj73 must be at apt10; obj62 must be at pos8; obj13 must be at apt10; obj51 must be at pos7; obj101 must be at apt10; obj12 must be at pos7; obj71 must be at pos2; obj53 must be at apt5; obj81 must be at pos2; obj22 must be at apt7; obj33 must be at apt9; obj93 must be at pos3; obj82 must be at pos9; obj41 must be at pos7; obj102 must be at apt8; obj31 must be at pos10; obj63 must be at pos10; obj72 must be at pos1.,direct,true,covered,The complete goal sentence explicitly names this package-destination pair and requires all listed pairs simultaneously.
goal,(at obj12 pos7),The goal is for the packages to reach these destinations: obj42 must be at pos10; obj103 must be at pos2; obj61 must be at apt10; obj91 must be at pos6; obj32 must be at pos4; obj43 must be at pos7; obj11 must be at pos9; obj83 must be at pos5; obj21 must be at apt9; obj52 must be at pos5; obj23 must be at pos1; obj92 must be at pos5; obj73 must be at apt10; obj62 must be at pos8; obj13 must be at apt10; obj51 must be at pos7; obj101 must be at apt10; obj12 must be at pos7; obj71 must be at pos2; obj53 must be at apt5; obj81 must be at pos2; obj22 must be at apt7; obj33 must be at apt9; obj93 must be at pos3; obj82 must be at pos9; obj41 must be at pos7; obj102 must be at apt8; obj31 must be at pos10; obj63 must be at pos10; obj72 must be at pos1.,direct,true,covered,The complete goal sentence explicitly names this package-destination pair and requires all listed pairs simultaneously.
goal,(at obj71 pos2),The goal is for the packages to reach these destinations: obj42 must be at pos10; obj103 must be at pos2; obj61 must be at apt10; obj91 must be at pos6; obj32 must be at pos4; obj43 must be at pos7; obj11 must be at pos9; obj83 must be at pos5; obj21 must be at apt9; obj52 must be at pos5; obj23 must be at pos1; obj92 must be at pos5; obj73 must be at apt10; obj62 must be at pos8; obj13 must be at apt10; obj51 must be at pos7; obj101 must be at apt10; obj12 must be at pos7; obj71 must be at pos2; obj53 must be at apt5; obj81 must be at pos2; obj22 must be at apt7; obj33 must be at apt9; obj93 must be at pos3; obj82 must be at pos9; obj41 must be at pos7; obj102 must be at apt8; obj31 must be at pos10; obj63 must be at pos10; obj72 must be at pos1.,direct,true,covered,The complete goal sentence explicitly names this package-destination pair and requires all listed pairs simultaneously.
goal,(at obj53 apt5),The goal is for the packages to reach these destinations: obj42 must be at pos10; obj103 must be at pos2; obj61 must be at apt10; obj91 must be at pos6; obj32 must be at pos4; obj43 must be at pos7; obj11 must be at pos9; obj83 must be at pos5; obj21 must be at apt9; obj52 must be at pos5; obj23 must be at pos1; obj92 must be at pos5; obj73 must be at apt10; obj62 must be at pos8; obj13 must be at apt10; obj51 must be at pos7; obj101 must be at apt10; obj12 must be at pos7; obj71 must be at pos2; obj53 must be at apt5; obj81 must be at pos2; obj22 must be at apt7; obj33 must be at apt9; obj93 must be at pos3; obj82 must be at pos9; obj41 must be at pos7; obj102 must be at apt8; obj31 must be at pos10; obj63 must be at pos10; obj72 must be at pos1.,direct,true,covered,The complete goal sentence explicitly names this package-destination pair and requires all listed pairs simultaneously.
goal,(at obj81 pos2),The goal is for the packages to reach these destinations: obj42 must be at pos10; obj103 must be at pos2; obj61 must be at apt10; obj91 must be at pos6; obj32 must be at pos4; obj43 must be at pos7; obj11 must be at pos9; obj83 must be at pos5; obj21 must be at apt9; obj52 must be at pos5; obj23 must be at pos1; obj92 must be at pos5; obj73 must be at apt10; obj62 must be at pos8; obj13 must be at apt10; obj51 must be at pos7; obj101 must be at apt10; obj12 must be at pos7; obj71 must be at pos2; obj53 must be at apt5; obj81 must be at pos2; obj22 must be at apt7; obj33 must be at apt9; obj93 must be at pos3; obj82 must be at pos9; obj41 must be at pos7; obj102 must be at apt8; obj31 must be at pos10; obj63 must be at pos10; obj72 must be at pos1.,direct,true,covered,The complete goal sentence explicitly names this package-destination pair and requires all listed pairs simultaneously.
goal,(at obj22 apt7),The goal is for the packages to reach these destinations: obj42 must be at pos10; obj103 must be at pos2; obj61 must be at apt10; obj91 must be at pos6; obj32 must be at pos4; obj43 must be at pos7; obj11 must be at pos9; obj83 must be at pos5; obj21 must be at apt9; obj52 must be at pos5; obj23 must be at pos1; obj92 must be at pos5; obj73 must be at apt10; obj62 must be at pos8; obj13 must be at apt10; obj51 must be at pos7; obj101 must be at apt10; obj12 must be at pos7; obj71 must be at pos2; obj53 must be at apt5; obj81 must be at pos2; obj22 must be at apt7; obj33 must be at apt9; obj93 must be at pos3; obj82 must be at pos9; obj41 must be at pos7; obj102 must be at apt8; obj31 must be at pos10; obj63 must be at pos10; obj72 must be at pos1.,direct,true,covered,The complete goal sentence explicitly names this package-destination pair and requires all listed pairs simultaneously.
goal,(at obj33 apt9),The goal is for the packages to reach these destinations: obj42 must be at pos10; obj103 must be at pos2; obj61 must be at apt10; obj91 must be at pos6; obj32 must be at pos4; obj43 must be at pos7; obj11 must be at pos9; obj83 must be at pos5; obj21 must be at apt9; obj52 must be at pos5; obj23 must be at pos1; obj92 must be at pos5; obj73 must be at apt10; obj62 must be at pos8; obj13 must be at apt10; obj51 must be at pos7; obj101 must be at apt10; obj12 must be at pos7; obj71 must be at pos2; obj53 must be at apt5; obj81 must be at pos2; obj22 must be at apt7; obj33 must be at apt9; obj93 must be at pos3; obj82 must be at pos9; obj41 must be at pos7; obj102 must be at apt8; obj31 must be at pos10; obj63 must be at pos10; obj72 must be at pos1.,direct,true,covered,The complete goal sentence explicitly names this package-destination pair and requires all listed pairs simultaneously.
goal,(at obj93 pos3),The goal is for the packages to reach these destinations: obj42 must be at pos10; obj103 must be at pos2; obj61 must be at apt10; obj91 must be at pos6; obj32 must be at pos4; obj43 must be at pos7; obj11 must be at pos9; obj83 must be at pos5; obj21 must be at apt9; obj52 must be at pos5; obj23 must be at pos1; obj92 must be at pos5; obj73 must be at apt10; obj62 must be at pos8; obj13 must be at apt10; obj51 must be at pos7; obj101 must be at apt10; obj12 must be at pos7; obj71 must be at pos2; obj53 must be at apt5; obj81 must be at pos2; obj22 must be at apt7; obj33 must be at apt9; obj93 must be at pos3; obj82 must be at pos9; obj41 must be at pos7; obj102 must be at apt8; obj31 must be at pos10; obj63 must be at pos10; obj72 must be at pos1.,direct,true,covered,The complete goal sentence explicitly names this package-destination pair and requires all listed pairs simultaneously.
goal,(at obj82 pos9),The goal is for the packages to reach these destinations: obj42 must be at pos10; obj103 must be at pos2; obj61 must be at apt10; obj91 must be at pos6; obj32 must be at pos4; obj43 must be at pos7; obj11 must be at pos9; obj83 must be at pos5; obj21 must be at apt9; obj52 must be at pos5; obj23 must be at pos1; obj92 must be at pos5; obj73 must be at apt10; obj62 must be at pos8; obj13 must be at apt10; obj51 must be at pos7; obj101 must be at apt10; obj12 must be at pos7; obj71 must be at pos2; obj53 must be at apt5; obj81 must be at pos2; obj22 must be at apt7; obj33 must be at apt9; obj93 must be at pos3; obj82 must be at pos9; obj41 must be at pos7; obj102 must be at apt8; obj31 must be at pos10; obj63 must be at pos10; obj72 must be at pos1.,direct,true,covered,The complete goal sentence explicitly names this package-destination pair and requires all listed pairs simultaneously.
goal,(at obj41 pos7),The goal is for the packages to reach these destinations: obj42 must be at pos10; obj103 must be at pos2; obj61 must be at apt10; obj91 must be at pos6; obj32 must be at pos4; obj43 must be at pos7; obj11 must be at pos9; obj83 must be at pos5; obj21 must be at apt9; obj52 must be at pos5; obj23 must be at pos1; obj92 must be at pos5; obj73 must be at apt10; obj62 must be at pos8; obj13 must be at apt10; obj51 must be at pos7; obj101 must be at apt10; obj12 must be at pos7; obj71 must be at pos2; obj53 must be at apt5; obj81 must be at pos2; obj22 must be at apt7; obj33 must be at apt9; obj93 must be at pos3; obj82 must be at pos9; obj41 must be at pos7; obj102 must be at apt8; obj31 must be at pos10; obj63 must be at pos10; obj72 must be at pos1.,direct,true,covered,The complete goal sentence explicitly names this package-destination pair and requires all listed pairs simultaneously.
goal,(at obj102 apt8),The goal is for the packages to reach these destinations: obj42 must be at pos10; obj103 must be at pos2; obj61 must be at apt10; obj91 must be at pos6; obj32 must be at pos4; obj43 must be at pos7; obj11 must be at pos9; obj83 must be at pos5; obj21 must be at apt9; obj52 must be at pos5; obj23 must be at pos1; obj92 must be at pos5; obj73 must be at apt10; obj62 must be at pos8; obj13 must be at apt10; obj51 must be at pos7; obj101 must be at apt10; obj12 must be at pos7; obj71 must be at pos2; obj53 must be at apt5; obj81 must be at pos2; obj22 must be at apt7; obj33 must be at apt9; obj93 must be at pos3; obj82 must be at pos9; obj41 must be at pos7; obj102 must be at apt8; obj31 must be at pos10; obj63 must be at pos10; obj72 must be at pos1.,direct,true,covered,The complete goal sentence explicitly names this package-destination pair and requires all listed pairs simultaneously.
goal,(at obj31 pos10),The goal is for the packages to reach these destinations: obj42 must be at pos10; obj103 must be at pos2; obj61 must be at apt10; obj91 must be at pos6; obj32 must be at pos4; obj43 must be at pos7; obj11 must be at pos9; obj83 must be at pos5; obj21 must be at apt9; obj52 must be at pos5; obj23 must be at pos1; obj92 must be at pos5; obj73 must be at apt10; obj62 must be at pos8; obj13 must be at apt10; obj51 must be at pos7; obj101 must be at apt10; obj12 must be at pos7; obj71 must be at pos2; obj53 must be at apt5; obj81 must be at pos2; obj22 must be at apt7; obj33 must be at apt9; obj93 must be at pos3; obj82 must be at pos9; obj41 must be at pos7; obj102 must be at apt8; obj31 must be at pos10; obj63 must be at pos10; obj72 must be at pos1.,direct,true,covered,The complete goal sentence explicitly names this package-destination pair and requires all listed pairs simultaneously.
goal,(at obj63 pos10),The goal is for the packages to reach these destinations: obj42 must be at pos10; obj103 must be at pos2; obj61 must be at apt10; obj91 must be at pos6; obj32 must be at pos4; obj43 must be at pos7; obj11 must be at pos9; obj83 must be at pos5; obj21 must be at apt9; obj52 must be at pos5; obj23 must be at pos1; obj92 must be at pos5; obj73 must be at apt10; obj62 must be at pos8; obj13 must be at apt10; obj51 must be at pos7; obj101 must be at apt10; obj12 must be at pos7; obj71 must be at pos2; obj53 must be at apt5; obj81 must be at pos2; obj22 must be at apt7; obj33 must be at apt9; obj93 must be at pos3; obj82 must be at pos9; obj41 must be at pos7; obj102 must be at apt8; obj31 must be at pos10; obj63 must be at pos10; obj72 must be at pos1.,direct,true,covered,The complete goal sentence explicitly names this package-destination pair and requires all listed pairs simultaneously.
goal,(at obj72 pos1),The goal is for the packages to reach these destinations: obj42 must be at pos10; obj103 must be at pos2; obj61 must be at apt10; obj91 must be at pos6; obj32 must be at pos4; obj43 must be at pos7; obj11 must be at pos9; obj83 must be at pos5; obj21 must be at apt9; obj52 must be at pos5; obj23 must be at pos1; obj92 must be at pos5; obj73 must be at apt10; obj62 must be at pos8; obj13 must be at apt10; obj51 must be at pos7; obj101 must be at apt10; obj12 must be at pos7; obj71 must be at pos2; obj53 must be at apt5; obj81 must be at pos2; obj22 must be at apt7; obj33 must be at apt9; obj93 must be at pos3; obj82 must be at pos9; obj41 must be at pos7; obj102 must be at apt8; obj31 must be at pos10; obj63 must be at pos10; obj72 must be at pos1.,direct,true,covered,The complete goal sentence explicitly names this package-destination pair and requires all listed pairs simultaneously.
