section,pddl_item,evidence,evidence_kind,unique,status,notes
objects,apt11,"The locations are pos1, apt1, pos2, apt2, pos3, apt3, pos4, apt4, pos5, apt5, pos6, apt6, pos7, apt7, pos8, apt8, pos9, apt9, pos10, apt10, pos11, apt11.",direct,true,covered,Exact identifier in the complete inventory.
objects,pos11,"The locations are pos1, apt1, pos2, apt2, pos3, apt3, pos4, apt4, pos5, apt5, pos6, apt6, pos7, apt7, pos8, apt8, pos9, apt9, pos10, apt10, pos11, apt11.",direct,true,covered,Exact identifier in the complete inventory.
objects,cit11,"The cities are cit1, cit2, cit3, cit4, cit5, cit6, cit7, cit8, cit9, cit10, cit11.",direct,true,covered,Exact identifier in the complete inventory.
objects,tru11,"The trucks are tru1, tru2, tru3, tru4, tru5, tru6, tru7, tru8, tru9, tru10, tru11.",direct,true,covered,Exact identifier in the complete inventory.
objects,obj113,"The packages are obj11, obj12, obj13, obj21, obj22, obj23, obj31, obj32, obj33, obj41, obj42, obj43, obj51, obj52, obj53, obj61, obj62, obj63, obj71, obj72, obj73, obj81, obj82, obj83, obj91, obj92, obj93, obj101, obj102, obj103, obj111, obj112, obj113.",direct,true,covered,Exact identifier in the complete inventory.
objects,obj112,"The packages are obj11, obj12, obj13, obj21, obj22, obj23, obj31, obj32, obj33, obj41, obj42, obj43, obj51, obj52, obj53, obj61, obj62, obj63, obj71, obj72, obj73, obj81, obj82, obj83, obj91, obj92, obj93, obj101, obj102, obj103, obj111, obj112, obj113.",direct,true,covered,Exact identifier in the complete inventory.
objects,obj111,"The packages are obj11, obj12, obj13, obj21, obj22, obj23, obj31, obj32, obj33, obj41, obj42, obj43, obj51, obj52, obj53, obj61, obj62, obj63, obj71, obj72, obj73, obj81, obj82, obj83, obj91, obj92, obj93, obj101, obj102, obj103, obj111, obj112, obj113.",direct,true,covered,Exact identifier in the complete inventory.
objects,apt10,"The locations are pos1, apt1, pos2, apt2, pos3, apt3, pos4, apt4, pos5, apt5, pos6, apt6, pos7, apt7, pos8, apt8, pos9, apt9, pos10, apt10, pos11, apt11.",direct,true,covered,Exact identifier in the complete inventory.
objects,pos10,"The locations are pos1, apt1, pos2, apt2, pos3, apt3, pos4, apt4, pos5, apt5, pos6, apt6, pos7, apt7, pos8, apt8, pos9, apt9, pos10, apt10, pos11, apt11.",direct,true,covered,Exact identifier in the complete inventory.
objects,cit10,"The cities are cit1, cit2, cit3, cit4, cit5, cit6, cit7, cit8, cit9, cit10, cit11.",direct,true,covered,Exact identifier in the complete inventory.
objects,tru10,"The trucks are tru1, tru2, tru3, tru4, tru5, tru6, tru7, tru8, tru9, tru10, tru11.",direct,true,covered,Exact identifier in the complete inventory.
objects,obj103,"The packages are obj11, obj12, obj13, obj21, obj22, obj23, obj31, obj32, obj33, obj41, obj42, obj43, obj51, obj52, obj53, obj61, obj62, obj63, obj71, obj72, obj73, obj81, obj82, obj83, obj91, obj92, obj93, obj101, obj102, obj103, obj111, obj112, obj113.",direct,true,covered,Exact identifier in the complete inventory.
objects,obj102,"The packages are obj11, obj12, obj13, obj21, obj22, obj23, obj31, obj32, obj33, obj41, obj42, obj43, obj51, obj52, obj53, obj61, obj62, obj63, obj71, obj72, obj73, obj81, obj82, obj83, obj91, obj92, obj93, obj101, obj102, obj103, obj111, obj112, obj113.",direct,true,covered,Exact identifier in the complete inventory.
objects,obj101,"The packages are obj11, obj12, obj13, obj21, obj22, obj23, obj31, obj32, obj33, obj41, obj42, obj43, obj51, obj52, obj53, obj61, obj62, obj63, obj71, obj72, obj73, obj81, obj82, obj83, obj91, obj92, obj93, obj101, obj102, obj103, obj111, obj112, obj113.",direct,true,covered,Exact identifier in the complete inventory.
objects,apn3,"The airplanes are apn1, apn2, apn3.",direct,true,covered,Exact identifier in the complete inventory.
objects,apt9,"The locations are pos1, apt1, pos2, apt2, pos3, apt3, pos4, apt4, pos5, apt5, pos6, apt6, pos7, apt7, pos8, apt8, pos9, apt9, pos10, apt10, pos11, apt11.",direct,true,covered,Exact identifier in the complete inventory.
objects,pos9,"The locations are pos1, apt1, pos2, apt2, pos3, apt3, pos4, apt4, pos5, apt5, pos6, apt6, pos7, apt7, pos8, apt8, pos9, apt9, pos10, apt10, pos11, apt11.",direct,true,covered,Exact identifier in the complete inventory.
objects,cit9,"The cities are cit1, cit2, cit3, cit4, cit5, cit6, cit7, cit8, cit9, cit10, cit11.",direct,true,covered,Exact identifier in the complete inventory.
objects,tru9,"The trucks are tru1, tru2, tru3, tru4, tru5, tru6, tru7, tru8, tru9, tru10, tru11.",direct,true,covered,Exact identifier in the complete inventory.
objects,obj93,"The packages are obj11, obj12, obj13, obj21, obj22, obj23, obj31, obj32, obj33, obj41, obj42, obj43, obj51, obj52, obj53, obj61, obj62, obj63, obj71, obj72, obj73, obj81, obj82, obj83, obj91, obj92, obj93, obj101, obj102, obj103, obj111, obj112, obj113.",direct,true,covered,Exact identifier in the complete inventory.
objects,obj92,"The packages are obj11, obj12, obj13, obj21, obj22, obj23, obj31, obj32, obj33, obj41, obj42, obj43, obj51, obj52, obj53, obj61, obj62, obj63, obj71, obj72, obj73, obj81, obj82, obj83, obj91, obj92, obj93, obj101, obj102, obj103, obj111, obj112, obj113.",direct,true,covered,Exact identifier in the complete inventory.
objects,obj91,"The packages are obj11, obj12, obj13, obj21, obj22, obj23, obj31, obj32, obj33, obj41, obj42, obj43, obj51, obj52, obj53, obj61, obj62, obj63, obj71, obj72, obj73, obj81, obj82, obj83, obj91, obj92, obj93, obj101, obj102, obj103, obj111, obj112, obj113.",direct,true,covered,Exact identifier in the complete inventory.
objects,apt8,"The locations are pos1, apt1, pos2, apt2, pos3, apt3, pos4, apt4, pos5, apt5, pos6, apt6, pos7, apt7, pos8, apt8, pos9, apt9, pos10, apt10, pos11, apt11.",direct,true,covered,Exact identifier in the complete inventory.
objects,pos8,"The locations are pos1, apt1, pos2, apt2, pos3, apt3, pos4, apt4, pos5, apt5, pos6, apt6, pos7, apt7, pos8, apt8, pos9, apt9, pos10, apt10, pos11, apt11.",direct,true,covered,Exact identifier in the complete inventory.
objects,cit8,"The cities are cit1, cit2, cit3, cit4, cit5, cit6, cit7, cit8, cit9, cit10, cit11.",direct,true,covered,Exact identifier in the complete inventory.
objects,tru8,"The trucks are tru1, tru2, tru3, tru4, tru5, tru6, tru7, tru8, tru9, tru10, tru11.",direct,true,covered,Exact identifier in the complete inventory.
objects,obj83,"The packages are obj11, obj12, obj13, obj21, obj22, obj23, obj31, obj32, obj33, obj41, obj42, obj43, obj51, obj52, obj53, obj61, obj62, obj63, obj71, obj72, obj73, obj81, obj82, obj83, obj91, obj92, obj93, obj101, obj102, obj103, obj111, obj112, obj113.",direct,true,covered,Exact identifier in the complete inventory.
objects,obj82,"The packages are obj11, obj12, obj13, obj21, obj22, obj23, obj31, obj32, obj33, obj41, obj42, obj43, obj51, obj52, obj53, obj61, obj62, obj63, obj71, obj72, obj73, obj81, obj82, obj83, obj91, obj92, obj93, obj101, obj102, obj103, obj111, obj112, obj113.",direct,true,covered,Exact identifier in the complete inventory.
objects,obj81,"The packages are obj11, obj12, obj13, obj21, obj22, obj23, obj31, obj32, obj33, obj41, obj42, obj43, obj51, obj52, obj53, obj61, obj62, obj63, obj71, obj72, obj73, obj81, obj82, obj83, obj91, obj92, obj93, obj101, obj102, obj103, obj111, obj112, obj113.",direct,true,covered,Exact identifier in the complete inventory.
objects,apt7,"The locations are pos1, apt1, pos2, apt2, pos3, apt3, pos4, apt4, pos5, apt5, pos6, apt6, pos7, apt7, pos8, apt8, pos9, apt9, pos10, apt10, pos11, apt11.",direct,true,covered,Exact identifier in the complete inventory.
objects,pos7,"The locations are pos1, apt1, pos2, apt2, pos3, apt3, pos4, apt4, pos5, apt5, pos6, apt6, pos7, apt7, pos8, apt8, pos9, apt9, pos10, apt10, pos11, apt11.",direct,true,covered,Exact identifier in the complete inventory.
objects,cit7,"The cities are cit1, cit2, cit3, cit4, cit5, cit6, cit7, cit8, cit9, cit10, cit11.",direct,true,covered,Exact identifier in the complete inventory.
objects,tru7,"The trucks are tru1, tru2, tru3, tru4, tru5, tru6, tru7, tru8, tru9, tru10, tru11.",direct,true,covered,Exact identifier in the complete inventory.
objects,obj73,"The packages are obj11, obj12, obj13, obj21, obj22, obj23, obj31, obj32, obj33, obj41, obj42, obj43, obj51, obj52, obj53, obj61, obj62, obj63, obj71, obj72, obj73, obj81, obj82, obj83, obj91, obj92, obj93, obj101, obj102, obj103, obj111, obj112, obj113.",direct,true,covered,Exact identifier in the complete inventory.
objects,obj72,"The packages are obj11, obj12, obj13, obj21, obj22, obj23, obj31, obj32, obj33, obj41, obj42, obj43, obj51, obj52, obj53, obj61, obj62, obj63, obj71, obj72, obj73, obj81, obj82, obj83, obj91, obj92, obj93, obj101, obj102, obj103, obj111, obj112, obj113.",direct,true,covered,Exact identifier in the complete inventory.
objects,obj71,"The packages are obj11, obj12, obj13, obj21, obj22, obj23, obj31, obj32, obj33, obj41, obj42, obj43, obj51, obj52, obj53, obj61, obj62, obj63, obj71, obj72, obj73, obj81, obj82, obj83, obj91, obj92, obj93, obj101, obj102, obj103, obj111, obj112, obj113.",direct,true,covered,Exact identifier in the complete inventory.
objects,apt6,"The locations are pos1, apt1, pos2, apt2, pos3, apt3, pos4, apt4, pos5, apt5, pos6, apt6, pos7, apt7, pos8, apt8, pos9, apt9, pos10, apt10, pos11, apt11.",direct,true,covered,Exact identifier in the complete inventory.
objects,pos6,"The locations are pos1, apt1, pos2, apt2, pos3, apt3, pos4, apt4, pos5, apt5, pos6, apt6, pos7, apt7, pos8, apt8, pos9, apt9, pos10, apt10, pos11, apt11.",direct,true,covered,Exact identifier in the complete inventory.
objects,cit6,"The cities are cit1, cit2, cit3, cit4, cit5, cit6, cit7, cit8, cit9, cit10, cit11.",direct,true,covered,Exact identifier in the complete inventory.
objects,tru6,"The trucks are tru1, tru2, tru3, tru4, tru5, tru6, tru7, tru8, tru9, tru10, tru11.",direct,true,covered,Exact identifier in the complete inventory.
objects,obj63,"The packages are obj11, obj12, obj13, obj21, obj22, obj23, obj31, obj32, obj33, obj41, obj42, obj43, obj51, obj52, obj53, obj61, obj62, obj63, obj71, obj72, obj73, obj81, obj82, obj83, obj91, obj92, obj93, obj101, obj102, obj103, obj111, obj112, obj113.",direct,true,covered,Exact identifier in the complete inventory.
objects,obj62,"The packages are obj11, obj12, obj13, obj21, obj22, obj23, obj31, obj32, obj33, obj41, obj42, obj43, obj51, obj52, obj53, obj61, obj62, obj63, obj71, obj72, obj73, obj81, obj82, obj83, obj91, obj92, obj93, obj101, obj102, obj103, obj111, obj112, obj113.",direct,true,covered,Exact identifier in the complete inventory.
objects,obj61,"The packages are obj11, obj12, obj13, obj21, obj22, obj23, obj31, obj32, obj33, obj41, obj42, obj43, obj51, obj52, obj53, obj61, obj62, obj63, obj71, obj72, obj73, obj81, obj82, obj83, obj91, obj92, obj93, obj101, obj102, obj103, obj111, obj112, obj113.",direct,true,covered,Exact identifier in the complete inventory.
objects,apn2,"The airplanes are apn1, apn2, apn3.",direct,true,covered,Exact identifier in the complete inventory.
objects,apt5,"The locations are pos1, apt1, pos2, apt2, pos3, apt3, pos4, apt4, pos5, apt5, pos6, apt6, pos7, apt7, pos8, apt8, pos9, apt9, pos10, apt10, pos11, apt11.",direct,true,covered,Exact identifier in the complete inventory.
objects,pos5,"The locations are pos1, apt1, pos2, apt2, pos3, apt3, pos4, apt4, pos5, apt5, pos6, apt6, pos7, apt7, pos8, apt8, pos9, apt9, pos10, apt10, pos11, apt11.",direct,true,covered,Exact identifier in the complete inventory.
objects,cit5,"The cities are cit1, cit2, cit3, cit4, cit5, cit6, cit7, cit8, cit9, cit10, cit11.",direct,true,covered,Exact identifier in the complete inventory.
objects,tru5,"The trucks are tru1, tru2, tru3, tru4, tru5, tru6, tru7, tru8, tru9, tru10, tru11.",direct,true,covered,Exact identifier in the complete inventory.
objects,obj53,"The packages are obj11, obj12, obj13, obj21, obj22, obj23, obj31, obj32, obj33, obj41, obj42, obj43, obj51, obj52, obj53, obj61, obj62, obj63, obj71, obj72, obj73, obj81, obj82, obj83, obj91, obj92, obj93, obj101, obj102, obj103, obj111, obj112, obj113.",direct,true,covered,Exact identifier in the complete inventory.
objects,obj52,"The packages are obj11, obj12, obj13, obj21, obj22, obj23, obj31, obj32, obj33, obj41, obj42, obj43, obj51, obj52, obj53, obj61, obj62, obj63, obj71, obj72, obj73, obj81, obj82, obj83, obj91, obj92, obj93, obj101, obj102, obj103, obj111, obj112, obj113.",direct,true,covered,Exact identifier in the complete inventory.
objects,obj51,"The packages are obj11, obj12, obj13, obj21, obj22, obj23, obj31, obj32, obj33, obj41, obj42, obj43, obj51, obj52, obj53, obj61, obj62, obj63, obj71, obj72, obj73, obj81, obj82, obj83, obj91, obj92, obj93, obj101, obj102, obj103, obj111, obj112, obj113.",direct,true,covered,Exact identifier in the complete inventory.
objects,apt4,"The locations are pos1, apt1, pos2, apt2, pos3, apt3, pos4, apt4, pos5, apt5, pos6, apt6, pos7, apt7, pos8, apt8, pos9, apt9, pos10, apt10, pos11, apt11.",direct,true,covered,Exact identifier in the complete inventory.
objects,pos4,"The locations are pos1, apt1, pos2, apt2, pos3, apt3, pos4, apt4, pos5, apt5, pos6, apt6, pos7, apt7, pos8, apt8, pos9, apt9, pos10, apt10, pos11, apt11.",direct,true,covered,Exact identifier in the complete inventory.
objects,cit4,"The cities are cit1, cit2, cit3, cit4, cit5, cit6, cit7, cit8, cit9, cit10, cit11.",direct,true,covered,Exact identifier in the complete inventory.
objects,tru4,"The trucks are tru1, tru2, tru3, tru4, tru5, tru6, tru7, tru8, tru9, tru10, tru11.",direct,true,covered,Exact identifier in the complete inventory.
objects,obj43,"The packages are obj11, obj12, obj13, obj21, obj22, obj23, obj31, obj32, obj33, obj41, obj42, obj43, obj51, obj52, obj53, obj61, obj62, obj63, obj71, obj72, obj73, obj81, obj82, obj83, obj91, obj92, obj93, obj101, obj102, obj103, obj111, obj112, obj113.",direct,true,covered,Exact identifier in the complete inventory.
objects,obj42,"The packages are obj11, obj12, obj13, obj21, obj22, obj23, obj31, obj32, obj33, obj41, obj42, obj43, obj51, obj52, obj53, obj61, obj62, obj63, obj71, obj72, obj73, obj81, obj82, obj83, obj91, obj92, obj93, obj101, obj102, obj103, obj111, obj112, obj113.",direct,true,covered,Exact identifier in the complete inventory.
objects,obj41,"The packages are obj11, obj12, obj13, obj21, obj22, obj23, obj31, obj32, obj33, obj41, obj42, obj43, obj51, obj52, obj53, obj61, obj62, obj63, obj71, obj72, obj73, obj81, obj82, obj83, obj91, obj92, obj93, obj101, obj102, obj103, obj111, obj112, obj113.",direct,true,covered,Exact identifier in the complete inventory.
objects,apt3,"The locations are pos1, apt1, pos2, apt2, pos3, apt3, pos4, apt4, pos5, apt5, pos6, apt6, pos7, apt7, pos8, apt8, pos9, apt9, pos10, apt10, pos11, apt11.",direct,true,covered,Exact identifier in the complete inventory.
objects,pos3,"The locations are pos1, apt1, pos2, apt2, pos3, apt3, pos4, apt4, pos5, apt5, pos6, apt6, pos7, apt7, pos8, apt8, pos9, apt9, pos10, apt10, pos11, apt11.",direct,true,covered,Exact identifier in the complete inventory.
objects,cit3,"The cities are cit1, cit2, cit3, cit4, cit5, cit6, cit7, cit8, cit9, cit10, cit11.",direct,true,covered,Exact identifier in the complete inventory.
objects,tru3,"The trucks are tru1, tru2, tru3, tru4, tru5, tru6, tru7, tru8, tru9, tru10, tru11.",direct,true,covered,Exact identifier in the complete inventory.
objects,obj33,"The packages are obj11, obj12, obj13, obj21, obj22, obj23, obj31, obj32, obj33, obj41, obj42, obj43, obj51, obj52, obj53, obj61, obj62, obj63, obj71, obj72, obj73, obj81, obj82, obj83, obj91, obj92, obj93, obj101, obj102, obj103, obj111, obj112, obj113.",direct,true,covered,Exact identifier in the complete inventory.
objects,obj32,"The packages are obj11, obj12, obj13, obj21, obj22, obj23, obj31, obj32, obj33, obj41, obj42, obj43, obj51, obj52, obj53, obj61, obj62, obj63, obj71, obj72, obj73, obj81, obj82, obj83, obj91, obj92, obj93, obj101, obj102, obj103, obj111, obj112, obj113.",direct,true,covered,Exact identifier in the complete inventory.
objects,obj31,"The packages are obj11, obj12, obj13, obj21, obj22, obj23, obj31, obj32, obj33, obj41, obj42, obj43, obj51, obj52, obj53, obj61, obj62, obj63, obj71, obj72, obj73, obj81, obj82, obj83, obj91, obj92, obj93, obj101, obj102, obj103, obj111, obj112, obj113.",direct,true,covered,Exact identifier in the complete inventory.
objects,apt2,"The locations are pos1, apt1, pos2, apt2, pos3, apt3, pos4, apt4, pos5, apt5, pos6, apt6, pos7, apt7, pos8, apt8, pos9, apt9, pos10, apt10, pos11, apt11.",direct,true,covered,Exact identifier in the complete inventory.
objects,pos2,"The locations are pos1, apt1, pos2, apt2, pos3, apt3, pos4, apt4, pos5, apt5, pos6, apt6, pos7, apt7, pos8, apt8, pos9, apt9, pos10, apt10, pos11, apt11.",direct,true,covered,Exact identifier in the complete inventory.
objects,cit2,"The cities are cit1, cit2, cit3, cit4, cit5, cit6, cit7, cit8, cit9, cit10, cit11.",direct,true,covered,Exact identifier in the complete inventory.
objects,tru2,"The trucks are tru1, tru2, tru3, tru4, tru5, tru6, tru7, tru8, tru9, tru10, tru11.",direct,true,covered,Exact identifier in the complete inventory.
objects,obj23,"The packages are obj11, obj12, obj13, obj21, obj22, obj23, obj31, obj32, obj33, obj41, obj42, obj43, obj51, obj52, obj53, obj61, obj62, obj63, obj71, obj72, obj73, obj81, obj82, obj83, obj91, obj92, obj93, obj101, obj102, obj103, obj111, obj112, obj113.",direct,true,covered,Exact identifier in the complete inventory.
objects,obj22,"The packages are obj11, obj12, obj13, obj21, obj22, obj23, obj31, obj32, obj33, obj41, obj42, obj43, obj51, obj52, obj53, obj61, obj62, obj63, obj71, obj72, obj73, obj81, obj82, obj83, obj91, obj92, obj93, obj101, obj102, obj103, obj111, obj112, obj113.",direct,true,covered,Exact identifier in the complete inventory.
objects,obj21,"The packages are obj11, obj12, obj13, obj21, obj22, obj23, obj31, obj32, obj33, obj41, obj42, obj43, obj51, obj52, obj53, obj61, obj62, obj63, obj71, obj72, obj73, obj81, obj82, obj83, obj91, obj92, obj93, obj101, obj102, obj103, obj111, obj112, obj113.",direct,true,covered,Exact identifier in the complete inventory.
objects,apn1,"The airplanes are apn1, apn2, apn3.",direct,true,covered,Exact identifier in the complete inventory.
objects,apt1,"The locations are pos1, apt1, pos2, apt2, pos3, apt3, pos4, apt4, pos5, apt5, pos6, apt6, pos7, apt7, pos8, apt8, pos9, apt9, pos10, apt10, pos11, apt11.",direct,true,covered,Exact identifier in the complete inventory.
objects,pos1,"The locations are pos1, apt1, pos2, apt2, pos3, apt3, pos4, apt4, pos5, apt5, pos6, apt6, pos7, apt7, pos8, apt8, pos9, apt9, pos10, apt10, pos11, apt11.",direct,true,covered,Exact identifier in the complete inventory.
objects,cit1,"The cities are cit1, cit2, cit3, cit4, cit5, cit6, cit7, cit8, cit9, cit10, cit11.",direct,true,covered,Exact identifier in the complete inventory.
objects,tru1,"The trucks are tru1, tru2, tru3, tru4, tru5, tru6, tru7, tru8, tru9, tru10, tru11.",direct,true,covered,Exact identifier in the complete inventory.
objects,obj13,"The packages are obj11, obj12, obj13, obj21, obj22, obj23, obj31, obj32, obj33, obj41, obj42, obj43, obj51, obj52, obj53, obj61, obj62, obj63, obj71, obj72, obj73, obj81, obj82, obj83, obj91, obj92, obj93, obj101, obj102, obj103, obj111, obj112, obj113.",direct,true,covered,Exact identifier in the complete inventory.
objects,obj12,"The packages are obj11, obj12, obj13, obj21, obj22, obj23, obj31, obj32, obj33, obj41, obj42, obj43, obj51, obj52, obj53, obj61, obj62, obj63, obj71, obj72, obj73, obj81, obj82, obj83, obj91, obj92, obj93, obj101, obj102, obj103, obj111, obj112, obj113.",direct,true,covered,Exact identifier in the complete inventory.
objects,obj11,"The packages are obj11, obj12, obj13, obj21, obj22, obj23, obj31, obj32, obj33, obj41, obj42, obj43, obj51, obj52, obj53, obj61, obj62, obj63, obj71, obj72, obj73, obj81, obj82, obj83, obj91, obj92, obj93, obj101, obj102, obj103, obj111, obj112, obj113.",direct,true,covered,Exact identifier in the complete inventory.
init,(package obj11),"The packages are obj11, obj12, obj13, obj21, obj22, obj23, obj31, obj32, obj33, obj41, obj42, obj43, obj51, obj52, obj53, obj61, obj62, obj63, obj71, obj72, obj73, obj81, obj82, obj83, obj91, obj92, obj93, obj101, obj102, obj103, obj111, obj112, obj113.",direct,true,covered,The exact atom is explicitly stated in the cited inventory or mapping.
init,(package obj12),"The packages are obj11, obj12, obj13, obj21, obj22, obj23, obj31, obj32, obj33, obj41, obj42, obj43, obj51, obj52, obj53, obj61, obj62, obj63, obj71, obj72, obj73, obj81, obj82, obj83, obj91, obj92, obj93, obj101, obj102, obj103, obj111, obj112, obj113.",direct,true,covered,The exact atom is explicitly stated in the cited inventory or mapping.
init,(package obj13),"The packages are obj11, obj12, obj13, obj21, obj22, obj23, obj31, obj32, obj33, obj41, obj42, obj43, obj51, obj52, obj53, obj61, obj62, obj63, obj71, obj72, obj73, obj81, obj82, obj83, obj91, obj92, obj93, obj101, obj102, obj103, obj111, obj112, obj113.",direct,true,covered,The exact atom is explicitly stated in the cited inventory or mapping.
init,(package obj21),"The packages are obj11, obj12, obj13, obj21, obj22, obj23, obj31, obj32, obj33, obj41, obj42, obj43, obj51, obj52, obj53, obj61, obj62, obj63, obj71, obj72, obj73, obj81, obj82, obj83, obj91, obj92, obj93, obj101, obj102, obj103, obj111, obj112, obj113.",direct,true,covered,The exact atom is explicitly stated in the cited inventory or mapping.
init,(package obj22),"The packages are obj11, obj12, obj13, obj21, obj22, obj23, obj31, obj32, obj33, obj41, obj42, obj43, obj51, obj52, obj53, obj61, obj62, obj63, obj71, obj72, obj73, obj81, obj82, obj83, obj91, obj92, obj93, obj101, obj102, obj103, obj111, obj112, obj113.",direct,true,covered,The exact atom is explicitly stated in the cited inventory or mapping.
init,(package obj23),"The packages are obj11, obj12, obj13, obj21, obj22, obj23, obj31, obj32, obj33, obj41, obj42, obj43, obj51, obj52, obj53, obj61, obj62, obj63, obj71, obj72, obj73, obj81, obj82, obj83, obj91, obj92, obj93, obj101, obj102, obj103, obj111, obj112, obj113.",direct,true,covered,The exact atom is explicitly stated in the cited inventory or mapping.
init,(package obj31),"The packages are obj11, obj12, obj13, obj21, obj22, obj23, obj31, obj32, obj33, obj41, obj42, obj43, obj51, obj52, obj53, obj61, obj62, obj63, obj71, obj72, obj73, obj81, obj82, obj83, obj91, obj92, obj93, obj101, obj102, obj103, obj111, obj112, obj113.",direct,true,covered,The exact atom is explicitly stated in the cited inventory or mapping.
init,(package obj32),"The packages are obj11, obj12, obj13, obj21, obj22, obj23, obj31, obj32, obj33, obj41, obj42, obj43, obj51, obj52, obj53, obj61, obj62, obj63, obj71, obj72, obj73, obj81, obj82, obj83, obj91, obj92, obj93, obj101, obj102, obj103, obj111, obj112, obj113.",direct,true,covered,The exact atom is explicitly stated in the cited inventory or mapping.
init,(package obj33),"The packages are obj11, obj12, obj13, obj21, obj22, obj23, obj31, obj32, obj33, obj41, obj42, obj43, obj51, obj52, obj53, obj61, obj62, obj63, obj71, obj72, obj73, obj81, obj82, obj83, obj91, obj92, obj93, obj101, obj102, obj103, obj111, obj112, obj113.",direct,true,covered,The exact atom is explicitly stated in the cited inventory or mapping.
init,(package obj41),"The packages are obj11, obj12, obj13, obj21, obj22, obj23, obj31, obj32, obj33, obj41, obj42, obj43, obj51, obj52, obj53, obj61, obj62, obj63, obj71, obj72, obj73, obj81, obj82, obj83, obj91, obj92, obj93, obj101, obj102, obj103, obj111, obj112, obj113.",direct,true,covered,The exact atom is explicitly stated in the cited inventory or mapping.
init,(package obj42),"The packages are obj11, obj12, obj13, obj21, obj22, obj23, obj31, obj32, obj33, obj41, obj42, obj43, obj51, obj52, obj53, obj61, obj62, obj63, obj71, obj72, obj73, obj81, obj82, obj83, obj91, obj92, obj93, obj101, obj102, obj103, obj111, obj112, obj113.",direct,true,covered,The exact atom is explicitly stated in the cited inventory or mapping.
init,(package obj43),"The packages are obj11, obj12, obj13, obj21, obj22, obj23, obj31, obj32, obj33, obj41, obj42, obj43, obj51, obj52, obj53, obj61, obj62, obj63, obj71, obj72, obj73, obj81, obj82, obj83, obj91, obj92, obj93, obj101, obj102, obj103, obj111, obj112, obj113.",direct,true,covered,The exact atom is explicitly stated in the cited inventory or mapping.
init,(package obj51),"The packages are obj11, obj12, obj13, obj21, obj22, obj23, obj31, obj32, obj33, obj41, obj42, obj43, obj51, obj52, obj53, obj61, obj62, obj63, obj71, obj72, obj73, obj81, obj82, obj83, obj91, obj92, obj93, obj101, obj102, obj103, obj111, obj112, obj113.",direct,true,covered,The exact atom is explicitly stated in the cited inventory or mapping.
init,(package obj52),"The packages are obj11, obj12, obj13, obj21, obj22, obj23, obj31, obj32, obj33, obj41, obj42, obj43, obj51, obj52, obj53, obj61, obj62, obj63, obj71, obj72, obj73, obj81, obj82, obj83, obj91, obj92, obj93, obj101, obj102, obj103, obj111, obj112, obj113.",direct,true,covered,The exact atom is explicitly stated in the cited inventory or mapping.
init,(package obj53),"The packages are obj11, obj12, obj13, obj21, obj22, obj23, obj31, obj32, obj33, obj41, obj42, obj43, obj51, obj52, obj53, obj61, obj62, obj63, obj71, obj72, obj73, obj81, obj82, obj83, obj91, obj92, obj93, obj101, obj102, obj103, obj111, obj112, obj113.",direct,true,covered,The exact atom is explicitly stated in the cited inventory or mapping.
init,(package obj61),"The packages are obj11, obj12, obj13, obj21, obj22, obj23, obj31, obj32, obj33, obj41, obj42, obj43, obj51, obj52, obj53, obj61, obj62, obj63, obj71, obj72, obj73, obj81, obj82, obj83, obj91, obj92, obj93, obj101, obj102, obj103, obj111, obj112, obj113.",direct,true,covered,The exact atom is explicitly stated in the cited inventory or mapping.
init,(package obj62),"The packages are obj11, obj12, obj13, obj21, obj22, obj23, obj31, obj32, obj33, obj41, obj42, obj43, obj51, obj52, obj53, obj61, obj62, obj63, obj71, obj72, obj73, obj81, obj82, obj83, obj91, obj92, obj93, obj101, obj102, obj103, obj111, obj112, obj113.",direct,true,covered,The exact atom is explicitly stated in the cited inventory or mapping.
init,(package obj63),"The packages are obj11, obj12, obj13, obj21, obj22, obj23, obj31, obj32, obj33, obj41, obj42, obj43, obj51, obj52, obj53, obj61, obj62, obj63, obj71, obj72, obj73, obj81, obj82, obj83, obj91, obj92, obj93, obj101, obj102, obj103, obj111, obj112, obj113.",direct,true,covered,The exact atom is explicitly stated in the cited inventory or mapping.
init,(package obj71),"The packages are obj11, obj12, obj13, obj21, obj22, obj23, obj31, obj32, obj33, obj41, obj42, obj43, obj51, obj52, obj53, obj61, obj62, obj63, obj71, obj72, obj73, obj81, obj82, obj83, obj91, obj92, obj93, obj101, obj102, obj103, obj111, obj112, obj113.",direct,true,covered,The exact atom is explicitly stated in the cited inventory or mapping.
init,(package obj72),"The packages are obj11, obj12, obj13, obj21, obj22, obj23, obj31, obj32, obj33, obj41, obj42, obj43, obj51, obj52, obj53, obj61, obj62, obj63, obj71, obj72, obj73, obj81, obj82, obj83, obj91, obj92, obj93, obj101, obj102, obj103, obj111, obj112, obj113.",direct,true,covered,The exact atom is explicitly stated in the cited inventory or mapping.
init,(package obj73),"The packages are obj11, obj12, obj13, obj21, obj22, obj23, obj31, obj32, obj33, obj41, obj42, obj43, obj51, obj52, obj53, obj61, obj62, obj63, obj71, obj72, obj73, obj81, obj82, obj83, obj91, obj92, obj93, obj101, obj102, obj103, obj111, obj112, obj113.",direct,true,covered,The exact atom is explicitly stated in the cited inventory or mapping.
init,(package obj81),"The packages are obj11, obj12, obj13, obj21, obj22, obj23, obj31, obj32, obj33, obj41, obj42, obj43, obj51, obj52, obj53, obj61, obj62, obj63, obj71, obj72, obj73, obj81, obj82, obj83, obj91, obj92, obj93, obj101, obj102, obj103, obj111, obj112, obj113.",direct,true,covered,The exact atom is explicitly stated in the cited inventory or mapping.
init,(package obj82),"The packages are obj11, obj12, obj13, obj21, obj22, obj23, obj31, obj32, obj33, obj41, obj42, obj43, obj51, obj52, obj53, obj61, obj62, obj63, obj71, obj72, obj73, obj81, obj82, obj83, obj91, obj92, obj93, obj101, obj102, obj103, obj111, obj112, obj113.",direct,true,covered,The exact atom is explicitly stated in the cited inventory or mapping.
init,(package obj83),"The packages are obj11, obj12, obj13, obj21, obj22, obj23, obj31, obj32, obj33, obj41, obj42, obj43, obj51, obj52, obj53, obj61, obj62, obj63, obj71, obj72, obj73, obj81, obj82, obj83, obj91, obj92, obj93, obj101, obj102, obj103, obj111, obj112, obj113.",direct,true,covered,The exact atom is explicitly stated in the cited inventory or mapping.
init,(package obj91),"The packages are obj11, obj12, obj13, obj21, obj22, obj23, obj31, obj32, obj33, obj41, obj42, obj43, obj51, obj52, obj53, obj61, obj62, obj63, obj71, obj72, obj73, obj81, obj82, obj83, obj91, obj92, obj93, obj101, obj102, obj103, obj111, obj112, obj113.",direct,true,covered,The exact atom is explicitly stated in the cited inventory or mapping.
init,(package obj92),"The packages are obj11, obj12, obj13, obj21, obj22, obj23, obj31, obj32, obj33, obj41, obj42, obj43, obj51, obj52, obj53, obj61, obj62, obj63, obj71, obj72, obj73, obj81, obj82, obj83, obj91, obj92, obj93, obj101, obj102, obj103, obj111, obj112, obj113.",direct,true,covered,The exact atom is explicitly stated in the cited inventory or mapping.
init,(package obj93),"The packages are obj11, obj12, obj13, obj21, obj22, obj23, obj31, obj32, obj33, obj41, obj42, obj43, obj51, obj52, obj53, obj61, obj62, obj63, obj71, obj72, obj73, obj81, obj82, obj83, obj91, obj92, obj93, obj101, obj102, obj103, obj111, obj112, obj113.",direct,true,covered,The exact atom is explicitly stated in the cited inventory or mapping.
init,(package obj101),"The packages are obj11, obj12, obj13, obj21, obj22, obj23, obj31, obj32, obj33, obj41, obj42, obj43, obj51, obj52, obj53, obj61, obj62, obj63, obj71, obj72, obj73, obj81, obj82, obj83, obj91, obj92, obj93, obj101, obj102, obj103, obj111, obj112, obj113.",direct,true,covered,The exact atom is explicitly stated in the cited inventory or mapping.
init,(package obj102),"The packages are obj11, obj12, obj13, obj21, obj22, obj23, obj31, obj32, obj33, obj41, obj42, obj43, obj51, obj52, obj53, obj61, obj62, obj63, obj71, obj72, obj73, obj81, obj82, obj83, obj91, obj92, obj93, obj101, obj102, obj103, obj111, obj112, obj113.",direct,true,covered,The exact atom is explicitly stated in the cited inventory or mapping.
init,(package obj103),"The packages are obj11, obj12, obj13, obj21, obj22, obj23, obj31, obj32, obj33, obj41, obj42, obj43, obj51, obj52, obj53, obj61, obj62, obj63, obj71, obj72, obj73, obj81, obj82, obj83, obj91, obj92, obj93, obj101, obj102, obj103, obj111, obj112, obj113.",direct,true,covered,The exact atom is explicitly stated in the cited inventory or mapping.
init,(package obj111),"The packages are obj11, obj12, obj13, obj21, obj22, obj23, obj31, obj32, obj33, obj41, obj42, obj43, obj51, obj52, obj53, obj61, obj62, obj63, obj71, obj72, obj73, obj81, obj82, obj83, obj91, obj92, obj93, obj101, obj102, obj103, obj111, obj112, obj113.",direct,true,covered,The exact atom is explicitly stated in the cited inventory or mapping.
init,(package obj112),"The packages are obj11, obj12, obj13, obj21, obj22, obj23, obj31, obj32, obj33, obj41, obj42, obj43, obj51, obj52, obj53, obj61, obj62, obj63, obj71, obj72, obj73, obj81, obj82, obj83, obj91, obj92, obj93, obj101, obj102, obj103, obj111, obj112, obj113.",direct,true,covered,The exact atom is explicitly stated in the cited inventory or mapping.
init,(package obj113),"The packages are obj11, obj12, obj13, obj21, obj22, obj23, obj31, obj32, obj33, obj41, obj42, obj43, obj51, obj52, obj53, obj61, obj62, obj63, obj71, obj72, obj73, obj81, obj82, obj83, obj91, obj92, obj93, obj101, obj102, obj103, obj111, obj112, obj113.",direct,true,covered,The exact atom is explicitly stated in the cited inventory or mapping.
init,(truck tru1),"The trucks are tru1, tru2, tru3, tru4, tru5, tru6, tru7, tru8, tru9, tru10, tru11.",direct,true,covered,The exact atom is explicitly stated in the cited inventory or mapping.
init,(truck tru2),"The trucks are tru1, tru2, tru3, tru4, tru5, tru6, tru7, tru8, tru9, tru10, tru11.",direct,true,covered,The exact atom is explicitly stated in the cited inventory or mapping.
init,(truck tru3),"The trucks are tru1, tru2, tru3, tru4, tru5, tru6, tru7, tru8, tru9, tru10, tru11.",direct,true,covered,The exact atom is explicitly stated in the cited inventory or mapping.
init,(truck tru4),"The trucks are tru1, tru2, tru3, tru4, tru5, tru6, tru7, tru8, tru9, tru10, tru11.",direct,true,covered,The exact atom is explicitly stated in the cited inventory or mapping.
init,(truck tru5),"The trucks are tru1, tru2, tru3, tru4, tru5, tru6, tru7, tru8, tru9, tru10, tru11.",direct,true,covered,The exact atom is explicitly stated in the cited inventory or mapping.
init,(truck tru6),"The trucks are tru1, tru2, tru3, tru4, tru5, tru6, tru7, tru8, tru9, tru10, tru11.",direct,true,covered,The exact atom is explicitly stated in the cited inventory or mapping.
init,(truck tru7),"The trucks are tru1, tru2, tru3, tru4, tru5, tru6, tru7, tru8, tru9, tru10, tru11.",direct,true,covered,The exact atom is explicitly stated in the cited inventory or mapping.
init,(truck tru8),"The trucks are tru1, tru2, tru3, tru4, tru5, tru6, tru7, tru8, tru9, tru10, tru11.",direct,true,covered,The exact atom is explicitly stated in the cited inventory or mapping.
init,(truck tru9),"The trucks are tru1, tru2, tru3, tru4, tru5, tru6, tru7, tru8, tru9, tru10, tru11.",direct,true,covered,The exact atom is explicitly stated in the cited inventory or mapping.
init,(truck tru10),"The trucks are tru1, tru2, tru3, tru4, tru5, tru6, tru7, tru8, tru9, tru10, tru11.",direct,true,covered,The exact atom is explicitly stated in the cited inventory or mapping.
init,(truck tru11),"The trucks are tru1, tru2, tru3, tru4, tru5, tru6, tru7, tru8, tru9, tru10, tru11.",direct,true,covered,The exact atom is explicitly stated in the cited inventory or mapping.
init,(city cit1),"The cities are cit1, cit2, cit3, cit4, cit5, cit6, cit7, cit8, cit9, cit10, cit11.",direct,true,covered,The exact atom is explicitly stated in the cited inventory or mapping.
init,(city cit2),"The cities are cit1, cit2, cit3, cit4, cit5, cit6, cit7, cit8, cit9, cit10, cit11.",direct,true,covered,The exact atom is explicitly stated in the cited inventory or mapping.
init,(city cit3),"The cities are cit1, cit2, cit3, cit4, cit5, cit6, cit7, cit8, cit9, cit10, cit11.",direct,true,covered,The exact atom is explicitly stated in the cited inventory or mapping.
init,(city cit4),"The cities are cit1, cit2, cit3, cit4, cit5, cit6, cit7, cit8, cit9, cit10, cit11.",direct,true,covered,The exact atom is explicitly stated in the cited inventory or mapping.
init,(city cit5),"The cities are cit1, cit2, cit3, cit4, cit5, cit6, cit7, cit8, cit9, cit10, cit11.",direct,true,covered,The exact atom is explicitly stated in the cited inventory or mapping.
init,(city cit6),"The cities are cit1, cit2, cit3, cit4, cit5, cit6, cit7, cit8, cit9, cit10, cit11.",direct,true,covered,The exact atom is explicitly stated in the cited inventory or mapping.
init,(city cit7),"The cities are cit1, cit2, cit3, cit4, cit5, cit6, cit7, cit8, cit9, cit10, cit11.",direct,true,covered,The exact atom is explicitly stated in the cited inventory or mapping.
init,(city cit8),"The cities are cit1, cit2, cit3, cit4, cit5, cit6, cit7, cit8, cit9, cit10, cit11.",direct,true,covered,The exact atom is explicitly stated in the cited inventory or mapping.
init,(city cit9),"The cities are cit1, cit2, cit3, cit4, cit5, cit6, cit7, cit8, cit9, cit10, cit11.",direct,true,covered,The exact atom is explicitly stated in the cited inventory or mapping.
init,(city cit10),"The cities are cit1, cit2, cit3, cit4, cit5, cit6, cit7, cit8, cit9, cit10, cit11.",direct,true,covered,The exact atom is explicitly stated in the cited inventory or mapping.
init,(city cit11),"The cities are cit1, cit2, cit3, cit4, cit5, cit6, cit7, cit8, cit9, cit10, cit11.",direct,true,covered,The exact atom is explicitly stated in the cited inventory or mapping.
init,(location pos1),"The locations are pos1, apt1, pos2, apt2, pos3, apt3, pos4, apt4, pos5, apt5, pos6, apt6, pos7, apt7, pos8, apt8, pos9, apt9, pos10, apt10, pos11, apt11.",direct,true,covered,The exact atom is explicitly stated in the cited inventory or mapping.
init,(location apt1),"The locations are pos1, apt1, pos2, apt2, pos3, apt3, pos4, apt4, pos5, apt5, pos6, apt6, pos7, apt7, pos8, apt8, pos9, apt9, pos10, apt10, pos11, apt11.",direct,true,covered,The exact atom is explicitly stated in the cited inventory or mapping.
init,(location pos2),"The locations are pos1, apt1, pos2, apt2, pos3, apt3, pos4, apt4, pos5, apt5, pos6, apt6, pos7, apt7, pos8, apt8, pos9, apt9, pos10, apt10, pos11, apt11.",direct,true,covered,The exact atom is explicitly stated in the cited inventory or mapping.
init,(location apt2),"The locations are pos1, apt1, pos2, apt2, pos3, apt3, pos4, apt4, pos5, apt5, pos6, apt6, pos7, apt7, pos8, apt8, pos9, apt9, pos10, apt10, pos11, apt11.",direct,true,covered,The exact atom is explicitly stated in the cited inventory or mapping.
init,(location pos3),"The locations are pos1, apt1, pos2, apt2, pos3, apt3, pos4, apt4, pos5, apt5, pos6, apt6, pos7, apt7, pos8, apt8, pos9, apt9, pos10, apt10, pos11, apt11.",direct,true,covered,The exact atom is explicitly stated in the cited inventory or mapping.
init,(location apt3),"The locations are pos1, apt1, pos2, apt2, pos3, apt3, pos4, apt4, pos5, apt5, pos6, apt6, pos7, apt7, pos8, apt8, pos9, apt9, pos10, apt10, pos11, apt11.",direct,true,covered,The exact atom is explicitly stated in the cited inventory or mapping.
init,(location pos4),"The locations are pos1, apt1, pos2, apt2, pos3, apt3, pos4, apt4, pos5, apt5, pos6, apt6, pos7, apt7, pos8, apt8, pos9, apt9, pos10, apt10, pos11, apt11.",direct,true,covered,The exact atom is explicitly stated in the cited inventory or mapping.
init,(location apt4),"The locations are pos1, apt1, pos2, apt2, pos3, apt3, pos4, apt4, pos5, apt5, pos6, apt6, pos7, apt7, pos8, apt8, pos9, apt9, pos10, apt10, pos11, apt11.",direct,true,covered,The exact atom is explicitly stated in the cited inventory or mapping.
init,(location pos5),"The locations are pos1, apt1, pos2, apt2, pos3, apt3, pos4, apt4, pos5, apt5, pos6, apt6, pos7, apt7, pos8, apt8, pos9, apt9, pos10, apt10, pos11, apt11.",direct,true,covered,The exact atom is explicitly stated in the cited inventory or mapping.
init,(location apt5),"The locations are pos1, apt1, pos2, apt2, pos3, apt3, pos4, apt4, pos5, apt5, pos6, apt6, pos7, apt7, pos8, apt8, pos9, apt9, pos10, apt10, pos11, apt11.",direct,true,covered,The exact atom is explicitly stated in the cited inventory or mapping.
init,(location pos6),"The locations are pos1, apt1, pos2, apt2, pos3, apt3, pos4, apt4, pos5, apt5, pos6, apt6, pos7, apt7, pos8, apt8, pos9, apt9, pos10, apt10, pos11, apt11.",direct,true,covered,The exact atom is explicitly stated in the cited inventory or mapping.
init,(location apt6),"The locations are pos1, apt1, pos2, apt2, pos3, apt3, pos4, apt4, pos5, apt5, pos6, apt6, pos7, apt7, pos8, apt8, pos9, apt9, pos10, apt10, pos11, apt11.",direct,true,covered,The exact atom is explicitly stated in the cited inventory or mapping.
init,(location pos7),"The locations are pos1, apt1, pos2, apt2, pos3, apt3, pos4, apt4, pos5, apt5, pos6, apt6, pos7, apt7, pos8, apt8, pos9, apt9, pos10, apt10, pos11, apt11.",direct,true,covered,The exact atom is explicitly stated in the cited inventory or mapping.
init,(location apt7),"The locations are pos1, apt1, pos2, apt2, pos3, apt3, pos4, apt4, pos5, apt5, pos6, apt6, pos7, apt7, pos8, apt8, pos9, apt9, pos10, apt10, pos11, apt11.",direct,true,covered,The exact atom is explicitly stated in the cited inventory or mapping.
init,(location pos8),"The locations are pos1, apt1, pos2, apt2, pos3, apt3, pos4, apt4, pos5, apt5, pos6, apt6, pos7, apt7, pos8, apt8, pos9, apt9, pos10, apt10, pos11, apt11.",direct,true,covered,The exact atom is explicitly stated in the cited inventory or mapping.
init,(location apt8),"The locations are pos1, apt1, pos2, apt2, pos3, apt3, pos4, apt4, pos5, apt5, pos6, apt6, pos7, apt7, pos8, apt8, pos9, apt9, pos10, apt10, pos11, apt11.",direct,true,covered,The exact atom is explicitly stated in the cited inventory or mapping.
init,(location pos9),"The locations are pos1, apt1, pos2, apt2, pos3, apt3, pos4, apt4, pos5, apt5, pos6, apt6, pos7, apt7, pos8, apt8, pos9, apt9, pos10, apt10, pos11, apt11.",direct,true,covered,The exact atom is explicitly stated in the cited inventory or mapping.
init,(location apt9),"The locations are pos1, apt1, pos2, apt2, pos3, apt3, pos4, apt4, pos5, apt5, pos6, apt6, pos7, apt7, pos8, apt8, pos9, apt9, pos10, apt10, pos11, apt11.",direct,true,covered,The exact atom is explicitly stated in the cited inventory or mapping.
init,(location pos10),"The locations are pos1, apt1, pos2, apt2, pos3, apt3, pos4, apt4, pos5, apt5, pos6, apt6, pos7, apt7, pos8, apt8, pos9, apt9, pos10, apt10, pos11, apt11.",direct,true,covered,The exact atom is explicitly stated in the cited inventory or mapping.
init,(location apt10),"The locations are pos1, apt1, pos2, apt2, pos3, apt3, pos4, apt4, pos5, apt5, pos6, apt6, pos7, apt7, pos8, apt8, pos9, apt9, pos10, apt10, pos11, apt11.",direct,true,covered,The exact atom is explicitly stated in the cited inventory or mapping.
init,(location pos11),"The locations are pos1, apt1, pos2, apt2, pos3, apt3, pos4, apt4, pos5, apt5, pos6, apt6, pos7, apt7, pos8, apt8, pos9, apt9, pos10, apt10, pos11, apt11.",direct,true,covered,The exact atom is explicitly stated in the cited inventory or mapping.
init,(location apt11),"The locations are pos1, apt1, pos2, apt2, pos3, apt3, pos4, apt4, pos5, apt5, pos6, apt6, pos7, apt7, pos8, apt8, pos9, apt9, pos10, apt10, pos11, apt11.",direct,true,covered,The exact atom is explicitly stated in the cited inventory or mapping.
init,(airport apt1),"The airport locations are apt1, apt2, apt3, apt4, apt5, apt6, apt7, apt8, apt9, apt10, apt11.",direct,true,covered,The exact atom is explicitly stated in the cited inventory or mapping.
init,(airport apt2),"The airport locations are apt1, apt2, apt3, apt4, apt5, apt6, apt7, apt8, apt9, apt10, apt11.",direct,true,covered,The exact atom is explicitly stated in the cited inventory or mapping.
init,(airport apt3),"The airport locations are apt1, apt2, apt3, apt4, apt5, apt6, apt7, apt8, apt9, apt10, apt11.",direct,true,covered,The exact atom is explicitly stated in the cited inventory or mapping.
init,(airport apt4),"The airport locations are apt1, apt2, apt3, apt4, apt5, apt6, apt7, apt8, apt9, apt10, apt11.",direct,true,covered,The exact atom is explicitly stated in the cited inventory or mapping.
init,(airport apt5),"The airport locations are apt1, apt2, apt3, apt4, apt5, apt6, apt7, apt8, apt9, apt10, apt11.",direct,true,covered,The exact atom is explicitly stated in the cited inventory or mapping.
init,(airport apt6),"The airport locations are apt1, apt2, apt3, apt4, apt5, apt6, apt7, apt8, apt9, apt10, apt11.",direct,true,covered,The exact atom is explicitly stated in the cited inventory or mapping.
init,(airport apt7),"The airport locations are apt1, apt2, apt3, apt4, apt5, apt6, apt7, apt8, apt9, apt10, apt11.",direct,true,covered,The exact atom is explicitly stated in the cited inventory or mapping.
init,(airport apt8),"The airport locations are apt1, apt2, apt3, apt4, apt5, apt6, apt7, apt8, apt9, apt10, apt11.",direct,true,covered,The exact atom is explicitly stated in the cited inventory or mapping.
init,(airport apt9),"The airport locations are apt1, apt2, apt3, apt4, apt5, apt6, apt7, apt8, apt9, apt10, apt11.",direct,true,covered,The exact atom is explicitly stated in the cited inventory or mapping.
init,(airport apt10),"The airport locations are apt1, apt2, apt3, apt4, apt5, apt6, apt7, apt8, apt9, apt10, apt11.",direct,true,covered,The exact atom is explicitly stated in the cited inventory or mapping.
init,(airport apt11),"The airport locations are apt1, apt2, apt3, apt4, apt5, apt6, apt7, apt8, apt9, apt10, apt11.",direct,true,covered,The exact atom is explicitly stated in the cited inventory or mapping.
init,(airplane apn1),"The airplanes are apn1, apn2, apn3.",direct,true,covered,The exact atom is explicitly stated in the cited inventory or mapping.
init,(airplane apn2),"The airplanes are apn1, apn2, apn3.",direct,true,covered,The exact atom is explicitly stated in the cited inventory or mapping.
init,(airplane apn3),"The airplanes are apn1, apn2, apn3.",direct,true,covered,The exact atom is explicitly stated in the cited inventory or mapping.
init,(at apn1 apt4),"Initially, the airplanes are positioned as follows: apn1 is at apt4; apn2 is at apt10; apn3 is at apt1.",direct,true,covered,The exact atom is explicitly stated in the cited inventory or mapping.
init,(at apn2 apt10),"Initially, the airplanes are positioned as follows: apn1 is at apt4; apn2 is at apt10; apn3 is at apt1.",direct,true,covered,The exact atom is explicitly stated in the cited inventory or mapping.
init,(at apn3 apt1),"Initially, the airplanes are positioned as follows: apn1 is at apt4; apn2 is at apt10; apn3 is at apt1.",direct,true,covered,The exact atom is explicitly stated in the cited inventory or mapping.
init,(at tru1 pos1),"Initially, the trucks are positioned as follows: tru1 is at pos1; tru2 is at pos2; tru3 is at pos3; tru4 is at pos4; tru5 is at pos5; tru6 is at pos6; tru7 is at pos7; tru8 is at pos8; tru9 is at pos9; tru10 is at pos10; tru11 is at pos11.",direct,true,covered,The exact atom is explicitly stated in the cited inventory or mapping.
init,(at obj11 pos1),"Initially, the packages are positioned as follows: obj11 is at pos1; obj12 is at pos1; obj13 is at pos1; obj21 is at pos2; obj22 is at pos2; obj23 is at pos2; obj31 is at pos3; obj32 is at pos3; obj33 is at pos3; obj41 is at pos4; obj42 is at pos4; obj43 is at pos4; obj51 is at pos5; obj52 is at pos5; obj53 is at pos5; obj61 is at pos6; obj62 is at pos6; obj63 is at pos6; obj71 is at pos7; obj72 is at pos7; obj73 is at pos7; obj81 is at pos8; obj82 is at pos8; obj83 is at pos8; obj91 is at pos9; obj92 is at pos9; obj93 is at pos9; obj101 is at pos10; obj102 is at pos10; obj103 is at pos10; obj111 is at pos11; obj112 is at pos11; obj113 is at pos11.",direct,true,covered,The exact atom is explicitly stated in the cited inventory or mapping.
init,(at obj12 pos1),"Initially, the packages are positioned as follows: obj11 is at pos1; obj12 is at pos1; obj13 is at pos1; obj21 is at pos2; obj22 is at pos2; obj23 is at pos2; obj31 is at pos3; obj32 is at pos3; obj33 is at pos3; obj41 is at pos4; obj42 is at pos4; obj43 is at pos4; obj51 is at pos5; obj52 is at pos5; obj53 is at pos5; obj61 is at pos6; obj62 is at pos6; obj63 is at pos6; obj71 is at pos7; obj72 is at pos7; obj73 is at pos7; obj81 is at pos8; obj82 is at pos8; obj83 is at pos8; obj91 is at pos9; obj92 is at pos9; obj93 is at pos9; obj101 is at pos10; obj102 is at pos10; obj103 is at pos10; obj111 is at pos11; obj112 is at pos11; obj113 is at pos11.",direct,true,covered,The exact atom is explicitly stated in the cited inventory or mapping.
init,(at obj13 pos1),"Initially, the packages are positioned as follows: obj11 is at pos1; obj12 is at pos1; obj13 is at pos1; obj21 is at pos2; obj22 is at pos2; obj23 is at pos2; obj31 is at pos3; obj32 is at pos3; obj33 is at pos3; obj41 is at pos4; obj42 is at pos4; obj43 is at pos4; obj51 is at pos5; obj52 is at pos5; obj53 is at pos5; obj61 is at pos6; obj62 is at pos6; obj63 is at pos6; obj71 is at pos7; obj72 is at pos7; obj73 is at pos7; obj81 is at pos8; obj82 is at pos8; obj83 is at pos8; obj91 is at pos9; obj92 is at pos9; obj93 is at pos9; obj101 is at pos10; obj102 is at pos10; obj103 is at pos10; obj111 is at pos11; obj112 is at pos11; obj113 is at pos11.",direct,true,covered,The exact atom is explicitly stated in the cited inventory or mapping.
init,(at tru2 pos2),"Initially, the trucks are positioned as follows: tru1 is at pos1; tru2 is at pos2; tru3 is at pos3; tru4 is at pos4; tru5 is at pos5; tru6 is at pos6; tru7 is at pos7; tru8 is at pos8; tru9 is at pos9; tru10 is at pos10; tru11 is at pos11.",direct,true,covered,The exact atom is explicitly stated in the cited inventory or mapping.
init,(at obj21 pos2),"Initially, the packages are positioned as follows: obj11 is at pos1; obj12 is at pos1; obj13 is at pos1; obj21 is at pos2; obj22 is at pos2; obj23 is at pos2; obj31 is at pos3; obj32 is at pos3; obj33 is at pos3; obj41 is at pos4; obj42 is at pos4; obj43 is at pos4; obj51 is at pos5; obj52 is at pos5; obj53 is at pos5; obj61 is at pos6; obj62 is at pos6; obj63 is at pos6; obj71 is at pos7; obj72 is at pos7; obj73 is at pos7; obj81 is at pos8; obj82 is at pos8; obj83 is at pos8; obj91 is at pos9; obj92 is at pos9; obj93 is at pos9; obj101 is at pos10; obj102 is at pos10; obj103 is at pos10; obj111 is at pos11; obj112 is at pos11; obj113 is at pos11.",direct,true,covered,The exact atom is explicitly stated in the cited inventory or mapping.
init,(at obj22 pos2),"Initially, the packages are positioned as follows: obj11 is at pos1; obj12 is at pos1; obj13 is at pos1; obj21 is at pos2; obj22 is at pos2; obj23 is at pos2; obj31 is at pos3; obj32 is at pos3; obj33 is at pos3; obj41 is at pos4; obj42 is at pos4; obj43 is at pos4; obj51 is at pos5; obj52 is at pos5; obj53 is at pos5; obj61 is at pos6; obj62 is at pos6; obj63 is at pos6; obj71 is at pos7; obj72 is at pos7; obj73 is at pos7; obj81 is at pos8; obj82 is at pos8; obj83 is at pos8; obj91 is at pos9; obj92 is at pos9; obj93 is at pos9; obj101 is at pos10; obj102 is at pos10; obj103 is at pos10; obj111 is at pos11; obj112 is at pos11; obj113 is at pos11.",direct,true,covered,The exact atom is explicitly stated in the cited inventory or mapping.
init,(at obj23 pos2),"Initially, the packages are positioned as follows: obj11 is at pos1; obj12 is at pos1; obj13 is at pos1; obj21 is at pos2; obj22 is at pos2; obj23 is at pos2; obj31 is at pos3; obj32 is at pos3; obj33 is at pos3; obj41 is at pos4; obj42 is at pos4; obj43 is at pos4; obj51 is at pos5; obj52 is at pos5; obj53 is at pos5; obj61 is at pos6; obj62 is at pos6; obj63 is at pos6; obj71 is at pos7; obj72 is at pos7; obj73 is at pos7; obj81 is at pos8; obj82 is at pos8; obj83 is at pos8; obj91 is at pos9; obj92 is at pos9; obj93 is at pos9; obj101 is at pos10; obj102 is at pos10; obj103 is at pos10; obj111 is at pos11; obj112 is at pos11; obj113 is at pos11.",direct,true,covered,The exact atom is explicitly stated in the cited inventory or mapping.
init,(at tru3 pos3),"Initially, the trucks are positioned as follows: tru1 is at pos1; tru2 is at pos2; tru3 is at pos3; tru4 is at pos4; tru5 is at pos5; tru6 is at pos6; tru7 is at pos7; tru8 is at pos8; tru9 is at pos9; tru10 is at pos10; tru11 is at pos11.",direct,true,covered,The exact atom is explicitly stated in the cited inventory or mapping.
init,(at obj31 pos3),"Initially, the packages are positioned as follows: obj11 is at pos1; obj12 is at pos1; obj13 is at pos1; obj21 is at pos2; obj22 is at pos2; obj23 is at pos2; obj31 is at pos3; obj32 is at pos3; obj33 is at pos3; obj41 is at pos4; obj42 is at pos4; obj43 is at pos4; obj51 is at pos5; obj52 is at pos5; obj53 is at pos5; obj61 is at pos6; obj62 is at pos6; obj63 is at pos6; obj71 is at pos7; obj72 is at pos7; obj73 is at pos7; obj81 is at pos8; obj82 is at pos8; obj83 is at pos8; obj91 is at pos9; obj92 is at pos9; obj93 is at pos9; obj101 is at pos10; obj102 is at pos10; obj103 is at pos10; obj111 is at pos11; obj112 is at pos11; obj113 is at pos11.",direct,true,covered,The exact atom is explicitly stated in the cited inventory or mapping.
init,(at obj32 pos3),"Initially, the packages are positioned as follows: obj11 is at pos1; obj12 is at pos1; obj13 is at pos1; obj21 is at pos2; obj22 is at pos2; obj23 is at pos2; obj31 is at pos3; obj32 is at pos3; obj33 is at pos3; obj41 is at pos4; obj42 is at pos4; obj43 is at pos4; obj51 is at pos5; obj52 is at pos5; obj53 is at pos5; obj61 is at pos6; obj62 is at pos6; obj63 is at pos6; obj71 is at pos7; obj72 is at pos7; obj73 is at pos7; obj81 is at pos8; obj82 is at pos8; obj83 is at pos8; obj91 is at pos9; obj92 is at pos9; obj93 is at pos9; obj101 is at pos10; obj102 is at pos10; obj103 is at pos10; obj111 is at pos11; obj112 is at pos11; obj113 is at pos11.",direct,true,covered,The exact atom is explicitly stated in the cited inventory or mapping.
init,(at obj33 pos3),"Initially, the packages are positioned as follows: obj11 is at pos1; obj12 is at pos1; obj13 is at pos1; obj21 is at pos2; obj22 is at pos2; obj23 is at pos2; obj31 is at pos3; obj32 is at pos3; obj33 is at pos3; obj41 is at pos4; obj42 is at pos4; obj43 is at pos4; obj51 is at pos5; obj52 is at pos5; obj53 is at pos5; obj61 is at pos6; obj62 is at pos6; obj63 is at pos6; obj71 is at pos7; obj72 is at pos7; obj73 is at pos7; obj81 is at pos8; obj82 is at pos8; obj83 is at pos8; obj91 is at pos9; obj92 is at pos9; obj93 is at pos9; obj101 is at pos10; obj102 is at pos10; obj103 is at pos10; obj111 is at pos11; obj112 is at pos11; obj113 is at pos11.",direct,true,covered,The exact atom is explicitly stated in the cited inventory or mapping.
init,(at tru4 pos4),"Initially, the trucks are positioned as follows: tru1 is at pos1; tru2 is at pos2; tru3 is at pos3; tru4 is at pos4; tru5 is at pos5; tru6 is at pos6; tru7 is at pos7; tru8 is at pos8; tru9 is at pos9; tru10 is at pos10; tru11 is at pos11.",direct,true,covered,The exact atom is explicitly stated in the cited inventory or mapping.
init,(at obj41 pos4),"Initially, the packages are positioned as follows: obj11 is at pos1; obj12 is at pos1; obj13 is at pos1; obj21 is at pos2; obj22 is at pos2; obj23 is at pos2; obj31 is at pos3; obj32 is at pos3; obj33 is at pos3; obj41 is at pos4; obj42 is at pos4; obj43 is at pos4; obj51 is at pos5; obj52 is at pos5; obj53 is at pos5; obj61 is at pos6; obj62 is at pos6; obj63 is at pos6; obj71 is at pos7; obj72 is at pos7; obj73 is at pos7; obj81 is at pos8; obj82 is at pos8; obj83 is at pos8; obj91 is at pos9; obj92 is at pos9; obj93 is at pos9; obj101 is at pos10; obj102 is at pos10; obj103 is at pos10; obj111 is at pos11; obj112 is at pos11; obj113 is at pos11.",direct,true,covered,The exact atom is explicitly stated in the cited inventory or mapping.
init,(at obj42 pos4),"Initially, the packages are positioned as follows: obj11 is at pos1; obj12 is at pos1; obj13 is at pos1; obj21 is at pos2; obj22 is at pos2; obj23 is at pos2; obj31 is at pos3; obj32 is at pos3; obj33 is at pos3; obj41 is at pos4; obj42 is at pos4; obj43 is at pos4; obj51 is at pos5; obj52 is at pos5; obj53 is at pos5; obj61 is at pos6; obj62 is at pos6; obj63 is at pos6; obj71 is at pos7; obj72 is at pos7; obj73 is at pos7; obj81 is at pos8; obj82 is at pos8; obj83 is at pos8; obj91 is at pos9; obj92 is at pos9; obj93 is at pos9; obj101 is at pos10; obj102 is at pos10; obj103 is at pos10; obj111 is at pos11; obj112 is at pos11; obj113 is at pos11.",direct,true,covered,The exact atom is explicitly stated in the cited inventory or mapping.
init,(at obj43 pos4),"Initially, the packages are positioned as follows: obj11 is at pos1; obj12 is at pos1; obj13 is at pos1; obj21 is at pos2; obj22 is at pos2; obj23 is at pos2; obj31 is at pos3; obj32 is at pos3; obj33 is at pos3; obj41 is at pos4; obj42 is at pos4; obj43 is at pos4; obj51 is at pos5; obj52 is at pos5; obj53 is at pos5; obj61 is at pos6; obj62 is at pos6; obj63 is at pos6; obj71 is at pos7; obj72 is at pos7; obj73 is at pos7; obj81 is at pos8; obj82 is at pos8; obj83 is at pos8; obj91 is at pos9; obj92 is at pos9; obj93 is at pos9; obj101 is at pos10; obj102 is at pos10; obj103 is at pos10; obj111 is at pos11; obj112 is at pos11; obj113 is at pos11.",direct,true,covered,The exact atom is explicitly stated in the cited inventory or mapping.
init,(at tru5 pos5),"Initially, the trucks are positioned as follows: tru1 is at pos1; tru2 is at pos2; tru3 is at pos3; tru4 is at pos4; tru5 is at pos5; tru6 is at pos6; tru7 is at pos7; tru8 is at pos8; tru9 is at pos9; tru10 is at pos10; tru11 is at pos11.",direct,true,covered,The exact atom is explicitly stated in the cited inventory or mapping.
init,(at obj51 pos5),"Initially, the packages are positioned as follows: obj11 is at pos1; obj12 is at pos1; obj13 is at pos1; obj21 is at pos2; obj22 is at pos2; obj23 is at pos2; obj31 is at pos3; obj32 is at pos3; obj33 is at pos3; obj41 is at pos4; obj42 is at pos4; obj43 is at pos4; obj51 is at pos5; obj52 is at pos5; obj53 is at pos5; obj61 is at pos6; obj62 is at pos6; obj63 is at pos6; obj71 is at pos7; obj72 is at pos7; obj73 is at pos7; obj81 is at pos8; obj82 is at pos8; obj83 is at pos8; obj91 is at pos9; obj92 is at pos9; obj93 is at pos9; obj101 is at pos10; obj102 is at pos10; obj103 is at pos10; obj111 is at pos11; obj112 is at pos11; obj113 is at pos11.",direct,true,covered,The exact atom is explicitly stated in the cited inventory or mapping.
init,(at obj52 pos5),"Initially, the packages are positioned as follows: obj11 is at pos1; obj12 is at pos1; obj13 is at pos1; obj21 is at pos2; obj22 is at pos2; obj23 is at pos2; obj31 is at pos3; obj32 is at pos3; obj33 is at pos3; obj41 is at pos4; obj42 is at pos4; obj43 is at pos4; obj51 is at pos5; obj52 is at pos5; obj53 is at pos5; obj61 is at pos6; obj62 is at pos6; obj63 is at pos6; obj71 is at pos7; obj72 is at pos7; obj73 is at pos7; obj81 is at pos8; obj82 is at pos8; obj83 is at pos8; obj91 is at pos9; obj92 is at pos9; obj93 is at pos9; obj101 is at pos10; obj102 is at pos10; obj103 is at pos10; obj111 is at pos11; obj112 is at pos11; obj113 is at pos11.",direct,true,covered,The exact atom is explicitly stated in the cited inventory or mapping.
init,(at obj53 pos5),"Initially, the packages are positioned as follows: obj11 is at pos1; obj12 is at pos1; obj13 is at pos1; obj21 is at pos2; obj22 is at pos2; obj23 is at pos2; obj31 is at pos3; obj32 is at pos3; obj33 is at pos3; obj41 is at pos4; obj42 is at pos4; obj43 is at pos4; obj51 is at pos5; obj52 is at pos5; obj53 is at pos5; obj61 is at pos6; obj62 is at pos6; obj63 is at pos6; obj71 is at pos7; obj72 is at pos7; obj73 is at pos7; obj81 is at pos8; obj82 is at pos8; obj83 is at pos8; obj91 is at pos9; obj92 is at pos9; obj93 is at pos9; obj101 is at pos10; obj102 is at pos10; obj103 is at pos10; obj111 is at pos11; obj112 is at pos11; obj113 is at pos11.",direct,true,covered,The exact atom is explicitly stated in the cited inventory or mapping.
init,(at tru6 pos6),"Initially, the trucks are positioned as follows: tru1 is at pos1; tru2 is at pos2; tru3 is at pos3; tru4 is at pos4; tru5 is at pos5; tru6 is at pos6; tru7 is at pos7; tru8 is at pos8; tru9 is at pos9; tru10 is at pos10; tru11 is at pos11.",direct,true,covered,The exact atom is explicitly stated in the cited inventory or mapping.
init,(at obj61 pos6),"Initially, the packages are positioned as follows: obj11 is at pos1; obj12 is at pos1; obj13 is at pos1; obj21 is at pos2; obj22 is at pos2; obj23 is at pos2; obj31 is at pos3; obj32 is at pos3; obj33 is at pos3; obj41 is at pos4; obj42 is at pos4; obj43 is at pos4; obj51 is at pos5; obj52 is at pos5; obj53 is at pos5; obj61 is at pos6; obj62 is at pos6; obj63 is at pos6; obj71 is at pos7; obj72 is at pos7; obj73 is at pos7; obj81 is at pos8; obj82 is at pos8; obj83 is at pos8; obj91 is at pos9; obj92 is at pos9; obj93 is at pos9; obj101 is at pos10; obj102 is at pos10; obj103 is at pos10; obj111 is at pos11; obj112 is at pos11; obj113 is at pos11.",direct,true,covered,The exact atom is explicitly stated in the cited inventory or mapping.
init,(at obj62 pos6),"Initially, the packages are positioned as follows: obj11 is at pos1; obj12 is at pos1; obj13 is at pos1; obj21 is at pos2; obj22 is at pos2; obj23 is at pos2; obj31 is at pos3; obj32 is at pos3; obj33 is at pos3; obj41 is at pos4; obj42 is at pos4; obj43 is at pos4; obj51 is at pos5; obj52 is at pos5; obj53 is at pos5; obj61 is at pos6; obj62 is at pos6; obj63 is at pos6; obj71 is at pos7; obj72 is at pos7; obj73 is at pos7; obj81 is at pos8; obj82 is at pos8; obj83 is at pos8; obj91 is at pos9; obj92 is at pos9; obj93 is at pos9; obj101 is at pos10; obj102 is at pos10; obj103 is at pos10; obj111 is at pos11; obj112 is at pos11; obj113 is at pos11.",direct,true,covered,The exact atom is explicitly stated in the cited inventory or mapping.
init,(at obj63 pos6),"Initially, the packages are positioned as follows: obj11 is at pos1; obj12 is at pos1; obj13 is at pos1; obj21 is at pos2; obj22 is at pos2; obj23 is at pos2; obj31 is at pos3; obj32 is at pos3; obj33 is at pos3; obj41 is at pos4; obj42 is at pos4; obj43 is at pos4; obj51 is at pos5; obj52 is at pos5; obj53 is at pos5; obj61 is at pos6; obj62 is at pos6; obj63 is at pos6; obj71 is at pos7; obj72 is at pos7; obj73 is at pos7; obj81 is at pos8; obj82 is at pos8; obj83 is at pos8; obj91 is at pos9; obj92 is at pos9; obj93 is at pos9; obj101 is at pos10; obj102 is at pos10; obj103 is at pos10; obj111 is at pos11; obj112 is at pos11; obj113 is at pos11.",direct,true,covered,The exact atom is explicitly stated in the cited inventory or mapping.
init,(at tru7 pos7),"Initially, the trucks are positioned as follows: tru1 is at pos1; tru2 is at pos2; tru3 is at pos3; tru4 is at pos4; tru5 is at pos5; tru6 is at pos6; tru7 is at pos7; tru8 is at pos8; tru9 is at pos9; tru10 is at pos10; tru11 is at pos11.",direct,true,covered,The exact atom is explicitly stated in the cited inventory or mapping.
init,(at obj71 pos7),"Initially, the packages are positioned as follows: obj11 is at pos1; obj12 is at pos1; obj13 is at pos1; obj21 is at pos2; obj22 is at pos2; obj23 is at pos2; obj31 is at pos3; obj32 is at pos3; obj33 is at pos3; obj41 is at pos4; obj42 is at pos4; obj43 is at pos4; obj51 is at pos5; obj52 is at pos5; obj53 is at pos5; obj61 is at pos6; obj62 is at pos6; obj63 is at pos6; obj71 is at pos7; obj72 is at pos7; obj73 is at pos7; obj81 is at pos8; obj82 is at pos8; obj83 is at pos8; obj91 is at pos9; obj92 is at pos9; obj93 is at pos9; obj101 is at pos10; obj102 is at pos10; obj103 is at pos10; obj111 is at pos11; obj112 is at pos11; obj113 is at pos11.",direct,true,covered,The exact atom is explicitly stated in the cited inventory or mapping.
init,(at obj72 pos7),"Initially, the packages are positioned as follows: obj11 is at pos1; obj12 is at pos1; obj13 is at pos1; obj21 is at pos2; obj22 is at pos2; obj23 is at pos2; obj31 is at pos3; obj32 is at pos3; obj33 is at pos3; obj41 is at pos4; obj42 is at pos4; obj43 is at pos4; obj51 is at pos5; obj52 is at pos5; obj53 is at pos5; obj61 is at pos6; obj62 is at pos6; obj63 is at pos6; obj71 is at pos7; obj72 is at pos7; obj73 is at pos7; obj81 is at pos8; obj82 is at pos8; obj83 is at pos8; obj91 is at pos9; obj92 is at pos9; obj93 is at pos9; obj101 is at pos10; obj102 is at pos10; obj103 is at pos10; obj111 is at pos11; obj112 is at pos11; obj113 is at pos11.",direct,true,covered,The exact atom is explicitly stated in the cited inventory or mapping.
init,(at obj73 pos7),"Initially, the packages are positioned as follows: obj11 is at pos1; obj12 is at pos1; obj13 is at pos1; obj21 is at pos2; obj22 is at pos2; obj23 is at pos2; obj31 is at pos3; obj32 is at pos3; obj33 is at pos3; obj41 is at pos4; obj42 is at pos4; obj43 is at pos4; obj51 is at pos5; obj52 is at pos5; obj53 is at pos5; obj61 is at pos6; obj62 is at pos6; obj63 is at pos6; obj71 is at pos7; obj72 is at pos7; obj73 is at pos7; obj81 is at pos8; obj82 is at pos8; obj83 is at pos8; obj91 is at pos9; obj92 is at pos9; obj93 is at pos9; obj101 is at pos10; obj102 is at pos10; obj103 is at pos10; obj111 is at pos11; obj112 is at pos11; obj113 is at pos11.",direct,true,covered,The exact atom is explicitly stated in the cited inventory or mapping.
init,(at tru8 pos8),"Initially, the trucks are positioned as follows: tru1 is at pos1; tru2 is at pos2; tru3 is at pos3; tru4 is at pos4; tru5 is at pos5; tru6 is at pos6; tru7 is at pos7; tru8 is at pos8; tru9 is at pos9; tru10 is at pos10; tru11 is at pos11.",direct,true,covered,The exact atom is explicitly stated in the cited inventory or mapping.
init,(at obj81 pos8),"Initially, the packages are positioned as follows: obj11 is at pos1; obj12 is at pos1; obj13 is at pos1; obj21 is at pos2; obj22 is at pos2; obj23 is at pos2; obj31 is at pos3; obj32 is at pos3; obj33 is at pos3; obj41 is at pos4; obj42 is at pos4; obj43 is at pos4; obj51 is at pos5; obj52 is at pos5; obj53 is at pos5; obj61 is at pos6; obj62 is at pos6; obj63 is at pos6; obj71 is at pos7; obj72 is at pos7; obj73 is at pos7; obj81 is at pos8; obj82 is at pos8; obj83 is at pos8; obj91 is at pos9; obj92 is at pos9; obj93 is at pos9; obj101 is at pos10; obj102 is at pos10; obj103 is at pos10; obj111 is at pos11; obj112 is at pos11; obj113 is at pos11.",direct,true,covered,The exact atom is explicitly stated in the cited inventory or mapping.
init,(at obj82 pos8),"Initially, the packages are positioned as follows: obj11 is at pos1; obj12 is at pos1; obj13 is at pos1; obj21 is at pos2; obj22 is at pos2; obj23 is at pos2; obj31 is at pos3; obj32 is at pos3; obj33 is at pos3; obj41 is at pos4; obj42 is at pos4; obj43 is at pos4; obj51 is at pos5; obj52 is at pos5; obj53 is at pos5; obj61 is at pos6; obj62 is at pos6; obj63 is at pos6; obj71 is at pos7; obj72 is at pos7; obj73 is at pos7; obj81 is at pos8; obj82 is at pos8; obj83 is at pos8; obj91 is at pos9; obj92 is at pos9; obj93 is at pos9; obj101 is at pos10; obj102 is at pos10; obj103 is at pos10; obj111 is at pos11; obj112 is at pos11; obj113 is at pos11.",direct,true,covered,The exact atom is explicitly stated in the cited inventory or mapping.
init,(at obj83 pos8),"Initially, the packages are positioned as follows: obj11 is at pos1; obj12 is at pos1; obj13 is at pos1; obj21 is at pos2; obj22 is at pos2; obj23 is at pos2; obj31 is at pos3; obj32 is at pos3; obj33 is at pos3; obj41 is at pos4; obj42 is at pos4; obj43 is at pos4; obj51 is at pos5; obj52 is at pos5; obj53 is at pos5; obj61 is at pos6; obj62 is at pos6; obj63 is at pos6; obj71 is at pos7; obj72 is at pos7; obj73 is at pos7; obj81 is at pos8; obj82 is at pos8; obj83 is at pos8; obj91 is at pos9; obj92 is at pos9; obj93 is at pos9; obj101 is at pos10; obj102 is at pos10; obj103 is at pos10; obj111 is at pos11; obj112 is at pos11; obj113 is at pos11.",direct,true,covered,The exact atom is explicitly stated in the cited inventory or mapping.
init,(at tru9 pos9),"Initially, the trucks are positioned as follows: tru1 is at pos1; tru2 is at pos2; tru3 is at pos3; tru4 is at pos4; tru5 is at pos5; tru6 is at pos6; tru7 is at pos7; tru8 is at pos8; tru9 is at pos9; tru10 is at pos10; tru11 is at pos11.",direct,true,covered,The exact atom is explicitly stated in the cited inventory or mapping.
init,(at obj91 pos9),"Initially, the packages are positioned as follows: obj11 is at pos1; obj12 is at pos1; obj13 is at pos1; obj21 is at pos2; obj22 is at pos2; obj23 is at pos2; obj31 is at pos3; obj32 is at pos3; obj33 is at pos3; obj41 is at pos4; obj42 is at pos4; obj43 is at pos4; obj51 is at pos5; obj52 is at pos5; obj53 is at pos5; obj61 is at pos6; obj62 is at pos6; obj63 is at pos6; obj71 is at pos7; obj72 is at pos7; obj73 is at pos7; obj81 is at pos8; obj82 is at pos8; obj83 is at pos8; obj91 is at pos9; obj92 is at pos9; obj93 is at pos9; obj101 is at pos10; obj102 is at pos10; obj103 is at pos10; obj111 is at pos11; obj112 is at pos11; obj113 is at pos11.",direct,true,covered,The exact atom is explicitly stated in the cited inventory or mapping.
init,(at obj92 pos9),"Initially, the packages are positioned as follows: obj11 is at pos1; obj12 is at pos1; obj13 is at pos1; obj21 is at pos2; obj22 is at pos2; obj23 is at pos2; obj31 is at pos3; obj32 is at pos3; obj33 is at pos3; obj41 is at pos4; obj42 is at pos4; obj43 is at pos4; obj51 is at pos5; obj52 is at pos5; obj53 is at pos5; obj61 is at pos6; obj62 is at pos6; obj63 is at pos6; obj71 is at pos7; obj72 is at pos7; obj73 is at pos7; obj81 is at pos8; obj82 is at pos8; obj83 is at pos8; obj91 is at pos9; obj92 is at pos9; obj93 is at pos9; obj101 is at pos10; obj102 is at pos10; obj103 is at pos10; obj111 is at pos11; obj112 is at pos11; obj113 is at pos11.",direct,true,covered,The exact atom is explicitly stated in the cited inventory or mapping.
init,(at obj93 pos9),"Initially, the packages are positioned as follows: obj11 is at pos1; obj12 is at pos1; obj13 is at pos1; obj21 is at pos2; obj22 is at pos2; obj23 is at pos2; obj31 is at pos3; obj32 is at pos3; obj33 is at pos3; obj41 is at pos4; obj42 is at pos4; obj43 is at pos4; obj51 is at pos5; obj52 is at pos5; obj53 is at pos5; obj61 is at pos6; obj62 is at pos6; obj63 is at pos6; obj71 is at pos7; obj72 is at pos7; obj73 is at pos7; obj81 is at pos8; obj82 is at pos8; obj83 is at pos8; obj91 is at pos9; obj92 is at pos9; obj93 is at pos9; obj101 is at pos10; obj102 is at pos10; obj103 is at pos10; obj111 is at pos11; obj112 is at pos11; obj113 is at pos11.",direct,true,covered,The exact atom is explicitly stated in the cited inventory or mapping.
init,(at tru10 pos10),"Initially, the trucks are positioned as follows: tru1 is at pos1; tru2 is at pos2; tru3 is at pos3; tru4 is at pos4; tru5 is at pos5; tru6 is at pos6; tru7 is at pos7; tru8 is at pos8; tru9 is at pos9; tru10 is at pos10; tru11 is at pos11.",direct,true,covered,The exact atom is explicitly stated in the cited inventory or mapping.
init,(at obj101 pos10),"Initially, the packages are positioned as follows: obj11 is at pos1; obj12 is at pos1; obj13 is at pos1; obj21 is at pos2; obj22 is at pos2; obj23 is at pos2; obj31 is at pos3; obj32 is at pos3; obj33 is at pos3; obj41 is at pos4; obj42 is at pos4; obj43 is at pos4; obj51 is at pos5; obj52 is at pos5; obj53 is at pos5; obj61 is at pos6; obj62 is at pos6; obj63 is at pos6; obj71 is at pos7; obj72 is at pos7; obj73 is at pos7; obj81 is at pos8; obj82 is at pos8; obj83 is at pos8; obj91 is at pos9; obj92 is at pos9; obj93 is at pos9; obj101 is at pos10; obj102 is at pos10; obj103 is at pos10; obj111 is at pos11; obj112 is at pos11; obj113 is at pos11.",direct,true,covered,The exact atom is explicitly stated in the cited inventory or mapping.
init,(at obj102 pos10),"Initially, the packages are positioned as follows: obj11 is at pos1; obj12 is at pos1; obj13 is at pos1; obj21 is at pos2; obj22 is at pos2; obj23 is at pos2; obj31 is at pos3; obj32 is at pos3; obj33 is at pos3; obj41 is at pos4; obj42 is at pos4; obj43 is at pos4; obj51 is at pos5; obj52 is at pos5; obj53 is at pos5; obj61 is at pos6; obj62 is at pos6; obj63 is at pos6; obj71 is at pos7; obj72 is at pos7; obj73 is at pos7; obj81 is at pos8; obj82 is at pos8; obj83 is at pos8; obj91 is at pos9; obj92 is at pos9; obj93 is at pos9; obj101 is at pos10; obj102 is at pos10; obj103 is at pos10; obj111 is at pos11; obj112 is at pos11; obj113 is at pos11.",direct,true,covered,The exact atom is explicitly stated in the cited inventory or mapping.
init,(at obj103 pos10),"Initially, the packages are positioned as follows: obj11 is at pos1; obj12 is at pos1; obj13 is at pos1; obj21 is at pos2; obj22 is at pos2; obj23 is at pos2; obj31 is at pos3; obj32 is at pos3; obj33 is at pos3; obj41 is at pos4; obj42 is at pos4; obj43 is at pos4; obj51 is at pos5; obj52 is at pos5; obj53 is at pos5; obj61 is at pos6; obj62 is at pos6; obj63 is at pos6; obj71 is at pos7; obj72 is at pos7; obj73 is at pos7; obj81 is at pos8; obj82 is at pos8; obj83 is at pos8; obj91 is at pos9; obj92 is at pos9; obj93 is at pos9; obj101 is at pos10; obj102 is at pos10; obj103 is at pos10; obj111 is at pos11; obj112 is at pos11; obj113 is at pos11.",direct,true,covered,The exact atom is explicitly stated in the cited inventory or mapping.
init,(at tru11 pos11),"Initially, the trucks are positioned as follows: tru1 is at pos1; tru2 is at pos2; tru3 is at pos3; tru4 is at pos4; tru5 is at pos5; tru6 is at pos6; tru7 is at pos7; tru8 is at pos8; tru9 is at pos9; tru10 is at pos10; tru11 is at pos11.",direct,true,covered,The exact atom is explicitly stated in the cited inventory or mapping.
init,(at obj111 pos11),"Initially, the packages are positioned as follows: obj11 is at pos1; obj12 is at pos1; obj13 is at pos1; obj21 is at pos2; obj22 is at pos2; obj23 is at pos2; obj31 is at pos3; obj32 is at pos3; obj33 is at pos3; obj41 is at pos4; obj42 is at pos4; obj43 is at pos4; obj51 is at pos5; obj52 is at pos5; obj53 is at pos5; obj61 is at pos6; obj62 is at pos6; obj63 is at pos6; obj71 is at pos7; obj72 is at pos7; obj73 is at pos7; obj81 is at pos8; obj82 is at pos8; obj83 is at pos8; obj91 is at pos9; obj92 is at pos9; obj93 is at pos9; obj101 is at pos10; obj102 is at pos10; obj103 is at pos10; obj111 is at pos11; obj112 is at pos11; obj113 is at pos11.",direct,true,covered,The exact atom is explicitly stated in the cited inventory or mapping.
init,(at obj112 pos11),"Initially, the packages are positioned as follows: obj11 is at pos1; obj12 is at pos1; obj13 is at pos1; obj21 is at pos2; obj22 is at pos2; obj23 is at pos2; obj31 is at pos3; obj32 is at pos3; obj33 is at pos3; obj41 is at pos4; obj42 is at pos4; obj43 is at pos4; obj51 is at pos5; obj52 is at pos5; obj53 is at pos5; obj61 is at pos6; obj62 is at pos6; obj63 is at pos6; obj71 is at pos7; obj72 is at pos7; obj73 is at pos7; obj81 is at pos8; obj82 is at pos8; obj83 is at pos8; obj91 is at pos9; obj92 is at pos9; obj93 is at pos9; obj101 is at pos10; obj102 is at pos10; obj103 is at pos10; obj111 is at pos11; obj112 is at pos11; obj113 is at pos11.",direct,true,covered,The exact atom is explicitly stated in the cited inventory or mapping.
init,(at obj113 pos11),"Initially, the packages are positioned as follows: obj11 is at pos1; obj12 is at pos1; obj13 is at pos1; obj21 is at pos2; obj22 is at pos2; obj23 is at pos2; obj31 is at pos3; obj32 is at pos3; obj33 is at pos3; obj41 is at pos4; obj42 is at pos4; obj43 is at pos4; obj51 is at pos5; obj52 is at pos5; obj53 is at pos5; obj61 is at pos6; obj62 is at pos6; obj63 is at pos6; obj71 is at pos7; obj72 is at pos7; obj73 is at pos7; obj81 is at pos8; obj82 is at pos8; obj83 is at pos8; obj91 is at pos9; obj92 is at pos9; obj93 is at pos9; obj101 is at pos10; obj102 is at pos10; obj103 is at pos10; obj111 is at pos11; obj112 is at pos11; obj113 is at pos11.",direct,true,covered,The exact atom is explicitly stated in the cited inventory or mapping.
init,(in-city pos1 cit1),The location-to-city relationships are: pos1 is in cit1; apt1 is in cit1; pos2 is in cit2; apt2 is in cit2; pos3 is in cit3; apt3 is in cit3; pos4 is in cit4; apt4 is in cit4; pos5 is in cit5; apt5 is in cit5; pos6 is in cit6; apt6 is in cit6; pos7 is in cit7; apt7 is in cit7; pos8 is in cit8; apt8 is in cit8; pos9 is in cit9; apt9 is in cit9; pos10 is in cit10; apt10 is in cit10; pos11 is in cit11; apt11 is in cit11.,direct,true,covered,The exact atom is explicitly stated in the cited inventory or mapping.
init,(in-city apt1 cit1),The location-to-city relationships are: pos1 is in cit1; apt1 is in cit1; pos2 is in cit2; apt2 is in cit2; pos3 is in cit3; apt3 is in cit3; pos4 is in cit4; apt4 is in cit4; pos5 is in cit5; apt5 is in cit5; pos6 is in cit6; apt6 is in cit6; pos7 is in cit7; apt7 is in cit7; pos8 is in cit8; apt8 is in cit8; pos9 is in cit9; apt9 is in cit9; pos10 is in cit10; apt10 is in cit10; pos11 is in cit11; apt11 is in cit11.,direct,true,covered,The exact atom is explicitly stated in the cited inventory or mapping.
init,(in-city pos2 cit2),The location-to-city relationships are: pos1 is in cit1; apt1 is in cit1; pos2 is in cit2; apt2 is in cit2; pos3 is in cit3; apt3 is in cit3; pos4 is in cit4; apt4 is in cit4; pos5 is in cit5; apt5 is in cit5; pos6 is in cit6; apt6 is in cit6; pos7 is in cit7; apt7 is in cit7; pos8 is in cit8; apt8 is in cit8; pos9 is in cit9; apt9 is in cit9; pos10 is in cit10; apt10 is in cit10; pos11 is in cit11; apt11 is in cit11.,direct,true,covered,The exact atom is explicitly stated in the cited inventory or mapping.
init,(in-city apt2 cit2),The location-to-city relationships are: pos1 is in cit1; apt1 is in cit1; pos2 is in cit2; apt2 is in cit2; pos3 is in cit3; apt3 is in cit3; pos4 is in cit4; apt4 is in cit4; pos5 is in cit5; apt5 is in cit5; pos6 is in cit6; apt6 is in cit6; pos7 is in cit7; apt7 is in cit7; pos8 is in cit8; apt8 is in cit8; pos9 is in cit9; apt9 is in cit9; pos10 is in cit10; apt10 is in cit10; pos11 is in cit11; apt11 is in cit11.,direct,true,covered,The exact atom is explicitly stated in the cited inventory or mapping.
init,(in-city pos3 cit3),The location-to-city relationships are: pos1 is in cit1; apt1 is in cit1; pos2 is in cit2; apt2 is in cit2; pos3 is in cit3; apt3 is in cit3; pos4 is in cit4; apt4 is in cit4; pos5 is in cit5; apt5 is in cit5; pos6 is in cit6; apt6 is in cit6; pos7 is in cit7; apt7 is in cit7; pos8 is in cit8; apt8 is in cit8; pos9 is in cit9; apt9 is in cit9; pos10 is in cit10; apt10 is in cit10; pos11 is in cit11; apt11 is in cit11.,direct,true,covered,The exact atom is explicitly stated in the cited inventory or mapping.
init,(in-city apt3 cit3),The location-to-city relationships are: pos1 is in cit1; apt1 is in cit1; pos2 is in cit2; apt2 is in cit2; pos3 is in cit3; apt3 is in cit3; pos4 is in cit4; apt4 is in cit4; pos5 is in cit5; apt5 is in cit5; pos6 is in cit6; apt6 is in cit6; pos7 is in cit7; apt7 is in cit7; pos8 is in cit8; apt8 is in cit8; pos9 is in cit9; apt9 is in cit9; pos10 is in cit10; apt10 is in cit10; pos11 is in cit11; apt11 is in cit11.,direct,true,covered,The exact atom is explicitly stated in the cited inventory or mapping.
init,(in-city pos4 cit4),The location-to-city relationships are: pos1 is in cit1; apt1 is in cit1; pos2 is in cit2; apt2 is in cit2; pos3 is in cit3; apt3 is in cit3; pos4 is in cit4; apt4 is in cit4; pos5 is in cit5; apt5 is in cit5; pos6 is in cit6; apt6 is in cit6; pos7 is in cit7; apt7 is in cit7; pos8 is in cit8; apt8 is in cit8; pos9 is in cit9; apt9 is in cit9; pos10 is in cit10; apt10 is in cit10; pos11 is in cit11; apt11 is in cit11.,direct,true,covered,The exact atom is explicitly stated in the cited inventory or mapping.
init,(in-city apt4 cit4),The location-to-city relationships are: pos1 is in cit1; apt1 is in cit1; pos2 is in cit2; apt2 is in cit2; pos3 is in cit3; apt3 is in cit3; pos4 is in cit4; apt4 is in cit4; pos5 is in cit5; apt5 is in cit5; pos6 is in cit6; apt6 is in cit6; pos7 is in cit7; apt7 is in cit7; pos8 is in cit8; apt8 is in cit8; pos9 is in cit9; apt9 is in cit9; pos10 is in cit10; apt10 is in cit10; pos11 is in cit11; apt11 is in cit11.,direct,true,covered,The exact atom is explicitly stated in the cited inventory or mapping.
init,(in-city pos5 cit5),The location-to-city relationships are: pos1 is in cit1; apt1 is in cit1; pos2 is in cit2; apt2 is in cit2; pos3 is in cit3; apt3 is in cit3; pos4 is in cit4; apt4 is in cit4; pos5 is in cit5; apt5 is in cit5; pos6 is in cit6; apt6 is in cit6; pos7 is in cit7; apt7 is in cit7; pos8 is in cit8; apt8 is in cit8; pos9 is in cit9; apt9 is in cit9; pos10 is in cit10; apt10 is in cit10; pos11 is in cit11; apt11 is in cit11.,direct,true,covered,The exact atom is explicitly stated in the cited inventory or mapping.
init,(in-city apt5 cit5),The location-to-city relationships are: pos1 is in cit1; apt1 is in cit1; pos2 is in cit2; apt2 is in cit2; pos3 is in cit3; apt3 is in cit3; pos4 is in cit4; apt4 is in cit4; pos5 is in cit5; apt5 is in cit5; pos6 is in cit6; apt6 is in cit6; pos7 is in cit7; apt7 is in cit7; pos8 is in cit8; apt8 is in cit8; pos9 is in cit9; apt9 is in cit9; pos10 is in cit10; apt10 is in cit10; pos11 is in cit11; apt11 is in cit11.,direct,true,covered,The exact atom is explicitly stated in the cited inventory or mapping.
init,(in-city pos6 cit6),The location-to-city relationships are: pos1 is in cit1; apt1 is in cit1; pos2 is in cit2; apt2 is in cit2; pos3 is in cit3; apt3 is in cit3; pos4 is in cit4; apt4 is in cit4; pos5 is in cit5; apt5 is in cit5; pos6 is in cit6; apt6 is in cit6; pos7 is in cit7; apt7 is in cit7; pos8 is in cit8; apt8 is in cit8; pos9 is in cit9; apt9 is in cit9; pos10 is in cit10; apt10 is in cit10; pos11 is in cit11; apt11 is in cit11.,direct,true,covered,The exact atom is explicitly stated in the cited inventory or mapping.
init,(in-city apt6 cit6),The location-to-city relationships are: pos1 is in cit1; apt1 is in cit1; pos2 is in cit2; apt2 is in cit2; pos3 is in cit3; apt3 is in cit3; pos4 is in cit4; apt4 is in cit4; pos5 is in cit5; apt5 is in cit5; pos6 is in cit6; apt6 is in cit6; pos7 is in cit7; apt7 is in cit7; pos8 is in cit8; apt8 is in cit8; pos9 is in cit9; apt9 is in cit9; pos10 is in cit10; apt10 is in cit10; pos11 is in cit11; apt11 is in cit11.,direct,true,covered,The exact atom is explicitly stated in the cited inventory or mapping.
init,(in-city pos7 cit7),The location-to-city relationships are: pos1 is in cit1; apt1 is in cit1; pos2 is in cit2; apt2 is in cit2; pos3 is in cit3; apt3 is in cit3; pos4 is in cit4; apt4 is in cit4; pos5 is in cit5; apt5 is in cit5; pos6 is in cit6; apt6 is in cit6; pos7 is in cit7; apt7 is in cit7; pos8 is in cit8; apt8 is in cit8; pos9 is in cit9; apt9 is in cit9; pos10 is in cit10; apt10 is in cit10; pos11 is in cit11; apt11 is in cit11.,direct,true,covered,The exact atom is explicitly stated in the cited inventory or mapping.
init,(in-city apt7 cit7),The location-to-city relationships are: pos1 is in cit1; apt1 is in cit1; pos2 is in cit2; apt2 is in cit2; pos3 is in cit3; apt3 is in cit3; pos4 is in cit4; apt4 is in cit4; pos5 is in cit5; apt5 is in cit5; pos6 is in cit6; apt6 is in cit6; pos7 is in cit7; apt7 is in cit7; pos8 is in cit8; apt8 is in cit8; pos9 is in cit9; apt9 is in cit9; pos10 is in cit10; apt10 is in cit10; pos11 is in cit11; apt11 is in cit11.,direct,true,covered,The exact atom is explicitly stated in the cited inventory or mapping.
init,(in-city pos8 cit8),The location-to-city relationships are: pos1 is in cit1; apt1 is in cit1; pos2 is in cit2; apt2 is in cit2; pos3 is in cit3; apt3 is in cit3; pos4 is in cit4; apt4 is in cit4; pos5 is in cit5; apt5 is in cit5; pos6 is in cit6; apt6 is in cit6; pos7 is in cit7; apt7 is in cit7; pos8 is in cit8; apt8 is in cit8; pos9 is in cit9; apt9 is in cit9; pos10 is in cit10; apt10 is in cit10; pos11 is in cit11; apt11 is in cit11.,direct,true,covered,The exact atom is explicitly stated in the cited inventory or mapping.
init,(in-city apt8 cit8),The location-to-city relationships are: pos1 is in cit1; apt1 is in cit1; pos2 is in cit2; apt2 is in cit2; pos3 is in cit3; apt3 is in cit3; pos4 is in cit4; apt4 is in cit4; pos5 is in cit5; apt5 is in cit5; pos6 is in cit6; apt6 is in cit6; pos7 is in cit7; apt7 is in cit7; pos8 is in cit8; apt8 is in cit8; pos9 is in cit9; apt9 is in cit9; pos10 is in cit10; apt10 is in cit10; pos11 is in cit11; apt11 is in cit11.,direct,true,covered,The exact atom is explicitly stated in the cited inventory or mapping.
init,(in-city pos9 cit9),The location-to-city relationships are: pos1 is in cit1; apt1 is in cit1; pos2 is in cit2; apt2 is in cit2; pos3 is in cit3; apt3 is in cit3; pos4 is in cit4; apt4 is in cit4; pos5 is in cit5; apt5 is in cit5; pos6 is in cit6; apt6 is in cit6; pos7 is in cit7; apt7 is in cit7; pos8 is in cit8; apt8 is in cit8; pos9 is in cit9; apt9 is in cit9; pos10 is in cit10; apt10 is in cit10; pos11 is in cit11; apt11 is in cit11.,direct,true,covered,The exact atom is explicitly stated in the cited inventory or mapping.
init,(in-city apt9 cit9),The location-to-city relationships are: pos1 is in cit1; apt1 is in cit1; pos2 is in cit2; apt2 is in cit2; pos3 is in cit3; apt3 is in cit3; pos4 is in cit4; apt4 is in cit4; pos5 is in cit5; apt5 is in cit5; pos6 is in cit6; apt6 is in cit6; pos7 is in cit7; apt7 is in cit7; pos8 is in cit8; apt8 is in cit8; pos9 is in cit9; apt9 is in cit9; pos10 is in cit10; apt10 is in cit10; pos11 is in cit11; apt11 is in cit11.,direct,true,covered,The exact atom is explicitly stated in the cited inventory or mapping.
init,(in-city pos10 cit10),The location-to-city relationships are: pos1 is in cit1; apt1 is in cit1; pos2 is in cit2; apt2 is in cit2; pos3 is in cit3; apt3 is in cit3; pos4 is in cit4; apt4 is in cit4; pos5 is in cit5; apt5 is in cit5; pos6 is in cit6; apt6 is in cit6; pos7 is in cit7; apt7 is in cit7; pos8 is in cit8; apt8 is in cit8; pos9 is in cit9; apt9 is in cit9; pos10 is in cit10; apt10 is in cit10; pos11 is in cit11; apt11 is in cit11.,direct,true,covered,The exact atom is explicitly stated in the cited inventory or mapping.
init,(in-city apt10 cit10),The location-to-city relationships are: pos1 is in cit1; apt1 is in cit1; pos2 is in cit2; apt2 is in cit2; pos3 is in cit3; apt3 is in cit3; pos4 is in cit4; apt4 is in cit4; pos5 is in cit5; apt5 is in cit5; pos6 is in cit6; apt6 is in cit6; pos7 is in cit7; apt7 is in cit7; pos8 is in cit8; apt8 is in cit8; pos9 is in cit9; apt9 is in cit9; pos10 is in cit10; apt10 is in cit10; pos11 is in cit11; apt11 is in cit11.,direct,true,covered,The exact atom is explicitly stated in the cited inventory or mapping.
init,(in-city pos11 cit11),The location-to-city relationships are: pos1 is in cit1; apt1 is in cit1; pos2 is in cit2; apt2 is in cit2; pos3 is in cit3; apt3 is in cit3; pos4 is in cit4; apt4 is in cit4; pos5 is in cit5; apt5 is in cit5; pos6 is in cit6; apt6 is in cit6; pos7 is in cit7; apt7 is in cit7; pos8 is in cit8; apt8 is in cit8; pos9 is in cit9; apt9 is in cit9; pos10 is in cit10; apt10 is in cit10; pos11 is in cit11; apt11 is in cit11.,direct,true,covered,The exact atom is explicitly stated in the cited inventory or mapping.
init,(in-city apt11 cit11),The location-to-city relationships are: pos1 is in cit1; apt1 is in cit1; pos2 is in cit2; apt2 is in cit2; pos3 is in cit3; apt3 is in cit3; pos4 is in cit4; apt4 is in cit4; pos5 is in cit5; apt5 is in cit5; pos6 is in cit6; apt6 is in cit6; pos7 is in cit7; apt7 is in cit7; pos8 is in cit8; apt8 is in cit8; pos9 is in cit9; apt9 is in cit9; pos10 is in cit10; apt10 is in cit10; pos11 is in cit11; apt11 is in cit11.,direct,true,covered,The exact atom is explicitly stated in the cited inventory or mapping.
goal,(at obj33 apt1),The goal is for the packages to reach these destinations: obj33 must be at apt1; obj71 must be at apt10; obj83 must be at pos3; obj23 must be at apt3; obj32 must be at apt4; obj41 must be at apt6; obj21 must be at apt5; obj82 must be at apt11; obj112 must be at apt7; obj62 must be at pos1; obj72 must be at pos10; obj113 must be at pos9; obj73 must be at pos5; obj102 must be at apt9; obj92 must be at apt9; obj91 must be at pos8; obj61 must be at pos7; obj42 must be at apt6; obj22 must be at pos6; obj12 must be at pos9; obj11 must be at pos9; obj53 must be at pos10; obj51 must be at apt9; obj13 must be at apt2; obj93 must be at apt11; obj111 must be at pos5; obj63 must be at pos10; obj43 must be at pos11; obj101 must be at pos4; obj103 must be at apt3; obj52 must be at apt8; obj31 must be at pos10; obj81 must be at apt10.,direct,true,covered,The complete goal sentence explicitly states this package-destination pair.
goal,(at obj71 apt10),The goal is for the packages to reach these destinations: obj33 must be at apt1; obj71 must be at apt10; obj83 must be at pos3; obj23 must be at apt3; obj32 must be at apt4; obj41 must be at apt6; obj21 must be at apt5; obj82 must be at apt11; obj112 must be at apt7; obj62 must be at pos1; obj72 must be at pos10; obj113 must be at pos9; obj73 must be at pos5; obj102 must be at apt9; obj92 must be at apt9; obj91 must be at pos8; obj61 must be at pos7; obj42 must be at apt6; obj22 must be at pos6; obj12 must be at pos9; obj11 must be at pos9; obj53 must be at pos10; obj51 must be at apt9; obj13 must be at apt2; obj93 must be at apt11; obj111 must be at pos5; obj63 must be at pos10; obj43 must be at pos11; obj101 must be at pos4; obj103 must be at apt3; obj52 must be at apt8; obj31 must be at pos10; obj81 must be at apt10.,direct,true,covered,The complete goal sentence explicitly states this package-destination pair.
goal,(at obj83 pos3),The goal is for the packages to reach these destinations: obj33 must be at apt1; obj71 must be at apt10; obj83 must be at pos3; obj23 must be at apt3; obj32 must be at apt4; obj41 must be at apt6; obj21 must be at apt5; obj82 must be at apt11; obj112 must be at apt7; obj62 must be at pos1; obj72 must be at pos10; obj113 must be at pos9; obj73 must be at pos5; obj102 must be at apt9; obj92 must be at apt9; obj91 must be at pos8; obj61 must be at pos7; obj42 must be at apt6; obj22 must be at pos6; obj12 must be at pos9; obj11 must be at pos9; obj53 must be at pos10; obj51 must be at apt9; obj13 must be at apt2; obj93 must be at apt11; obj111 must be at pos5; obj63 must be at pos10; obj43 must be at pos11; obj101 must be at pos4; obj103 must be at apt3; obj52 must be at apt8; obj31 must be at pos10; obj81 must be at apt10.,direct,true,covered,The complete goal sentence explicitly states this package-destination pair.
goal,(at obj23 apt3),The goal is for the packages to reach these destinations: obj33 must be at apt1; obj71 must be at apt10; obj83 must be at pos3; obj23 must be at apt3; obj32 must be at apt4; obj41 must be at apt6; obj21 must be at apt5; obj82 must be at apt11; obj112 must be at apt7; obj62 must be at pos1; obj72 must be at pos10; obj113 must be at pos9; obj73 must be at pos5; obj102 must be at apt9; obj92 must be at apt9; obj91 must be at pos8; obj61 must be at pos7; obj42 must be at apt6; obj22 must be at pos6; obj12 must be at pos9; obj11 must be at pos9; obj53 must be at pos10; obj51 must be at apt9; obj13 must be at apt2; obj93 must be at apt11; obj111 must be at pos5; obj63 must be at pos10; obj43 must be at pos11; obj101 must be at pos4; obj103 must be at apt3; obj52 must be at apt8; obj31 must be at pos10; obj81 must be at apt10.,direct,true,covered,The complete goal sentence explicitly states this package-destination pair.
goal,(at obj32 apt4),The goal is for the packages to reach these destinations: obj33 must be at apt1; obj71 must be at apt10; obj83 must be at pos3; obj23 must be at apt3; obj32 must be at apt4; obj41 must be at apt6; obj21 must be at apt5; obj82 must be at apt11; obj112 must be at apt7; obj62 must be at pos1; obj72 must be at pos10; obj113 must be at pos9; obj73 must be at pos5; obj102 must be at apt9; obj92 must be at apt9; obj91 must be at pos8; obj61 must be at pos7; obj42 must be at apt6; obj22 must be at pos6; obj12 must be at pos9; obj11 must be at pos9; obj53 must be at pos10; obj51 must be at apt9; obj13 must be at apt2; obj93 must be at apt11; obj111 must be at pos5; obj63 must be at pos10; obj43 must be at pos11; obj101 must be at pos4; obj103 must be at apt3; obj52 must be at apt8; obj31 must be at pos10; obj81 must be at apt10.,direct,true,covered,The complete goal sentence explicitly states this package-destination pair.
goal,(at obj41 apt6),The goal is for the packages to reach these destinations: obj33 must be at apt1; obj71 must be at apt10; obj83 must be at pos3; obj23 must be at apt3; obj32 must be at apt4; obj41 must be at apt6; obj21 must be at apt5; obj82 must be at apt11; obj112 must be at apt7; obj62 must be at pos1; obj72 must be at pos10; obj113 must be at pos9; obj73 must be at pos5; obj102 must be at apt9; obj92 must be at apt9; obj91 must be at pos8; obj61 must be at pos7; obj42 must be at apt6; obj22 must be at pos6; obj12 must be at pos9; obj11 must be at pos9; obj53 must be at pos10; obj51 must be at apt9; obj13 must be at apt2; obj93 must be at apt11; obj111 must be at pos5; obj63 must be at pos10; obj43 must be at pos11; obj101 must be at pos4; obj103 must be at apt3; obj52 must be at apt8; obj31 must be at pos10; obj81 must be at apt10.,direct,true,covered,The complete goal sentence explicitly states this package-destination pair.
goal,(at obj21 apt5),The goal is for the packages to reach these destinations: obj33 must be at apt1; obj71 must be at apt10; obj83 must be at pos3; obj23 must be at apt3; obj32 must be at apt4; obj41 must be at apt6; obj21 must be at apt5; obj82 must be at apt11; obj112 must be at apt7; obj62 must be at pos1; obj72 must be at pos10; obj113 must be at pos9; obj73 must be at pos5; obj102 must be at apt9; obj92 must be at apt9; obj91 must be at pos8; obj61 must be at pos7; obj42 must be at apt6; obj22 must be at pos6; obj12 must be at pos9; obj11 must be at pos9; obj53 must be at pos10; obj51 must be at apt9; obj13 must be at apt2; obj93 must be at apt11; obj111 must be at pos5; obj63 must be at pos10; obj43 must be at pos11; obj101 must be at pos4; obj103 must be at apt3; obj52 must be at apt8; obj31 must be at pos10; obj81 must be at apt10.,direct,true,covered,The complete goal sentence explicitly states this package-destination pair.
goal,(at obj82 apt11),The goal is for the packages to reach these destinations: obj33 must be at apt1; obj71 must be at apt10; obj83 must be at pos3; obj23 must be at apt3; obj32 must be at apt4; obj41 must be at apt6; obj21 must be at apt5; obj82 must be at apt11; obj112 must be at apt7; obj62 must be at pos1; obj72 must be at pos10; obj113 must be at pos9; obj73 must be at pos5; obj102 must be at apt9; obj92 must be at apt9; obj91 must be at pos8; obj61 must be at pos7; obj42 must be at apt6; obj22 must be at pos6; obj12 must be at pos9; obj11 must be at pos9; obj53 must be at pos10; obj51 must be at apt9; obj13 must be at apt2; obj93 must be at apt11; obj111 must be at pos5; obj63 must be at pos10; obj43 must be at pos11; obj101 must be at pos4; obj103 must be at apt3; obj52 must be at apt8; obj31 must be at pos10; obj81 must be at apt10.,direct,true,covered,The complete goal sentence explicitly states this package-destination pair.
goal,(at obj112 apt7),The goal is for the packages to reach these destinations: obj33 must be at apt1; obj71 must be at apt10; obj83 must be at pos3; obj23 must be at apt3; obj32 must be at apt4; obj41 must be at apt6; obj21 must be at apt5; obj82 must be at apt11; obj112 must be at apt7; obj62 must be at pos1; obj72 must be at pos10; obj113 must be at pos9; obj73 must be at pos5; obj102 must be at apt9; obj92 must be at apt9; obj91 must be at pos8; obj61 must be at pos7; obj42 must be at apt6; obj22 must be at pos6; obj12 must be at pos9; obj11 must be at pos9; obj53 must be at pos10; obj51 must be at apt9; obj13 must be at apt2; obj93 must be at apt11; obj111 must be at pos5; obj63 must be at pos10; obj43 must be at pos11; obj101 must be at pos4; obj103 must be at apt3; obj52 must be at apt8; obj31 must be at pos10; obj81 must be at apt10.,direct,true,covered,The complete goal sentence explicitly states this package-destination pair.
goal,(at obj62 pos1),The goal is for the packages to reach these destinations: obj33 must be at apt1; obj71 must be at apt10; obj83 must be at pos3; obj23 must be at apt3; obj32 must be at apt4; obj41 must be at apt6; obj21 must be at apt5; obj82 must be at apt11; obj112 must be at apt7; obj62 must be at pos1; obj72 must be at pos10; obj113 must be at pos9; obj73 must be at pos5; obj102 must be at apt9; obj92 must be at apt9; obj91 must be at pos8; obj61 must be at pos7; obj42 must be at apt6; obj22 must be at pos6; obj12 must be at pos9; obj11 must be at pos9; obj53 must be at pos10; obj51 must be at apt9; obj13 must be at apt2; obj93 must be at apt11; obj111 must be at pos5; obj63 must be at pos10; obj43 must be at pos11; obj101 must be at pos4; obj103 must be at apt3; obj52 must be at apt8; obj31 must be at pos10; obj81 must be at apt10.,direct,true,covered,The complete goal sentence explicitly states this package-destination pair.
goal,(at obj72 pos10),The goal is for the packages to reach these destinations: obj33 must be at apt1; obj71 must be at apt10; obj83 must be at pos3; obj23 must be at apt3; obj32 must be at apt4; obj41 must be at apt6; obj21 must be at apt5; obj82 must be at apt11; obj112 must be at apt7; obj62 must be at pos1; obj72 must be at pos10; obj113 must be at pos9; obj73 must be at pos5; obj102 must be at apt9; obj92 must be at apt9; obj91 must be at pos8; obj61 must be at pos7; obj42 must be at apt6; obj22 must be at pos6; obj12 must be at pos9; obj11 must be at pos9; obj53 must be at pos10; obj51 must be at apt9; obj13 must be at apt2; obj93 must be at apt11; obj111 must be at pos5; obj63 must be at pos10; obj43 must be at pos11; obj101 must be at pos4; obj103 must be at apt3; obj52 must be at apt8; obj31 must be at pos10; obj81 must be at apt10.,direct,true,covered,The complete goal sentence explicitly states this package-destination pair.
goal,(at obj113 pos9),The goal is for the packages to reach these destinations: obj33 must be at apt1; obj71 must be at apt10; obj83 must be at pos3; obj23 must be at apt3; obj32 must be at apt4; obj41 must be at apt6; obj21 must be at apt5; obj82 must be at apt11; obj112 must be at apt7; obj62 must be at pos1; obj72 must be at pos10; obj113 must be at pos9; obj73 must be at pos5; obj102 must be at apt9; obj92 must be at apt9; obj91 must be at pos8; obj61 must be at pos7; obj42 must be at apt6; obj22 must be at pos6; obj12 must be at pos9; obj11 must be at pos9; obj53 must be at pos10; obj51 must be at apt9; obj13 must be at apt2; obj93 must be at apt11; obj111 must be at pos5; obj63 must be at pos10; obj43 must be at pos11; obj101 must be at pos4; obj103 must be at apt3; obj52 must be at apt8; obj31 must be at pos10; obj81 must be at apt10.,direct,true,covered,The complete goal sentence explicitly states this package-destination pair.
goal,(at obj73 pos5),The goal is for the packages to reach these destinations: obj33 must be at apt1; obj71 must be at apt10; obj83 must be at pos3; obj23 must be at apt3; obj32 must be at apt4; obj41 must be at apt6; obj21 must be at apt5; obj82 must be at apt11; obj112 must be at apt7; obj62 must be at pos1; obj72 must be at pos10; obj113 must be at pos9; obj73 must be at pos5; obj102 must be at apt9; obj92 must be at apt9; obj91 must be at pos8; obj61 must be at pos7; obj42 must be at apt6; obj22 must be at pos6; obj12 must be at pos9; obj11 must be at pos9; obj53 must be at pos10; obj51 must be at apt9; obj13 must be at apt2; obj93 must be at apt11; obj111 must be at pos5; obj63 must be at pos10; obj43 must be at pos11; obj101 must be at pos4; obj103 must be at apt3; obj52 must be at apt8; obj31 must be at pos10; obj81 must be at apt10.,direct,true,covered,The complete goal sentence explicitly states this package-destination pair.
goal,(at obj102 apt9),The goal is for the packages to reach these destinations: obj33 must be at apt1; obj71 must be at apt10; obj83 must be at pos3; obj23 must be at apt3; obj32 must be at apt4; obj41 must be at apt6; obj21 must be at apt5; obj82 must be at apt11; obj112 must be at apt7; obj62 must be at pos1; obj72 must be at pos10; obj113 must be at pos9; obj73 must be at pos5; obj102 must be at apt9; obj92 must be at apt9; obj91 must be at pos8; obj61 must be at pos7; obj42 must be at apt6; obj22 must be at pos6; obj12 must be at pos9; obj11 must be at pos9; obj53 must be at pos10; obj51 must be at apt9; obj13 must be at apt2; obj93 must be at apt11; obj111 must be at pos5; obj63 must be at pos10; obj43 must be at pos11; obj101 must be at pos4; obj103 must be at apt3; obj52 must be at apt8; obj31 must be at pos10; obj81 must be at apt10.,direct,true,covered,The complete goal sentence explicitly states this package-destination pair.
goal,(at obj92 apt9),The goal is for the packages to reach these destinations: obj33 must be at apt1; obj71 must be at apt10; obj83 must be at pos3; obj23 must be at apt3; obj32 must be at apt4; obj41 must be at apt6; obj21 must be at apt5; obj82 must be at apt11; obj112 must be at apt7; obj62 must be at pos1; obj72 must be at pos10; obj113 must be at pos9; obj73 must be at pos5; obj102 must be at apt9; obj92 must be at apt9; obj91 must be at pos8; obj61 must be at pos7; obj42 must be at apt6; obj22 must be at pos6; obj12 must be at pos9; obj11 must be at pos9; obj53 must be at pos10; obj51 must be at apt9; obj13 must be at apt2; obj93 must be at apt11; obj111 must be at pos5; obj63 must be at pos10; obj43 must be at pos11; obj101 must be at pos4; obj103 must be at apt3; obj52 must be at apt8; obj31 must be at pos10; obj81 must be at apt10.,direct,true,covered,The complete goal sentence explicitly states this package-destination pair.
goal,(at obj91 pos8),The goal is for the packages to reach these destinations: obj33 must be at apt1; obj71 must be at apt10; obj83 must be at pos3; obj23 must be at apt3; obj32 must be at apt4; obj41 must be at apt6; obj21 must be at apt5; obj82 must be at apt11; obj112 must be at apt7; obj62 must be at pos1; obj72 must be at pos10; obj113 must be at pos9; obj73 must be at pos5; obj102 must be at apt9; obj92 must be at apt9; obj91 must be at pos8; obj61 must be at pos7; obj42 must be at apt6; obj22 must be at pos6; obj12 must be at pos9; obj11 must be at pos9; obj53 must be at pos10; obj51 must be at apt9; obj13 must be at apt2; obj93 must be at apt11; obj111 must be at pos5; obj63 must be at pos10; obj43 must be at pos11; obj101 must be at pos4; obj103 must be at apt3; obj52 must be at apt8; obj31 must be at pos10; obj81 must be at apt10.,direct,true,covered,The complete goal sentence explicitly states this package-destination pair.
goal,(at obj61 pos7),The goal is for the packages to reach these destinations: obj33 must be at apt1; obj71 must be at apt10; obj83 must be at pos3; obj23 must be at apt3; obj32 must be at apt4; obj41 must be at apt6; obj21 must be at apt5; obj82 must be at apt11; obj112 must be at apt7; obj62 must be at pos1; obj72 must be at pos10; obj113 must be at pos9; obj73 must be at pos5; obj102 must be at apt9; obj92 must be at apt9; obj91 must be at pos8; obj61 must be at pos7; obj42 must be at apt6; obj22 must be at pos6; obj12 must be at pos9; obj11 must be at pos9; obj53 must be at pos10; obj51 must be at apt9; obj13 must be at apt2; obj93 must be at apt11; obj111 must be at pos5; obj63 must be at pos10; obj43 must be at pos11; obj101 must be at pos4; obj103 must be at apt3; obj52 must be at apt8; obj31 must be at pos10; obj81 must be at apt10.,direct,true,covered,The complete goal sentence explicitly states this package-destination pair.
goal,(at obj42 apt6),The goal is for the packages to reach these destinations: obj33 must be at apt1; obj71 must be at apt10; obj83 must be at pos3; obj23 must be at apt3; obj32 must be at apt4; obj41 must be at apt6; obj21 must be at apt5; obj82 must be at apt11; obj112 must be at apt7; obj62 must be at pos1; obj72 must be at pos10; obj113 must be at pos9; obj73 must be at pos5; obj102 must be at apt9; obj92 must be at apt9; obj91 must be at pos8; obj61 must be at pos7; obj42 must be at apt6; obj22 must be at pos6; obj12 must be at pos9; obj11 must be at pos9; obj53 must be at pos10; obj51 must be at apt9; obj13 must be at apt2; obj93 must be at apt11; obj111 must be at pos5; obj63 must be at pos10; obj43 must be at pos11; obj101 must be at pos4; obj103 must be at apt3; obj52 must be at apt8; obj31 must be at pos10; obj81 must be at apt10.,direct,true,covered,The complete goal sentence explicitly states this package-destination pair.
goal,(at obj22 pos6),The goal is for the packages to reach these destinations: obj33 must be at apt1; obj71 must be at apt10; obj83 must be at pos3; obj23 must be at apt3; obj32 must be at apt4; obj41 must be at apt6; obj21 must be at apt5; obj82 must be at apt11; obj112 must be at apt7; obj62 must be at pos1; obj72 must be at pos10; obj113 must be at pos9; obj73 must be at pos5; obj102 must be at apt9; obj92 must be at apt9; obj91 must be at pos8; obj61 must be at pos7; obj42 must be at apt6; obj22 must be at pos6; obj12 must be at pos9; obj11 must be at pos9; obj53 must be at pos10; obj51 must be at apt9; obj13 must be at apt2; obj93 must be at apt11; obj111 must be at pos5; obj63 must be at pos10; obj43 must be at pos11; obj101 must be at pos4; obj103 must be at apt3; obj52 must be at apt8; obj31 must be at pos10; obj81 must be at apt10.,direct,true,covered,The complete goal sentence explicitly states this package-destination pair.
goal,(at obj12 pos9),The goal is for the packages to reach these destinations: obj33 must be at apt1; obj71 must be at apt10; obj83 must be at pos3; obj23 must be at apt3; obj32 must be at apt4; obj41 must be at apt6; obj21 must be at apt5; obj82 must be at apt11; obj112 must be at apt7; obj62 must be at pos1; obj72 must be at pos10; obj113 must be at pos9; obj73 must be at pos5; obj102 must be at apt9; obj92 must be at apt9; obj91 must be at pos8; obj61 must be at pos7; obj42 must be at apt6; obj22 must be at pos6; obj12 must be at pos9; obj11 must be at pos9; obj53 must be at pos10; obj51 must be at apt9; obj13 must be at apt2; obj93 must be at apt11; obj111 must be at pos5; obj63 must be at pos10; obj43 must be at pos11; obj101 must be at pos4; obj103 must be at apt3; obj52 must be at apt8; obj31 must be at pos10; obj81 must be at apt10.,direct,true,covered,The complete goal sentence explicitly states this package-destination pair.
goal,(at obj11 pos9),The goal is for the packages to reach these destinations: obj33 must be at apt1; obj71 must be at apt10; obj83 must be at pos3; obj23 must be at apt3; obj32 must be at apt4; obj41 must be at apt6; obj21 must be at apt5; obj82 must be at apt11; obj112 must be at apt7; obj62 must be at pos1; obj72 must be at pos10; obj113 must be at pos9; obj73 must be at pos5; obj102 must be at apt9; obj92 must be at apt9; obj91 must be at pos8; obj61 must be at pos7; obj42 must be at apt6; obj22 must be at pos6; obj12 must be at pos9; obj11 must be at pos9; obj53 must be at pos10; obj51 must be at apt9; obj13 must be at apt2; obj93 must be at apt11; obj111 must be at pos5; obj63 must be at pos10; obj43 must be at pos11; obj101 must be at pos4; obj103 must be at apt3; obj52 must be at apt8; obj31 must be at pos10; obj81 must be at apt10.,direct,true,covered,The complete goal sentence explicitly states this package-destination pair.
goal,(at obj53 pos10),The goal is for the packages to reach these destinations: obj33 must be at apt1; obj71 must be at apt10; obj83 must be at pos3; obj23 must be at apt3; obj32 must be at apt4; obj41 must be at apt6; obj21 must be at apt5; obj82 must be at apt11; obj112 must be at apt7; obj62 must be at pos1; obj72 must be at pos10; obj113 must be at pos9; obj73 must be at pos5; obj102 must be at apt9; obj92 must be at apt9; obj91 must be at pos8; obj61 must be at pos7; obj42 must be at apt6; obj22 must be at pos6; obj12 must be at pos9; obj11 must be at pos9; obj53 must be at pos10; obj51 must be at apt9; obj13 must be at apt2; obj93 must be at apt11; obj111 must be at pos5; obj63 must be at pos10; obj43 must be at pos11; obj101 must be at pos4; obj103 must be at apt3; obj52 must be at apt8; obj31 must be at pos10; obj81 must be at apt10.,direct,true,covered,The complete goal sentence explicitly states this package-destination pair.
goal,(at obj51 apt9),The goal is for the packages to reach these destinations: obj33 must be at apt1; obj71 must be at apt10; obj83 must be at pos3; obj23 must be at apt3; obj32 must be at apt4; obj41 must be at apt6; obj21 must be at apt5; obj82 must be at apt11; obj112 must be at apt7; obj62 must be at pos1; obj72 must be at pos10; obj113 must be at pos9; obj73 must be at pos5; obj102 must be at apt9; obj92 must be at apt9; obj91 must be at pos8; obj61 must be at pos7; obj42 must be at apt6; obj22 must be at pos6; obj12 must be at pos9; obj11 must be at pos9; obj53 must be at pos10; obj51 must be at apt9; obj13 must be at apt2; obj93 must be at apt11; obj111 must be at pos5; obj63 must be at pos10; obj43 must be at pos11; obj101 must be at pos4; obj103 must be at apt3; obj52 must be at apt8; obj31 must be at pos10; obj81 must be at apt10.,direct,true,covered,The complete goal sentence explicitly states this package-destination pair.
goal,(at obj13 apt2),The goal is for the packages to reach these destinations: obj33 must be at apt1; obj71 must be at apt10; obj83 must be at pos3; obj23 must be at apt3; obj32 must be at apt4; obj41 must be at apt6; obj21 must be at apt5; obj82 must be at apt11; obj112 must be at apt7; obj62 must be at pos1; obj72 must be at pos10; obj113 must be at pos9; obj73 must be at pos5; obj102 must be at apt9; obj92 must be at apt9; obj91 must be at pos8; obj61 must be at pos7; obj42 must be at apt6; obj22 must be at pos6; obj12 must be at pos9; obj11 must be at pos9; obj53 must be at pos10; obj51 must be at apt9; obj13 must be at apt2; obj93 must be at apt11; obj111 must be at pos5; obj63 must be at pos10; obj43 must be at pos11; obj101 must be at pos4; obj103 must be at apt3; obj52 must be at apt8; obj31 must be at pos10; obj81 must be at apt10.,direct,true,covered,The complete goal sentence explicitly states this package-destination pair.
goal,(at obj93 apt11),The goal is for the packages to reach these destinations: obj33 must be at apt1; obj71 must be at apt10; obj83 must be at pos3; obj23 must be at apt3; obj32 must be at apt4; obj41 must be at apt6; obj21 must be at apt5; obj82 must be at apt11; obj112 must be at apt7; obj62 must be at pos1; obj72 must be at pos10; obj113 must be at pos9; obj73 must be at pos5; obj102 must be at apt9; obj92 must be at apt9; obj91 must be at pos8; obj61 must be at pos7; obj42 must be at apt6; obj22 must be at pos6; obj12 must be at pos9; obj11 must be at pos9; obj53 must be at pos10; obj51 must be at apt9; obj13 must be at apt2; obj93 must be at apt11; obj111 must be at pos5; obj63 must be at pos10; obj43 must be at pos11; obj101 must be at pos4; obj103 must be at apt3; obj52 must be at apt8; obj31 must be at pos10; obj81 must be at apt10.,direct,true,covered,The complete goal sentence explicitly states this package-destination pair.
goal,(at obj111 pos5),The goal is for the packages to reach these destinations: obj33 must be at apt1; obj71 must be at apt10; obj83 must be at pos3; obj23 must be at apt3; obj32 must be at apt4; obj41 must be at apt6; obj21 must be at apt5; obj82 must be at apt11; obj112 must be at apt7; obj62 must be at pos1; obj72 must be at pos10; obj113 must be at pos9; obj73 must be at pos5; obj102 must be at apt9; obj92 must be at apt9; obj91 must be at pos8; obj61 must be at pos7; obj42 must be at apt6; obj22 must be at pos6; obj12 must be at pos9; obj11 must be at pos9; obj53 must be at pos10; obj51 must be at apt9; obj13 must be at apt2; obj93 must be at apt11; obj111 must be at pos5; obj63 must be at pos10; obj43 must be at pos11; obj101 must be at pos4; obj103 must be at apt3; obj52 must be at apt8; obj31 must be at pos10; obj81 must be at apt10.,direct,true,covered,The complete goal sentence explicitly states this package-destination pair.
goal,(at obj63 pos10),The goal is for the packages to reach these destinations: obj33 must be at apt1; obj71 must be at apt10; obj83 must be at pos3; obj23 must be at apt3; obj32 must be at apt4; obj41 must be at apt6; obj21 must be at apt5; obj82 must be at apt11; obj112 must be at apt7; obj62 must be at pos1; obj72 must be at pos10; obj113 must be at pos9; obj73 must be at pos5; obj102 must be at apt9; obj92 must be at apt9; obj91 must be at pos8; obj61 must be at pos7; obj42 must be at apt6; obj22 must be at pos6; obj12 must be at pos9; obj11 must be at pos9; obj53 must be at pos10; obj51 must be at apt9; obj13 must be at apt2; obj93 must be at apt11; obj111 must be at pos5; obj63 must be at pos10; obj43 must be at pos11; obj101 must be at pos4; obj103 must be at apt3; obj52 must be at apt8; obj31 must be at pos10; obj81 must be at apt10.,direct,true,covered,The complete goal sentence explicitly states this package-destination pair.
goal,(at obj43 pos11),The goal is for the packages to reach these destinations: obj33 must be at apt1; obj71 must be at apt10; obj83 must be at pos3; obj23 must be at apt3; obj32 must be at apt4; obj41 must be at apt6; obj21 must be at apt5; obj82 must be at apt11; obj112 must be at apt7; obj62 must be at pos1; obj72 must be at pos10; obj113 must be at pos9; obj73 must be at pos5; obj102 must be at apt9; obj92 must be at apt9; obj91 must be at pos8; obj61 must be at pos7; obj42 must be at apt6; obj22 must be at pos6; obj12 must be at pos9; obj11 must be at pos9; obj53 must be at pos10; obj51 must be at apt9; obj13 must be at apt2; obj93 must be at apt11; obj111 must be at pos5; obj63 must be at pos10; obj43 must be at pos11; obj101 must be at pos4; obj103 must be at apt3; obj52 must be at apt8; obj31 must be at pos10; obj81 must be at apt10.,direct,true,covered,The complete goal sentence explicitly states this package-destination pair.
goal,(at obj101 pos4),The goal is for the packages to reach these destinations: obj33 must be at apt1; obj71 must be at apt10; obj83 must be at pos3; obj23 must be at apt3; obj32 must be at apt4; obj41 must be at apt6; obj21 must be at apt5; obj82 must be at apt11; obj112 must be at apt7; obj62 must be at pos1; obj72 must be at pos10; obj113 must be at pos9; obj73 must be at pos5; obj102 must be at apt9; obj92 must be at apt9; obj91 must be at pos8; obj61 must be at pos7; obj42 must be at apt6; obj22 must be at pos6; obj12 must be at pos9; obj11 must be at pos9; obj53 must be at pos10; obj51 must be at apt9; obj13 must be at apt2; obj93 must be at apt11; obj111 must be at pos5; obj63 must be at pos10; obj43 must be at pos11; obj101 must be at pos4; obj103 must be at apt3; obj52 must be at apt8; obj31 must be at pos10; obj81 must be at apt10.,direct,true,covered,The complete goal sentence explicitly states this package-destination pair.
goal,(at obj103 apt3),The goal is for the packages to reach these destinations: obj33 must be at apt1; obj71 must be at apt10; obj83 must be at pos3; obj23 must be at apt3; obj32 must be at apt4; obj41 must be at apt6; obj21 must be at apt5; obj82 must be at apt11; obj112 must be at apt7; obj62 must be at pos1; obj72 must be at pos10; obj113 must be at pos9; obj73 must be at pos5; obj102 must be at apt9; obj92 must be at apt9; obj91 must be at pos8; obj61 must be at pos7; obj42 must be at apt6; obj22 must be at pos6; obj12 must be at pos9; obj11 must be at pos9; obj53 must be at pos10; obj51 must be at apt9; obj13 must be at apt2; obj93 must be at apt11; obj111 must be at pos5; obj63 must be at pos10; obj43 must be at pos11; obj101 must be at pos4; obj103 must be at apt3; obj52 must be at apt8; obj31 must be at pos10; obj81 must be at apt10.,direct,true,covered,The complete goal sentence explicitly states this package-destination pair.
goal,(at obj52 apt8),The goal is for the packages to reach these destinations: obj33 must be at apt1; obj71 must be at apt10; obj83 must be at pos3; obj23 must be at apt3; obj32 must be at apt4; obj41 must be at apt6; obj21 must be at apt5; obj82 must be at apt11; obj112 must be at apt7; obj62 must be at pos1; obj72 must be at pos10; obj113 must be at pos9; obj73 must be at pos5; obj102 must be at apt9; obj92 must be at apt9; obj91 must be at pos8; obj61 must be at pos7; obj42 must be at apt6; obj22 must be at pos6; obj12 must be at pos9; obj11 must be at pos9; obj53 must be at pos10; obj51 must be at apt9; obj13 must be at apt2; obj93 must be at apt11; obj111 must be at pos5; obj63 must be at pos10; obj43 must be at pos11; obj101 must be at pos4; obj103 must be at apt3; obj52 must be at apt8; obj31 must be at pos10; obj81 must be at apt10.,direct,true,covered,The complete goal sentence explicitly states this package-destination pair.
goal,(at obj31 pos10),The goal is for the packages to reach these destinations: obj33 must be at apt1; obj71 must be at apt10; obj83 must be at pos3; obj23 must be at apt3; obj32 must be at apt4; obj41 must be at apt6; obj21 must be at apt5; obj82 must be at apt11; obj112 must be at apt7; obj62 must be at pos1; obj72 must be at pos10; obj113 must be at pos9; obj73 must be at pos5; obj102 must be at apt9; obj92 must be at apt9; obj91 must be at pos8; obj61 must be at pos7; obj42 must be at apt6; obj22 must be at pos6; obj12 must be at pos9; obj11 must be at pos9; obj53 must be at pos10; obj51 must be at apt9; obj13 must be at apt2; obj93 must be at apt11; obj111 must be at pos5; obj63 must be at pos10; obj43 must be at pos11; obj101 must be at pos4; obj103 must be at apt3; obj52 must be at apt8; obj31 must be at pos10; obj81 must be at apt10.,direct,true,covered,The complete goal sentence explicitly states this package-destination pair.
goal,(at obj81 apt10),The goal is for the packages to reach these destinations: obj33 must be at apt1; obj71 must be at apt10; obj83 must be at pos3; obj23 must be at apt3; obj32 must be at apt4; obj41 must be at apt6; obj21 must be at apt5; obj82 must be at apt11; obj112 must be at apt7; obj62 must be at pos1; obj72 must be at pos10; obj113 must be at pos9; obj73 must be at pos5; obj102 must be at apt9; obj92 must be at apt9; obj91 must be at pos8; obj61 must be at pos7; obj42 must be at apt6; obj22 must be at pos6; obj12 must be at pos9; obj11 must be at pos9; obj53 must be at pos10; obj51 must be at apt9; obj13 must be at apt2; obj93 must be at apt11; obj111 must be at pos5; obj63 must be at pos10; obj43 must be at pos11; obj101 must be at pos4; obj103 must be at apt3; obj52 must be at apt8; obj31 must be at pos10; obj81 must be at apt10.,direct,true,covered,The complete goal sentence explicitly states this package-destination pair.
