section,pddl_item,evidence,evidence_kind,unique,status,notes
objects,APN4,These packages are to be transported using trucks tru1 to tru13 and airplanes apn1 to apn4.,deterministic_rule,true,covered,The finite numeric range uniquely yields this vehicle object.
objects,APT13,"The airports are specifically at the locations: apt1, apt2, apt3, apt4, apt5, apt6, apt7, apt8, apt9, apt10, apt11, apt12, apt13.",direct,true,covered,The airport/location object is explicitly enumerated.
objects,POS13,"The cities involved are cit1 to cit13, each having a position and airport location labeled pos1 to pos13 and apt1 to apt13 respectively.",deterministic_rule,true,covered,The finite range pos1 to pos13 uniquely yields this location object.
objects,CIT13,"The cities involved are cit1 to cit13, each having a position and airport location labeled pos1 to pos13 and apt1 to apt13 respectively.",deterministic_rule,true,covered,The finite range cit1 to cit13 uniquely yields this city object.
objects,TRU13,These packages are to be transported using trucks tru1 to tru13 and airplanes apn1 to apn4.,deterministic_rule,true,covered,The finite numeric range uniquely yields this vehicle object.
objects,OBJ133,"Initially, we have the following packages: obj11, obj12, obj13, obj21, obj22, obj23, obj31, obj32, obj33, obj41, obj42, obj43, obj51, obj52, obj53, obj61, obj62, obj63, obj71, obj72, obj73, obj81, obj82, obj83, obj91, obj92, obj93, obj101, obj102, obj103, obj111, obj112, obj113, obj121, obj122, obj123, obj131, obj132, obj133.",direct,true,covered,The package object is explicitly enumerated.
objects,OBJ132,"Initially, we have the following packages: obj11, obj12, obj13, obj21, obj22, obj23, obj31, obj32, obj33, obj41, obj42, obj43, obj51, obj52, obj53, obj61, obj62, obj63, obj71, obj72, obj73, obj81, obj82, obj83, obj91, obj92, obj93, obj101, obj102, obj103, obj111, obj112, obj113, obj121, obj122, obj123, obj131, obj132, obj133.",direct,true,covered,The package object is explicitly enumerated.
objects,OBJ131,"Initially, we have the following packages: obj11, obj12, obj13, obj21, obj22, obj23, obj31, obj32, obj33, obj41, obj42, obj43, obj51, obj52, obj53, obj61, obj62, obj63, obj71, obj72, obj73, obj81, obj82, obj83, obj91, obj92, obj93, obj101, obj102, obj103, obj111, obj112, obj113, obj121, obj122, obj123, obj131, obj132, obj133.",direct,true,covered,The package object is explicitly enumerated.
objects,APT12,"The airports are specifically at the locations: apt1, apt2, apt3, apt4, apt5, apt6, apt7, apt8, apt9, apt10, apt11, apt12, apt13.",direct,true,covered,The airport/location object is explicitly enumerated.
objects,POS12,"The cities involved are cit1 to cit13, each having a position and airport location labeled pos1 to pos13 and apt1 to apt13 respectively.",deterministic_rule,true,covered,The finite range pos1 to pos13 uniquely yields this location object.
objects,CIT12,"The cities involved are cit1 to cit13, each having a position and airport location labeled pos1 to pos13 and apt1 to apt13 respectively.",deterministic_rule,true,covered,The finite range cit1 to cit13 uniquely yields this city object.
objects,TRU12,These packages are to be transported using trucks tru1 to tru13 and airplanes apn1 to apn4.,deterministic_rule,true,covered,The finite numeric range uniquely yields this vehicle object.
objects,OBJ123,"Initially, we have the following packages: obj11, obj12, obj13, obj21, obj22, obj23, obj31, obj32, obj33, obj41, obj42, obj43, obj51, obj52, obj53, obj61, obj62, obj63, obj71, obj72, obj73, obj81, obj82, obj83, obj91, obj92, obj93, obj101, obj102, obj103, obj111, obj112, obj113, obj121, obj122, obj123, obj131, obj132, obj133.",direct,true,covered,The package object is explicitly enumerated.
objects,OBJ122,"Initially, we have the following packages: obj11, obj12, obj13, obj21, obj22, obj23, obj31, obj32, obj33, obj41, obj42, obj43, obj51, obj52, obj53, obj61, obj62, obj63, obj71, obj72, obj73, obj81, obj82, obj83, obj91, obj92, obj93, obj101, obj102, obj103, obj111, obj112, obj113, obj121, obj122, obj123, obj131, obj132, obj133.",direct,true,covered,The package object is explicitly enumerated.
objects,OBJ121,"Initially, we have the following packages: obj11, obj12, obj13, obj21, obj22, obj23, obj31, obj32, obj33, obj41, obj42, obj43, obj51, obj52, obj53, obj61, obj62, obj63, obj71, obj72, obj73, obj81, obj82, obj83, obj91, obj92, obj93, obj101, obj102, obj103, obj111, obj112, obj113, obj121, obj122, obj123, obj131, obj132, obj133.",direct,true,covered,The package object is explicitly enumerated.
objects,APT11,"The airports are specifically at the locations: apt1, apt2, apt3, apt4, apt5, apt6, apt7, apt8, apt9, apt10, apt11, apt12, apt13.",direct,true,covered,The airport/location object is explicitly enumerated.
objects,POS11,"The cities involved are cit1 to cit13, each having a position and airport location labeled pos1 to pos13 and apt1 to apt13 respectively.",deterministic_rule,true,covered,The finite range pos1 to pos13 uniquely yields this location object.
objects,CIT11,"The cities involved are cit1 to cit13, each having a position and airport location labeled pos1 to pos13 and apt1 to apt13 respectively.",deterministic_rule,true,covered,The finite range cit1 to cit13 uniquely yields this city object.
objects,TRU11,These packages are to be transported using trucks tru1 to tru13 and airplanes apn1 to apn4.,deterministic_rule,true,covered,The finite numeric range uniquely yields this vehicle object.
objects,OBJ113,"Initially, we have the following packages: obj11, obj12, obj13, obj21, obj22, obj23, obj31, obj32, obj33, obj41, obj42, obj43, obj51, obj52, obj53, obj61, obj62, obj63, obj71, obj72, obj73, obj81, obj82, obj83, obj91, obj92, obj93, obj101, obj102, obj103, obj111, obj112, obj113, obj121, obj122, obj123, obj131, obj132, obj133.",direct,true,covered,The package object is explicitly enumerated.
objects,OBJ112,"Initially, we have the following packages: obj11, obj12, obj13, obj21, obj22, obj23, obj31, obj32, obj33, obj41, obj42, obj43, obj51, obj52, obj53, obj61, obj62, obj63, obj71, obj72, obj73, obj81, obj82, obj83, obj91, obj92, obj93, obj101, obj102, obj103, obj111, obj112, obj113, obj121, obj122, obj123, obj131, obj132, obj133.",direct,true,covered,The package object is explicitly enumerated.
objects,OBJ111,"Initially, we have the following packages: obj11, obj12, obj13, obj21, obj22, obj23, obj31, obj32, obj33, obj41, obj42, obj43, obj51, obj52, obj53, obj61, obj62, obj63, obj71, obj72, obj73, obj81, obj82, obj83, obj91, obj92, obj93, obj101, obj102, obj103, obj111, obj112, obj113, obj121, obj122, obj123, obj131, obj132, obj133.",direct,true,covered,The package object is explicitly enumerated.
objects,APT10,"The airports are specifically at the locations: apt1, apt2, apt3, apt4, apt5, apt6, apt7, apt8, apt9, apt10, apt11, apt12, apt13.",direct,true,covered,The airport/location object is explicitly enumerated.
objects,POS10,"The cities involved are cit1 to cit13, each having a position and airport location labeled pos1 to pos13 and apt1 to apt13 respectively.",deterministic_rule,true,covered,The finite range pos1 to pos13 uniquely yields this location object.
objects,CIT10,"The cities involved are cit1 to cit13, each having a position and airport location labeled pos1 to pos13 and apt1 to apt13 respectively.",deterministic_rule,true,covered,The finite range cit1 to cit13 uniquely yields this city object.
objects,TRU10,These packages are to be transported using trucks tru1 to tru13 and airplanes apn1 to apn4.,deterministic_rule,true,covered,The finite numeric range uniquely yields this vehicle object.
objects,OBJ103,"Initially, we have the following packages: obj11, obj12, obj13, obj21, obj22, obj23, obj31, obj32, obj33, obj41, obj42, obj43, obj51, obj52, obj53, obj61, obj62, obj63, obj71, obj72, obj73, obj81, obj82, obj83, obj91, obj92, obj93, obj101, obj102, obj103, obj111, obj112, obj113, obj121, obj122, obj123, obj131, obj132, obj133.",direct,true,covered,The package object is explicitly enumerated.
objects,OBJ102,"Initially, we have the following packages: obj11, obj12, obj13, obj21, obj22, obj23, obj31, obj32, obj33, obj41, obj42, obj43, obj51, obj52, obj53, obj61, obj62, obj63, obj71, obj72, obj73, obj81, obj82, obj83, obj91, obj92, obj93, obj101, obj102, obj103, obj111, obj112, obj113, obj121, obj122, obj123, obj131, obj132, obj133.",direct,true,covered,The package object is explicitly enumerated.
objects,OBJ101,"Initially, we have the following packages: obj11, obj12, obj13, obj21, obj22, obj23, obj31, obj32, obj33, obj41, obj42, obj43, obj51, obj52, obj53, obj61, obj62, obj63, obj71, obj72, obj73, obj81, obj82, obj83, obj91, obj92, obj93, obj101, obj102, obj103, obj111, obj112, obj113, obj121, obj122, obj123, obj131, obj132, obj133.",direct,true,covered,The package object is explicitly enumerated.
objects,APN3,These packages are to be transported using trucks tru1 to tru13 and airplanes apn1 to apn4.,deterministic_rule,true,covered,The finite numeric range uniquely yields this vehicle object.
objects,APT9,"The airports are specifically at the locations: apt1, apt2, apt3, apt4, apt5, apt6, apt7, apt8, apt9, apt10, apt11, apt12, apt13.",direct,true,covered,The airport/location object is explicitly enumerated.
objects,POS9,"The cities involved are cit1 to cit13, each having a position and airport location labeled pos1 to pos13 and apt1 to apt13 respectively.",deterministic_rule,true,covered,The finite range pos1 to pos13 uniquely yields this location object.
objects,CIT9,"The cities involved are cit1 to cit13, each having a position and airport location labeled pos1 to pos13 and apt1 to apt13 respectively.",deterministic_rule,true,covered,The finite range cit1 to cit13 uniquely yields this city object.
objects,TRU9,These packages are to be transported using trucks tru1 to tru13 and airplanes apn1 to apn4.,deterministic_rule,true,covered,The finite numeric range uniquely yields this vehicle object.
objects,OBJ93,"Initially, we have the following packages: obj11, obj12, obj13, obj21, obj22, obj23, obj31, obj32, obj33, obj41, obj42, obj43, obj51, obj52, obj53, obj61, obj62, obj63, obj71, obj72, obj73, obj81, obj82, obj83, obj91, obj92, obj93, obj101, obj102, obj103, obj111, obj112, obj113, obj121, obj122, obj123, obj131, obj132, obj133.",direct,true,covered,The package object is explicitly enumerated.
objects,OBJ92,"Initially, we have the following packages: obj11, obj12, obj13, obj21, obj22, obj23, obj31, obj32, obj33, obj41, obj42, obj43, obj51, obj52, obj53, obj61, obj62, obj63, obj71, obj72, obj73, obj81, obj82, obj83, obj91, obj92, obj93, obj101, obj102, obj103, obj111, obj112, obj113, obj121, obj122, obj123, obj131, obj132, obj133.",direct,true,covered,The package object is explicitly enumerated.
objects,OBJ91,"Initially, we have the following packages: obj11, obj12, obj13, obj21, obj22, obj23, obj31, obj32, obj33, obj41, obj42, obj43, obj51, obj52, obj53, obj61, obj62, obj63, obj71, obj72, obj73, obj81, obj82, obj83, obj91, obj92, obj93, obj101, obj102, obj103, obj111, obj112, obj113, obj121, obj122, obj123, obj131, obj132, obj133.",direct,true,covered,The package object is explicitly enumerated.
objects,APT8,"The airports are specifically at the locations: apt1, apt2, apt3, apt4, apt5, apt6, apt7, apt8, apt9, apt10, apt11, apt12, apt13.",direct,true,covered,The airport/location object is explicitly enumerated.
objects,POS8,"The cities involved are cit1 to cit13, each having a position and airport location labeled pos1 to pos13 and apt1 to apt13 respectively.",deterministic_rule,true,covered,The finite range pos1 to pos13 uniquely yields this location object.
objects,CIT8,"The cities involved are cit1 to cit13, each having a position and airport location labeled pos1 to pos13 and apt1 to apt13 respectively.",deterministic_rule,true,covered,The finite range cit1 to cit13 uniquely yields this city object.
objects,TRU8,These packages are to be transported using trucks tru1 to tru13 and airplanes apn1 to apn4.,deterministic_rule,true,covered,The finite numeric range uniquely yields this vehicle object.
objects,OBJ83,"Initially, we have the following packages: obj11, obj12, obj13, obj21, obj22, obj23, obj31, obj32, obj33, obj41, obj42, obj43, obj51, obj52, obj53, obj61, obj62, obj63, obj71, obj72, obj73, obj81, obj82, obj83, obj91, obj92, obj93, obj101, obj102, obj103, obj111, obj112, obj113, obj121, obj122, obj123, obj131, obj132, obj133.",direct,true,covered,The package object is explicitly enumerated.
objects,OBJ82,"Initially, we have the following packages: obj11, obj12, obj13, obj21, obj22, obj23, obj31, obj32, obj33, obj41, obj42, obj43, obj51, obj52, obj53, obj61, obj62, obj63, obj71, obj72, obj73, obj81, obj82, obj83, obj91, obj92, obj93, obj101, obj102, obj103, obj111, obj112, obj113, obj121, obj122, obj123, obj131, obj132, obj133.",direct,true,covered,The package object is explicitly enumerated.
objects,OBJ81,"Initially, we have the following packages: obj11, obj12, obj13, obj21, obj22, obj23, obj31, obj32, obj33, obj41, obj42, obj43, obj51, obj52, obj53, obj61, obj62, obj63, obj71, obj72, obj73, obj81, obj82, obj83, obj91, obj92, obj93, obj101, obj102, obj103, obj111, obj112, obj113, obj121, obj122, obj123, obj131, obj132, obj133.",direct,true,covered,The package object is explicitly enumerated.
objects,APT7,"The airports are specifically at the locations: apt1, apt2, apt3, apt4, apt5, apt6, apt7, apt8, apt9, apt10, apt11, apt12, apt13.",direct,true,covered,The airport/location object is explicitly enumerated.
objects,POS7,"The cities involved are cit1 to cit13, each having a position and airport location labeled pos1 to pos13 and apt1 to apt13 respectively.",deterministic_rule,true,covered,The finite range pos1 to pos13 uniquely yields this location object.
objects,CIT7,"The cities involved are cit1 to cit13, each having a position and airport location labeled pos1 to pos13 and apt1 to apt13 respectively.",deterministic_rule,true,covered,The finite range cit1 to cit13 uniquely yields this city object.
objects,TRU7,These packages are to be transported using trucks tru1 to tru13 and airplanes apn1 to apn4.,deterministic_rule,true,covered,The finite numeric range uniquely yields this vehicle object.
objects,OBJ73,"Initially, we have the following packages: obj11, obj12, obj13, obj21, obj22, obj23, obj31, obj32, obj33, obj41, obj42, obj43, obj51, obj52, obj53, obj61, obj62, obj63, obj71, obj72, obj73, obj81, obj82, obj83, obj91, obj92, obj93, obj101, obj102, obj103, obj111, obj112, obj113, obj121, obj122, obj123, obj131, obj132, obj133.",direct,true,covered,The package object is explicitly enumerated.
objects,OBJ72,"Initially, we have the following packages: obj11, obj12, obj13, obj21, obj22, obj23, obj31, obj32, obj33, obj41, obj42, obj43, obj51, obj52, obj53, obj61, obj62, obj63, obj71, obj72, obj73, obj81, obj82, obj83, obj91, obj92, obj93, obj101, obj102, obj103, obj111, obj112, obj113, obj121, obj122, obj123, obj131, obj132, obj133.",direct,true,covered,The package object is explicitly enumerated.
objects,OBJ71,"Initially, we have the following packages: obj11, obj12, obj13, obj21, obj22, obj23, obj31, obj32, obj33, obj41, obj42, obj43, obj51, obj52, obj53, obj61, obj62, obj63, obj71, obj72, obj73, obj81, obj82, obj83, obj91, obj92, obj93, obj101, obj102, obj103, obj111, obj112, obj113, obj121, obj122, obj123, obj131, obj132, obj133.",direct,true,covered,The package object is explicitly enumerated.
objects,APT6,"The airports are specifically at the locations: apt1, apt2, apt3, apt4, apt5, apt6, apt7, apt8, apt9, apt10, apt11, apt12, apt13.",direct,true,covered,The airport/location object is explicitly enumerated.
objects,POS6,"The cities involved are cit1 to cit13, each having a position and airport location labeled pos1 to pos13 and apt1 to apt13 respectively.",deterministic_rule,true,covered,The finite range pos1 to pos13 uniquely yields this location object.
objects,CIT6,"The cities involved are cit1 to cit13, each having a position and airport location labeled pos1 to pos13 and apt1 to apt13 respectively.",deterministic_rule,true,covered,The finite range cit1 to cit13 uniquely yields this city object.
objects,TRU6,These packages are to be transported using trucks tru1 to tru13 and airplanes apn1 to apn4.,deterministic_rule,true,covered,The finite numeric range uniquely yields this vehicle object.
objects,OBJ63,"Initially, we have the following packages: obj11, obj12, obj13, obj21, obj22, obj23, obj31, obj32, obj33, obj41, obj42, obj43, obj51, obj52, obj53, obj61, obj62, obj63, obj71, obj72, obj73, obj81, obj82, obj83, obj91, obj92, obj93, obj101, obj102, obj103, obj111, obj112, obj113, obj121, obj122, obj123, obj131, obj132, obj133.",direct,true,covered,The package object is explicitly enumerated.
objects,OBJ62,"Initially, we have the following packages: obj11, obj12, obj13, obj21, obj22, obj23, obj31, obj32, obj33, obj41, obj42, obj43, obj51, obj52, obj53, obj61, obj62, obj63, obj71, obj72, obj73, obj81, obj82, obj83, obj91, obj92, obj93, obj101, obj102, obj103, obj111, obj112, obj113, obj121, obj122, obj123, obj131, obj132, obj133.",direct,true,covered,The package object is explicitly enumerated.
objects,OBJ61,"Initially, we have the following packages: obj11, obj12, obj13, obj21, obj22, obj23, obj31, obj32, obj33, obj41, obj42, obj43, obj51, obj52, obj53, obj61, obj62, obj63, obj71, obj72, obj73, obj81, obj82, obj83, obj91, obj92, obj93, obj101, obj102, obj103, obj111, obj112, obj113, obj121, obj122, obj123, obj131, obj132, obj133.",direct,true,covered,The package object is explicitly enumerated.
objects,APN2,These packages are to be transported using trucks tru1 to tru13 and airplanes apn1 to apn4.,deterministic_rule,true,covered,The finite numeric range uniquely yields this vehicle object.
objects,APT5,"The airports are specifically at the locations: apt1, apt2, apt3, apt4, apt5, apt6, apt7, apt8, apt9, apt10, apt11, apt12, apt13.",direct,true,covered,The airport/location object is explicitly enumerated.
objects,POS5,"The cities involved are cit1 to cit13, each having a position and airport location labeled pos1 to pos13 and apt1 to apt13 respectively.",deterministic_rule,true,covered,The finite range pos1 to pos13 uniquely yields this location object.
objects,CIT5,"The cities involved are cit1 to cit13, each having a position and airport location labeled pos1 to pos13 and apt1 to apt13 respectively.",deterministic_rule,true,covered,The finite range cit1 to cit13 uniquely yields this city object.
objects,TRU5,These packages are to be transported using trucks tru1 to tru13 and airplanes apn1 to apn4.,deterministic_rule,true,covered,The finite numeric range uniquely yields this vehicle object.
objects,OBJ53,"Initially, we have the following packages: obj11, obj12, obj13, obj21, obj22, obj23, obj31, obj32, obj33, obj41, obj42, obj43, obj51, obj52, obj53, obj61, obj62, obj63, obj71, obj72, obj73, obj81, obj82, obj83, obj91, obj92, obj93, obj101, obj102, obj103, obj111, obj112, obj113, obj121, obj122, obj123, obj131, obj132, obj133.",direct,true,covered,The package object is explicitly enumerated.
objects,OBJ52,"Initially, we have the following packages: obj11, obj12, obj13, obj21, obj22, obj23, obj31, obj32, obj33, obj41, obj42, obj43, obj51, obj52, obj53, obj61, obj62, obj63, obj71, obj72, obj73, obj81, obj82, obj83, obj91, obj92, obj93, obj101, obj102, obj103, obj111, obj112, obj113, obj121, obj122, obj123, obj131, obj132, obj133.",direct,true,covered,The package object is explicitly enumerated.
objects,OBJ51,"Initially, we have the following packages: obj11, obj12, obj13, obj21, obj22, obj23, obj31, obj32, obj33, obj41, obj42, obj43, obj51, obj52, obj53, obj61, obj62, obj63, obj71, obj72, obj73, obj81, obj82, obj83, obj91, obj92, obj93, obj101, obj102, obj103, obj111, obj112, obj113, obj121, obj122, obj123, obj131, obj132, obj133.",direct,true,covered,The package object is explicitly enumerated.
objects,APT4,"The airports are specifically at the locations: apt1, apt2, apt3, apt4, apt5, apt6, apt7, apt8, apt9, apt10, apt11, apt12, apt13.",direct,true,covered,The airport/location object is explicitly enumerated.
objects,POS4,"The cities involved are cit1 to cit13, each having a position and airport location labeled pos1 to pos13 and apt1 to apt13 respectively.",deterministic_rule,true,covered,The finite range pos1 to pos13 uniquely yields this location object.
objects,CIT4,"The cities involved are cit1 to cit13, each having a position and airport location labeled pos1 to pos13 and apt1 to apt13 respectively.",deterministic_rule,true,covered,The finite range cit1 to cit13 uniquely yields this city object.
objects,TRU4,These packages are to be transported using trucks tru1 to tru13 and airplanes apn1 to apn4.,deterministic_rule,true,covered,The finite numeric range uniquely yields this vehicle object.
objects,OBJ43,"Initially, we have the following packages: obj11, obj12, obj13, obj21, obj22, obj23, obj31, obj32, obj33, obj41, obj42, obj43, obj51, obj52, obj53, obj61, obj62, obj63, obj71, obj72, obj73, obj81, obj82, obj83, obj91, obj92, obj93, obj101, obj102, obj103, obj111, obj112, obj113, obj121, obj122, obj123, obj131, obj132, obj133.",direct,true,covered,The package object is explicitly enumerated.
objects,OBJ42,"Initially, we have the following packages: obj11, obj12, obj13, obj21, obj22, obj23, obj31, obj32, obj33, obj41, obj42, obj43, obj51, obj52, obj53, obj61, obj62, obj63, obj71, obj72, obj73, obj81, obj82, obj83, obj91, obj92, obj93, obj101, obj102, obj103, obj111, obj112, obj113, obj121, obj122, obj123, obj131, obj132, obj133.",direct,true,covered,The package object is explicitly enumerated.
objects,OBJ41,"Initially, we have the following packages: obj11, obj12, obj13, obj21, obj22, obj23, obj31, obj32, obj33, obj41, obj42, obj43, obj51, obj52, obj53, obj61, obj62, obj63, obj71, obj72, obj73, obj81, obj82, obj83, obj91, obj92, obj93, obj101, obj102, obj103, obj111, obj112, obj113, obj121, obj122, obj123, obj131, obj132, obj133.",direct,true,covered,The package object is explicitly enumerated.
objects,APT3,"The airports are specifically at the locations: apt1, apt2, apt3, apt4, apt5, apt6, apt7, apt8, apt9, apt10, apt11, apt12, apt13.",direct,true,covered,The airport/location object is explicitly enumerated.
objects,POS3,"The cities involved are cit1 to cit13, each having a position and airport location labeled pos1 to pos13 and apt1 to apt13 respectively.",deterministic_rule,true,covered,The finite range pos1 to pos13 uniquely yields this location object.
objects,CIT3,"The cities involved are cit1 to cit13, each having a position and airport location labeled pos1 to pos13 and apt1 to apt13 respectively.",deterministic_rule,true,covered,The finite range cit1 to cit13 uniquely yields this city object.
objects,TRU3,These packages are to be transported using trucks tru1 to tru13 and airplanes apn1 to apn4.,deterministic_rule,true,covered,The finite numeric range uniquely yields this vehicle object.
objects,OBJ33,"Initially, we have the following packages: obj11, obj12, obj13, obj21, obj22, obj23, obj31, obj32, obj33, obj41, obj42, obj43, obj51, obj52, obj53, obj61, obj62, obj63, obj71, obj72, obj73, obj81, obj82, obj83, obj91, obj92, obj93, obj101, obj102, obj103, obj111, obj112, obj113, obj121, obj122, obj123, obj131, obj132, obj133.",direct,true,covered,The package object is explicitly enumerated.
objects,OBJ32,"Initially, we have the following packages: obj11, obj12, obj13, obj21, obj22, obj23, obj31, obj32, obj33, obj41, obj42, obj43, obj51, obj52, obj53, obj61, obj62, obj63, obj71, obj72, obj73, obj81, obj82, obj83, obj91, obj92, obj93, obj101, obj102, obj103, obj111, obj112, obj113, obj121, obj122, obj123, obj131, obj132, obj133.",direct,true,covered,The package object is explicitly enumerated.
objects,OBJ31,"Initially, we have the following packages: obj11, obj12, obj13, obj21, obj22, obj23, obj31, obj32, obj33, obj41, obj42, obj43, obj51, obj52, obj53, obj61, obj62, obj63, obj71, obj72, obj73, obj81, obj82, obj83, obj91, obj92, obj93, obj101, obj102, obj103, obj111, obj112, obj113, obj121, obj122, obj123, obj131, obj132, obj133.",direct,true,covered,The package object is explicitly enumerated.
objects,APT2,"The airports are specifically at the locations: apt1, apt2, apt3, apt4, apt5, apt6, apt7, apt8, apt9, apt10, apt11, apt12, apt13.",direct,true,covered,The airport/location object is explicitly enumerated.
objects,POS2,"The cities involved are cit1 to cit13, each having a position and airport location labeled pos1 to pos13 and apt1 to apt13 respectively.",deterministic_rule,true,covered,The finite range pos1 to pos13 uniquely yields this location object.
objects,CIT2,"The cities involved are cit1 to cit13, each having a position and airport location labeled pos1 to pos13 and apt1 to apt13 respectively.",deterministic_rule,true,covered,The finite range cit1 to cit13 uniquely yields this city object.
objects,TRU2,These packages are to be transported using trucks tru1 to tru13 and airplanes apn1 to apn4.,deterministic_rule,true,covered,The finite numeric range uniquely yields this vehicle object.
objects,OBJ23,"Initially, we have the following packages: obj11, obj12, obj13, obj21, obj22, obj23, obj31, obj32, obj33, obj41, obj42, obj43, obj51, obj52, obj53, obj61, obj62, obj63, obj71, obj72, obj73, obj81, obj82, obj83, obj91, obj92, obj93, obj101, obj102, obj103, obj111, obj112, obj113, obj121, obj122, obj123, obj131, obj132, obj133.",direct,true,covered,The package object is explicitly enumerated.
objects,OBJ22,"Initially, we have the following packages: obj11, obj12, obj13, obj21, obj22, obj23, obj31, obj32, obj33, obj41, obj42, obj43, obj51, obj52, obj53, obj61, obj62, obj63, obj71, obj72, obj73, obj81, obj82, obj83, obj91, obj92, obj93, obj101, obj102, obj103, obj111, obj112, obj113, obj121, obj122, obj123, obj131, obj132, obj133.",direct,true,covered,The package object is explicitly enumerated.
objects,OBJ21,"Initially, we have the following packages: obj11, obj12, obj13, obj21, obj22, obj23, obj31, obj32, obj33, obj41, obj42, obj43, obj51, obj52, obj53, obj61, obj62, obj63, obj71, obj72, obj73, obj81, obj82, obj83, obj91, obj92, obj93, obj101, obj102, obj103, obj111, obj112, obj113, obj121, obj122, obj123, obj131, obj132, obj133.",direct,true,covered,The package object is explicitly enumerated.
objects,APN1,These packages are to be transported using trucks tru1 to tru13 and airplanes apn1 to apn4.,deterministic_rule,true,covered,The finite numeric range uniquely yields this vehicle object.
objects,APT1,"The airports are specifically at the locations: apt1, apt2, apt3, apt4, apt5, apt6, apt7, apt8, apt9, apt10, apt11, apt12, apt13.",direct,true,covered,The airport/location object is explicitly enumerated.
objects,POS1,"The cities involved are cit1 to cit13, each having a position and airport location labeled pos1 to pos13 and apt1 to apt13 respectively.",deterministic_rule,true,covered,The finite range pos1 to pos13 uniquely yields this location object.
objects,CIT1,"The cities involved are cit1 to cit13, each having a position and airport location labeled pos1 to pos13 and apt1 to apt13 respectively.",deterministic_rule,true,covered,The finite range cit1 to cit13 uniquely yields this city object.
objects,TRU1,These packages are to be transported using trucks tru1 to tru13 and airplanes apn1 to apn4.,deterministic_rule,true,covered,The finite numeric range uniquely yields this vehicle object.
objects,OBJ13,"Initially, we have the following packages: obj11, obj12, obj13, obj21, obj22, obj23, obj31, obj32, obj33, obj41, obj42, obj43, obj51, obj52, obj53, obj61, obj62, obj63, obj71, obj72, obj73, obj81, obj82, obj83, obj91, obj92, obj93, obj101, obj102, obj103, obj111, obj112, obj113, obj121, obj122, obj123, obj131, obj132, obj133.",direct,true,covered,The package object is explicitly enumerated.
objects,OBJ12,"Initially, we have the following packages: obj11, obj12, obj13, obj21, obj22, obj23, obj31, obj32, obj33, obj41, obj42, obj43, obj51, obj52, obj53, obj61, obj62, obj63, obj71, obj72, obj73, obj81, obj82, obj83, obj91, obj92, obj93, obj101, obj102, obj103, obj111, obj112, obj113, obj121, obj122, obj123, obj131, obj132, obj133.",direct,true,covered,The package object is explicitly enumerated.
objects,OBJ11,"Initially, we have the following packages: obj11, obj12, obj13, obj21, obj22, obj23, obj31, obj32, obj33, obj41, obj42, obj43, obj51, obj52, obj53, obj61, obj62, obj63, obj71, obj72, obj73, obj81, obj82, obj83, obj91, obj92, obj93, obj101, obj102, obj103, obj111, obj112, obj113, obj121, obj122, obj123, obj131, obj132, obj133.",direct,true,covered,The package object is explicitly enumerated.
init,(PACKAGE OBJ11),"Initially, we have the following packages: obj11, obj12, obj13, obj21, obj22, obj23, obj31, obj32, obj33, obj41, obj42, obj43, obj51, obj52, obj53, obj61, obj62, obj63, obj71, obj72, obj73, obj81, obj82, obj83, obj91, obj92, obj93, obj101, obj102, obj103, obj111, obj112, obj113, obj121, obj122, obj123, obj131, obj132, obj133.",direct,true,covered,The package and its type are explicitly enumerated.
init,(PACKAGE OBJ12),"Initially, we have the following packages: obj11, obj12, obj13, obj21, obj22, obj23, obj31, obj32, obj33, obj41, obj42, obj43, obj51, obj52, obj53, obj61, obj62, obj63, obj71, obj72, obj73, obj81, obj82, obj83, obj91, obj92, obj93, obj101, obj102, obj103, obj111, obj112, obj113, obj121, obj122, obj123, obj131, obj132, obj133.",direct,true,covered,The package and its type are explicitly enumerated.
init,(PACKAGE OBJ13),"Initially, we have the following packages: obj11, obj12, obj13, obj21, obj22, obj23, obj31, obj32, obj33, obj41, obj42, obj43, obj51, obj52, obj53, obj61, obj62, obj63, obj71, obj72, obj73, obj81, obj82, obj83, obj91, obj92, obj93, obj101, obj102, obj103, obj111, obj112, obj113, obj121, obj122, obj123, obj131, obj132, obj133.",direct,true,covered,The package and its type are explicitly enumerated.
init,(PACKAGE OBJ21),"Initially, we have the following packages: obj11, obj12, obj13, obj21, obj22, obj23, obj31, obj32, obj33, obj41, obj42, obj43, obj51, obj52, obj53, obj61, obj62, obj63, obj71, obj72, obj73, obj81, obj82, obj83, obj91, obj92, obj93, obj101, obj102, obj103, obj111, obj112, obj113, obj121, obj122, obj123, obj131, obj132, obj133.",direct,true,covered,The package and its type are explicitly enumerated.
init,(PACKAGE OBJ22),"Initially, we have the following packages: obj11, obj12, obj13, obj21, obj22, obj23, obj31, obj32, obj33, obj41, obj42, obj43, obj51, obj52, obj53, obj61, obj62, obj63, obj71, obj72, obj73, obj81, obj82, obj83, obj91, obj92, obj93, obj101, obj102, obj103, obj111, obj112, obj113, obj121, obj122, obj123, obj131, obj132, obj133.",direct,true,covered,The package and its type are explicitly enumerated.
init,(PACKAGE OBJ23),"Initially, we have the following packages: obj11, obj12, obj13, obj21, obj22, obj23, obj31, obj32, obj33, obj41, obj42, obj43, obj51, obj52, obj53, obj61, obj62, obj63, obj71, obj72, obj73, obj81, obj82, obj83, obj91, obj92, obj93, obj101, obj102, obj103, obj111, obj112, obj113, obj121, obj122, obj123, obj131, obj132, obj133.",direct,true,covered,The package and its type are explicitly enumerated.
init,(PACKAGE OBJ31),"Initially, we have the following packages: obj11, obj12, obj13, obj21, obj22, obj23, obj31, obj32, obj33, obj41, obj42, obj43, obj51, obj52, obj53, obj61, obj62, obj63, obj71, obj72, obj73, obj81, obj82, obj83, obj91, obj92, obj93, obj101, obj102, obj103, obj111, obj112, obj113, obj121, obj122, obj123, obj131, obj132, obj133.",direct,true,covered,The package and its type are explicitly enumerated.
init,(PACKAGE OBJ32),"Initially, we have the following packages: obj11, obj12, obj13, obj21, obj22, obj23, obj31, obj32, obj33, obj41, obj42, obj43, obj51, obj52, obj53, obj61, obj62, obj63, obj71, obj72, obj73, obj81, obj82, obj83, obj91, obj92, obj93, obj101, obj102, obj103, obj111, obj112, obj113, obj121, obj122, obj123, obj131, obj132, obj133.",direct,true,covered,The package and its type are explicitly enumerated.
init,(PACKAGE OBJ33),"Initially, we have the following packages: obj11, obj12, obj13, obj21, obj22, obj23, obj31, obj32, obj33, obj41, obj42, obj43, obj51, obj52, obj53, obj61, obj62, obj63, obj71, obj72, obj73, obj81, obj82, obj83, obj91, obj92, obj93, obj101, obj102, obj103, obj111, obj112, obj113, obj121, obj122, obj123, obj131, obj132, obj133.",direct,true,covered,The package and its type are explicitly enumerated.
init,(PACKAGE OBJ41),"Initially, we have the following packages: obj11, obj12, obj13, obj21, obj22, obj23, obj31, obj32, obj33, obj41, obj42, obj43, obj51, obj52, obj53, obj61, obj62, obj63, obj71, obj72, obj73, obj81, obj82, obj83, obj91, obj92, obj93, obj101, obj102, obj103, obj111, obj112, obj113, obj121, obj122, obj123, obj131, obj132, obj133.",direct,true,covered,The package and its type are explicitly enumerated.
init,(PACKAGE OBJ42),"Initially, we have the following packages: obj11, obj12, obj13, obj21, obj22, obj23, obj31, obj32, obj33, obj41, obj42, obj43, obj51, obj52, obj53, obj61, obj62, obj63, obj71, obj72, obj73, obj81, obj82, obj83, obj91, obj92, obj93, obj101, obj102, obj103, obj111, obj112, obj113, obj121, obj122, obj123, obj131, obj132, obj133.",direct,true,covered,The package and its type are explicitly enumerated.
init,(PACKAGE OBJ43),"Initially, we have the following packages: obj11, obj12, obj13, obj21, obj22, obj23, obj31, obj32, obj33, obj41, obj42, obj43, obj51, obj52, obj53, obj61, obj62, obj63, obj71, obj72, obj73, obj81, obj82, obj83, obj91, obj92, obj93, obj101, obj102, obj103, obj111, obj112, obj113, obj121, obj122, obj123, obj131, obj132, obj133.",direct,true,covered,The package and its type are explicitly enumerated.
init,(PACKAGE OBJ51),"Initially, we have the following packages: obj11, obj12, obj13, obj21, obj22, obj23, obj31, obj32, obj33, obj41, obj42, obj43, obj51, obj52, obj53, obj61, obj62, obj63, obj71, obj72, obj73, obj81, obj82, obj83, obj91, obj92, obj93, obj101, obj102, obj103, obj111, obj112, obj113, obj121, obj122, obj123, obj131, obj132, obj133.",direct,true,covered,The package and its type are explicitly enumerated.
init,(PACKAGE OBJ52),"Initially, we have the following packages: obj11, obj12, obj13, obj21, obj22, obj23, obj31, obj32, obj33, obj41, obj42, obj43, obj51, obj52, obj53, obj61, obj62, obj63, obj71, obj72, obj73, obj81, obj82, obj83, obj91, obj92, obj93, obj101, obj102, obj103, obj111, obj112, obj113, obj121, obj122, obj123, obj131, obj132, obj133.",direct,true,covered,The package and its type are explicitly enumerated.
init,(PACKAGE OBJ53),"Initially, we have the following packages: obj11, obj12, obj13, obj21, obj22, obj23, obj31, obj32, obj33, obj41, obj42, obj43, obj51, obj52, obj53, obj61, obj62, obj63, obj71, obj72, obj73, obj81, obj82, obj83, obj91, obj92, obj93, obj101, obj102, obj103, obj111, obj112, obj113, obj121, obj122, obj123, obj131, obj132, obj133.",direct,true,covered,The package and its type are explicitly enumerated.
init,(PACKAGE OBJ61),"Initially, we have the following packages: obj11, obj12, obj13, obj21, obj22, obj23, obj31, obj32, obj33, obj41, obj42, obj43, obj51, obj52, obj53, obj61, obj62, obj63, obj71, obj72, obj73, obj81, obj82, obj83, obj91, obj92, obj93, obj101, obj102, obj103, obj111, obj112, obj113, obj121, obj122, obj123, obj131, obj132, obj133.",direct,true,covered,The package and its type are explicitly enumerated.
init,(PACKAGE OBJ62),"Initially, we have the following packages: obj11, obj12, obj13, obj21, obj22, obj23, obj31, obj32, obj33, obj41, obj42, obj43, obj51, obj52, obj53, obj61, obj62, obj63, obj71, obj72, obj73, obj81, obj82, obj83, obj91, obj92, obj93, obj101, obj102, obj103, obj111, obj112, obj113, obj121, obj122, obj123, obj131, obj132, obj133.",direct,true,covered,The package and its type are explicitly enumerated.
init,(PACKAGE OBJ63),"Initially, we have the following packages: obj11, obj12, obj13, obj21, obj22, obj23, obj31, obj32, obj33, obj41, obj42, obj43, obj51, obj52, obj53, obj61, obj62, obj63, obj71, obj72, obj73, obj81, obj82, obj83, obj91, obj92, obj93, obj101, obj102, obj103, obj111, obj112, obj113, obj121, obj122, obj123, obj131, obj132, obj133.",direct,true,covered,The package and its type are explicitly enumerated.
init,(PACKAGE OBJ71),"Initially, we have the following packages: obj11, obj12, obj13, obj21, obj22, obj23, obj31, obj32, obj33, obj41, obj42, obj43, obj51, obj52, obj53, obj61, obj62, obj63, obj71, obj72, obj73, obj81, obj82, obj83, obj91, obj92, obj93, obj101, obj102, obj103, obj111, obj112, obj113, obj121, obj122, obj123, obj131, obj132, obj133.",direct,true,covered,The package and its type are explicitly enumerated.
init,(PACKAGE OBJ72),"Initially, we have the following packages: obj11, obj12, obj13, obj21, obj22, obj23, obj31, obj32, obj33, obj41, obj42, obj43, obj51, obj52, obj53, obj61, obj62, obj63, obj71, obj72, obj73, obj81, obj82, obj83, obj91, obj92, obj93, obj101, obj102, obj103, obj111, obj112, obj113, obj121, obj122, obj123, obj131, obj132, obj133.",direct,true,covered,The package and its type are explicitly enumerated.
init,(PACKAGE OBJ73),"Initially, we have the following packages: obj11, obj12, obj13, obj21, obj22, obj23, obj31, obj32, obj33, obj41, obj42, obj43, obj51, obj52, obj53, obj61, obj62, obj63, obj71, obj72, obj73, obj81, obj82, obj83, obj91, obj92, obj93, obj101, obj102, obj103, obj111, obj112, obj113, obj121, obj122, obj123, obj131, obj132, obj133.",direct,true,covered,The package and its type are explicitly enumerated.
init,(PACKAGE OBJ81),"Initially, we have the following packages: obj11, obj12, obj13, obj21, obj22, obj23, obj31, obj32, obj33, obj41, obj42, obj43, obj51, obj52, obj53, obj61, obj62, obj63, obj71, obj72, obj73, obj81, obj82, obj83, obj91, obj92, obj93, obj101, obj102, obj103, obj111, obj112, obj113, obj121, obj122, obj123, obj131, obj132, obj133.",direct,true,covered,The package and its type are explicitly enumerated.
init,(PACKAGE OBJ82),"Initially, we have the following packages: obj11, obj12, obj13, obj21, obj22, obj23, obj31, obj32, obj33, obj41, obj42, obj43, obj51, obj52, obj53, obj61, obj62, obj63, obj71, obj72, obj73, obj81, obj82, obj83, obj91, obj92, obj93, obj101, obj102, obj103, obj111, obj112, obj113, obj121, obj122, obj123, obj131, obj132, obj133.",direct,true,covered,The package and its type are explicitly enumerated.
init,(PACKAGE OBJ83),"Initially, we have the following packages: obj11, obj12, obj13, obj21, obj22, obj23, obj31, obj32, obj33, obj41, obj42, obj43, obj51, obj52, obj53, obj61, obj62, obj63, obj71, obj72, obj73, obj81, obj82, obj83, obj91, obj92, obj93, obj101, obj102, obj103, obj111, obj112, obj113, obj121, obj122, obj123, obj131, obj132, obj133.",direct,true,covered,The package and its type are explicitly enumerated.
init,(PACKAGE OBJ91),"Initially, we have the following packages: obj11, obj12, obj13, obj21, obj22, obj23, obj31, obj32, obj33, obj41, obj42, obj43, obj51, obj52, obj53, obj61, obj62, obj63, obj71, obj72, obj73, obj81, obj82, obj83, obj91, obj92, obj93, obj101, obj102, obj103, obj111, obj112, obj113, obj121, obj122, obj123, obj131, obj132, obj133.",direct,true,covered,The package and its type are explicitly enumerated.
init,(PACKAGE OBJ92),"Initially, we have the following packages: obj11, obj12, obj13, obj21, obj22, obj23, obj31, obj32, obj33, obj41, obj42, obj43, obj51, obj52, obj53, obj61, obj62, obj63, obj71, obj72, obj73, obj81, obj82, obj83, obj91, obj92, obj93, obj101, obj102, obj103, obj111, obj112, obj113, obj121, obj122, obj123, obj131, obj132, obj133.",direct,true,covered,The package and its type are explicitly enumerated.
init,(PACKAGE OBJ93),"Initially, we have the following packages: obj11, obj12, obj13, obj21, obj22, obj23, obj31, obj32, obj33, obj41, obj42, obj43, obj51, obj52, obj53, obj61, obj62, obj63, obj71, obj72, obj73, obj81, obj82, obj83, obj91, obj92, obj93, obj101, obj102, obj103, obj111, obj112, obj113, obj121, obj122, obj123, obj131, obj132, obj133.",direct,true,covered,The package and its type are explicitly enumerated.
init,(PACKAGE OBJ101),"Initially, we have the following packages: obj11, obj12, obj13, obj21, obj22, obj23, obj31, obj32, obj33, obj41, obj42, obj43, obj51, obj52, obj53, obj61, obj62, obj63, obj71, obj72, obj73, obj81, obj82, obj83, obj91, obj92, obj93, obj101, obj102, obj103, obj111, obj112, obj113, obj121, obj122, obj123, obj131, obj132, obj133.",direct,true,covered,The package and its type are explicitly enumerated.
init,(PACKAGE OBJ102),"Initially, we have the following packages: obj11, obj12, obj13, obj21, obj22, obj23, obj31, obj32, obj33, obj41, obj42, obj43, obj51, obj52, obj53, obj61, obj62, obj63, obj71, obj72, obj73, obj81, obj82, obj83, obj91, obj92, obj93, obj101, obj102, obj103, obj111, obj112, obj113, obj121, obj122, obj123, obj131, obj132, obj133.",direct,true,covered,The package and its type are explicitly enumerated.
init,(PACKAGE OBJ103),"Initially, we have the following packages: obj11, obj12, obj13, obj21, obj22, obj23, obj31, obj32, obj33, obj41, obj42, obj43, obj51, obj52, obj53, obj61, obj62, obj63, obj71, obj72, obj73, obj81, obj82, obj83, obj91, obj92, obj93, obj101, obj102, obj103, obj111, obj112, obj113, obj121, obj122, obj123, obj131, obj132, obj133.",direct,true,covered,The package and its type are explicitly enumerated.
init,(PACKAGE OBJ111),"Initially, we have the following packages: obj11, obj12, obj13, obj21, obj22, obj23, obj31, obj32, obj33, obj41, obj42, obj43, obj51, obj52, obj53, obj61, obj62, obj63, obj71, obj72, obj73, obj81, obj82, obj83, obj91, obj92, obj93, obj101, obj102, obj103, obj111, obj112, obj113, obj121, obj122, obj123, obj131, obj132, obj133.",direct,true,covered,The package and its type are explicitly enumerated.
init,(PACKAGE OBJ112),"Initially, we have the following packages: obj11, obj12, obj13, obj21, obj22, obj23, obj31, obj32, obj33, obj41, obj42, obj43, obj51, obj52, obj53, obj61, obj62, obj63, obj71, obj72, obj73, obj81, obj82, obj83, obj91, obj92, obj93, obj101, obj102, obj103, obj111, obj112, obj113, obj121, obj122, obj123, obj131, obj132, obj133.",direct,true,covered,The package and its type are explicitly enumerated.
init,(PACKAGE OBJ113),"Initially, we have the following packages: obj11, obj12, obj13, obj21, obj22, obj23, obj31, obj32, obj33, obj41, obj42, obj43, obj51, obj52, obj53, obj61, obj62, obj63, obj71, obj72, obj73, obj81, obj82, obj83, obj91, obj92, obj93, obj101, obj102, obj103, obj111, obj112, obj113, obj121, obj122, obj123, obj131, obj132, obj133.",direct,true,covered,The package and its type are explicitly enumerated.
init,(PACKAGE OBJ121),"Initially, we have the following packages: obj11, obj12, obj13, obj21, obj22, obj23, obj31, obj32, obj33, obj41, obj42, obj43, obj51, obj52, obj53, obj61, obj62, obj63, obj71, obj72, obj73, obj81, obj82, obj83, obj91, obj92, obj93, obj101, obj102, obj103, obj111, obj112, obj113, obj121, obj122, obj123, obj131, obj132, obj133.",direct,true,covered,The package and its type are explicitly enumerated.
init,(PACKAGE OBJ122),"Initially, we have the following packages: obj11, obj12, obj13, obj21, obj22, obj23, obj31, obj32, obj33, obj41, obj42, obj43, obj51, obj52, obj53, obj61, obj62, obj63, obj71, obj72, obj73, obj81, obj82, obj83, obj91, obj92, obj93, obj101, obj102, obj103, obj111, obj112, obj113, obj121, obj122, obj123, obj131, obj132, obj133.",direct,true,covered,The package and its type are explicitly enumerated.
init,(PACKAGE OBJ123),"Initially, we have the following packages: obj11, obj12, obj13, obj21, obj22, obj23, obj31, obj32, obj33, obj41, obj42, obj43, obj51, obj52, obj53, obj61, obj62, obj63, obj71, obj72, obj73, obj81, obj82, obj83, obj91, obj92, obj93, obj101, obj102, obj103, obj111, obj112, obj113, obj121, obj122, obj123, obj131, obj132, obj133.",direct,true,covered,The package and its type are explicitly enumerated.
init,(PACKAGE OBJ131),"Initially, we have the following packages: obj11, obj12, obj13, obj21, obj22, obj23, obj31, obj32, obj33, obj41, obj42, obj43, obj51, obj52, obj53, obj61, obj62, obj63, obj71, obj72, obj73, obj81, obj82, obj83, obj91, obj92, obj93, obj101, obj102, obj103, obj111, obj112, obj113, obj121, obj122, obj123, obj131, obj132, obj133.",direct,true,covered,The package and its type are explicitly enumerated.
init,(PACKAGE OBJ132),"Initially, we have the following packages: obj11, obj12, obj13, obj21, obj22, obj23, obj31, obj32, obj33, obj41, obj42, obj43, obj51, obj52, obj53, obj61, obj62, obj63, obj71, obj72, obj73, obj81, obj82, obj83, obj91, obj92, obj93, obj101, obj102, obj103, obj111, obj112, obj113, obj121, obj122, obj123, obj131, obj132, obj133.",direct,true,covered,The package and its type are explicitly enumerated.
init,(PACKAGE OBJ133),"Initially, we have the following packages: obj11, obj12, obj13, obj21, obj22, obj23, obj31, obj32, obj33, obj41, obj42, obj43, obj51, obj52, obj53, obj61, obj62, obj63, obj71, obj72, obj73, obj81, obj82, obj83, obj91, obj92, obj93, obj101, obj102, obj103, obj111, obj112, obj113, obj121, obj122, obj123, obj131, obj132, obj133.",direct,true,covered,The package and its type are explicitly enumerated.
init,(TRUCK TRU1),These packages are to be transported using trucks tru1 to tru13 and airplanes apn1 to apn4.,deterministic_rule,true,covered,The finite vehicle range uniquely yields this unary type atom.
init,(TRUCK TRU2),These packages are to be transported using trucks tru1 to tru13 and airplanes apn1 to apn4.,deterministic_rule,true,covered,The finite vehicle range uniquely yields this unary type atom.
init,(TRUCK TRU3),These packages are to be transported using trucks tru1 to tru13 and airplanes apn1 to apn4.,deterministic_rule,true,covered,The finite vehicle range uniquely yields this unary type atom.
init,(TRUCK TRU4),These packages are to be transported using trucks tru1 to tru13 and airplanes apn1 to apn4.,deterministic_rule,true,covered,The finite vehicle range uniquely yields this unary type atom.
init,(TRUCK TRU5),These packages are to be transported using trucks tru1 to tru13 and airplanes apn1 to apn4.,deterministic_rule,true,covered,The finite vehicle range uniquely yields this unary type atom.
init,(TRUCK TRU6),These packages are to be transported using trucks tru1 to tru13 and airplanes apn1 to apn4.,deterministic_rule,true,covered,The finite vehicle range uniquely yields this unary type atom.
init,(TRUCK TRU7),These packages are to be transported using trucks tru1 to tru13 and airplanes apn1 to apn4.,deterministic_rule,true,covered,The finite vehicle range uniquely yields this unary type atom.
init,(TRUCK TRU8),These packages are to be transported using trucks tru1 to tru13 and airplanes apn1 to apn4.,deterministic_rule,true,covered,The finite vehicle range uniquely yields this unary type atom.
init,(TRUCK TRU9),These packages are to be transported using trucks tru1 to tru13 and airplanes apn1 to apn4.,deterministic_rule,true,covered,The finite vehicle range uniquely yields this unary type atom.
init,(TRUCK TRU10),These packages are to be transported using trucks tru1 to tru13 and airplanes apn1 to apn4.,deterministic_rule,true,covered,The finite vehicle range uniquely yields this unary type atom.
init,(TRUCK TRU11),These packages are to be transported using trucks tru1 to tru13 and airplanes apn1 to apn4.,deterministic_rule,true,covered,The finite vehicle range uniquely yields this unary type atom.
init,(TRUCK TRU12),These packages are to be transported using trucks tru1 to tru13 and airplanes apn1 to apn4.,deterministic_rule,true,covered,The finite vehicle range uniquely yields this unary type atom.
init,(TRUCK TRU13),These packages are to be transported using trucks tru1 to tru13 and airplanes apn1 to apn4.,deterministic_rule,true,covered,The finite vehicle range uniquely yields this unary type atom.
init,(CITY CIT1),"The cities involved are cit1 to cit13, each having a position and airport location labeled pos1 to pos13 and apt1 to apt13 respectively.",deterministic_rule,true,covered,The finite city range uniquely yields this city type atom.
init,(CITY CIT2),"The cities involved are cit1 to cit13, each having a position and airport location labeled pos1 to pos13 and apt1 to apt13 respectively.",deterministic_rule,true,covered,The finite city range uniquely yields this city type atom.
init,(CITY CIT3),"The cities involved are cit1 to cit13, each having a position and airport location labeled pos1 to pos13 and apt1 to apt13 respectively.",deterministic_rule,true,covered,The finite city range uniquely yields this city type atom.
init,(CITY CIT4),"The cities involved are cit1 to cit13, each having a position and airport location labeled pos1 to pos13 and apt1 to apt13 respectively.",deterministic_rule,true,covered,The finite city range uniquely yields this city type atom.
init,(CITY CIT5),"The cities involved are cit1 to cit13, each having a position and airport location labeled pos1 to pos13 and apt1 to apt13 respectively.",deterministic_rule,true,covered,The finite city range uniquely yields this city type atom.
init,(CITY CIT6),"The cities involved are cit1 to cit13, each having a position and airport location labeled pos1 to pos13 and apt1 to apt13 respectively.",deterministic_rule,true,covered,The finite city range uniquely yields this city type atom.
init,(CITY CIT7),"The cities involved are cit1 to cit13, each having a position and airport location labeled pos1 to pos13 and apt1 to apt13 respectively.",deterministic_rule,true,covered,The finite city range uniquely yields this city type atom.
init,(CITY CIT8),"The cities involved are cit1 to cit13, each having a position and airport location labeled pos1 to pos13 and apt1 to apt13 respectively.",deterministic_rule,true,covered,The finite city range uniquely yields this city type atom.
init,(CITY CIT9),"The cities involved are cit1 to cit13, each having a position and airport location labeled pos1 to pos13 and apt1 to apt13 respectively.",deterministic_rule,true,covered,The finite city range uniquely yields this city type atom.
init,(CITY CIT10),"The cities involved are cit1 to cit13, each having a position and airport location labeled pos1 to pos13 and apt1 to apt13 respectively.",deterministic_rule,true,covered,The finite city range uniquely yields this city type atom.
init,(CITY CIT11),"The cities involved are cit1 to cit13, each having a position and airport location labeled pos1 to pos13 and apt1 to apt13 respectively.",deterministic_rule,true,covered,The finite city range uniquely yields this city type atom.
init,(CITY CIT12),"The cities involved are cit1 to cit13, each having a position and airport location labeled pos1 to pos13 and apt1 to apt13 respectively.",deterministic_rule,true,covered,The finite city range uniquely yields this city type atom.
init,(CITY CIT13),"The cities involved are cit1 to cit13, each having a position and airport location labeled pos1 to pos13 and apt1 to apt13 respectively.",deterministic_rule,true,covered,The finite city range uniquely yields this city type atom.
init,(LOCATION POS1),"The cities involved are cit1 to cit13, each having a position and airport location labeled pos1 to pos13 and apt1 to apt13 respectively.",deterministic_rule,true,covered,The two finite location ranges uniquely yield this location type atom.
init,(LOCATION APT1),"The cities involved are cit1 to cit13, each having a position and airport location labeled pos1 to pos13 and apt1 to apt13 respectively.",deterministic_rule,true,covered,The two finite location ranges uniquely yield this location type atom.
init,(LOCATION POS2),"The cities involved are cit1 to cit13, each having a position and airport location labeled pos1 to pos13 and apt1 to apt13 respectively.",deterministic_rule,true,covered,The two finite location ranges uniquely yield this location type atom.
init,(LOCATION APT2),"The cities involved are cit1 to cit13, each having a position and airport location labeled pos1 to pos13 and apt1 to apt13 respectively.",deterministic_rule,true,covered,The two finite location ranges uniquely yield this location type atom.
init,(LOCATION POS3),"The cities involved are cit1 to cit13, each having a position and airport location labeled pos1 to pos13 and apt1 to apt13 respectively.",deterministic_rule,true,covered,The two finite location ranges uniquely yield this location type atom.
init,(LOCATION APT3),"The cities involved are cit1 to cit13, each having a position and airport location labeled pos1 to pos13 and apt1 to apt13 respectively.",deterministic_rule,true,covered,The two finite location ranges uniquely yield this location type atom.
init,(LOCATION POS4),"The cities involved are cit1 to cit13, each having a position and airport location labeled pos1 to pos13 and apt1 to apt13 respectively.",deterministic_rule,true,covered,The two finite location ranges uniquely yield this location type atom.
init,(LOCATION APT4),"The cities involved are cit1 to cit13, each having a position and airport location labeled pos1 to pos13 and apt1 to apt13 respectively.",deterministic_rule,true,covered,The two finite location ranges uniquely yield this location type atom.
init,(LOCATION POS5),"The cities involved are cit1 to cit13, each having a position and airport location labeled pos1 to pos13 and apt1 to apt13 respectively.",deterministic_rule,true,covered,The two finite location ranges uniquely yield this location type atom.
init,(LOCATION APT5),"The cities involved are cit1 to cit13, each having a position and airport location labeled pos1 to pos13 and apt1 to apt13 respectively.",deterministic_rule,true,covered,The two finite location ranges uniquely yield this location type atom.
init,(LOCATION POS6),"The cities involved are cit1 to cit13, each having a position and airport location labeled pos1 to pos13 and apt1 to apt13 respectively.",deterministic_rule,true,covered,The two finite location ranges uniquely yield this location type atom.
init,(LOCATION APT6),"The cities involved are cit1 to cit13, each having a position and airport location labeled pos1 to pos13 and apt1 to apt13 respectively.",deterministic_rule,true,covered,The two finite location ranges uniquely yield this location type atom.
init,(LOCATION POS7),"The cities involved are cit1 to cit13, each having a position and airport location labeled pos1 to pos13 and apt1 to apt13 respectively.",deterministic_rule,true,covered,The two finite location ranges uniquely yield this location type atom.
init,(LOCATION APT7),"The cities involved are cit1 to cit13, each having a position and airport location labeled pos1 to pos13 and apt1 to apt13 respectively.",deterministic_rule,true,covered,The two finite location ranges uniquely yield this location type atom.
init,(LOCATION POS8),"The cities involved are cit1 to cit13, each having a position and airport location labeled pos1 to pos13 and apt1 to apt13 respectively.",deterministic_rule,true,covered,The two finite location ranges uniquely yield this location type atom.
init,(LOCATION APT8),"The cities involved are cit1 to cit13, each having a position and airport location labeled pos1 to pos13 and apt1 to apt13 respectively.",deterministic_rule,true,covered,The two finite location ranges uniquely yield this location type atom.
init,(LOCATION POS9),"The cities involved are cit1 to cit13, each having a position and airport location labeled pos1 to pos13 and apt1 to apt13 respectively.",deterministic_rule,true,covered,The two finite location ranges uniquely yield this location type atom.
init,(LOCATION APT9),"The cities involved are cit1 to cit13, each having a position and airport location labeled pos1 to pos13 and apt1 to apt13 respectively.",deterministic_rule,true,covered,The two finite location ranges uniquely yield this location type atom.
init,(LOCATION POS10),"The cities involved are cit1 to cit13, each having a position and airport location labeled pos1 to pos13 and apt1 to apt13 respectively.",deterministic_rule,true,covered,The two finite location ranges uniquely yield this location type atom.
init,(LOCATION APT10),"The cities involved are cit1 to cit13, each having a position and airport location labeled pos1 to pos13 and apt1 to apt13 respectively.",deterministic_rule,true,covered,The two finite location ranges uniquely yield this location type atom.
init,(LOCATION POS11),"The cities involved are cit1 to cit13, each having a position and airport location labeled pos1 to pos13 and apt1 to apt13 respectively.",deterministic_rule,true,covered,The two finite location ranges uniquely yield this location type atom.
init,(LOCATION APT11),"The cities involved are cit1 to cit13, each having a position and airport location labeled pos1 to pos13 and apt1 to apt13 respectively.",deterministic_rule,true,covered,The two finite location ranges uniquely yield this location type atom.
init,(LOCATION POS12),"The cities involved are cit1 to cit13, each having a position and airport location labeled pos1 to pos13 and apt1 to apt13 respectively.",deterministic_rule,true,covered,The two finite location ranges uniquely yield this location type atom.
init,(LOCATION APT12),"The cities involved are cit1 to cit13, each having a position and airport location labeled pos1 to pos13 and apt1 to apt13 respectively.",deterministic_rule,true,covered,The two finite location ranges uniquely yield this location type atom.
init,(LOCATION POS13),"The cities involved are cit1 to cit13, each having a position and airport location labeled pos1 to pos13 and apt1 to apt13 respectively.",deterministic_rule,true,covered,The two finite location ranges uniquely yield this location type atom.
init,(LOCATION APT13),"The cities involved are cit1 to cit13, each having a position and airport location labeled pos1 to pos13 and apt1 to apt13 respectively.",deterministic_rule,true,covered,The two finite location ranges uniquely yield this location type atom.
init,(AIRPORT APT1),"The airports are specifically at the locations: apt1, apt2, apt3, apt4, apt5, apt6, apt7, apt8, apt9, apt10, apt11, apt12, apt13.",direct,true,covered,The airport is explicitly enumerated as an airport location.
init,(AIRPORT APT2),"The airports are specifically at the locations: apt1, apt2, apt3, apt4, apt5, apt6, apt7, apt8, apt9, apt10, apt11, apt12, apt13.",direct,true,covered,The airport is explicitly enumerated as an airport location.
init,(AIRPORT APT3),"The airports are specifically at the locations: apt1, apt2, apt3, apt4, apt5, apt6, apt7, apt8, apt9, apt10, apt11, apt12, apt13.",direct,true,covered,The airport is explicitly enumerated as an airport location.
init,(AIRPORT APT4),"The airports are specifically at the locations: apt1, apt2, apt3, apt4, apt5, apt6, apt7, apt8, apt9, apt10, apt11, apt12, apt13.",direct,true,covered,The airport is explicitly enumerated as an airport location.
init,(AIRPORT APT5),"The airports are specifically at the locations: apt1, apt2, apt3, apt4, apt5, apt6, apt7, apt8, apt9, apt10, apt11, apt12, apt13.",direct,true,covered,The airport is explicitly enumerated as an airport location.
init,(AIRPORT APT6),"The airports are specifically at the locations: apt1, apt2, apt3, apt4, apt5, apt6, apt7, apt8, apt9, apt10, apt11, apt12, apt13.",direct,true,covered,The airport is explicitly enumerated as an airport location.
init,(AIRPORT APT7),"The airports are specifically at the locations: apt1, apt2, apt3, apt4, apt5, apt6, apt7, apt8, apt9, apt10, apt11, apt12, apt13.",direct,true,covered,The airport is explicitly enumerated as an airport location.
init,(AIRPORT APT8),"The airports are specifically at the locations: apt1, apt2, apt3, apt4, apt5, apt6, apt7, apt8, apt9, apt10, apt11, apt12, apt13.",direct,true,covered,The airport is explicitly enumerated as an airport location.
init,(AIRPORT APT9),"The airports are specifically at the locations: apt1, apt2, apt3, apt4, apt5, apt6, apt7, apt8, apt9, apt10, apt11, apt12, apt13.",direct,true,covered,The airport is explicitly enumerated as an airport location.
init,(AIRPORT APT10),"The airports are specifically at the locations: apt1, apt2, apt3, apt4, apt5, apt6, apt7, apt8, apt9, apt10, apt11, apt12, apt13.",direct,true,covered,The airport is explicitly enumerated as an airport location.
init,(AIRPORT APT11),"The airports are specifically at the locations: apt1, apt2, apt3, apt4, apt5, apt6, apt7, apt8, apt9, apt10, apt11, apt12, apt13.",direct,true,covered,The airport is explicitly enumerated as an airport location.
init,(AIRPORT APT12),"The airports are specifically at the locations: apt1, apt2, apt3, apt4, apt5, apt6, apt7, apt8, apt9, apt10, apt11, apt12, apt13.",direct,true,covered,The airport is explicitly enumerated as an airport location.
init,(AIRPORT APT13),"The airports are specifically at the locations: apt1, apt2, apt3, apt4, apt5, apt6, apt7, apt8, apt9, apt10, apt11, apt12, apt13.",direct,true,covered,The airport is explicitly enumerated as an airport location.
init,(AIRPLANE APN1),These packages are to be transported using trucks tru1 to tru13 and airplanes apn1 to apn4.,deterministic_rule,true,covered,The finite vehicle range uniquely yields this unary type atom.
init,(AIRPLANE APN2),These packages are to be transported using trucks tru1 to tru13 and airplanes apn1 to apn4.,deterministic_rule,true,covered,The finite vehicle range uniquely yields this unary type atom.
init,(AIRPLANE APN3),These packages are to be transported using trucks tru1 to tru13 and airplanes apn1 to apn4.,deterministic_rule,true,covered,The finite vehicle range uniquely yields this unary type atom.
init,(AIRPLANE APN4),These packages are to be transported using trucks tru1 to tru13 and airplanes apn1 to apn4.,deterministic_rule,true,covered,The finite vehicle range uniquely yields this unary type atom.
init,(AT APN1 APT2),"Currently, airplane apn1 is located at airport apt2, apn2 at apt13, apn3 at apt10, and apn4 at apt1.",direct,true,covered,The ordered sentence directly states this airplane's initial airport.
init,(AT APN2 APT13),"Currently, airplane apn1 is located at airport apt2, apn2 at apt13, apn3 at apt10, and apn4 at apt1.",direct,true,covered,The ordered sentence directly states this airplane's initial airport.
init,(AT APN3 APT10),"Currently, airplane apn1 is located at airport apt2, apn2 at apt13, apn3 at apt10, and apn4 at apt1.",direct,true,covered,The ordered sentence directly states this airplane's initial airport.
init,(AT APN4 APT1),"Currently, airplane apn1 is located at airport apt2, apn2 at apt13, apn3 at apt10, and apn4 at apt1.",direct,true,covered,The ordered sentence directly states this airplane's initial airport.
init,(AT TRU1 POS1),"The trucks and packages are initially located as follows: for each integer i from 1 through 13, the truck named by concatenating tru and i and the three packages named by concatenating obj, i, and each of 1, 2, and 3 are all at the position named by concatenating pos and the same i.",deterministic_rule,true,covered,The bounded shared-index rule expands uniquely to this initial at atom.
init,(AT OBJ11 POS1),"The trucks and packages are initially located as follows: for each integer i from 1 through 13, the truck named by concatenating tru and i and the three packages named by concatenating obj, i, and each of 1, 2, and 3 are all at the position named by concatenating pos and the same i.",deterministic_rule,true,covered,The bounded shared-index rule expands uniquely to this initial at atom.
init,(AT OBJ12 POS1),"The trucks and packages are initially located as follows: for each integer i from 1 through 13, the truck named by concatenating tru and i and the three packages named by concatenating obj, i, and each of 1, 2, and 3 are all at the position named by concatenating pos and the same i.",deterministic_rule,true,covered,The bounded shared-index rule expands uniquely to this initial at atom.
init,(AT OBJ13 POS1),"The trucks and packages are initially located as follows: for each integer i from 1 through 13, the truck named by concatenating tru and i and the three packages named by concatenating obj, i, and each of 1, 2, and 3 are all at the position named by concatenating pos and the same i.",deterministic_rule,true,covered,The bounded shared-index rule expands uniquely to this initial at atom.
init,(AT TRU2 POS2),"The trucks and packages are initially located as follows: for each integer i from 1 through 13, the truck named by concatenating tru and i and the three packages named by concatenating obj, i, and each of 1, 2, and 3 are all at the position named by concatenating pos and the same i.",deterministic_rule,true,covered,The bounded shared-index rule expands uniquely to this initial at atom.
init,(AT OBJ21 POS2),"The trucks and packages are initially located as follows: for each integer i from 1 through 13, the truck named by concatenating tru and i and the three packages named by concatenating obj, i, and each of 1, 2, and 3 are all at the position named by concatenating pos and the same i.",deterministic_rule,true,covered,The bounded shared-index rule expands uniquely to this initial at atom.
init,(AT OBJ22 POS2),"The trucks and packages are initially located as follows: for each integer i from 1 through 13, the truck named by concatenating tru and i and the three packages named by concatenating obj, i, and each of 1, 2, and 3 are all at the position named by concatenating pos and the same i.",deterministic_rule,true,covered,The bounded shared-index rule expands uniquely to this initial at atom.
init,(AT OBJ23 POS2),"The trucks and packages are initially located as follows: for each integer i from 1 through 13, the truck named by concatenating tru and i and the three packages named by concatenating obj, i, and each of 1, 2, and 3 are all at the position named by concatenating pos and the same i.",deterministic_rule,true,covered,The bounded shared-index rule expands uniquely to this initial at atom.
init,(AT TRU3 POS3),"The trucks and packages are initially located as follows: for each integer i from 1 through 13, the truck named by concatenating tru and i and the three packages named by concatenating obj, i, and each of 1, 2, and 3 are all at the position named by concatenating pos and the same i.",deterministic_rule,true,covered,The bounded shared-index rule expands uniquely to this initial at atom.
init,(AT OBJ31 POS3),"The trucks and packages are initially located as follows: for each integer i from 1 through 13, the truck named by concatenating tru and i and the three packages named by concatenating obj, i, and each of 1, 2, and 3 are all at the position named by concatenating pos and the same i.",deterministic_rule,true,covered,The bounded shared-index rule expands uniquely to this initial at atom.
init,(AT OBJ32 POS3),"The trucks and packages are initially located as follows: for each integer i from 1 through 13, the truck named by concatenating tru and i and the three packages named by concatenating obj, i, and each of 1, 2, and 3 are all at the position named by concatenating pos and the same i.",deterministic_rule,true,covered,The bounded shared-index rule expands uniquely to this initial at atom.
init,(AT OBJ33 POS3),"The trucks and packages are initially located as follows: for each integer i from 1 through 13, the truck named by concatenating tru and i and the three packages named by concatenating obj, i, and each of 1, 2, and 3 are all at the position named by concatenating pos and the same i.",deterministic_rule,true,covered,The bounded shared-index rule expands uniquely to this initial at atom.
init,(AT TRU4 POS4),"The trucks and packages are initially located as follows: for each integer i from 1 through 13, the truck named by concatenating tru and i and the three packages named by concatenating obj, i, and each of 1, 2, and 3 are all at the position named by concatenating pos and the same i.",deterministic_rule,true,covered,The bounded shared-index rule expands uniquely to this initial at atom.
init,(AT OBJ41 POS4),"The trucks and packages are initially located as follows: for each integer i from 1 through 13, the truck named by concatenating tru and i and the three packages named by concatenating obj, i, and each of 1, 2, and 3 are all at the position named by concatenating pos and the same i.",deterministic_rule,true,covered,The bounded shared-index rule expands uniquely to this initial at atom.
init,(AT OBJ42 POS4),"The trucks and packages are initially located as follows: for each integer i from 1 through 13, the truck named by concatenating tru and i and the three packages named by concatenating obj, i, and each of 1, 2, and 3 are all at the position named by concatenating pos and the same i.",deterministic_rule,true,covered,The bounded shared-index rule expands uniquely to this initial at atom.
init,(AT OBJ43 POS4),"The trucks and packages are initially located as follows: for each integer i from 1 through 13, the truck named by concatenating tru and i and the three packages named by concatenating obj, i, and each of 1, 2, and 3 are all at the position named by concatenating pos and the same i.",deterministic_rule,true,covered,The bounded shared-index rule expands uniquely to this initial at atom.
init,(AT TRU5 POS5),"The trucks and packages are initially located as follows: for each integer i from 1 through 13, the truck named by concatenating tru and i and the three packages named by concatenating obj, i, and each of 1, 2, and 3 are all at the position named by concatenating pos and the same i.",deterministic_rule,true,covered,The bounded shared-index rule expands uniquely to this initial at atom.
init,(AT OBJ51 POS5),"The trucks and packages are initially located as follows: for each integer i from 1 through 13, the truck named by concatenating tru and i and the three packages named by concatenating obj, i, and each of 1, 2, and 3 are all at the position named by concatenating pos and the same i.",deterministic_rule,true,covered,The bounded shared-index rule expands uniquely to this initial at atom.
init,(AT OBJ52 POS5),"The trucks and packages are initially located as follows: for each integer i from 1 through 13, the truck named by concatenating tru and i and the three packages named by concatenating obj, i, and each of 1, 2, and 3 are all at the position named by concatenating pos and the same i.",deterministic_rule,true,covered,The bounded shared-index rule expands uniquely to this initial at atom.
init,(AT OBJ53 POS5),"The trucks and packages are initially located as follows: for each integer i from 1 through 13, the truck named by concatenating tru and i and the three packages named by concatenating obj, i, and each of 1, 2, and 3 are all at the position named by concatenating pos and the same i.",deterministic_rule,true,covered,The bounded shared-index rule expands uniquely to this initial at atom.
init,(AT TRU6 POS6),"The trucks and packages are initially located as follows: for each integer i from 1 through 13, the truck named by concatenating tru and i and the three packages named by concatenating obj, i, and each of 1, 2, and 3 are all at the position named by concatenating pos and the same i.",deterministic_rule,true,covered,The bounded shared-index rule expands uniquely to this initial at atom.
init,(AT OBJ61 POS6),"The trucks and packages are initially located as follows: for each integer i from 1 through 13, the truck named by concatenating tru and i and the three packages named by concatenating obj, i, and each of 1, 2, and 3 are all at the position named by concatenating pos and the same i.",deterministic_rule,true,covered,The bounded shared-index rule expands uniquely to this initial at atom.
init,(AT OBJ62 POS6),"The trucks and packages are initially located as follows: for each integer i from 1 through 13, the truck named by concatenating tru and i and the three packages named by concatenating obj, i, and each of 1, 2, and 3 are all at the position named by concatenating pos and the same i.",deterministic_rule,true,covered,The bounded shared-index rule expands uniquely to this initial at atom.
init,(AT OBJ63 POS6),"The trucks and packages are initially located as follows: for each integer i from 1 through 13, the truck named by concatenating tru and i and the three packages named by concatenating obj, i, and each of 1, 2, and 3 are all at the position named by concatenating pos and the same i.",deterministic_rule,true,covered,The bounded shared-index rule expands uniquely to this initial at atom.
init,(AT TRU7 POS7),"The trucks and packages are initially located as follows: for each integer i from 1 through 13, the truck named by concatenating tru and i and the three packages named by concatenating obj, i, and each of 1, 2, and 3 are all at the position named by concatenating pos and the same i.",deterministic_rule,true,covered,The bounded shared-index rule expands uniquely to this initial at atom.
init,(AT OBJ71 POS7),"The trucks and packages are initially located as follows: for each integer i from 1 through 13, the truck named by concatenating tru and i and the three packages named by concatenating obj, i, and each of 1, 2, and 3 are all at the position named by concatenating pos and the same i.",deterministic_rule,true,covered,The bounded shared-index rule expands uniquely to this initial at atom.
init,(AT OBJ72 POS7),"The trucks and packages are initially located as follows: for each integer i from 1 through 13, the truck named by concatenating tru and i and the three packages named by concatenating obj, i, and each of 1, 2, and 3 are all at the position named by concatenating pos and the same i.",deterministic_rule,true,covered,The bounded shared-index rule expands uniquely to this initial at atom.
init,(AT OBJ73 POS7),"The trucks and packages are initially located as follows: for each integer i from 1 through 13, the truck named by concatenating tru and i and the three packages named by concatenating obj, i, and each of 1, 2, and 3 are all at the position named by concatenating pos and the same i.",deterministic_rule,true,covered,The bounded shared-index rule expands uniquely to this initial at atom.
init,(AT TRU8 POS8),"The trucks and packages are initially located as follows: for each integer i from 1 through 13, the truck named by concatenating tru and i and the three packages named by concatenating obj, i, and each of 1, 2, and 3 are all at the position named by concatenating pos and the same i.",deterministic_rule,true,covered,The bounded shared-index rule expands uniquely to this initial at atom.
init,(AT OBJ81 POS8),"The trucks and packages are initially located as follows: for each integer i from 1 through 13, the truck named by concatenating tru and i and the three packages named by concatenating obj, i, and each of 1, 2, and 3 are all at the position named by concatenating pos and the same i.",deterministic_rule,true,covered,The bounded shared-index rule expands uniquely to this initial at atom.
init,(AT OBJ82 POS8),"The trucks and packages are initially located as follows: for each integer i from 1 through 13, the truck named by concatenating tru and i and the three packages named by concatenating obj, i, and each of 1, 2, and 3 are all at the position named by concatenating pos and the same i.",deterministic_rule,true,covered,The bounded shared-index rule expands uniquely to this initial at atom.
init,(AT OBJ83 POS8),"The trucks and packages are initially located as follows: for each integer i from 1 through 13, the truck named by concatenating tru and i and the three packages named by concatenating obj, i, and each of 1, 2, and 3 are all at the position named by concatenating pos and the same i.",deterministic_rule,true,covered,The bounded shared-index rule expands uniquely to this initial at atom.
init,(AT TRU9 POS9),"The trucks and packages are initially located as follows: for each integer i from 1 through 13, the truck named by concatenating tru and i and the three packages named by concatenating obj, i, and each of 1, 2, and 3 are all at the position named by concatenating pos and the same i.",deterministic_rule,true,covered,The bounded shared-index rule expands uniquely to this initial at atom.
init,(AT OBJ91 POS9),"The trucks and packages are initially located as follows: for each integer i from 1 through 13, the truck named by concatenating tru and i and the three packages named by concatenating obj, i, and each of 1, 2, and 3 are all at the position named by concatenating pos and the same i.",deterministic_rule,true,covered,The bounded shared-index rule expands uniquely to this initial at atom.
init,(AT OBJ92 POS9),"The trucks and packages are initially located as follows: for each integer i from 1 through 13, the truck named by concatenating tru and i and the three packages named by concatenating obj, i, and each of 1, 2, and 3 are all at the position named by concatenating pos and the same i.",deterministic_rule,true,covered,The bounded shared-index rule expands uniquely to this initial at atom.
init,(AT OBJ93 POS9),"The trucks and packages are initially located as follows: for each integer i from 1 through 13, the truck named by concatenating tru and i and the three packages named by concatenating obj, i, and each of 1, 2, and 3 are all at the position named by concatenating pos and the same i.",deterministic_rule,true,covered,The bounded shared-index rule expands uniquely to this initial at atom.
init,(AT TRU10 POS10),"The trucks and packages are initially located as follows: for each integer i from 1 through 13, the truck named by concatenating tru and i and the three packages named by concatenating obj, i, and each of 1, 2, and 3 are all at the position named by concatenating pos and the same i.",deterministic_rule,true,covered,The bounded shared-index rule expands uniquely to this initial at atom.
init,(AT OBJ101 POS10),"The trucks and packages are initially located as follows: for each integer i from 1 through 13, the truck named by concatenating tru and i and the three packages named by concatenating obj, i, and each of 1, 2, and 3 are all at the position named by concatenating pos and the same i.",deterministic_rule,true,covered,The bounded shared-index rule expands uniquely to this initial at atom.
init,(AT OBJ102 POS10),"The trucks and packages are initially located as follows: for each integer i from 1 through 13, the truck named by concatenating tru and i and the three packages named by concatenating obj, i, and each of 1, 2, and 3 are all at the position named by concatenating pos and the same i.",deterministic_rule,true,covered,The bounded shared-index rule expands uniquely to this initial at atom.
init,(AT OBJ103 POS10),"The trucks and packages are initially located as follows: for each integer i from 1 through 13, the truck named by concatenating tru and i and the three packages named by concatenating obj, i, and each of 1, 2, and 3 are all at the position named by concatenating pos and the same i.",deterministic_rule,true,covered,The bounded shared-index rule expands uniquely to this initial at atom.
init,(AT TRU11 POS11),"The trucks and packages are initially located as follows: for each integer i from 1 through 13, the truck named by concatenating tru and i and the three packages named by concatenating obj, i, and each of 1, 2, and 3 are all at the position named by concatenating pos and the same i.",deterministic_rule,true,covered,The bounded shared-index rule expands uniquely to this initial at atom.
init,(AT OBJ111 POS11),"The trucks and packages are initially located as follows: for each integer i from 1 through 13, the truck named by concatenating tru and i and the three packages named by concatenating obj, i, and each of 1, 2, and 3 are all at the position named by concatenating pos and the same i.",deterministic_rule,true,covered,The bounded shared-index rule expands uniquely to this initial at atom.
init,(AT OBJ112 POS11),"The trucks and packages are initially located as follows: for each integer i from 1 through 13, the truck named by concatenating tru and i and the three packages named by concatenating obj, i, and each of 1, 2, and 3 are all at the position named by concatenating pos and the same i.",deterministic_rule,true,covered,The bounded shared-index rule expands uniquely to this initial at atom.
init,(AT OBJ113 POS11),"The trucks and packages are initially located as follows: for each integer i from 1 through 13, the truck named by concatenating tru and i and the three packages named by concatenating obj, i, and each of 1, 2, and 3 are all at the position named by concatenating pos and the same i.",deterministic_rule,true,covered,The bounded shared-index rule expands uniquely to this initial at atom.
init,(AT TRU12 POS12),"The trucks and packages are initially located as follows: for each integer i from 1 through 13, the truck named by concatenating tru and i and the three packages named by concatenating obj, i, and each of 1, 2, and 3 are all at the position named by concatenating pos and the same i.",deterministic_rule,true,covered,The bounded shared-index rule expands uniquely to this initial at atom.
init,(AT OBJ121 POS12),"The trucks and packages are initially located as follows: for each integer i from 1 through 13, the truck named by concatenating tru and i and the three packages named by concatenating obj, i, and each of 1, 2, and 3 are all at the position named by concatenating pos and the same i.",deterministic_rule,true,covered,The bounded shared-index rule expands uniquely to this initial at atom.
init,(AT OBJ122 POS12),"The trucks and packages are initially located as follows: for each integer i from 1 through 13, the truck named by concatenating tru and i and the three packages named by concatenating obj, i, and each of 1, 2, and 3 are all at the position named by concatenating pos and the same i.",deterministic_rule,true,covered,The bounded shared-index rule expands uniquely to this initial at atom.
init,(AT OBJ123 POS12),"The trucks and packages are initially located as follows: for each integer i from 1 through 13, the truck named by concatenating tru and i and the three packages named by concatenating obj, i, and each of 1, 2, and 3 are all at the position named by concatenating pos and the same i.",deterministic_rule,true,covered,The bounded shared-index rule expands uniquely to this initial at atom.
init,(AT TRU13 POS13),"The trucks and packages are initially located as follows: for each integer i from 1 through 13, the truck named by concatenating tru and i and the three packages named by concatenating obj, i, and each of 1, 2, and 3 are all at the position named by concatenating pos and the same i.",deterministic_rule,true,covered,The bounded shared-index rule expands uniquely to this initial at atom.
init,(AT OBJ131 POS13),"The trucks and packages are initially located as follows: for each integer i from 1 through 13, the truck named by concatenating tru and i and the three packages named by concatenating obj, i, and each of 1, 2, and 3 are all at the position named by concatenating pos and the same i.",deterministic_rule,true,covered,The bounded shared-index rule expands uniquely to this initial at atom.
init,(AT OBJ132 POS13),"The trucks and packages are initially located as follows: for each integer i from 1 through 13, the truck named by concatenating tru and i and the three packages named by concatenating obj, i, and each of 1, 2, and 3 are all at the position named by concatenating pos and the same i.",deterministic_rule,true,covered,The bounded shared-index rule expands uniquely to this initial at atom.
init,(AT OBJ133 POS13),"The trucks and packages are initially located as follows: for each integer i from 1 through 13, the truck named by concatenating tru and i and the three packages named by concatenating obj, i, and each of 1, 2, and 3 are all at the position named by concatenating pos and the same i.",deterministic_rule,true,covered,The bounded shared-index rule expands uniquely to this initial at atom.
init,(IN-CITY POS1 CIT1),"Each position and airport is situated within its indexed city: for each integer i from 1 through 13, the position named by concatenating pos and i and the airport named by concatenating apt and the same i are both in the city named by concatenating cit and i.",deterministic_rule,true,covered,The bounded shared-index rule expands uniquely to this in-city atom.
init,(IN-CITY APT1 CIT1),"Each position and airport is situated within its indexed city: for each integer i from 1 through 13, the position named by concatenating pos and i and the airport named by concatenating apt and the same i are both in the city named by concatenating cit and i.",deterministic_rule,true,covered,The bounded shared-index rule expands uniquely to this in-city atom.
init,(IN-CITY POS2 CIT2),"Each position and airport is situated within its indexed city: for each integer i from 1 through 13, the position named by concatenating pos and i and the airport named by concatenating apt and the same i are both in the city named by concatenating cit and i.",deterministic_rule,true,covered,The bounded shared-index rule expands uniquely to this in-city atom.
init,(IN-CITY APT2 CIT2),"Each position and airport is situated within its indexed city: for each integer i from 1 through 13, the position named by concatenating pos and i and the airport named by concatenating apt and the same i are both in the city named by concatenating cit and i.",deterministic_rule,true,covered,The bounded shared-index rule expands uniquely to this in-city atom.
init,(IN-CITY POS3 CIT3),"Each position and airport is situated within its indexed city: for each integer i from 1 through 13, the position named by concatenating pos and i and the airport named by concatenating apt and the same i are both in the city named by concatenating cit and i.",deterministic_rule,true,covered,The bounded shared-index rule expands uniquely to this in-city atom.
init,(IN-CITY APT3 CIT3),"Each position and airport is situated within its indexed city: for each integer i from 1 through 13, the position named by concatenating pos and i and the airport named by concatenating apt and the same i are both in the city named by concatenating cit and i.",deterministic_rule,true,covered,The bounded shared-index rule expands uniquely to this in-city atom.
init,(IN-CITY POS4 CIT4),"Each position and airport is situated within its indexed city: for each integer i from 1 through 13, the position named by concatenating pos and i and the airport named by concatenating apt and the same i are both in the city named by concatenating cit and i.",deterministic_rule,true,covered,The bounded shared-index rule expands uniquely to this in-city atom.
init,(IN-CITY APT4 CIT4),"Each position and airport is situated within its indexed city: for each integer i from 1 through 13, the position named by concatenating pos and i and the airport named by concatenating apt and the same i are both in the city named by concatenating cit and i.",deterministic_rule,true,covered,The bounded shared-index rule expands uniquely to this in-city atom.
init,(IN-CITY POS5 CIT5),"Each position and airport is situated within its indexed city: for each integer i from 1 through 13, the position named by concatenating pos and i and the airport named by concatenating apt and the same i are both in the city named by concatenating cit and i.",deterministic_rule,true,covered,The bounded shared-index rule expands uniquely to this in-city atom.
init,(IN-CITY APT5 CIT5),"Each position and airport is situated within its indexed city: for each integer i from 1 through 13, the position named by concatenating pos and i and the airport named by concatenating apt and the same i are both in the city named by concatenating cit and i.",deterministic_rule,true,covered,The bounded shared-index rule expands uniquely to this in-city atom.
init,(IN-CITY POS6 CIT6),"Each position and airport is situated within its indexed city: for each integer i from 1 through 13, the position named by concatenating pos and i and the airport named by concatenating apt and the same i are both in the city named by concatenating cit and i.",deterministic_rule,true,covered,The bounded shared-index rule expands uniquely to this in-city atom.
init,(IN-CITY APT6 CIT6),"Each position and airport is situated within its indexed city: for each integer i from 1 through 13, the position named by concatenating pos and i and the airport named by concatenating apt and the same i are both in the city named by concatenating cit and i.",deterministic_rule,true,covered,The bounded shared-index rule expands uniquely to this in-city atom.
init,(IN-CITY POS7 CIT7),"Each position and airport is situated within its indexed city: for each integer i from 1 through 13, the position named by concatenating pos and i and the airport named by concatenating apt and the same i are both in the city named by concatenating cit and i.",deterministic_rule,true,covered,The bounded shared-index rule expands uniquely to this in-city atom.
init,(IN-CITY APT7 CIT7),"Each position and airport is situated within its indexed city: for each integer i from 1 through 13, the position named by concatenating pos and i and the airport named by concatenating apt and the same i are both in the city named by concatenating cit and i.",deterministic_rule,true,covered,The bounded shared-index rule expands uniquely to this in-city atom.
init,(IN-CITY POS8 CIT8),"Each position and airport is situated within its indexed city: for each integer i from 1 through 13, the position named by concatenating pos and i and the airport named by concatenating apt and the same i are both in the city named by concatenating cit and i.",deterministic_rule,true,covered,The bounded shared-index rule expands uniquely to this in-city atom.
init,(IN-CITY APT8 CIT8),"Each position and airport is situated within its indexed city: for each integer i from 1 through 13, the position named by concatenating pos and i and the airport named by concatenating apt and the same i are both in the city named by concatenating cit and i.",deterministic_rule,true,covered,The bounded shared-index rule expands uniquely to this in-city atom.
init,(IN-CITY POS9 CIT9),"Each position and airport is situated within its indexed city: for each integer i from 1 through 13, the position named by concatenating pos and i and the airport named by concatenating apt and the same i are both in the city named by concatenating cit and i.",deterministic_rule,true,covered,The bounded shared-index rule expands uniquely to this in-city atom.
init,(IN-CITY APT9 CIT9),"Each position and airport is situated within its indexed city: for each integer i from 1 through 13, the position named by concatenating pos and i and the airport named by concatenating apt and the same i are both in the city named by concatenating cit and i.",deterministic_rule,true,covered,The bounded shared-index rule expands uniquely to this in-city atom.
init,(IN-CITY POS10 CIT10),"Each position and airport is situated within its indexed city: for each integer i from 1 through 13, the position named by concatenating pos and i and the airport named by concatenating apt and the same i are both in the city named by concatenating cit and i.",deterministic_rule,true,covered,The bounded shared-index rule expands uniquely to this in-city atom.
init,(IN-CITY APT10 CIT10),"Each position and airport is situated within its indexed city: for each integer i from 1 through 13, the position named by concatenating pos and i and the airport named by concatenating apt and the same i are both in the city named by concatenating cit and i.",deterministic_rule,true,covered,The bounded shared-index rule expands uniquely to this in-city atom.
init,(IN-CITY POS11 CIT11),"Each position and airport is situated within its indexed city: for each integer i from 1 through 13, the position named by concatenating pos and i and the airport named by concatenating apt and the same i are both in the city named by concatenating cit and i.",deterministic_rule,true,covered,The bounded shared-index rule expands uniquely to this in-city atom.
init,(IN-CITY APT11 CIT11),"Each position and airport is situated within its indexed city: for each integer i from 1 through 13, the position named by concatenating pos and i and the airport named by concatenating apt and the same i are both in the city named by concatenating cit and i.",deterministic_rule,true,covered,The bounded shared-index rule expands uniquely to this in-city atom.
init,(IN-CITY POS12 CIT12),"Each position and airport is situated within its indexed city: for each integer i from 1 through 13, the position named by concatenating pos and i and the airport named by concatenating apt and the same i are both in the city named by concatenating cit and i.",deterministic_rule,true,covered,The bounded shared-index rule expands uniquely to this in-city atom.
init,(IN-CITY APT12 CIT12),"Each position and airport is situated within its indexed city: for each integer i from 1 through 13, the position named by concatenating pos and i and the airport named by concatenating apt and the same i are both in the city named by concatenating cit and i.",deterministic_rule,true,covered,The bounded shared-index rule expands uniquely to this in-city atom.
init,(IN-CITY POS13 CIT13),"Each position and airport is situated within its indexed city: for each integer i from 1 through 13, the position named by concatenating pos and i and the airport named by concatenating apt and the same i are both in the city named by concatenating cit and i.",deterministic_rule,true,covered,The bounded shared-index rule expands uniquely to this in-city atom.
init,(IN-CITY APT13 CIT13),"Each position and airport is situated within its indexed city: for each integer i from 1 through 13, the position named by concatenating pos and i and the airport named by concatenating apt and the same i are both in the city named by concatenating cit and i.",deterministic_rule,true,covered,The bounded shared-index rule expands uniquely to this in-city atom.
goal,(AT OBJ41 APT1),"The objective is to relocate the packages as follows: move obj41 to apt1, obj43 to apt3, obj11 to apt13, obj21 to apt7, obj113 to pos2, obj32 to apt12, obj31 to apt13, obj123 to pos3, obj13 to pos6, obj122 to pos4, obj83 to pos9, obj82 to pos13, obj103 to apt9, obj81 to pos8, obj92 to apt8, obj12 to apt9, obj101 to pos12, obj132 to apt4, obj73 to apt8, obj63 to apt3, obj91 to apt13, obj133 to apt3, obj23 to pos1, obj42 to apt1, obj52 to pos12, obj131 to apt6, obj22 to apt8, obj112 to pos12, obj93 to apt4, obj62 to apt5, obj53 to pos5, obj61 to pos11, obj72 to apt5, obj33 to apt3, obj71 to pos1, obj111 to pos2, obj121 to pos3, and obj102 to pos10.",direct,true,covered,The sentence directly states this conjunctive goal atom.
goal,(AT OBJ43 APT3),"The objective is to relocate the packages as follows: move obj41 to apt1, obj43 to apt3, obj11 to apt13, obj21 to apt7, obj113 to pos2, obj32 to apt12, obj31 to apt13, obj123 to pos3, obj13 to pos6, obj122 to pos4, obj83 to pos9, obj82 to pos13, obj103 to apt9, obj81 to pos8, obj92 to apt8, obj12 to apt9, obj101 to pos12, obj132 to apt4, obj73 to apt8, obj63 to apt3, obj91 to apt13, obj133 to apt3, obj23 to pos1, obj42 to apt1, obj52 to pos12, obj131 to apt6, obj22 to apt8, obj112 to pos12, obj93 to apt4, obj62 to apt5, obj53 to pos5, obj61 to pos11, obj72 to apt5, obj33 to apt3, obj71 to pos1, obj111 to pos2, obj121 to pos3, and obj102 to pos10.",direct,true,covered,The sentence directly states this conjunctive goal atom.
goal,(AT OBJ11 APT13),"The objective is to relocate the packages as follows: move obj41 to apt1, obj43 to apt3, obj11 to apt13, obj21 to apt7, obj113 to pos2, obj32 to apt12, obj31 to apt13, obj123 to pos3, obj13 to pos6, obj122 to pos4, obj83 to pos9, obj82 to pos13, obj103 to apt9, obj81 to pos8, obj92 to apt8, obj12 to apt9, obj101 to pos12, obj132 to apt4, obj73 to apt8, obj63 to apt3, obj91 to apt13, obj133 to apt3, obj23 to pos1, obj42 to apt1, obj52 to pos12, obj131 to apt6, obj22 to apt8, obj112 to pos12, obj93 to apt4, obj62 to apt5, obj53 to pos5, obj61 to pos11, obj72 to apt5, obj33 to apt3, obj71 to pos1, obj111 to pos2, obj121 to pos3, and obj102 to pos10.",direct,true,covered,The sentence directly states this conjunctive goal atom.
goal,(AT OBJ21 APT7),"The objective is to relocate the packages as follows: move obj41 to apt1, obj43 to apt3, obj11 to apt13, obj21 to apt7, obj113 to pos2, obj32 to apt12, obj31 to apt13, obj123 to pos3, obj13 to pos6, obj122 to pos4, obj83 to pos9, obj82 to pos13, obj103 to apt9, obj81 to pos8, obj92 to apt8, obj12 to apt9, obj101 to pos12, obj132 to apt4, obj73 to apt8, obj63 to apt3, obj91 to apt13, obj133 to apt3, obj23 to pos1, obj42 to apt1, obj52 to pos12, obj131 to apt6, obj22 to apt8, obj112 to pos12, obj93 to apt4, obj62 to apt5, obj53 to pos5, obj61 to pos11, obj72 to apt5, obj33 to apt3, obj71 to pos1, obj111 to pos2, obj121 to pos3, and obj102 to pos10.",direct,true,covered,The sentence directly states this conjunctive goal atom.
goal,(AT OBJ113 POS2),"The objective is to relocate the packages as follows: move obj41 to apt1, obj43 to apt3, obj11 to apt13, obj21 to apt7, obj113 to pos2, obj32 to apt12, obj31 to apt13, obj123 to pos3, obj13 to pos6, obj122 to pos4, obj83 to pos9, obj82 to pos13, obj103 to apt9, obj81 to pos8, obj92 to apt8, obj12 to apt9, obj101 to pos12, obj132 to apt4, obj73 to apt8, obj63 to apt3, obj91 to apt13, obj133 to apt3, obj23 to pos1, obj42 to apt1, obj52 to pos12, obj131 to apt6, obj22 to apt8, obj112 to pos12, obj93 to apt4, obj62 to apt5, obj53 to pos5, obj61 to pos11, obj72 to apt5, obj33 to apt3, obj71 to pos1, obj111 to pos2, obj121 to pos3, and obj102 to pos10.",direct,true,covered,The sentence directly states this conjunctive goal atom.
goal,(AT OBJ32 APT12),"The objective is to relocate the packages as follows: move obj41 to apt1, obj43 to apt3, obj11 to apt13, obj21 to apt7, obj113 to pos2, obj32 to apt12, obj31 to apt13, obj123 to pos3, obj13 to pos6, obj122 to pos4, obj83 to pos9, obj82 to pos13, obj103 to apt9, obj81 to pos8, obj92 to apt8, obj12 to apt9, obj101 to pos12, obj132 to apt4, obj73 to apt8, obj63 to apt3, obj91 to apt13, obj133 to apt3, obj23 to pos1, obj42 to apt1, obj52 to pos12, obj131 to apt6, obj22 to apt8, obj112 to pos12, obj93 to apt4, obj62 to apt5, obj53 to pos5, obj61 to pos11, obj72 to apt5, obj33 to apt3, obj71 to pos1, obj111 to pos2, obj121 to pos3, and obj102 to pos10.",direct,true,covered,The sentence directly states this conjunctive goal atom.
goal,(AT OBJ31 APT13),"The objective is to relocate the packages as follows: move obj41 to apt1, obj43 to apt3, obj11 to apt13, obj21 to apt7, obj113 to pos2, obj32 to apt12, obj31 to apt13, obj123 to pos3, obj13 to pos6, obj122 to pos4, obj83 to pos9, obj82 to pos13, obj103 to apt9, obj81 to pos8, obj92 to apt8, obj12 to apt9, obj101 to pos12, obj132 to apt4, obj73 to apt8, obj63 to apt3, obj91 to apt13, obj133 to apt3, obj23 to pos1, obj42 to apt1, obj52 to pos12, obj131 to apt6, obj22 to apt8, obj112 to pos12, obj93 to apt4, obj62 to apt5, obj53 to pos5, obj61 to pos11, obj72 to apt5, obj33 to apt3, obj71 to pos1, obj111 to pos2, obj121 to pos3, and obj102 to pos10.",direct,true,covered,The sentence directly states this conjunctive goal atom.
goal,(AT OBJ123 POS3),"The objective is to relocate the packages as follows: move obj41 to apt1, obj43 to apt3, obj11 to apt13, obj21 to apt7, obj113 to pos2, obj32 to apt12, obj31 to apt13, obj123 to pos3, obj13 to pos6, obj122 to pos4, obj83 to pos9, obj82 to pos13, obj103 to apt9, obj81 to pos8, obj92 to apt8, obj12 to apt9, obj101 to pos12, obj132 to apt4, obj73 to apt8, obj63 to apt3, obj91 to apt13, obj133 to apt3, obj23 to pos1, obj42 to apt1, obj52 to pos12, obj131 to apt6, obj22 to apt8, obj112 to pos12, obj93 to apt4, obj62 to apt5, obj53 to pos5, obj61 to pos11, obj72 to apt5, obj33 to apt3, obj71 to pos1, obj111 to pos2, obj121 to pos3, and obj102 to pos10.",direct,true,covered,The sentence directly states this conjunctive goal atom.
goal,(AT OBJ13 POS6),"The objective is to relocate the packages as follows: move obj41 to apt1, obj43 to apt3, obj11 to apt13, obj21 to apt7, obj113 to pos2, obj32 to apt12, obj31 to apt13, obj123 to pos3, obj13 to pos6, obj122 to pos4, obj83 to pos9, obj82 to pos13, obj103 to apt9, obj81 to pos8, obj92 to apt8, obj12 to apt9, obj101 to pos12, obj132 to apt4, obj73 to apt8, obj63 to apt3, obj91 to apt13, obj133 to apt3, obj23 to pos1, obj42 to apt1, obj52 to pos12, obj131 to apt6, obj22 to apt8, obj112 to pos12, obj93 to apt4, obj62 to apt5, obj53 to pos5, obj61 to pos11, obj72 to apt5, obj33 to apt3, obj71 to pos1, obj111 to pos2, obj121 to pos3, and obj102 to pos10.",direct,true,covered,The sentence directly states this conjunctive goal atom.
goal,(AT OBJ122 POS4),"The objective is to relocate the packages as follows: move obj41 to apt1, obj43 to apt3, obj11 to apt13, obj21 to apt7, obj113 to pos2, obj32 to apt12, obj31 to apt13, obj123 to pos3, obj13 to pos6, obj122 to pos4, obj83 to pos9, obj82 to pos13, obj103 to apt9, obj81 to pos8, obj92 to apt8, obj12 to apt9, obj101 to pos12, obj132 to apt4, obj73 to apt8, obj63 to apt3, obj91 to apt13, obj133 to apt3, obj23 to pos1, obj42 to apt1, obj52 to pos12, obj131 to apt6, obj22 to apt8, obj112 to pos12, obj93 to apt4, obj62 to apt5, obj53 to pos5, obj61 to pos11, obj72 to apt5, obj33 to apt3, obj71 to pos1, obj111 to pos2, obj121 to pos3, and obj102 to pos10.",direct,true,covered,The sentence directly states this conjunctive goal atom.
goal,(AT OBJ83 POS9),"The objective is to relocate the packages as follows: move obj41 to apt1, obj43 to apt3, obj11 to apt13, obj21 to apt7, obj113 to pos2, obj32 to apt12, obj31 to apt13, obj123 to pos3, obj13 to pos6, obj122 to pos4, obj83 to pos9, obj82 to pos13, obj103 to apt9, obj81 to pos8, obj92 to apt8, obj12 to apt9, obj101 to pos12, obj132 to apt4, obj73 to apt8, obj63 to apt3, obj91 to apt13, obj133 to apt3, obj23 to pos1, obj42 to apt1, obj52 to pos12, obj131 to apt6, obj22 to apt8, obj112 to pos12, obj93 to apt4, obj62 to apt5, obj53 to pos5, obj61 to pos11, obj72 to apt5, obj33 to apt3, obj71 to pos1, obj111 to pos2, obj121 to pos3, and obj102 to pos10.",direct,true,covered,The sentence directly states this conjunctive goal atom.
goal,(AT OBJ82 POS13),"The objective is to relocate the packages as follows: move obj41 to apt1, obj43 to apt3, obj11 to apt13, obj21 to apt7, obj113 to pos2, obj32 to apt12, obj31 to apt13, obj123 to pos3, obj13 to pos6, obj122 to pos4, obj83 to pos9, obj82 to pos13, obj103 to apt9, obj81 to pos8, obj92 to apt8, obj12 to apt9, obj101 to pos12, obj132 to apt4, obj73 to apt8, obj63 to apt3, obj91 to apt13, obj133 to apt3, obj23 to pos1, obj42 to apt1, obj52 to pos12, obj131 to apt6, obj22 to apt8, obj112 to pos12, obj93 to apt4, obj62 to apt5, obj53 to pos5, obj61 to pos11, obj72 to apt5, obj33 to apt3, obj71 to pos1, obj111 to pos2, obj121 to pos3, and obj102 to pos10.",direct,true,covered,The sentence directly states this conjunctive goal atom.
goal,(AT OBJ103 APT9),"The objective is to relocate the packages as follows: move obj41 to apt1, obj43 to apt3, obj11 to apt13, obj21 to apt7, obj113 to pos2, obj32 to apt12, obj31 to apt13, obj123 to pos3, obj13 to pos6, obj122 to pos4, obj83 to pos9, obj82 to pos13, obj103 to apt9, obj81 to pos8, obj92 to apt8, obj12 to apt9, obj101 to pos12, obj132 to apt4, obj73 to apt8, obj63 to apt3, obj91 to apt13, obj133 to apt3, obj23 to pos1, obj42 to apt1, obj52 to pos12, obj131 to apt6, obj22 to apt8, obj112 to pos12, obj93 to apt4, obj62 to apt5, obj53 to pos5, obj61 to pos11, obj72 to apt5, obj33 to apt3, obj71 to pos1, obj111 to pos2, obj121 to pos3, and obj102 to pos10.",direct,true,covered,The sentence directly states this conjunctive goal atom.
goal,(AT OBJ81 POS8),"The objective is to relocate the packages as follows: move obj41 to apt1, obj43 to apt3, obj11 to apt13, obj21 to apt7, obj113 to pos2, obj32 to apt12, obj31 to apt13, obj123 to pos3, obj13 to pos6, obj122 to pos4, obj83 to pos9, obj82 to pos13, obj103 to apt9, obj81 to pos8, obj92 to apt8, obj12 to apt9, obj101 to pos12, obj132 to apt4, obj73 to apt8, obj63 to apt3, obj91 to apt13, obj133 to apt3, obj23 to pos1, obj42 to apt1, obj52 to pos12, obj131 to apt6, obj22 to apt8, obj112 to pos12, obj93 to apt4, obj62 to apt5, obj53 to pos5, obj61 to pos11, obj72 to apt5, obj33 to apt3, obj71 to pos1, obj111 to pos2, obj121 to pos3, and obj102 to pos10.",direct,true,covered,The sentence directly states this conjunctive goal atom.
goal,(AT OBJ92 APT8),"The objective is to relocate the packages as follows: move obj41 to apt1, obj43 to apt3, obj11 to apt13, obj21 to apt7, obj113 to pos2, obj32 to apt12, obj31 to apt13, obj123 to pos3, obj13 to pos6, obj122 to pos4, obj83 to pos9, obj82 to pos13, obj103 to apt9, obj81 to pos8, obj92 to apt8, obj12 to apt9, obj101 to pos12, obj132 to apt4, obj73 to apt8, obj63 to apt3, obj91 to apt13, obj133 to apt3, obj23 to pos1, obj42 to apt1, obj52 to pos12, obj131 to apt6, obj22 to apt8, obj112 to pos12, obj93 to apt4, obj62 to apt5, obj53 to pos5, obj61 to pos11, obj72 to apt5, obj33 to apt3, obj71 to pos1, obj111 to pos2, obj121 to pos3, and obj102 to pos10.",direct,true,covered,The sentence directly states this conjunctive goal atom.
goal,(AT OBJ12 APT9),"The objective is to relocate the packages as follows: move obj41 to apt1, obj43 to apt3, obj11 to apt13, obj21 to apt7, obj113 to pos2, obj32 to apt12, obj31 to apt13, obj123 to pos3, obj13 to pos6, obj122 to pos4, obj83 to pos9, obj82 to pos13, obj103 to apt9, obj81 to pos8, obj92 to apt8, obj12 to apt9, obj101 to pos12, obj132 to apt4, obj73 to apt8, obj63 to apt3, obj91 to apt13, obj133 to apt3, obj23 to pos1, obj42 to apt1, obj52 to pos12, obj131 to apt6, obj22 to apt8, obj112 to pos12, obj93 to apt4, obj62 to apt5, obj53 to pos5, obj61 to pos11, obj72 to apt5, obj33 to apt3, obj71 to pos1, obj111 to pos2, obj121 to pos3, and obj102 to pos10.",direct,true,covered,The sentence directly states this conjunctive goal atom.
goal,(AT OBJ101 POS12),"The objective is to relocate the packages as follows: move obj41 to apt1, obj43 to apt3, obj11 to apt13, obj21 to apt7, obj113 to pos2, obj32 to apt12, obj31 to apt13, obj123 to pos3, obj13 to pos6, obj122 to pos4, obj83 to pos9, obj82 to pos13, obj103 to apt9, obj81 to pos8, obj92 to apt8, obj12 to apt9, obj101 to pos12, obj132 to apt4, obj73 to apt8, obj63 to apt3, obj91 to apt13, obj133 to apt3, obj23 to pos1, obj42 to apt1, obj52 to pos12, obj131 to apt6, obj22 to apt8, obj112 to pos12, obj93 to apt4, obj62 to apt5, obj53 to pos5, obj61 to pos11, obj72 to apt5, obj33 to apt3, obj71 to pos1, obj111 to pos2, obj121 to pos3, and obj102 to pos10.",direct,true,covered,The sentence directly states this conjunctive goal atom.
goal,(AT OBJ132 APT4),"The objective is to relocate the packages as follows: move obj41 to apt1, obj43 to apt3, obj11 to apt13, obj21 to apt7, obj113 to pos2, obj32 to apt12, obj31 to apt13, obj123 to pos3, obj13 to pos6, obj122 to pos4, obj83 to pos9, obj82 to pos13, obj103 to apt9, obj81 to pos8, obj92 to apt8, obj12 to apt9, obj101 to pos12, obj132 to apt4, obj73 to apt8, obj63 to apt3, obj91 to apt13, obj133 to apt3, obj23 to pos1, obj42 to apt1, obj52 to pos12, obj131 to apt6, obj22 to apt8, obj112 to pos12, obj93 to apt4, obj62 to apt5, obj53 to pos5, obj61 to pos11, obj72 to apt5, obj33 to apt3, obj71 to pos1, obj111 to pos2, obj121 to pos3, and obj102 to pos10.",direct,true,covered,The sentence directly states this conjunctive goal atom.
goal,(AT OBJ73 APT8),"The objective is to relocate the packages as follows: move obj41 to apt1, obj43 to apt3, obj11 to apt13, obj21 to apt7, obj113 to pos2, obj32 to apt12, obj31 to apt13, obj123 to pos3, obj13 to pos6, obj122 to pos4, obj83 to pos9, obj82 to pos13, obj103 to apt9, obj81 to pos8, obj92 to apt8, obj12 to apt9, obj101 to pos12, obj132 to apt4, obj73 to apt8, obj63 to apt3, obj91 to apt13, obj133 to apt3, obj23 to pos1, obj42 to apt1, obj52 to pos12, obj131 to apt6, obj22 to apt8, obj112 to pos12, obj93 to apt4, obj62 to apt5, obj53 to pos5, obj61 to pos11, obj72 to apt5, obj33 to apt3, obj71 to pos1, obj111 to pos2, obj121 to pos3, and obj102 to pos10.",direct,true,covered,The sentence directly states this conjunctive goal atom.
goal,(AT OBJ63 APT3),"The objective is to relocate the packages as follows: move obj41 to apt1, obj43 to apt3, obj11 to apt13, obj21 to apt7, obj113 to pos2, obj32 to apt12, obj31 to apt13, obj123 to pos3, obj13 to pos6, obj122 to pos4, obj83 to pos9, obj82 to pos13, obj103 to apt9, obj81 to pos8, obj92 to apt8, obj12 to apt9, obj101 to pos12, obj132 to apt4, obj73 to apt8, obj63 to apt3, obj91 to apt13, obj133 to apt3, obj23 to pos1, obj42 to apt1, obj52 to pos12, obj131 to apt6, obj22 to apt8, obj112 to pos12, obj93 to apt4, obj62 to apt5, obj53 to pos5, obj61 to pos11, obj72 to apt5, obj33 to apt3, obj71 to pos1, obj111 to pos2, obj121 to pos3, and obj102 to pos10.",direct,true,covered,The sentence directly states this conjunctive goal atom.
goal,(AT OBJ91 APT13),"The objective is to relocate the packages as follows: move obj41 to apt1, obj43 to apt3, obj11 to apt13, obj21 to apt7, obj113 to pos2, obj32 to apt12, obj31 to apt13, obj123 to pos3, obj13 to pos6, obj122 to pos4, obj83 to pos9, obj82 to pos13, obj103 to apt9, obj81 to pos8, obj92 to apt8, obj12 to apt9, obj101 to pos12, obj132 to apt4, obj73 to apt8, obj63 to apt3, obj91 to apt13, obj133 to apt3, obj23 to pos1, obj42 to apt1, obj52 to pos12, obj131 to apt6, obj22 to apt8, obj112 to pos12, obj93 to apt4, obj62 to apt5, obj53 to pos5, obj61 to pos11, obj72 to apt5, obj33 to apt3, obj71 to pos1, obj111 to pos2, obj121 to pos3, and obj102 to pos10.",direct,true,covered,The sentence directly states this conjunctive goal atom.
goal,(AT OBJ133 APT3),"The objective is to relocate the packages as follows: move obj41 to apt1, obj43 to apt3, obj11 to apt13, obj21 to apt7, obj113 to pos2, obj32 to apt12, obj31 to apt13, obj123 to pos3, obj13 to pos6, obj122 to pos4, obj83 to pos9, obj82 to pos13, obj103 to apt9, obj81 to pos8, obj92 to apt8, obj12 to apt9, obj101 to pos12, obj132 to apt4, obj73 to apt8, obj63 to apt3, obj91 to apt13, obj133 to apt3, obj23 to pos1, obj42 to apt1, obj52 to pos12, obj131 to apt6, obj22 to apt8, obj112 to pos12, obj93 to apt4, obj62 to apt5, obj53 to pos5, obj61 to pos11, obj72 to apt5, obj33 to apt3, obj71 to pos1, obj111 to pos2, obj121 to pos3, and obj102 to pos10.",direct,true,covered,The sentence directly states this conjunctive goal atom.
goal,(AT OBJ23 POS1),"The objective is to relocate the packages as follows: move obj41 to apt1, obj43 to apt3, obj11 to apt13, obj21 to apt7, obj113 to pos2, obj32 to apt12, obj31 to apt13, obj123 to pos3, obj13 to pos6, obj122 to pos4, obj83 to pos9, obj82 to pos13, obj103 to apt9, obj81 to pos8, obj92 to apt8, obj12 to apt9, obj101 to pos12, obj132 to apt4, obj73 to apt8, obj63 to apt3, obj91 to apt13, obj133 to apt3, obj23 to pos1, obj42 to apt1, obj52 to pos12, obj131 to apt6, obj22 to apt8, obj112 to pos12, obj93 to apt4, obj62 to apt5, obj53 to pos5, obj61 to pos11, obj72 to apt5, obj33 to apt3, obj71 to pos1, obj111 to pos2, obj121 to pos3, and obj102 to pos10.",direct,true,covered,The sentence directly states this conjunctive goal atom.
goal,(AT OBJ42 APT1),"The objective is to relocate the packages as follows: move obj41 to apt1, obj43 to apt3, obj11 to apt13, obj21 to apt7, obj113 to pos2, obj32 to apt12, obj31 to apt13, obj123 to pos3, obj13 to pos6, obj122 to pos4, obj83 to pos9, obj82 to pos13, obj103 to apt9, obj81 to pos8, obj92 to apt8, obj12 to apt9, obj101 to pos12, obj132 to apt4, obj73 to apt8, obj63 to apt3, obj91 to apt13, obj133 to apt3, obj23 to pos1, obj42 to apt1, obj52 to pos12, obj131 to apt6, obj22 to apt8, obj112 to pos12, obj93 to apt4, obj62 to apt5, obj53 to pos5, obj61 to pos11, obj72 to apt5, obj33 to apt3, obj71 to pos1, obj111 to pos2, obj121 to pos3, and obj102 to pos10.",direct,true,covered,The sentence directly states this conjunctive goal atom.
goal,(AT OBJ52 POS12),"The objective is to relocate the packages as follows: move obj41 to apt1, obj43 to apt3, obj11 to apt13, obj21 to apt7, obj113 to pos2, obj32 to apt12, obj31 to apt13, obj123 to pos3, obj13 to pos6, obj122 to pos4, obj83 to pos9, obj82 to pos13, obj103 to apt9, obj81 to pos8, obj92 to apt8, obj12 to apt9, obj101 to pos12, obj132 to apt4, obj73 to apt8, obj63 to apt3, obj91 to apt13, obj133 to apt3, obj23 to pos1, obj42 to apt1, obj52 to pos12, obj131 to apt6, obj22 to apt8, obj112 to pos12, obj93 to apt4, obj62 to apt5, obj53 to pos5, obj61 to pos11, obj72 to apt5, obj33 to apt3, obj71 to pos1, obj111 to pos2, obj121 to pos3, and obj102 to pos10.",direct,true,covered,The sentence directly states this conjunctive goal atom.
goal,(AT OBJ131 APT6),"The objective is to relocate the packages as follows: move obj41 to apt1, obj43 to apt3, obj11 to apt13, obj21 to apt7, obj113 to pos2, obj32 to apt12, obj31 to apt13, obj123 to pos3, obj13 to pos6, obj122 to pos4, obj83 to pos9, obj82 to pos13, obj103 to apt9, obj81 to pos8, obj92 to apt8, obj12 to apt9, obj101 to pos12, obj132 to apt4, obj73 to apt8, obj63 to apt3, obj91 to apt13, obj133 to apt3, obj23 to pos1, obj42 to apt1, obj52 to pos12, obj131 to apt6, obj22 to apt8, obj112 to pos12, obj93 to apt4, obj62 to apt5, obj53 to pos5, obj61 to pos11, obj72 to apt5, obj33 to apt3, obj71 to pos1, obj111 to pos2, obj121 to pos3, and obj102 to pos10.",direct,true,covered,The sentence directly states this conjunctive goal atom.
goal,(AT OBJ22 APT8),"The objective is to relocate the packages as follows: move obj41 to apt1, obj43 to apt3, obj11 to apt13, obj21 to apt7, obj113 to pos2, obj32 to apt12, obj31 to apt13, obj123 to pos3, obj13 to pos6, obj122 to pos4, obj83 to pos9, obj82 to pos13, obj103 to apt9, obj81 to pos8, obj92 to apt8, obj12 to apt9, obj101 to pos12, obj132 to apt4, obj73 to apt8, obj63 to apt3, obj91 to apt13, obj133 to apt3, obj23 to pos1, obj42 to apt1, obj52 to pos12, obj131 to apt6, obj22 to apt8, obj112 to pos12, obj93 to apt4, obj62 to apt5, obj53 to pos5, obj61 to pos11, obj72 to apt5, obj33 to apt3, obj71 to pos1, obj111 to pos2, obj121 to pos3, and obj102 to pos10.",direct,true,covered,The sentence directly states this conjunctive goal atom.
goal,(AT OBJ112 POS12),"The objective is to relocate the packages as follows: move obj41 to apt1, obj43 to apt3, obj11 to apt13, obj21 to apt7, obj113 to pos2, obj32 to apt12, obj31 to apt13, obj123 to pos3, obj13 to pos6, obj122 to pos4, obj83 to pos9, obj82 to pos13, obj103 to apt9, obj81 to pos8, obj92 to apt8, obj12 to apt9, obj101 to pos12, obj132 to apt4, obj73 to apt8, obj63 to apt3, obj91 to apt13, obj133 to apt3, obj23 to pos1, obj42 to apt1, obj52 to pos12, obj131 to apt6, obj22 to apt8, obj112 to pos12, obj93 to apt4, obj62 to apt5, obj53 to pos5, obj61 to pos11, obj72 to apt5, obj33 to apt3, obj71 to pos1, obj111 to pos2, obj121 to pos3, and obj102 to pos10.",direct,true,covered,The sentence directly states this conjunctive goal atom.
goal,(AT OBJ93 APT4),"The objective is to relocate the packages as follows: move obj41 to apt1, obj43 to apt3, obj11 to apt13, obj21 to apt7, obj113 to pos2, obj32 to apt12, obj31 to apt13, obj123 to pos3, obj13 to pos6, obj122 to pos4, obj83 to pos9, obj82 to pos13, obj103 to apt9, obj81 to pos8, obj92 to apt8, obj12 to apt9, obj101 to pos12, obj132 to apt4, obj73 to apt8, obj63 to apt3, obj91 to apt13, obj133 to apt3, obj23 to pos1, obj42 to apt1, obj52 to pos12, obj131 to apt6, obj22 to apt8, obj112 to pos12, obj93 to apt4, obj62 to apt5, obj53 to pos5, obj61 to pos11, obj72 to apt5, obj33 to apt3, obj71 to pos1, obj111 to pos2, obj121 to pos3, and obj102 to pos10.",direct,true,covered,The sentence directly states this conjunctive goal atom.
goal,(AT OBJ62 APT5),"The objective is to relocate the packages as follows: move obj41 to apt1, obj43 to apt3, obj11 to apt13, obj21 to apt7, obj113 to pos2, obj32 to apt12, obj31 to apt13, obj123 to pos3, obj13 to pos6, obj122 to pos4, obj83 to pos9, obj82 to pos13, obj103 to apt9, obj81 to pos8, obj92 to apt8, obj12 to apt9, obj101 to pos12, obj132 to apt4, obj73 to apt8, obj63 to apt3, obj91 to apt13, obj133 to apt3, obj23 to pos1, obj42 to apt1, obj52 to pos12, obj131 to apt6, obj22 to apt8, obj112 to pos12, obj93 to apt4, obj62 to apt5, obj53 to pos5, obj61 to pos11, obj72 to apt5, obj33 to apt3, obj71 to pos1, obj111 to pos2, obj121 to pos3, and obj102 to pos10.",direct,true,covered,The sentence directly states this conjunctive goal atom.
goal,(AT OBJ53 POS5),"The objective is to relocate the packages as follows: move obj41 to apt1, obj43 to apt3, obj11 to apt13, obj21 to apt7, obj113 to pos2, obj32 to apt12, obj31 to apt13, obj123 to pos3, obj13 to pos6, obj122 to pos4, obj83 to pos9, obj82 to pos13, obj103 to apt9, obj81 to pos8, obj92 to apt8, obj12 to apt9, obj101 to pos12, obj132 to apt4, obj73 to apt8, obj63 to apt3, obj91 to apt13, obj133 to apt3, obj23 to pos1, obj42 to apt1, obj52 to pos12, obj131 to apt6, obj22 to apt8, obj112 to pos12, obj93 to apt4, obj62 to apt5, obj53 to pos5, obj61 to pos11, obj72 to apt5, obj33 to apt3, obj71 to pos1, obj111 to pos2, obj121 to pos3, and obj102 to pos10.",direct,true,covered,The sentence directly states this conjunctive goal atom.
goal,(AT OBJ61 POS11),"The objective is to relocate the packages as follows: move obj41 to apt1, obj43 to apt3, obj11 to apt13, obj21 to apt7, obj113 to pos2, obj32 to apt12, obj31 to apt13, obj123 to pos3, obj13 to pos6, obj122 to pos4, obj83 to pos9, obj82 to pos13, obj103 to apt9, obj81 to pos8, obj92 to apt8, obj12 to apt9, obj101 to pos12, obj132 to apt4, obj73 to apt8, obj63 to apt3, obj91 to apt13, obj133 to apt3, obj23 to pos1, obj42 to apt1, obj52 to pos12, obj131 to apt6, obj22 to apt8, obj112 to pos12, obj93 to apt4, obj62 to apt5, obj53 to pos5, obj61 to pos11, obj72 to apt5, obj33 to apt3, obj71 to pos1, obj111 to pos2, obj121 to pos3, and obj102 to pos10.",direct,true,covered,The sentence directly states this conjunctive goal atom.
goal,(AT OBJ72 APT5),"The objective is to relocate the packages as follows: move obj41 to apt1, obj43 to apt3, obj11 to apt13, obj21 to apt7, obj113 to pos2, obj32 to apt12, obj31 to apt13, obj123 to pos3, obj13 to pos6, obj122 to pos4, obj83 to pos9, obj82 to pos13, obj103 to apt9, obj81 to pos8, obj92 to apt8, obj12 to apt9, obj101 to pos12, obj132 to apt4, obj73 to apt8, obj63 to apt3, obj91 to apt13, obj133 to apt3, obj23 to pos1, obj42 to apt1, obj52 to pos12, obj131 to apt6, obj22 to apt8, obj112 to pos12, obj93 to apt4, obj62 to apt5, obj53 to pos5, obj61 to pos11, obj72 to apt5, obj33 to apt3, obj71 to pos1, obj111 to pos2, obj121 to pos3, and obj102 to pos10.",direct,true,covered,The sentence directly states this conjunctive goal atom.
goal,(AT OBJ33 APT3),"The objective is to relocate the packages as follows: move obj41 to apt1, obj43 to apt3, obj11 to apt13, obj21 to apt7, obj113 to pos2, obj32 to apt12, obj31 to apt13, obj123 to pos3, obj13 to pos6, obj122 to pos4, obj83 to pos9, obj82 to pos13, obj103 to apt9, obj81 to pos8, obj92 to apt8, obj12 to apt9, obj101 to pos12, obj132 to apt4, obj73 to apt8, obj63 to apt3, obj91 to apt13, obj133 to apt3, obj23 to pos1, obj42 to apt1, obj52 to pos12, obj131 to apt6, obj22 to apt8, obj112 to pos12, obj93 to apt4, obj62 to apt5, obj53 to pos5, obj61 to pos11, obj72 to apt5, obj33 to apt3, obj71 to pos1, obj111 to pos2, obj121 to pos3, and obj102 to pos10.",direct,true,covered,The sentence directly states this conjunctive goal atom.
goal,(AT OBJ71 POS1),"The objective is to relocate the packages as follows: move obj41 to apt1, obj43 to apt3, obj11 to apt13, obj21 to apt7, obj113 to pos2, obj32 to apt12, obj31 to apt13, obj123 to pos3, obj13 to pos6, obj122 to pos4, obj83 to pos9, obj82 to pos13, obj103 to apt9, obj81 to pos8, obj92 to apt8, obj12 to apt9, obj101 to pos12, obj132 to apt4, obj73 to apt8, obj63 to apt3, obj91 to apt13, obj133 to apt3, obj23 to pos1, obj42 to apt1, obj52 to pos12, obj131 to apt6, obj22 to apt8, obj112 to pos12, obj93 to apt4, obj62 to apt5, obj53 to pos5, obj61 to pos11, obj72 to apt5, obj33 to apt3, obj71 to pos1, obj111 to pos2, obj121 to pos3, and obj102 to pos10.",direct,true,covered,The sentence directly states this conjunctive goal atom.
goal,(AT OBJ111 POS2),"The objective is to relocate the packages as follows: move obj41 to apt1, obj43 to apt3, obj11 to apt13, obj21 to apt7, obj113 to pos2, obj32 to apt12, obj31 to apt13, obj123 to pos3, obj13 to pos6, obj122 to pos4, obj83 to pos9, obj82 to pos13, obj103 to apt9, obj81 to pos8, obj92 to apt8, obj12 to apt9, obj101 to pos12, obj132 to apt4, obj73 to apt8, obj63 to apt3, obj91 to apt13, obj133 to apt3, obj23 to pos1, obj42 to apt1, obj52 to pos12, obj131 to apt6, obj22 to apt8, obj112 to pos12, obj93 to apt4, obj62 to apt5, obj53 to pos5, obj61 to pos11, obj72 to apt5, obj33 to apt3, obj71 to pos1, obj111 to pos2, obj121 to pos3, and obj102 to pos10.",direct,true,covered,The sentence directly states this conjunctive goal atom.
goal,(AT OBJ121 POS3),"The objective is to relocate the packages as follows: move obj41 to apt1, obj43 to apt3, obj11 to apt13, obj21 to apt7, obj113 to pos2, obj32 to apt12, obj31 to apt13, obj123 to pos3, obj13 to pos6, obj122 to pos4, obj83 to pos9, obj82 to pos13, obj103 to apt9, obj81 to pos8, obj92 to apt8, obj12 to apt9, obj101 to pos12, obj132 to apt4, obj73 to apt8, obj63 to apt3, obj91 to apt13, obj133 to apt3, obj23 to pos1, obj42 to apt1, obj52 to pos12, obj131 to apt6, obj22 to apt8, obj112 to pos12, obj93 to apt4, obj62 to apt5, obj53 to pos5, obj61 to pos11, obj72 to apt5, obj33 to apt3, obj71 to pos1, obj111 to pos2, obj121 to pos3, and obj102 to pos10.",direct,true,covered,The sentence directly states this conjunctive goal atom.
goal,(AT OBJ102 POS10),"The objective is to relocate the packages as follows: move obj41 to apt1, obj43 to apt3, obj11 to apt13, obj21 to apt7, obj113 to pos2, obj32 to apt12, obj31 to apt13, obj123 to pos3, obj13 to pos6, obj122 to pos4, obj83 to pos9, obj82 to pos13, obj103 to apt9, obj81 to pos8, obj92 to apt8, obj12 to apt9, obj101 to pos12, obj132 to apt4, obj73 to apt8, obj63 to apt3, obj91 to apt13, obj133 to apt3, obj23 to pos1, obj42 to apt1, obj52 to pos12, obj131 to apt6, obj22 to apt8, obj112 to pos12, obj93 to apt4, obj62 to apt5, obj53 to pos5, obj61 to pos11, obj72 to apt5, obj33 to apt3, obj71 to pos1, obj111 to pos2, obj121 to pos3, and obj102 to pos10.",direct,true,covered,The sentence directly states this conjunctive goal atom.

