section,pddl_item,evidence,evidence_kind,unique,status,notes
objects,apt12,"The game features twelve cities: cit1 to cit12, each containing a 'pos' location and an airport ('apt'). The positions (pos1 through pos12) and airports (apt1 through apt12) are mapped to their corresponding cities.",deterministic_rule,true,covered,The bounded pos/apt ranges over 1–12 yield this location and no extras.
objects,pos12,"The game features twelve cities: cit1 to cit12, each containing a 'pos' location and an airport ('apt'). The positions (pos1 through pos12) and airports (apt1 through apt12) are mapped to their corresponding cities.",deterministic_rule,true,covered,The bounded pos/apt ranges over 1–12 yield this location and no extras.
objects,cit12,"The game features twelve cities: cit1 to cit12, each containing a 'pos' location and an airport ('apt').",deterministic_rule,true,covered,Expanding cit1 through cit12 yields this city and no extras.
objects,tru12,There are twelve trucks: tru1 through tru12.,deterministic_rule,true,covered,Expanding the bounded range 1–12 yields this truck and no extras.
objects,obj123,"The following packages exist: obj11, obj12, obj13, obj21, obj22, obj23, obj31, obj32, obj33, obj41, obj42, obj43, obj51, obj52, obj53, obj61, obj62, obj63, obj71, obj72, obj73, obj81, obj82, obj83, obj91, obj92, obj93, obj101, obj102, obj103, obj111, obj112, obj113, obj121, obj122, and obj123.",direct,true,covered,Exact identifier in the package inventory.
objects,obj122,"The following packages exist: obj11, obj12, obj13, obj21, obj22, obj23, obj31, obj32, obj33, obj41, obj42, obj43, obj51, obj52, obj53, obj61, obj62, obj63, obj71, obj72, obj73, obj81, obj82, obj83, obj91, obj92, obj93, obj101, obj102, obj103, obj111, obj112, obj113, obj121, obj122, and obj123.",direct,true,covered,Exact identifier in the package inventory.
objects,obj121,"The following packages exist: obj11, obj12, obj13, obj21, obj22, obj23, obj31, obj32, obj33, obj41, obj42, obj43, obj51, obj52, obj53, obj61, obj62, obj63, obj71, obj72, obj73, obj81, obj82, obj83, obj91, obj92, obj93, obj101, obj102, obj103, obj111, obj112, obj113, obj121, obj122, and obj123.",direct,true,covered,Exact identifier in the package inventory.
objects,apt11,"The game features twelve cities: cit1 to cit12, each containing a 'pos' location and an airport ('apt'). The positions (pos1 through pos12) and airports (apt1 through apt12) are mapped to their corresponding cities.",deterministic_rule,true,covered,The bounded pos/apt ranges over 1–12 yield this location and no extras.
objects,pos11,"The game features twelve cities: cit1 to cit12, each containing a 'pos' location and an airport ('apt'). The positions (pos1 through pos12) and airports (apt1 through apt12) are mapped to their corresponding cities.",deterministic_rule,true,covered,The bounded pos/apt ranges over 1–12 yield this location and no extras.
objects,cit11,"The game features twelve cities: cit1 to cit12, each containing a 'pos' location and an airport ('apt').",deterministic_rule,true,covered,Expanding cit1 through cit12 yields this city and no extras.
objects,tru11,There are twelve trucks: tru1 through tru12.,deterministic_rule,true,covered,Expanding the bounded range 1–12 yields this truck and no extras.
objects,obj113,"The following packages exist: obj11, obj12, obj13, obj21, obj22, obj23, obj31, obj32, obj33, obj41, obj42, obj43, obj51, obj52, obj53, obj61, obj62, obj63, obj71, obj72, obj73, obj81, obj82, obj83, obj91, obj92, obj93, obj101, obj102, obj103, obj111, obj112, obj113, obj121, obj122, and obj123.",direct,true,covered,Exact identifier in the package inventory.
objects,obj112,"The following packages exist: obj11, obj12, obj13, obj21, obj22, obj23, obj31, obj32, obj33, obj41, obj42, obj43, obj51, obj52, obj53, obj61, obj62, obj63, obj71, obj72, obj73, obj81, obj82, obj83, obj91, obj92, obj93, obj101, obj102, obj103, obj111, obj112, obj113, obj121, obj122, and obj123.",direct,true,covered,Exact identifier in the package inventory.
objects,obj111,"The following packages exist: obj11, obj12, obj13, obj21, obj22, obj23, obj31, obj32, obj33, obj41, obj42, obj43, obj51, obj52, obj53, obj61, obj62, obj63, obj71, obj72, obj73, obj81, obj82, obj83, obj91, obj92, obj93, obj101, obj102, obj103, obj111, obj112, obj113, obj121, obj122, and obj123.",direct,true,covered,Exact identifier in the package inventory.
objects,apt10,"The game features twelve cities: cit1 to cit12, each containing a 'pos' location and an airport ('apt'). The positions (pos1 through pos12) and airports (apt1 through apt12) are mapped to their corresponding cities.",deterministic_rule,true,covered,The bounded pos/apt ranges over 1–12 yield this location and no extras.
objects,pos10,"The game features twelve cities: cit1 to cit12, each containing a 'pos' location and an airport ('apt'). The positions (pos1 through pos12) and airports (apt1 through apt12) are mapped to their corresponding cities.",deterministic_rule,true,covered,The bounded pos/apt ranges over 1–12 yield this location and no extras.
objects,cit10,"The game features twelve cities: cit1 to cit12, each containing a 'pos' location and an airport ('apt').",deterministic_rule,true,covered,Expanding cit1 through cit12 yields this city and no extras.
objects,tru10,There are twelve trucks: tru1 through tru12.,deterministic_rule,true,covered,Expanding the bounded range 1–12 yields this truck and no extras.
objects,obj103,"The following packages exist: obj11, obj12, obj13, obj21, obj22, obj23, obj31, obj32, obj33, obj41, obj42, obj43, obj51, obj52, obj53, obj61, obj62, obj63, obj71, obj72, obj73, obj81, obj82, obj83, obj91, obj92, obj93, obj101, obj102, obj103, obj111, obj112, obj113, obj121, obj122, and obj123.",direct,true,covered,Exact identifier in the package inventory.
objects,obj102,"The following packages exist: obj11, obj12, obj13, obj21, obj22, obj23, obj31, obj32, obj33, obj41, obj42, obj43, obj51, obj52, obj53, obj61, obj62, obj63, obj71, obj72, obj73, obj81, obj82, obj83, obj91, obj92, obj93, obj101, obj102, obj103, obj111, obj112, obj113, obj121, obj122, and obj123.",direct,true,covered,Exact identifier in the package inventory.
objects,obj101,"The following packages exist: obj11, obj12, obj13, obj21, obj22, obj23, obj31, obj32, obj33, obj41, obj42, obj43, obj51, obj52, obj53, obj61, obj62, obj63, obj71, obj72, obj73, obj81, obj82, obj83, obj91, obj92, obj93, obj101, obj102, obj103, obj111, obj112, obj113, obj121, obj122, and obj123.",direct,true,covered,Exact identifier in the package inventory.
objects,apn3,"Three airplanes, apn1, apn2, and apn3, are located at apt5, apt2, and apt1, respectively.",direct,true,covered,Exact airplane identifier in the ordered sentence.
objects,apt9,"The game features twelve cities: cit1 to cit12, each containing a 'pos' location and an airport ('apt'). The positions (pos1 through pos12) and airports (apt1 through apt12) are mapped to their corresponding cities.",deterministic_rule,true,covered,The bounded pos/apt ranges over 1–12 yield this location and no extras.
objects,pos9,"The game features twelve cities: cit1 to cit12, each containing a 'pos' location and an airport ('apt'). The positions (pos1 through pos12) and airports (apt1 through apt12) are mapped to their corresponding cities.",deterministic_rule,true,covered,The bounded pos/apt ranges over 1–12 yield this location and no extras.
objects,cit9,"The game features twelve cities: cit1 to cit12, each containing a 'pos' location and an airport ('apt').",deterministic_rule,true,covered,Expanding cit1 through cit12 yields this city and no extras.
objects,tru9,There are twelve trucks: tru1 through tru12.,deterministic_rule,true,covered,Expanding the bounded range 1–12 yields this truck and no extras.
objects,obj93,"The following packages exist: obj11, obj12, obj13, obj21, obj22, obj23, obj31, obj32, obj33, obj41, obj42, obj43, obj51, obj52, obj53, obj61, obj62, obj63, obj71, obj72, obj73, obj81, obj82, obj83, obj91, obj92, obj93, obj101, obj102, obj103, obj111, obj112, obj113, obj121, obj122, and obj123.",direct,true,covered,Exact identifier in the package inventory.
objects,obj92,"The following packages exist: obj11, obj12, obj13, obj21, obj22, obj23, obj31, obj32, obj33, obj41, obj42, obj43, obj51, obj52, obj53, obj61, obj62, obj63, obj71, obj72, obj73, obj81, obj82, obj83, obj91, obj92, obj93, obj101, obj102, obj103, obj111, obj112, obj113, obj121, obj122, and obj123.",direct,true,covered,Exact identifier in the package inventory.
objects,obj91,"The following packages exist: obj11, obj12, obj13, obj21, obj22, obj23, obj31, obj32, obj33, obj41, obj42, obj43, obj51, obj52, obj53, obj61, obj62, obj63, obj71, obj72, obj73, obj81, obj82, obj83, obj91, obj92, obj93, obj101, obj102, obj103, obj111, obj112, obj113, obj121, obj122, and obj123.",direct,true,covered,Exact identifier in the package inventory.
objects,apt8,"The game features twelve cities: cit1 to cit12, each containing a 'pos' location and an airport ('apt'). The positions (pos1 through pos12) and airports (apt1 through apt12) are mapped to their corresponding cities.",deterministic_rule,true,covered,The bounded pos/apt ranges over 1–12 yield this location and no extras.
objects,pos8,"The game features twelve cities: cit1 to cit12, each containing a 'pos' location and an airport ('apt'). The positions (pos1 through pos12) and airports (apt1 through apt12) are mapped to their corresponding cities.",deterministic_rule,true,covered,The bounded pos/apt ranges over 1–12 yield this location and no extras.
objects,cit8,"The game features twelve cities: cit1 to cit12, each containing a 'pos' location and an airport ('apt').",deterministic_rule,true,covered,Expanding cit1 through cit12 yields this city and no extras.
objects,tru8,There are twelve trucks: tru1 through tru12.,deterministic_rule,true,covered,Expanding the bounded range 1–12 yields this truck and no extras.
objects,obj83,"The following packages exist: obj11, obj12, obj13, obj21, obj22, obj23, obj31, obj32, obj33, obj41, obj42, obj43, obj51, obj52, obj53, obj61, obj62, obj63, obj71, obj72, obj73, obj81, obj82, obj83, obj91, obj92, obj93, obj101, obj102, obj103, obj111, obj112, obj113, obj121, obj122, and obj123.",direct,true,covered,Exact identifier in the package inventory.
objects,obj82,"The following packages exist: obj11, obj12, obj13, obj21, obj22, obj23, obj31, obj32, obj33, obj41, obj42, obj43, obj51, obj52, obj53, obj61, obj62, obj63, obj71, obj72, obj73, obj81, obj82, obj83, obj91, obj92, obj93, obj101, obj102, obj103, obj111, obj112, obj113, obj121, obj122, and obj123.",direct,true,covered,Exact identifier in the package inventory.
objects,obj81,"The following packages exist: obj11, obj12, obj13, obj21, obj22, obj23, obj31, obj32, obj33, obj41, obj42, obj43, obj51, obj52, obj53, obj61, obj62, obj63, obj71, obj72, obj73, obj81, obj82, obj83, obj91, obj92, obj93, obj101, obj102, obj103, obj111, obj112, obj113, obj121, obj122, and obj123.",direct,true,covered,Exact identifier in the package inventory.
objects,apt7,"The game features twelve cities: cit1 to cit12, each containing a 'pos' location and an airport ('apt'). The positions (pos1 through pos12) and airports (apt1 through apt12) are mapped to their corresponding cities.",deterministic_rule,true,covered,The bounded pos/apt ranges over 1–12 yield this location and no extras.
objects,pos7,"The game features twelve cities: cit1 to cit12, each containing a 'pos' location and an airport ('apt'). The positions (pos1 through pos12) and airports (apt1 through apt12) are mapped to their corresponding cities.",deterministic_rule,true,covered,The bounded pos/apt ranges over 1–12 yield this location and no extras.
objects,cit7,"The game features twelve cities: cit1 to cit12, each containing a 'pos' location and an airport ('apt').",deterministic_rule,true,covered,Expanding cit1 through cit12 yields this city and no extras.
objects,tru7,There are twelve trucks: tru1 through tru12.,deterministic_rule,true,covered,Expanding the bounded range 1–12 yields this truck and no extras.
objects,obj73,"The following packages exist: obj11, obj12, obj13, obj21, obj22, obj23, obj31, obj32, obj33, obj41, obj42, obj43, obj51, obj52, obj53, obj61, obj62, obj63, obj71, obj72, obj73, obj81, obj82, obj83, obj91, obj92, obj93, obj101, obj102, obj103, obj111, obj112, obj113, obj121, obj122, and obj123.",direct,true,covered,Exact identifier in the package inventory.
objects,obj72,"The following packages exist: obj11, obj12, obj13, obj21, obj22, obj23, obj31, obj32, obj33, obj41, obj42, obj43, obj51, obj52, obj53, obj61, obj62, obj63, obj71, obj72, obj73, obj81, obj82, obj83, obj91, obj92, obj93, obj101, obj102, obj103, obj111, obj112, obj113, obj121, obj122, and obj123.",direct,true,covered,Exact identifier in the package inventory.
objects,obj71,"The following packages exist: obj11, obj12, obj13, obj21, obj22, obj23, obj31, obj32, obj33, obj41, obj42, obj43, obj51, obj52, obj53, obj61, obj62, obj63, obj71, obj72, obj73, obj81, obj82, obj83, obj91, obj92, obj93, obj101, obj102, obj103, obj111, obj112, obj113, obj121, obj122, and obj123.",direct,true,covered,Exact identifier in the package inventory.
objects,apt6,"The game features twelve cities: cit1 to cit12, each containing a 'pos' location and an airport ('apt'). The positions (pos1 through pos12) and airports (apt1 through apt12) are mapped to their corresponding cities.",deterministic_rule,true,covered,The bounded pos/apt ranges over 1–12 yield this location and no extras.
objects,pos6,"The game features twelve cities: cit1 to cit12, each containing a 'pos' location and an airport ('apt'). The positions (pos1 through pos12) and airports (apt1 through apt12) are mapped to their corresponding cities.",deterministic_rule,true,covered,The bounded pos/apt ranges over 1–12 yield this location and no extras.
objects,cit6,"The game features twelve cities: cit1 to cit12, each containing a 'pos' location and an airport ('apt').",deterministic_rule,true,covered,Expanding cit1 through cit12 yields this city and no extras.
objects,tru6,There are twelve trucks: tru1 through tru12.,deterministic_rule,true,covered,Expanding the bounded range 1–12 yields this truck and no extras.
objects,obj63,"The following packages exist: obj11, obj12, obj13, obj21, obj22, obj23, obj31, obj32, obj33, obj41, obj42, obj43, obj51, obj52, obj53, obj61, obj62, obj63, obj71, obj72, obj73, obj81, obj82, obj83, obj91, obj92, obj93, obj101, obj102, obj103, obj111, obj112, obj113, obj121, obj122, and obj123.",direct,true,covered,Exact identifier in the package inventory.
objects,obj62,"The following packages exist: obj11, obj12, obj13, obj21, obj22, obj23, obj31, obj32, obj33, obj41, obj42, obj43, obj51, obj52, obj53, obj61, obj62, obj63, obj71, obj72, obj73, obj81, obj82, obj83, obj91, obj92, obj93, obj101, obj102, obj103, obj111, obj112, obj113, obj121, obj122, and obj123.",direct,true,covered,Exact identifier in the package inventory.
objects,obj61,"The following packages exist: obj11, obj12, obj13, obj21, obj22, obj23, obj31, obj32, obj33, obj41, obj42, obj43, obj51, obj52, obj53, obj61, obj62, obj63, obj71, obj72, obj73, obj81, obj82, obj83, obj91, obj92, obj93, obj101, obj102, obj103, obj111, obj112, obj113, obj121, obj122, and obj123.",direct,true,covered,Exact identifier in the package inventory.
objects,apn2,"Three airplanes, apn1, apn2, and apn3, are located at apt5, apt2, and apt1, respectively.",direct,true,covered,Exact airplane identifier in the ordered sentence.
objects,apt5,"The game features twelve cities: cit1 to cit12, each containing a 'pos' location and an airport ('apt'). The positions (pos1 through pos12) and airports (apt1 through apt12) are mapped to their corresponding cities.",deterministic_rule,true,covered,The bounded pos/apt ranges over 1–12 yield this location and no extras.
objects,pos5,"The game features twelve cities: cit1 to cit12, each containing a 'pos' location and an airport ('apt'). The positions (pos1 through pos12) and airports (apt1 through apt12) are mapped to their corresponding cities.",deterministic_rule,true,covered,The bounded pos/apt ranges over 1–12 yield this location and no extras.
objects,cit5,"The game features twelve cities: cit1 to cit12, each containing a 'pos' location and an airport ('apt').",deterministic_rule,true,covered,Expanding cit1 through cit12 yields this city and no extras.
objects,tru5,There are twelve trucks: tru1 through tru12.,deterministic_rule,true,covered,Expanding the bounded range 1–12 yields this truck and no extras.
objects,obj53,"The following packages exist: obj11, obj12, obj13, obj21, obj22, obj23, obj31, obj32, obj33, obj41, obj42, obj43, obj51, obj52, obj53, obj61, obj62, obj63, obj71, obj72, obj73, obj81, obj82, obj83, obj91, obj92, obj93, obj101, obj102, obj103, obj111, obj112, obj113, obj121, obj122, and obj123.",direct,true,covered,Exact identifier in the package inventory.
objects,obj52,"The following packages exist: obj11, obj12, obj13, obj21, obj22, obj23, obj31, obj32, obj33, obj41, obj42, obj43, obj51, obj52, obj53, obj61, obj62, obj63, obj71, obj72, obj73, obj81, obj82, obj83, obj91, obj92, obj93, obj101, obj102, obj103, obj111, obj112, obj113, obj121, obj122, and obj123.",direct,true,covered,Exact identifier in the package inventory.
objects,obj51,"The following packages exist: obj11, obj12, obj13, obj21, obj22, obj23, obj31, obj32, obj33, obj41, obj42, obj43, obj51, obj52, obj53, obj61, obj62, obj63, obj71, obj72, obj73, obj81, obj82, obj83, obj91, obj92, obj93, obj101, obj102, obj103, obj111, obj112, obj113, obj121, obj122, and obj123.",direct,true,covered,Exact identifier in the package inventory.
objects,apt4,"The game features twelve cities: cit1 to cit12, each containing a 'pos' location and an airport ('apt'). The positions (pos1 through pos12) and airports (apt1 through apt12) are mapped to their corresponding cities.",deterministic_rule,true,covered,The bounded pos/apt ranges over 1–12 yield this location and no extras.
objects,pos4,"The game features twelve cities: cit1 to cit12, each containing a 'pos' location and an airport ('apt'). The positions (pos1 through pos12) and airports (apt1 through apt12) are mapped to their corresponding cities.",deterministic_rule,true,covered,The bounded pos/apt ranges over 1–12 yield this location and no extras.
objects,cit4,"The game features twelve cities: cit1 to cit12, each containing a 'pos' location and an airport ('apt').",deterministic_rule,true,covered,Expanding cit1 through cit12 yields this city and no extras.
objects,tru4,There are twelve trucks: tru1 through tru12.,deterministic_rule,true,covered,Expanding the bounded range 1–12 yields this truck and no extras.
objects,obj43,"The following packages exist: obj11, obj12, obj13, obj21, obj22, obj23, obj31, obj32, obj33, obj41, obj42, obj43, obj51, obj52, obj53, obj61, obj62, obj63, obj71, obj72, obj73, obj81, obj82, obj83, obj91, obj92, obj93, obj101, obj102, obj103, obj111, obj112, obj113, obj121, obj122, and obj123.",direct,true,covered,Exact identifier in the package inventory.
objects,obj42,"The following packages exist: obj11, obj12, obj13, obj21, obj22, obj23, obj31, obj32, obj33, obj41, obj42, obj43, obj51, obj52, obj53, obj61, obj62, obj63, obj71, obj72, obj73, obj81, obj82, obj83, obj91, obj92, obj93, obj101, obj102, obj103, obj111, obj112, obj113, obj121, obj122, and obj123.",direct,true,covered,Exact identifier in the package inventory.
objects,obj41,"The following packages exist: obj11, obj12, obj13, obj21, obj22, obj23, obj31, obj32, obj33, obj41, obj42, obj43, obj51, obj52, obj53, obj61, obj62, obj63, obj71, obj72, obj73, obj81, obj82, obj83, obj91, obj92, obj93, obj101, obj102, obj103, obj111, obj112, obj113, obj121, obj122, and obj123.",direct,true,covered,Exact identifier in the package inventory.
objects,apt3,"The game features twelve cities: cit1 to cit12, each containing a 'pos' location and an airport ('apt'). The positions (pos1 through pos12) and airports (apt1 through apt12) are mapped to their corresponding cities.",deterministic_rule,true,covered,The bounded pos/apt ranges over 1–12 yield this location and no extras.
objects,pos3,"The game features twelve cities: cit1 to cit12, each containing a 'pos' location and an airport ('apt'). The positions (pos1 through pos12) and airports (apt1 through apt12) are mapped to their corresponding cities.",deterministic_rule,true,covered,The bounded pos/apt ranges over 1–12 yield this location and no extras.
objects,cit3,"The game features twelve cities: cit1 to cit12, each containing a 'pos' location and an airport ('apt').",deterministic_rule,true,covered,Expanding cit1 through cit12 yields this city and no extras.
objects,tru3,There are twelve trucks: tru1 through tru12.,deterministic_rule,true,covered,Expanding the bounded range 1–12 yields this truck and no extras.
objects,obj33,"The following packages exist: obj11, obj12, obj13, obj21, obj22, obj23, obj31, obj32, obj33, obj41, obj42, obj43, obj51, obj52, obj53, obj61, obj62, obj63, obj71, obj72, obj73, obj81, obj82, obj83, obj91, obj92, obj93, obj101, obj102, obj103, obj111, obj112, obj113, obj121, obj122, and obj123.",direct,true,covered,Exact identifier in the package inventory.
objects,obj32,"The following packages exist: obj11, obj12, obj13, obj21, obj22, obj23, obj31, obj32, obj33, obj41, obj42, obj43, obj51, obj52, obj53, obj61, obj62, obj63, obj71, obj72, obj73, obj81, obj82, obj83, obj91, obj92, obj93, obj101, obj102, obj103, obj111, obj112, obj113, obj121, obj122, and obj123.",direct,true,covered,Exact identifier in the package inventory.
objects,obj31,"The following packages exist: obj11, obj12, obj13, obj21, obj22, obj23, obj31, obj32, obj33, obj41, obj42, obj43, obj51, obj52, obj53, obj61, obj62, obj63, obj71, obj72, obj73, obj81, obj82, obj83, obj91, obj92, obj93, obj101, obj102, obj103, obj111, obj112, obj113, obj121, obj122, and obj123.",direct,true,covered,Exact identifier in the package inventory.
objects,apt2,"The game features twelve cities: cit1 to cit12, each containing a 'pos' location and an airport ('apt'). The positions (pos1 through pos12) and airports (apt1 through apt12) are mapped to their corresponding cities.",deterministic_rule,true,covered,The bounded pos/apt ranges over 1–12 yield this location and no extras.
objects,pos2,"The game features twelve cities: cit1 to cit12, each containing a 'pos' location and an airport ('apt'). The positions (pos1 through pos12) and airports (apt1 through apt12) are mapped to their corresponding cities.",deterministic_rule,true,covered,The bounded pos/apt ranges over 1–12 yield this location and no extras.
objects,cit2,"The game features twelve cities: cit1 to cit12, each containing a 'pos' location and an airport ('apt').",deterministic_rule,true,covered,Expanding cit1 through cit12 yields this city and no extras.
objects,tru2,There are twelve trucks: tru1 through tru12.,deterministic_rule,true,covered,Expanding the bounded range 1–12 yields this truck and no extras.
objects,obj23,"The following packages exist: obj11, obj12, obj13, obj21, obj22, obj23, obj31, obj32, obj33, obj41, obj42, obj43, obj51, obj52, obj53, obj61, obj62, obj63, obj71, obj72, obj73, obj81, obj82, obj83, obj91, obj92, obj93, obj101, obj102, obj103, obj111, obj112, obj113, obj121, obj122, and obj123.",direct,true,covered,Exact identifier in the package inventory.
objects,obj22,"The following packages exist: obj11, obj12, obj13, obj21, obj22, obj23, obj31, obj32, obj33, obj41, obj42, obj43, obj51, obj52, obj53, obj61, obj62, obj63, obj71, obj72, obj73, obj81, obj82, obj83, obj91, obj92, obj93, obj101, obj102, obj103, obj111, obj112, obj113, obj121, obj122, and obj123.",direct,true,covered,Exact identifier in the package inventory.
objects,obj21,"The following packages exist: obj11, obj12, obj13, obj21, obj22, obj23, obj31, obj32, obj33, obj41, obj42, obj43, obj51, obj52, obj53, obj61, obj62, obj63, obj71, obj72, obj73, obj81, obj82, obj83, obj91, obj92, obj93, obj101, obj102, obj103, obj111, obj112, obj113, obj121, obj122, and obj123.",direct,true,covered,Exact identifier in the package inventory.
objects,apn1,"Three airplanes, apn1, apn2, and apn3, are located at apt5, apt2, and apt1, respectively.",direct,true,covered,Exact airplane identifier in the ordered sentence.
objects,apt1,"The game features twelve cities: cit1 to cit12, each containing a 'pos' location and an airport ('apt'). The positions (pos1 through pos12) and airports (apt1 through apt12) are mapped to their corresponding cities.",deterministic_rule,true,covered,The bounded pos/apt ranges over 1–12 yield this location and no extras.
objects,pos1,"The game features twelve cities: cit1 to cit12, each containing a 'pos' location and an airport ('apt'). The positions (pos1 through pos12) and airports (apt1 through apt12) are mapped to their corresponding cities.",deterministic_rule,true,covered,The bounded pos/apt ranges over 1–12 yield this location and no extras.
objects,cit1,"The game features twelve cities: cit1 to cit12, each containing a 'pos' location and an airport ('apt').",deterministic_rule,true,covered,Expanding cit1 through cit12 yields this city and no extras.
objects,tru1,There are twelve trucks: tru1 through tru12.,deterministic_rule,true,covered,Expanding the bounded range 1–12 yields this truck and no extras.
objects,obj13,"The following packages exist: obj11, obj12, obj13, obj21, obj22, obj23, obj31, obj32, obj33, obj41, obj42, obj43, obj51, obj52, obj53, obj61, obj62, obj63, obj71, obj72, obj73, obj81, obj82, obj83, obj91, obj92, obj93, obj101, obj102, obj103, obj111, obj112, obj113, obj121, obj122, and obj123.",direct,true,covered,Exact identifier in the package inventory.
objects,obj12,"The following packages exist: obj11, obj12, obj13, obj21, obj22, obj23, obj31, obj32, obj33, obj41, obj42, obj43, obj51, obj52, obj53, obj61, obj62, obj63, obj71, obj72, obj73, obj81, obj82, obj83, obj91, obj92, obj93, obj101, obj102, obj103, obj111, obj112, obj113, obj121, obj122, and obj123.",direct,true,covered,Exact identifier in the package inventory.
objects,obj11,"The following packages exist: obj11, obj12, obj13, obj21, obj22, obj23, obj31, obj32, obj33, obj41, obj42, obj43, obj51, obj52, obj53, obj61, obj62, obj63, obj71, obj72, obj73, obj81, obj82, obj83, obj91, obj92, obj93, obj101, obj102, obj103, obj111, obj112, obj113, obj121, obj122, and obj123.",direct,true,covered,Exact identifier in the package inventory.
init,(package obj11),"The following packages exist: obj11, obj12, obj13, obj21, obj22, obj23, obj31, obj32, obj33, obj41, obj42, obj43, obj51, obj52, obj53, obj61, obj62, obj63, obj71, obj72, obj73, obj81, obj82, obj83, obj91, obj92, obj93, obj101, obj102, obj103, obj111, obj112, obj113, obj121, obj122, and obj123.",direct,true,covered,Exact package and package type in the inventory.
init,(package obj12),"The following packages exist: obj11, obj12, obj13, obj21, obj22, obj23, obj31, obj32, obj33, obj41, obj42, obj43, obj51, obj52, obj53, obj61, obj62, obj63, obj71, obj72, obj73, obj81, obj82, obj83, obj91, obj92, obj93, obj101, obj102, obj103, obj111, obj112, obj113, obj121, obj122, and obj123.",direct,true,covered,Exact package and package type in the inventory.
init,(package obj13),"The following packages exist: obj11, obj12, obj13, obj21, obj22, obj23, obj31, obj32, obj33, obj41, obj42, obj43, obj51, obj52, obj53, obj61, obj62, obj63, obj71, obj72, obj73, obj81, obj82, obj83, obj91, obj92, obj93, obj101, obj102, obj103, obj111, obj112, obj113, obj121, obj122, and obj123.",direct,true,covered,Exact package and package type in the inventory.
init,(package obj21),"The following packages exist: obj11, obj12, obj13, obj21, obj22, obj23, obj31, obj32, obj33, obj41, obj42, obj43, obj51, obj52, obj53, obj61, obj62, obj63, obj71, obj72, obj73, obj81, obj82, obj83, obj91, obj92, obj93, obj101, obj102, obj103, obj111, obj112, obj113, obj121, obj122, and obj123.",direct,true,covered,Exact package and package type in the inventory.
init,(package obj22),"The following packages exist: obj11, obj12, obj13, obj21, obj22, obj23, obj31, obj32, obj33, obj41, obj42, obj43, obj51, obj52, obj53, obj61, obj62, obj63, obj71, obj72, obj73, obj81, obj82, obj83, obj91, obj92, obj93, obj101, obj102, obj103, obj111, obj112, obj113, obj121, obj122, and obj123.",direct,true,covered,Exact package and package type in the inventory.
init,(package obj23),"The following packages exist: obj11, obj12, obj13, obj21, obj22, obj23, obj31, obj32, obj33, obj41, obj42, obj43, obj51, obj52, obj53, obj61, obj62, obj63, obj71, obj72, obj73, obj81, obj82, obj83, obj91, obj92, obj93, obj101, obj102, obj103, obj111, obj112, obj113, obj121, obj122, and obj123.",direct,true,covered,Exact package and package type in the inventory.
init,(package obj31),"The following packages exist: obj11, obj12, obj13, obj21, obj22, obj23, obj31, obj32, obj33, obj41, obj42, obj43, obj51, obj52, obj53, obj61, obj62, obj63, obj71, obj72, obj73, obj81, obj82, obj83, obj91, obj92, obj93, obj101, obj102, obj103, obj111, obj112, obj113, obj121, obj122, and obj123.",direct,true,covered,Exact package and package type in the inventory.
init,(package obj32),"The following packages exist: obj11, obj12, obj13, obj21, obj22, obj23, obj31, obj32, obj33, obj41, obj42, obj43, obj51, obj52, obj53, obj61, obj62, obj63, obj71, obj72, obj73, obj81, obj82, obj83, obj91, obj92, obj93, obj101, obj102, obj103, obj111, obj112, obj113, obj121, obj122, and obj123.",direct,true,covered,Exact package and package type in the inventory.
init,(package obj33),"The following packages exist: obj11, obj12, obj13, obj21, obj22, obj23, obj31, obj32, obj33, obj41, obj42, obj43, obj51, obj52, obj53, obj61, obj62, obj63, obj71, obj72, obj73, obj81, obj82, obj83, obj91, obj92, obj93, obj101, obj102, obj103, obj111, obj112, obj113, obj121, obj122, and obj123.",direct,true,covered,Exact package and package type in the inventory.
init,(package obj41),"The following packages exist: obj11, obj12, obj13, obj21, obj22, obj23, obj31, obj32, obj33, obj41, obj42, obj43, obj51, obj52, obj53, obj61, obj62, obj63, obj71, obj72, obj73, obj81, obj82, obj83, obj91, obj92, obj93, obj101, obj102, obj103, obj111, obj112, obj113, obj121, obj122, and obj123.",direct,true,covered,Exact package and package type in the inventory.
init,(package obj42),"The following packages exist: obj11, obj12, obj13, obj21, obj22, obj23, obj31, obj32, obj33, obj41, obj42, obj43, obj51, obj52, obj53, obj61, obj62, obj63, obj71, obj72, obj73, obj81, obj82, obj83, obj91, obj92, obj93, obj101, obj102, obj103, obj111, obj112, obj113, obj121, obj122, and obj123.",direct,true,covered,Exact package and package type in the inventory.
init,(package obj43),"The following packages exist: obj11, obj12, obj13, obj21, obj22, obj23, obj31, obj32, obj33, obj41, obj42, obj43, obj51, obj52, obj53, obj61, obj62, obj63, obj71, obj72, obj73, obj81, obj82, obj83, obj91, obj92, obj93, obj101, obj102, obj103, obj111, obj112, obj113, obj121, obj122, and obj123.",direct,true,covered,Exact package and package type in the inventory.
init,(package obj51),"The following packages exist: obj11, obj12, obj13, obj21, obj22, obj23, obj31, obj32, obj33, obj41, obj42, obj43, obj51, obj52, obj53, obj61, obj62, obj63, obj71, obj72, obj73, obj81, obj82, obj83, obj91, obj92, obj93, obj101, obj102, obj103, obj111, obj112, obj113, obj121, obj122, and obj123.",direct,true,covered,Exact package and package type in the inventory.
init,(package obj52),"The following packages exist: obj11, obj12, obj13, obj21, obj22, obj23, obj31, obj32, obj33, obj41, obj42, obj43, obj51, obj52, obj53, obj61, obj62, obj63, obj71, obj72, obj73, obj81, obj82, obj83, obj91, obj92, obj93, obj101, obj102, obj103, obj111, obj112, obj113, obj121, obj122, and obj123.",direct,true,covered,Exact package and package type in the inventory.
init,(package obj53),"The following packages exist: obj11, obj12, obj13, obj21, obj22, obj23, obj31, obj32, obj33, obj41, obj42, obj43, obj51, obj52, obj53, obj61, obj62, obj63, obj71, obj72, obj73, obj81, obj82, obj83, obj91, obj92, obj93, obj101, obj102, obj103, obj111, obj112, obj113, obj121, obj122, and obj123.",direct,true,covered,Exact package and package type in the inventory.
init,(package obj61),"The following packages exist: obj11, obj12, obj13, obj21, obj22, obj23, obj31, obj32, obj33, obj41, obj42, obj43, obj51, obj52, obj53, obj61, obj62, obj63, obj71, obj72, obj73, obj81, obj82, obj83, obj91, obj92, obj93, obj101, obj102, obj103, obj111, obj112, obj113, obj121, obj122, and obj123.",direct,true,covered,Exact package and package type in the inventory.
init,(package obj62),"The following packages exist: obj11, obj12, obj13, obj21, obj22, obj23, obj31, obj32, obj33, obj41, obj42, obj43, obj51, obj52, obj53, obj61, obj62, obj63, obj71, obj72, obj73, obj81, obj82, obj83, obj91, obj92, obj93, obj101, obj102, obj103, obj111, obj112, obj113, obj121, obj122, and obj123.",direct,true,covered,Exact package and package type in the inventory.
init,(package obj63),"The following packages exist: obj11, obj12, obj13, obj21, obj22, obj23, obj31, obj32, obj33, obj41, obj42, obj43, obj51, obj52, obj53, obj61, obj62, obj63, obj71, obj72, obj73, obj81, obj82, obj83, obj91, obj92, obj93, obj101, obj102, obj103, obj111, obj112, obj113, obj121, obj122, and obj123.",direct,true,covered,Exact package and package type in the inventory.
init,(package obj71),"The following packages exist: obj11, obj12, obj13, obj21, obj22, obj23, obj31, obj32, obj33, obj41, obj42, obj43, obj51, obj52, obj53, obj61, obj62, obj63, obj71, obj72, obj73, obj81, obj82, obj83, obj91, obj92, obj93, obj101, obj102, obj103, obj111, obj112, obj113, obj121, obj122, and obj123.",direct,true,covered,Exact package and package type in the inventory.
init,(package obj72),"The following packages exist: obj11, obj12, obj13, obj21, obj22, obj23, obj31, obj32, obj33, obj41, obj42, obj43, obj51, obj52, obj53, obj61, obj62, obj63, obj71, obj72, obj73, obj81, obj82, obj83, obj91, obj92, obj93, obj101, obj102, obj103, obj111, obj112, obj113, obj121, obj122, and obj123.",direct,true,covered,Exact package and package type in the inventory.
init,(package obj73),"The following packages exist: obj11, obj12, obj13, obj21, obj22, obj23, obj31, obj32, obj33, obj41, obj42, obj43, obj51, obj52, obj53, obj61, obj62, obj63, obj71, obj72, obj73, obj81, obj82, obj83, obj91, obj92, obj93, obj101, obj102, obj103, obj111, obj112, obj113, obj121, obj122, and obj123.",direct,true,covered,Exact package and package type in the inventory.
init,(package obj81),"The following packages exist: obj11, obj12, obj13, obj21, obj22, obj23, obj31, obj32, obj33, obj41, obj42, obj43, obj51, obj52, obj53, obj61, obj62, obj63, obj71, obj72, obj73, obj81, obj82, obj83, obj91, obj92, obj93, obj101, obj102, obj103, obj111, obj112, obj113, obj121, obj122, and obj123.",direct,true,covered,Exact package and package type in the inventory.
init,(package obj82),"The following packages exist: obj11, obj12, obj13, obj21, obj22, obj23, obj31, obj32, obj33, obj41, obj42, obj43, obj51, obj52, obj53, obj61, obj62, obj63, obj71, obj72, obj73, obj81, obj82, obj83, obj91, obj92, obj93, obj101, obj102, obj103, obj111, obj112, obj113, obj121, obj122, and obj123.",direct,true,covered,Exact package and package type in the inventory.
init,(package obj83),"The following packages exist: obj11, obj12, obj13, obj21, obj22, obj23, obj31, obj32, obj33, obj41, obj42, obj43, obj51, obj52, obj53, obj61, obj62, obj63, obj71, obj72, obj73, obj81, obj82, obj83, obj91, obj92, obj93, obj101, obj102, obj103, obj111, obj112, obj113, obj121, obj122, and obj123.",direct,true,covered,Exact package and package type in the inventory.
init,(package obj91),"The following packages exist: obj11, obj12, obj13, obj21, obj22, obj23, obj31, obj32, obj33, obj41, obj42, obj43, obj51, obj52, obj53, obj61, obj62, obj63, obj71, obj72, obj73, obj81, obj82, obj83, obj91, obj92, obj93, obj101, obj102, obj103, obj111, obj112, obj113, obj121, obj122, and obj123.",direct,true,covered,Exact package and package type in the inventory.
init,(package obj92),"The following packages exist: obj11, obj12, obj13, obj21, obj22, obj23, obj31, obj32, obj33, obj41, obj42, obj43, obj51, obj52, obj53, obj61, obj62, obj63, obj71, obj72, obj73, obj81, obj82, obj83, obj91, obj92, obj93, obj101, obj102, obj103, obj111, obj112, obj113, obj121, obj122, and obj123.",direct,true,covered,Exact package and package type in the inventory.
init,(package obj93),"The following packages exist: obj11, obj12, obj13, obj21, obj22, obj23, obj31, obj32, obj33, obj41, obj42, obj43, obj51, obj52, obj53, obj61, obj62, obj63, obj71, obj72, obj73, obj81, obj82, obj83, obj91, obj92, obj93, obj101, obj102, obj103, obj111, obj112, obj113, obj121, obj122, and obj123.",direct,true,covered,Exact package and package type in the inventory.
init,(package obj101),"The following packages exist: obj11, obj12, obj13, obj21, obj22, obj23, obj31, obj32, obj33, obj41, obj42, obj43, obj51, obj52, obj53, obj61, obj62, obj63, obj71, obj72, obj73, obj81, obj82, obj83, obj91, obj92, obj93, obj101, obj102, obj103, obj111, obj112, obj113, obj121, obj122, and obj123.",direct,true,covered,Exact package and package type in the inventory.
init,(package obj102),"The following packages exist: obj11, obj12, obj13, obj21, obj22, obj23, obj31, obj32, obj33, obj41, obj42, obj43, obj51, obj52, obj53, obj61, obj62, obj63, obj71, obj72, obj73, obj81, obj82, obj83, obj91, obj92, obj93, obj101, obj102, obj103, obj111, obj112, obj113, obj121, obj122, and obj123.",direct,true,covered,Exact package and package type in the inventory.
init,(package obj103),"The following packages exist: obj11, obj12, obj13, obj21, obj22, obj23, obj31, obj32, obj33, obj41, obj42, obj43, obj51, obj52, obj53, obj61, obj62, obj63, obj71, obj72, obj73, obj81, obj82, obj83, obj91, obj92, obj93, obj101, obj102, obj103, obj111, obj112, obj113, obj121, obj122, and obj123.",direct,true,covered,Exact package and package type in the inventory.
init,(package obj111),"The following packages exist: obj11, obj12, obj13, obj21, obj22, obj23, obj31, obj32, obj33, obj41, obj42, obj43, obj51, obj52, obj53, obj61, obj62, obj63, obj71, obj72, obj73, obj81, obj82, obj83, obj91, obj92, obj93, obj101, obj102, obj103, obj111, obj112, obj113, obj121, obj122, and obj123.",direct,true,covered,Exact package and package type in the inventory.
init,(package obj112),"The following packages exist: obj11, obj12, obj13, obj21, obj22, obj23, obj31, obj32, obj33, obj41, obj42, obj43, obj51, obj52, obj53, obj61, obj62, obj63, obj71, obj72, obj73, obj81, obj82, obj83, obj91, obj92, obj93, obj101, obj102, obj103, obj111, obj112, obj113, obj121, obj122, and obj123.",direct,true,covered,Exact package and package type in the inventory.
init,(package obj113),"The following packages exist: obj11, obj12, obj13, obj21, obj22, obj23, obj31, obj32, obj33, obj41, obj42, obj43, obj51, obj52, obj53, obj61, obj62, obj63, obj71, obj72, obj73, obj81, obj82, obj83, obj91, obj92, obj93, obj101, obj102, obj103, obj111, obj112, obj113, obj121, obj122, and obj123.",direct,true,covered,Exact package and package type in the inventory.
init,(package obj121),"The following packages exist: obj11, obj12, obj13, obj21, obj22, obj23, obj31, obj32, obj33, obj41, obj42, obj43, obj51, obj52, obj53, obj61, obj62, obj63, obj71, obj72, obj73, obj81, obj82, obj83, obj91, obj92, obj93, obj101, obj102, obj103, obj111, obj112, obj113, obj121, obj122, and obj123.",direct,true,covered,Exact package and package type in the inventory.
init,(package obj122),"The following packages exist: obj11, obj12, obj13, obj21, obj22, obj23, obj31, obj32, obj33, obj41, obj42, obj43, obj51, obj52, obj53, obj61, obj62, obj63, obj71, obj72, obj73, obj81, obj82, obj83, obj91, obj92, obj93, obj101, obj102, obj103, obj111, obj112, obj113, obj121, obj122, and obj123.",direct,true,covered,Exact package and package type in the inventory.
init,(package obj123),"The following packages exist: obj11, obj12, obj13, obj21, obj22, obj23, obj31, obj32, obj33, obj41, obj42, obj43, obj51, obj52, obj53, obj61, obj62, obj63, obj71, obj72, obj73, obj81, obj82, obj83, obj91, obj92, obj93, obj101, obj102, obj103, obj111, obj112, obj113, obj121, obj122, and obj123.",direct,true,covered,Exact package and package type in the inventory.
init,(truck tru1),There are twelve trucks: tru1 through tru12.,deterministic_rule,true,covered,The range tru1 through tru12 expands to exactly this truck type atom.
init,(truck tru2),There are twelve trucks: tru1 through tru12.,deterministic_rule,true,covered,The range tru1 through tru12 expands to exactly this truck type atom.
init,(truck tru3),There are twelve trucks: tru1 through tru12.,deterministic_rule,true,covered,The range tru1 through tru12 expands to exactly this truck type atom.
init,(truck tru4),There are twelve trucks: tru1 through tru12.,deterministic_rule,true,covered,The range tru1 through tru12 expands to exactly this truck type atom.
init,(truck tru5),There are twelve trucks: tru1 through tru12.,deterministic_rule,true,covered,The range tru1 through tru12 expands to exactly this truck type atom.
init,(truck tru6),There are twelve trucks: tru1 through tru12.,deterministic_rule,true,covered,The range tru1 through tru12 expands to exactly this truck type atom.
init,(truck tru7),There are twelve trucks: tru1 through tru12.,deterministic_rule,true,covered,The range tru1 through tru12 expands to exactly this truck type atom.
init,(truck tru8),There are twelve trucks: tru1 through tru12.,deterministic_rule,true,covered,The range tru1 through tru12 expands to exactly this truck type atom.
init,(truck tru9),There are twelve trucks: tru1 through tru12.,deterministic_rule,true,covered,The range tru1 through tru12 expands to exactly this truck type atom.
init,(truck tru10),There are twelve trucks: tru1 through tru12.,deterministic_rule,true,covered,The range tru1 through tru12 expands to exactly this truck type atom.
init,(truck tru11),There are twelve trucks: tru1 through tru12.,deterministic_rule,true,covered,The range tru1 through tru12 expands to exactly this truck type atom.
init,(truck tru12),There are twelve trucks: tru1 through tru12.,deterministic_rule,true,covered,The range tru1 through tru12 expands to exactly this truck type atom.
init,(city cit1),"The game features twelve cities: cit1 to cit12, each containing a 'pos' location and an airport ('apt').",deterministic_rule,true,covered,The range cit1 through cit12 expands to exactly this city type atom.
init,(city cit2),"The game features twelve cities: cit1 to cit12, each containing a 'pos' location and an airport ('apt').",deterministic_rule,true,covered,The range cit1 through cit12 expands to exactly this city type atom.
init,(city cit3),"The game features twelve cities: cit1 to cit12, each containing a 'pos' location and an airport ('apt').",deterministic_rule,true,covered,The range cit1 through cit12 expands to exactly this city type atom.
init,(city cit4),"The game features twelve cities: cit1 to cit12, each containing a 'pos' location and an airport ('apt').",deterministic_rule,true,covered,The range cit1 through cit12 expands to exactly this city type atom.
init,(city cit5),"The game features twelve cities: cit1 to cit12, each containing a 'pos' location and an airport ('apt').",deterministic_rule,true,covered,The range cit1 through cit12 expands to exactly this city type atom.
init,(city cit6),"The game features twelve cities: cit1 to cit12, each containing a 'pos' location and an airport ('apt').",deterministic_rule,true,covered,The range cit1 through cit12 expands to exactly this city type atom.
init,(city cit7),"The game features twelve cities: cit1 to cit12, each containing a 'pos' location and an airport ('apt').",deterministic_rule,true,covered,The range cit1 through cit12 expands to exactly this city type atom.
init,(city cit8),"The game features twelve cities: cit1 to cit12, each containing a 'pos' location and an airport ('apt').",deterministic_rule,true,covered,The range cit1 through cit12 expands to exactly this city type atom.
init,(city cit9),"The game features twelve cities: cit1 to cit12, each containing a 'pos' location and an airport ('apt').",deterministic_rule,true,covered,The range cit1 through cit12 expands to exactly this city type atom.
init,(city cit10),"The game features twelve cities: cit1 to cit12, each containing a 'pos' location and an airport ('apt').",deterministic_rule,true,covered,The range cit1 through cit12 expands to exactly this city type atom.
init,(city cit11),"The game features twelve cities: cit1 to cit12, each containing a 'pos' location and an airport ('apt').",deterministic_rule,true,covered,The range cit1 through cit12 expands to exactly this city type atom.
init,(city cit12),"The game features twelve cities: cit1 to cit12, each containing a 'pos' location and an airport ('apt').",deterministic_rule,true,covered,The range cit1 through cit12 expands to exactly this city type atom.
init,(location pos1),"The game features twelve cities: cit1 to cit12, each containing a 'pos' location and an airport ('apt'). The positions (pos1 through pos12) and airports (apt1 through apt12) are mapped to their corresponding cities.",deterministic_rule,true,covered,The pos/apt ranges over 1–12 expand to exactly the 24 location type atoms.
init,(location apt1),"The game features twelve cities: cit1 to cit12, each containing a 'pos' location and an airport ('apt'). The positions (pos1 through pos12) and airports (apt1 through apt12) are mapped to their corresponding cities.",deterministic_rule,true,covered,The pos/apt ranges over 1–12 expand to exactly the 24 location type atoms.
init,(location pos2),"The game features twelve cities: cit1 to cit12, each containing a 'pos' location and an airport ('apt'). The positions (pos1 through pos12) and airports (apt1 through apt12) are mapped to their corresponding cities.",deterministic_rule,true,covered,The pos/apt ranges over 1–12 expand to exactly the 24 location type atoms.
init,(location apt2),"The game features twelve cities: cit1 to cit12, each containing a 'pos' location and an airport ('apt'). The positions (pos1 through pos12) and airports (apt1 through apt12) are mapped to their corresponding cities.",deterministic_rule,true,covered,The pos/apt ranges over 1–12 expand to exactly the 24 location type atoms.
init,(location pos3),"The game features twelve cities: cit1 to cit12, each containing a 'pos' location and an airport ('apt'). The positions (pos1 through pos12) and airports (apt1 through apt12) are mapped to their corresponding cities.",deterministic_rule,true,covered,The pos/apt ranges over 1–12 expand to exactly the 24 location type atoms.
init,(location apt3),"The game features twelve cities: cit1 to cit12, each containing a 'pos' location and an airport ('apt'). The positions (pos1 through pos12) and airports (apt1 through apt12) are mapped to their corresponding cities.",deterministic_rule,true,covered,The pos/apt ranges over 1–12 expand to exactly the 24 location type atoms.
init,(location pos4),"The game features twelve cities: cit1 to cit12, each containing a 'pos' location and an airport ('apt'). The positions (pos1 through pos12) and airports (apt1 through apt12) are mapped to their corresponding cities.",deterministic_rule,true,covered,The pos/apt ranges over 1–12 expand to exactly the 24 location type atoms.
init,(location apt4),"The game features twelve cities: cit1 to cit12, each containing a 'pos' location and an airport ('apt'). The positions (pos1 through pos12) and airports (apt1 through apt12) are mapped to their corresponding cities.",deterministic_rule,true,covered,The pos/apt ranges over 1–12 expand to exactly the 24 location type atoms.
init,(location pos5),"The game features twelve cities: cit1 to cit12, each containing a 'pos' location and an airport ('apt'). The positions (pos1 through pos12) and airports (apt1 through apt12) are mapped to their corresponding cities.",deterministic_rule,true,covered,The pos/apt ranges over 1–12 expand to exactly the 24 location type atoms.
init,(location apt5),"The game features twelve cities: cit1 to cit12, each containing a 'pos' location and an airport ('apt'). The positions (pos1 through pos12) and airports (apt1 through apt12) are mapped to their corresponding cities.",deterministic_rule,true,covered,The pos/apt ranges over 1–12 expand to exactly the 24 location type atoms.
init,(location pos6),"The game features twelve cities: cit1 to cit12, each containing a 'pos' location and an airport ('apt'). The positions (pos1 through pos12) and airports (apt1 through apt12) are mapped to their corresponding cities.",deterministic_rule,true,covered,The pos/apt ranges over 1–12 expand to exactly the 24 location type atoms.
init,(location apt6),"The game features twelve cities: cit1 to cit12, each containing a 'pos' location and an airport ('apt'). The positions (pos1 through pos12) and airports (apt1 through apt12) are mapped to their corresponding cities.",deterministic_rule,true,covered,The pos/apt ranges over 1–12 expand to exactly the 24 location type atoms.
init,(location pos7),"The game features twelve cities: cit1 to cit12, each containing a 'pos' location and an airport ('apt'). The positions (pos1 through pos12) and airports (apt1 through apt12) are mapped to their corresponding cities.",deterministic_rule,true,covered,The pos/apt ranges over 1–12 expand to exactly the 24 location type atoms.
init,(location apt7),"The game features twelve cities: cit1 to cit12, each containing a 'pos' location and an airport ('apt'). The positions (pos1 through pos12) and airports (apt1 through apt12) are mapped to their corresponding cities.",deterministic_rule,true,covered,The pos/apt ranges over 1–12 expand to exactly the 24 location type atoms.
init,(location pos8),"The game features twelve cities: cit1 to cit12, each containing a 'pos' location and an airport ('apt'). The positions (pos1 through pos12) and airports (apt1 through apt12) are mapped to their corresponding cities.",deterministic_rule,true,covered,The pos/apt ranges over 1–12 expand to exactly the 24 location type atoms.
init,(location apt8),"The game features twelve cities: cit1 to cit12, each containing a 'pos' location and an airport ('apt'). The positions (pos1 through pos12) and airports (apt1 through apt12) are mapped to their corresponding cities.",deterministic_rule,true,covered,The pos/apt ranges over 1–12 expand to exactly the 24 location type atoms.
init,(location pos9),"The game features twelve cities: cit1 to cit12, each containing a 'pos' location and an airport ('apt'). The positions (pos1 through pos12) and airports (apt1 through apt12) are mapped to their corresponding cities.",deterministic_rule,true,covered,The pos/apt ranges over 1–12 expand to exactly the 24 location type atoms.
init,(location apt9),"The game features twelve cities: cit1 to cit12, each containing a 'pos' location and an airport ('apt'). The positions (pos1 through pos12) and airports (apt1 through apt12) are mapped to their corresponding cities.",deterministic_rule,true,covered,The pos/apt ranges over 1–12 expand to exactly the 24 location type atoms.
init,(location pos10),"The game features twelve cities: cit1 to cit12, each containing a 'pos' location and an airport ('apt'). The positions (pos1 through pos12) and airports (apt1 through apt12) are mapped to their corresponding cities.",deterministic_rule,true,covered,The pos/apt ranges over 1–12 expand to exactly the 24 location type atoms.
init,(location apt10),"The game features twelve cities: cit1 to cit12, each containing a 'pos' location and an airport ('apt'). The positions (pos1 through pos12) and airports (apt1 through apt12) are mapped to their corresponding cities.",deterministic_rule,true,covered,The pos/apt ranges over 1–12 expand to exactly the 24 location type atoms.
init,(location pos11),"The game features twelve cities: cit1 to cit12, each containing a 'pos' location and an airport ('apt'). The positions (pos1 through pos12) and airports (apt1 through apt12) are mapped to their corresponding cities.",deterministic_rule,true,covered,The pos/apt ranges over 1–12 expand to exactly the 24 location type atoms.
init,(location apt11),"The game features twelve cities: cit1 to cit12, each containing a 'pos' location and an airport ('apt'). The positions (pos1 through pos12) and airports (apt1 through apt12) are mapped to their corresponding cities.",deterministic_rule,true,covered,The pos/apt ranges over 1–12 expand to exactly the 24 location type atoms.
init,(location pos12),"The game features twelve cities: cit1 to cit12, each containing a 'pos' location and an airport ('apt'). The positions (pos1 through pos12) and airports (apt1 through apt12) are mapped to their corresponding cities.",deterministic_rule,true,covered,The pos/apt ranges over 1–12 expand to exactly the 24 location type atoms.
init,(location apt12),"The game features twelve cities: cit1 to cit12, each containing a 'pos' location and an airport ('apt'). The positions (pos1 through pos12) and airports (apt1 through apt12) are mapped to their corresponding cities.",deterministic_rule,true,covered,The pos/apt ranges over 1–12 expand to exactly the 24 location type atoms.
init,(airport apt1),"Notably, airports apt1 through apt12 additionally serve as airports within their respective cities.",deterministic_rule,true,covered,The apt1–apt12 rule expands to exactly the 12 airport type atoms.
init,(airport apt2),"Notably, airports apt1 through apt12 additionally serve as airports within their respective cities.",deterministic_rule,true,covered,The apt1–apt12 rule expands to exactly the 12 airport type atoms.
init,(airport apt3),"Notably, airports apt1 through apt12 additionally serve as airports within their respective cities.",deterministic_rule,true,covered,The apt1–apt12 rule expands to exactly the 12 airport type atoms.
init,(airport apt4),"Notably, airports apt1 through apt12 additionally serve as airports within their respective cities.",deterministic_rule,true,covered,The apt1–apt12 rule expands to exactly the 12 airport type atoms.
init,(airport apt5),"Notably, airports apt1 through apt12 additionally serve as airports within their respective cities.",deterministic_rule,true,covered,The apt1–apt12 rule expands to exactly the 12 airport type atoms.
init,(airport apt6),"Notably, airports apt1 through apt12 additionally serve as airports within their respective cities.",deterministic_rule,true,covered,The apt1–apt12 rule expands to exactly the 12 airport type atoms.
init,(airport apt7),"Notably, airports apt1 through apt12 additionally serve as airports within their respective cities.",deterministic_rule,true,covered,The apt1–apt12 rule expands to exactly the 12 airport type atoms.
init,(airport apt8),"Notably, airports apt1 through apt12 additionally serve as airports within their respective cities.",deterministic_rule,true,covered,The apt1–apt12 rule expands to exactly the 12 airport type atoms.
init,(airport apt9),"Notably, airports apt1 through apt12 additionally serve as airports within their respective cities.",deterministic_rule,true,covered,The apt1–apt12 rule expands to exactly the 12 airport type atoms.
init,(airport apt10),"Notably, airports apt1 through apt12 additionally serve as airports within their respective cities.",deterministic_rule,true,covered,The apt1–apt12 rule expands to exactly the 12 airport type atoms.
init,(airport apt11),"Notably, airports apt1 through apt12 additionally serve as airports within their respective cities.",deterministic_rule,true,covered,The apt1–apt12 rule expands to exactly the 12 airport type atoms.
init,(airport apt12),"Notably, airports apt1 through apt12 additionally serve as airports within their respective cities.",deterministic_rule,true,covered,The apt1–apt12 rule expands to exactly the 12 airport type atoms.
init,(airplane apn1),"Three airplanes, apn1, apn2, and apn3, are located at apt5, apt2, and apt1, respectively.",direct,true,covered,The sentence explicitly identifies all three airplanes.
init,(airplane apn2),"Three airplanes, apn1, apn2, and apn3, are located at apt5, apt2, and apt1, respectively.",direct,true,covered,The sentence explicitly identifies all three airplanes.
init,(airplane apn3),"Three airplanes, apn1, apn2, and apn3, are located at apt5, apt2, and apt1, respectively.",direct,true,covered,The sentence explicitly identifies all three airplanes.
init,(at apn1 apt5),"Three airplanes, apn1, apn2, and apn3, are located at apt5, apt2, and apt1, respectively.",deterministic_rule,true,covered,"The respectively mapping yields apn1→apt5, apn2→apt2, and apn3→apt1."
init,(at apn2 apt2),"Three airplanes, apn1, apn2, and apn3, are located at apt5, apt2, and apt1, respectively.",deterministic_rule,true,covered,"The respectively mapping yields apn1→apt5, apn2→apt2, and apn3→apt1."
init,(at apn3 apt1),"Three airplanes, apn1, apn2, and apn3, are located at apt5, apt2, and apt1, respectively.",deterministic_rule,true,covered,"The respectively mapping yields apn1→apt5, apn2→apt2, and apn3→apt1."
init,(at tru1 pos1),"For every integer X from 1 through 12, truck truX and packages objX1, objX2, and objX3 are positioned at posX initially, where X is replaced by the same decimal numeral in every identifier (so X = 10 yields tru10, obj101, obj102, obj103, and pos10).",deterministic_rule,true,covered,Substituting the shared decimal X over 1–12 yields exactly 12 truck and 36 package placements.
init,(at obj11 pos1),"For every integer X from 1 through 12, truck truX and packages objX1, objX2, and objX3 are positioned at posX initially, where X is replaced by the same decimal numeral in every identifier (so X = 10 yields tru10, obj101, obj102, obj103, and pos10).",deterministic_rule,true,covered,Substituting the shared decimal X over 1–12 yields exactly 12 truck and 36 package placements.
init,(at obj12 pos1),"For every integer X from 1 through 12, truck truX and packages objX1, objX2, and objX3 are positioned at posX initially, where X is replaced by the same decimal numeral in every identifier (so X = 10 yields tru10, obj101, obj102, obj103, and pos10).",deterministic_rule,true,covered,Substituting the shared decimal X over 1–12 yields exactly 12 truck and 36 package placements.
init,(at obj13 pos1),"For every integer X from 1 through 12, truck truX and packages objX1, objX2, and objX3 are positioned at posX initially, where X is replaced by the same decimal numeral in every identifier (so X = 10 yields tru10, obj101, obj102, obj103, and pos10).",deterministic_rule,true,covered,Substituting the shared decimal X over 1–12 yields exactly 12 truck and 36 package placements.
init,(at tru2 pos2),"For every integer X from 1 through 12, truck truX and packages objX1, objX2, and objX3 are positioned at posX initially, where X is replaced by the same decimal numeral in every identifier (so X = 10 yields tru10, obj101, obj102, obj103, and pos10).",deterministic_rule,true,covered,Substituting the shared decimal X over 1–12 yields exactly 12 truck and 36 package placements.
init,(at obj21 pos2),"For every integer X from 1 through 12, truck truX and packages objX1, objX2, and objX3 are positioned at posX initially, where X is replaced by the same decimal numeral in every identifier (so X = 10 yields tru10, obj101, obj102, obj103, and pos10).",deterministic_rule,true,covered,Substituting the shared decimal X over 1–12 yields exactly 12 truck and 36 package placements.
init,(at obj22 pos2),"For every integer X from 1 through 12, truck truX and packages objX1, objX2, and objX3 are positioned at posX initially, where X is replaced by the same decimal numeral in every identifier (so X = 10 yields tru10, obj101, obj102, obj103, and pos10).",deterministic_rule,true,covered,Substituting the shared decimal X over 1–12 yields exactly 12 truck and 36 package placements.
init,(at obj23 pos2),"For every integer X from 1 through 12, truck truX and packages objX1, objX2, and objX3 are positioned at posX initially, where X is replaced by the same decimal numeral in every identifier (so X = 10 yields tru10, obj101, obj102, obj103, and pos10).",deterministic_rule,true,covered,Substituting the shared decimal X over 1–12 yields exactly 12 truck and 36 package placements.
init,(at tru3 pos3),"For every integer X from 1 through 12, truck truX and packages objX1, objX2, and objX3 are positioned at posX initially, where X is replaced by the same decimal numeral in every identifier (so X = 10 yields tru10, obj101, obj102, obj103, and pos10).",deterministic_rule,true,covered,Substituting the shared decimal X over 1–12 yields exactly 12 truck and 36 package placements.
init,(at obj31 pos3),"For every integer X from 1 through 12, truck truX and packages objX1, objX2, and objX3 are positioned at posX initially, where X is replaced by the same decimal numeral in every identifier (so X = 10 yields tru10, obj101, obj102, obj103, and pos10).",deterministic_rule,true,covered,Substituting the shared decimal X over 1–12 yields exactly 12 truck and 36 package placements.
init,(at obj32 pos3),"For every integer X from 1 through 12, truck truX and packages objX1, objX2, and objX3 are positioned at posX initially, where X is replaced by the same decimal numeral in every identifier (so X = 10 yields tru10, obj101, obj102, obj103, and pos10).",deterministic_rule,true,covered,Substituting the shared decimal X over 1–12 yields exactly 12 truck and 36 package placements.
init,(at obj33 pos3),"For every integer X from 1 through 12, truck truX and packages objX1, objX2, and objX3 are positioned at posX initially, where X is replaced by the same decimal numeral in every identifier (so X = 10 yields tru10, obj101, obj102, obj103, and pos10).",deterministic_rule,true,covered,Substituting the shared decimal X over 1–12 yields exactly 12 truck and 36 package placements.
init,(at tru4 pos4),"For every integer X from 1 through 12, truck truX and packages objX1, objX2, and objX3 are positioned at posX initially, where X is replaced by the same decimal numeral in every identifier (so X = 10 yields tru10, obj101, obj102, obj103, and pos10).",deterministic_rule,true,covered,Substituting the shared decimal X over 1–12 yields exactly 12 truck and 36 package placements.
init,(at obj41 pos4),"For every integer X from 1 through 12, truck truX and packages objX1, objX2, and objX3 are positioned at posX initially, where X is replaced by the same decimal numeral in every identifier (so X = 10 yields tru10, obj101, obj102, obj103, and pos10).",deterministic_rule,true,covered,Substituting the shared decimal X over 1–12 yields exactly 12 truck and 36 package placements.
init,(at obj42 pos4),"For every integer X from 1 through 12, truck truX and packages objX1, objX2, and objX3 are positioned at posX initially, where X is replaced by the same decimal numeral in every identifier (so X = 10 yields tru10, obj101, obj102, obj103, and pos10).",deterministic_rule,true,covered,Substituting the shared decimal X over 1–12 yields exactly 12 truck and 36 package placements.
init,(at obj43 pos4),"For every integer X from 1 through 12, truck truX and packages objX1, objX2, and objX3 are positioned at posX initially, where X is replaced by the same decimal numeral in every identifier (so X = 10 yields tru10, obj101, obj102, obj103, and pos10).",deterministic_rule,true,covered,Substituting the shared decimal X over 1–12 yields exactly 12 truck and 36 package placements.
init,(at tru5 pos5),"For every integer X from 1 through 12, truck truX and packages objX1, objX2, and objX3 are positioned at posX initially, where X is replaced by the same decimal numeral in every identifier (so X = 10 yields tru10, obj101, obj102, obj103, and pos10).",deterministic_rule,true,covered,Substituting the shared decimal X over 1–12 yields exactly 12 truck and 36 package placements.
init,(at obj51 pos5),"For every integer X from 1 through 12, truck truX and packages objX1, objX2, and objX3 are positioned at posX initially, where X is replaced by the same decimal numeral in every identifier (so X = 10 yields tru10, obj101, obj102, obj103, and pos10).",deterministic_rule,true,covered,Substituting the shared decimal X over 1–12 yields exactly 12 truck and 36 package placements.
init,(at obj52 pos5),"For every integer X from 1 through 12, truck truX and packages objX1, objX2, and objX3 are positioned at posX initially, where X is replaced by the same decimal numeral in every identifier (so X = 10 yields tru10, obj101, obj102, obj103, and pos10).",deterministic_rule,true,covered,Substituting the shared decimal X over 1–12 yields exactly 12 truck and 36 package placements.
init,(at obj53 pos5),"For every integer X from 1 through 12, truck truX and packages objX1, objX2, and objX3 are positioned at posX initially, where X is replaced by the same decimal numeral in every identifier (so X = 10 yields tru10, obj101, obj102, obj103, and pos10).",deterministic_rule,true,covered,Substituting the shared decimal X over 1–12 yields exactly 12 truck and 36 package placements.
init,(at tru6 pos6),"For every integer X from 1 through 12, truck truX and packages objX1, objX2, and objX3 are positioned at posX initially, where X is replaced by the same decimal numeral in every identifier (so X = 10 yields tru10, obj101, obj102, obj103, and pos10).",deterministic_rule,true,covered,Substituting the shared decimal X over 1–12 yields exactly 12 truck and 36 package placements.
init,(at obj61 pos6),"For every integer X from 1 through 12, truck truX and packages objX1, objX2, and objX3 are positioned at posX initially, where X is replaced by the same decimal numeral in every identifier (so X = 10 yields tru10, obj101, obj102, obj103, and pos10).",deterministic_rule,true,covered,Substituting the shared decimal X over 1–12 yields exactly 12 truck and 36 package placements.
init,(at obj62 pos6),"For every integer X from 1 through 12, truck truX and packages objX1, objX2, and objX3 are positioned at posX initially, where X is replaced by the same decimal numeral in every identifier (so X = 10 yields tru10, obj101, obj102, obj103, and pos10).",deterministic_rule,true,covered,Substituting the shared decimal X over 1–12 yields exactly 12 truck and 36 package placements.
init,(at obj63 pos6),"For every integer X from 1 through 12, truck truX and packages objX1, objX2, and objX3 are positioned at posX initially, where X is replaced by the same decimal numeral in every identifier (so X = 10 yields tru10, obj101, obj102, obj103, and pos10).",deterministic_rule,true,covered,Substituting the shared decimal X over 1–12 yields exactly 12 truck and 36 package placements.
init,(at tru7 pos7),"For every integer X from 1 through 12, truck truX and packages objX1, objX2, and objX3 are positioned at posX initially, where X is replaced by the same decimal numeral in every identifier (so X = 10 yields tru10, obj101, obj102, obj103, and pos10).",deterministic_rule,true,covered,Substituting the shared decimal X over 1–12 yields exactly 12 truck and 36 package placements.
init,(at obj71 pos7),"For every integer X from 1 through 12, truck truX and packages objX1, objX2, and objX3 are positioned at posX initially, where X is replaced by the same decimal numeral in every identifier (so X = 10 yields tru10, obj101, obj102, obj103, and pos10).",deterministic_rule,true,covered,Substituting the shared decimal X over 1–12 yields exactly 12 truck and 36 package placements.
init,(at obj72 pos7),"For every integer X from 1 through 12, truck truX and packages objX1, objX2, and objX3 are positioned at posX initially, where X is replaced by the same decimal numeral in every identifier (so X = 10 yields tru10, obj101, obj102, obj103, and pos10).",deterministic_rule,true,covered,Substituting the shared decimal X over 1–12 yields exactly 12 truck and 36 package placements.
init,(at obj73 pos7),"For every integer X from 1 through 12, truck truX and packages objX1, objX2, and objX3 are positioned at posX initially, where X is replaced by the same decimal numeral in every identifier (so X = 10 yields tru10, obj101, obj102, obj103, and pos10).",deterministic_rule,true,covered,Substituting the shared decimal X over 1–12 yields exactly 12 truck and 36 package placements.
init,(at tru8 pos8),"For every integer X from 1 through 12, truck truX and packages objX1, objX2, and objX3 are positioned at posX initially, where X is replaced by the same decimal numeral in every identifier (so X = 10 yields tru10, obj101, obj102, obj103, and pos10).",deterministic_rule,true,covered,Substituting the shared decimal X over 1–12 yields exactly 12 truck and 36 package placements.
init,(at obj81 pos8),"For every integer X from 1 through 12, truck truX and packages objX1, objX2, and objX3 are positioned at posX initially, where X is replaced by the same decimal numeral in every identifier (so X = 10 yields tru10, obj101, obj102, obj103, and pos10).",deterministic_rule,true,covered,Substituting the shared decimal X over 1–12 yields exactly 12 truck and 36 package placements.
init,(at obj82 pos8),"For every integer X from 1 through 12, truck truX and packages objX1, objX2, and objX3 are positioned at posX initially, where X is replaced by the same decimal numeral in every identifier (so X = 10 yields tru10, obj101, obj102, obj103, and pos10).",deterministic_rule,true,covered,Substituting the shared decimal X over 1–12 yields exactly 12 truck and 36 package placements.
init,(at obj83 pos8),"For every integer X from 1 through 12, truck truX and packages objX1, objX2, and objX3 are positioned at posX initially, where X is replaced by the same decimal numeral in every identifier (so X = 10 yields tru10, obj101, obj102, obj103, and pos10).",deterministic_rule,true,covered,Substituting the shared decimal X over 1–12 yields exactly 12 truck and 36 package placements.
init,(at tru9 pos9),"For every integer X from 1 through 12, truck truX and packages objX1, objX2, and objX3 are positioned at posX initially, where X is replaced by the same decimal numeral in every identifier (so X = 10 yields tru10, obj101, obj102, obj103, and pos10).",deterministic_rule,true,covered,Substituting the shared decimal X over 1–12 yields exactly 12 truck and 36 package placements.
init,(at obj91 pos9),"For every integer X from 1 through 12, truck truX and packages objX1, objX2, and objX3 are positioned at posX initially, where X is replaced by the same decimal numeral in every identifier (so X = 10 yields tru10, obj101, obj102, obj103, and pos10).",deterministic_rule,true,covered,Substituting the shared decimal X over 1–12 yields exactly 12 truck and 36 package placements.
init,(at obj92 pos9),"For every integer X from 1 through 12, truck truX and packages objX1, objX2, and objX3 are positioned at posX initially, where X is replaced by the same decimal numeral in every identifier (so X = 10 yields tru10, obj101, obj102, obj103, and pos10).",deterministic_rule,true,covered,Substituting the shared decimal X over 1–12 yields exactly 12 truck and 36 package placements.
init,(at obj93 pos9),"For every integer X from 1 through 12, truck truX and packages objX1, objX2, and objX3 are positioned at posX initially, where X is replaced by the same decimal numeral in every identifier (so X = 10 yields tru10, obj101, obj102, obj103, and pos10).",deterministic_rule,true,covered,Substituting the shared decimal X over 1–12 yields exactly 12 truck and 36 package placements.
init,(at tru10 pos10),"For every integer X from 1 through 12, truck truX and packages objX1, objX2, and objX3 are positioned at posX initially, where X is replaced by the same decimal numeral in every identifier (so X = 10 yields tru10, obj101, obj102, obj103, and pos10).",deterministic_rule,true,covered,Substituting the shared decimal X over 1–12 yields exactly 12 truck and 36 package placements.
init,(at obj101 pos10),"For every integer X from 1 through 12, truck truX and packages objX1, objX2, and objX3 are positioned at posX initially, where X is replaced by the same decimal numeral in every identifier (so X = 10 yields tru10, obj101, obj102, obj103, and pos10).",deterministic_rule,true,covered,Substituting the shared decimal X over 1–12 yields exactly 12 truck and 36 package placements.
init,(at obj102 pos10),"For every integer X from 1 through 12, truck truX and packages objX1, objX2, and objX3 are positioned at posX initially, where X is replaced by the same decimal numeral in every identifier (so X = 10 yields tru10, obj101, obj102, obj103, and pos10).",deterministic_rule,true,covered,Substituting the shared decimal X over 1–12 yields exactly 12 truck and 36 package placements.
init,(at obj103 pos10),"For every integer X from 1 through 12, truck truX and packages objX1, objX2, and objX3 are positioned at posX initially, where X is replaced by the same decimal numeral in every identifier (so X = 10 yields tru10, obj101, obj102, obj103, and pos10).",deterministic_rule,true,covered,Substituting the shared decimal X over 1–12 yields exactly 12 truck and 36 package placements.
init,(at tru11 pos11),"For every integer X from 1 through 12, truck truX and packages objX1, objX2, and objX3 are positioned at posX initially, where X is replaced by the same decimal numeral in every identifier (so X = 10 yields tru10, obj101, obj102, obj103, and pos10).",deterministic_rule,true,covered,Substituting the shared decimal X over 1–12 yields exactly 12 truck and 36 package placements.
init,(at obj111 pos11),"For every integer X from 1 through 12, truck truX and packages objX1, objX2, and objX3 are positioned at posX initially, where X is replaced by the same decimal numeral in every identifier (so X = 10 yields tru10, obj101, obj102, obj103, and pos10).",deterministic_rule,true,covered,Substituting the shared decimal X over 1–12 yields exactly 12 truck and 36 package placements.
init,(at obj112 pos11),"For every integer X from 1 through 12, truck truX and packages objX1, objX2, and objX3 are positioned at posX initially, where X is replaced by the same decimal numeral in every identifier (so X = 10 yields tru10, obj101, obj102, obj103, and pos10).",deterministic_rule,true,covered,Substituting the shared decimal X over 1–12 yields exactly 12 truck and 36 package placements.
init,(at obj113 pos11),"For every integer X from 1 through 12, truck truX and packages objX1, objX2, and objX3 are positioned at posX initially, where X is replaced by the same decimal numeral in every identifier (so X = 10 yields tru10, obj101, obj102, obj103, and pos10).",deterministic_rule,true,covered,Substituting the shared decimal X over 1–12 yields exactly 12 truck and 36 package placements.
init,(at tru12 pos12),"For every integer X from 1 through 12, truck truX and packages objX1, objX2, and objX3 are positioned at posX initially, where X is replaced by the same decimal numeral in every identifier (so X = 10 yields tru10, obj101, obj102, obj103, and pos10).",deterministic_rule,true,covered,Substituting the shared decimal X over 1–12 yields exactly 12 truck and 36 package placements.
init,(at obj121 pos12),"For every integer X from 1 through 12, truck truX and packages objX1, objX2, and objX3 are positioned at posX initially, where X is replaced by the same decimal numeral in every identifier (so X = 10 yields tru10, obj101, obj102, obj103, and pos10).",deterministic_rule,true,covered,Substituting the shared decimal X over 1–12 yields exactly 12 truck and 36 package placements.
init,(at obj122 pos12),"For every integer X from 1 through 12, truck truX and packages objX1, objX2, and objX3 are positioned at posX initially, where X is replaced by the same decimal numeral in every identifier (so X = 10 yields tru10, obj101, obj102, obj103, and pos10).",deterministic_rule,true,covered,Substituting the shared decimal X over 1–12 yields exactly 12 truck and 36 package placements.
init,(at obj123 pos12),"For every integer X from 1 through 12, truck truX and packages objX1, objX2, and objX3 are positioned at posX initially, where X is replaced by the same decimal numeral in every identifier (so X = 10 yields tru10, obj101, obj102, obj103, and pos10).",deterministic_rule,true,covered,Substituting the shared decimal X over 1–12 yields exactly 12 truck and 36 package placements.
init,(in-city pos1 cit1),"Each positional location posX is in its respective city citX, and the airport aptX is also located in the same city citX.",deterministic_rule,true,covered,X ranges over the previously bounded 1–12 inventories; same-X substitution yields exactly both memberships for this city.
init,(in-city apt1 cit1),"Each positional location posX is in its respective city citX, and the airport aptX is also located in the same city citX.",deterministic_rule,true,covered,X ranges over the previously bounded 1–12 inventories; same-X substitution yields exactly both memberships for this city.
init,(in-city pos2 cit2),"Each positional location posX is in its respective city citX, and the airport aptX is also located in the same city citX.",deterministic_rule,true,covered,X ranges over the previously bounded 1–12 inventories; same-X substitution yields exactly both memberships for this city.
init,(in-city apt2 cit2),"Each positional location posX is in its respective city citX, and the airport aptX is also located in the same city citX.",deterministic_rule,true,covered,X ranges over the previously bounded 1–12 inventories; same-X substitution yields exactly both memberships for this city.
init,(in-city pos3 cit3),"Each positional location posX is in its respective city citX, and the airport aptX is also located in the same city citX.",deterministic_rule,true,covered,X ranges over the previously bounded 1–12 inventories; same-X substitution yields exactly both memberships for this city.
init,(in-city apt3 cit3),"Each positional location posX is in its respective city citX, and the airport aptX is also located in the same city citX.",deterministic_rule,true,covered,X ranges over the previously bounded 1–12 inventories; same-X substitution yields exactly both memberships for this city.
init,(in-city pos4 cit4),"Each positional location posX is in its respective city citX, and the airport aptX is also located in the same city citX.",deterministic_rule,true,covered,X ranges over the previously bounded 1–12 inventories; same-X substitution yields exactly both memberships for this city.
init,(in-city apt4 cit4),"Each positional location posX is in its respective city citX, and the airport aptX is also located in the same city citX.",deterministic_rule,true,covered,X ranges over the previously bounded 1–12 inventories; same-X substitution yields exactly both memberships for this city.
init,(in-city pos5 cit5),"Each positional location posX is in its respective city citX, and the airport aptX is also located in the same city citX.",deterministic_rule,true,covered,X ranges over the previously bounded 1–12 inventories; same-X substitution yields exactly both memberships for this city.
init,(in-city apt5 cit5),"Each positional location posX is in its respective city citX, and the airport aptX is also located in the same city citX.",deterministic_rule,true,covered,X ranges over the previously bounded 1–12 inventories; same-X substitution yields exactly both memberships for this city.
init,(in-city pos6 cit6),"Each positional location posX is in its respective city citX, and the airport aptX is also located in the same city citX.",deterministic_rule,true,covered,X ranges over the previously bounded 1–12 inventories; same-X substitution yields exactly both memberships for this city.
init,(in-city apt6 cit6),"Each positional location posX is in its respective city citX, and the airport aptX is also located in the same city citX.",deterministic_rule,true,covered,X ranges over the previously bounded 1–12 inventories; same-X substitution yields exactly both memberships for this city.
init,(in-city pos7 cit7),"Each positional location posX is in its respective city citX, and the airport aptX is also located in the same city citX.",deterministic_rule,true,covered,X ranges over the previously bounded 1–12 inventories; same-X substitution yields exactly both memberships for this city.
init,(in-city apt7 cit7),"Each positional location posX is in its respective city citX, and the airport aptX is also located in the same city citX.",deterministic_rule,true,covered,X ranges over the previously bounded 1–12 inventories; same-X substitution yields exactly both memberships for this city.
init,(in-city pos8 cit8),"Each positional location posX is in its respective city citX, and the airport aptX is also located in the same city citX.",deterministic_rule,true,covered,X ranges over the previously bounded 1–12 inventories; same-X substitution yields exactly both memberships for this city.
init,(in-city apt8 cit8),"Each positional location posX is in its respective city citX, and the airport aptX is also located in the same city citX.",deterministic_rule,true,covered,X ranges over the previously bounded 1–12 inventories; same-X substitution yields exactly both memberships for this city.
init,(in-city pos9 cit9),"Each positional location posX is in its respective city citX, and the airport aptX is also located in the same city citX.",deterministic_rule,true,covered,X ranges over the previously bounded 1–12 inventories; same-X substitution yields exactly both memberships for this city.
init,(in-city apt9 cit9),"Each positional location posX is in its respective city citX, and the airport aptX is also located in the same city citX.",deterministic_rule,true,covered,X ranges over the previously bounded 1–12 inventories; same-X substitution yields exactly both memberships for this city.
init,(in-city pos10 cit10),"Each positional location posX is in its respective city citX, and the airport aptX is also located in the same city citX.",deterministic_rule,true,covered,X ranges over the previously bounded 1–12 inventories; same-X substitution yields exactly both memberships for this city.
init,(in-city apt10 cit10),"Each positional location posX is in its respective city citX, and the airport aptX is also located in the same city citX.",deterministic_rule,true,covered,X ranges over the previously bounded 1–12 inventories; same-X substitution yields exactly both memberships for this city.
init,(in-city pos11 cit11),"Each positional location posX is in its respective city citX, and the airport aptX is also located in the same city citX.",deterministic_rule,true,covered,X ranges over the previously bounded 1–12 inventories; same-X substitution yields exactly both memberships for this city.
init,(in-city apt11 cit11),"Each positional location posX is in its respective city citX, and the airport aptX is also located in the same city citX.",deterministic_rule,true,covered,X ranges over the previously bounded 1–12 inventories; same-X substitution yields exactly both memberships for this city.
init,(in-city pos12 cit12),"Each positional location posX is in its respective city citX, and the airport aptX is also located in the same city citX.",deterministic_rule,true,covered,X ranges over the previously bounded 1–12 inventories; same-X substitution yields exactly both memberships for this city.
init,(in-city apt12 cit12),"Each positional location posX is in its respective city citX, and the airport aptX is also located in the same city citX.",deterministic_rule,true,covered,X ranges over the previously bounded 1–12 inventories; same-X substitution yields exactly both memberships for this city.
goal,(at obj82 apt1),"Our goals for the Logistics game are to position the packages at targeted locations: Place obj82 at apt1, move obj103 to pos1, relocate obj101 to apt5, send obj31 to apt1, position obj11 at apt4, have obj43 at pos10, relocate obj42 to pos3, move obj12 to pos11, position obj112 at apt4, place obj83 at apt8, send obj22 to pos7, have obj53 remain at pos5, move obj41 to apt12, relocate obj123 to apt9, position obj93 at pos6, move obj32 to pos1, send obj113 to apt8, place obj23 at apt1, move obj13 to pos9, relocate obj52 to pos10, send obj33 to pos4, position obj63 at apt3, move obj121 to pos6, relocate obj91 to apt5, position obj51 at apt1, send obj21 to pos3, move obj81 to apt11, position obj111 at apt7, relocate obj62 to apt2, move obj122 to apt2, position obj92 at apt6, move obj71 to apt1, place obj73 at pos4, and lastly, relocate obj61 to pos10.",direct,true,covered,The exhaustive goal sentence explicitly states this package-destination pair.
goal,(at obj103 pos1),"Our goals for the Logistics game are to position the packages at targeted locations: Place obj82 at apt1, move obj103 to pos1, relocate obj101 to apt5, send obj31 to apt1, position obj11 at apt4, have obj43 at pos10, relocate obj42 to pos3, move obj12 to pos11, position obj112 at apt4, place obj83 at apt8, send obj22 to pos7, have obj53 remain at pos5, move obj41 to apt12, relocate obj123 to apt9, position obj93 at pos6, move obj32 to pos1, send obj113 to apt8, place obj23 at apt1, move obj13 to pos9, relocate obj52 to pos10, send obj33 to pos4, position obj63 at apt3, move obj121 to pos6, relocate obj91 to apt5, position obj51 at apt1, send obj21 to pos3, move obj81 to apt11, position obj111 at apt7, relocate obj62 to apt2, move obj122 to apt2, position obj92 at apt6, move obj71 to apt1, place obj73 at pos4, and lastly, relocate obj61 to pos10.",direct,true,covered,The exhaustive goal sentence explicitly states this package-destination pair.
goal,(at obj101 apt5),"Our goals for the Logistics game are to position the packages at targeted locations: Place obj82 at apt1, move obj103 to pos1, relocate obj101 to apt5, send obj31 to apt1, position obj11 at apt4, have obj43 at pos10, relocate obj42 to pos3, move obj12 to pos11, position obj112 at apt4, place obj83 at apt8, send obj22 to pos7, have obj53 remain at pos5, move obj41 to apt12, relocate obj123 to apt9, position obj93 at pos6, move obj32 to pos1, send obj113 to apt8, place obj23 at apt1, move obj13 to pos9, relocate obj52 to pos10, send obj33 to pos4, position obj63 at apt3, move obj121 to pos6, relocate obj91 to apt5, position obj51 at apt1, send obj21 to pos3, move obj81 to apt11, position obj111 at apt7, relocate obj62 to apt2, move obj122 to apt2, position obj92 at apt6, move obj71 to apt1, place obj73 at pos4, and lastly, relocate obj61 to pos10.",direct,true,covered,The exhaustive goal sentence explicitly states this package-destination pair.
goal,(at obj31 apt1),"Our goals for the Logistics game are to position the packages at targeted locations: Place obj82 at apt1, move obj103 to pos1, relocate obj101 to apt5, send obj31 to apt1, position obj11 at apt4, have obj43 at pos10, relocate obj42 to pos3, move obj12 to pos11, position obj112 at apt4, place obj83 at apt8, send obj22 to pos7, have obj53 remain at pos5, move obj41 to apt12, relocate obj123 to apt9, position obj93 at pos6, move obj32 to pos1, send obj113 to apt8, place obj23 at apt1, move obj13 to pos9, relocate obj52 to pos10, send obj33 to pos4, position obj63 at apt3, move obj121 to pos6, relocate obj91 to apt5, position obj51 at apt1, send obj21 to pos3, move obj81 to apt11, position obj111 at apt7, relocate obj62 to apt2, move obj122 to apt2, position obj92 at apt6, move obj71 to apt1, place obj73 at pos4, and lastly, relocate obj61 to pos10.",direct,true,covered,The exhaustive goal sentence explicitly states this package-destination pair.
goal,(at obj11 apt4),"Our goals for the Logistics game are to position the packages at targeted locations: Place obj82 at apt1, move obj103 to pos1, relocate obj101 to apt5, send obj31 to apt1, position obj11 at apt4, have obj43 at pos10, relocate obj42 to pos3, move obj12 to pos11, position obj112 at apt4, place obj83 at apt8, send obj22 to pos7, have obj53 remain at pos5, move obj41 to apt12, relocate obj123 to apt9, position obj93 at pos6, move obj32 to pos1, send obj113 to apt8, place obj23 at apt1, move obj13 to pos9, relocate obj52 to pos10, send obj33 to pos4, position obj63 at apt3, move obj121 to pos6, relocate obj91 to apt5, position obj51 at apt1, send obj21 to pos3, move obj81 to apt11, position obj111 at apt7, relocate obj62 to apt2, move obj122 to apt2, position obj92 at apt6, move obj71 to apt1, place obj73 at pos4, and lastly, relocate obj61 to pos10.",direct,true,covered,The exhaustive goal sentence explicitly states this package-destination pair.
goal,(at obj43 pos10),"Our goals for the Logistics game are to position the packages at targeted locations: Place obj82 at apt1, move obj103 to pos1, relocate obj101 to apt5, send obj31 to apt1, position obj11 at apt4, have obj43 at pos10, relocate obj42 to pos3, move obj12 to pos11, position obj112 at apt4, place obj83 at apt8, send obj22 to pos7, have obj53 remain at pos5, move obj41 to apt12, relocate obj123 to apt9, position obj93 at pos6, move obj32 to pos1, send obj113 to apt8, place obj23 at apt1, move obj13 to pos9, relocate obj52 to pos10, send obj33 to pos4, position obj63 at apt3, move obj121 to pos6, relocate obj91 to apt5, position obj51 at apt1, send obj21 to pos3, move obj81 to apt11, position obj111 at apt7, relocate obj62 to apt2, move obj122 to apt2, position obj92 at apt6, move obj71 to apt1, place obj73 at pos4, and lastly, relocate obj61 to pos10.",direct,true,covered,The exhaustive goal sentence explicitly states this package-destination pair.
goal,(at obj42 pos3),"Our goals for the Logistics game are to position the packages at targeted locations: Place obj82 at apt1, move obj103 to pos1, relocate obj101 to apt5, send obj31 to apt1, position obj11 at apt4, have obj43 at pos10, relocate obj42 to pos3, move obj12 to pos11, position obj112 at apt4, place obj83 at apt8, send obj22 to pos7, have obj53 remain at pos5, move obj41 to apt12, relocate obj123 to apt9, position obj93 at pos6, move obj32 to pos1, send obj113 to apt8, place obj23 at apt1, move obj13 to pos9, relocate obj52 to pos10, send obj33 to pos4, position obj63 at apt3, move obj121 to pos6, relocate obj91 to apt5, position obj51 at apt1, send obj21 to pos3, move obj81 to apt11, position obj111 at apt7, relocate obj62 to apt2, move obj122 to apt2, position obj92 at apt6, move obj71 to apt1, place obj73 at pos4, and lastly, relocate obj61 to pos10.",direct,true,covered,The exhaustive goal sentence explicitly states this package-destination pair.
goal,(at obj12 pos11),"Our goals for the Logistics game are to position the packages at targeted locations: Place obj82 at apt1, move obj103 to pos1, relocate obj101 to apt5, send obj31 to apt1, position obj11 at apt4, have obj43 at pos10, relocate obj42 to pos3, move obj12 to pos11, position obj112 at apt4, place obj83 at apt8, send obj22 to pos7, have obj53 remain at pos5, move obj41 to apt12, relocate obj123 to apt9, position obj93 at pos6, move obj32 to pos1, send obj113 to apt8, place obj23 at apt1, move obj13 to pos9, relocate obj52 to pos10, send obj33 to pos4, position obj63 at apt3, move obj121 to pos6, relocate obj91 to apt5, position obj51 at apt1, send obj21 to pos3, move obj81 to apt11, position obj111 at apt7, relocate obj62 to apt2, move obj122 to apt2, position obj92 at apt6, move obj71 to apt1, place obj73 at pos4, and lastly, relocate obj61 to pos10.",direct,true,covered,The exhaustive goal sentence explicitly states this package-destination pair.
goal,(at obj112 apt4),"Our goals for the Logistics game are to position the packages at targeted locations: Place obj82 at apt1, move obj103 to pos1, relocate obj101 to apt5, send obj31 to apt1, position obj11 at apt4, have obj43 at pos10, relocate obj42 to pos3, move obj12 to pos11, position obj112 at apt4, place obj83 at apt8, send obj22 to pos7, have obj53 remain at pos5, move obj41 to apt12, relocate obj123 to apt9, position obj93 at pos6, move obj32 to pos1, send obj113 to apt8, place obj23 at apt1, move obj13 to pos9, relocate obj52 to pos10, send obj33 to pos4, position obj63 at apt3, move obj121 to pos6, relocate obj91 to apt5, position obj51 at apt1, send obj21 to pos3, move obj81 to apt11, position obj111 at apt7, relocate obj62 to apt2, move obj122 to apt2, position obj92 at apt6, move obj71 to apt1, place obj73 at pos4, and lastly, relocate obj61 to pos10.",direct,true,covered,The exhaustive goal sentence explicitly states this package-destination pair.
goal,(at obj83 apt8),"Our goals for the Logistics game are to position the packages at targeted locations: Place obj82 at apt1, move obj103 to pos1, relocate obj101 to apt5, send obj31 to apt1, position obj11 at apt4, have obj43 at pos10, relocate obj42 to pos3, move obj12 to pos11, position obj112 at apt4, place obj83 at apt8, send obj22 to pos7, have obj53 remain at pos5, move obj41 to apt12, relocate obj123 to apt9, position obj93 at pos6, move obj32 to pos1, send obj113 to apt8, place obj23 at apt1, move obj13 to pos9, relocate obj52 to pos10, send obj33 to pos4, position obj63 at apt3, move obj121 to pos6, relocate obj91 to apt5, position obj51 at apt1, send obj21 to pos3, move obj81 to apt11, position obj111 at apt7, relocate obj62 to apt2, move obj122 to apt2, position obj92 at apt6, move obj71 to apt1, place obj73 at pos4, and lastly, relocate obj61 to pos10.",direct,true,covered,The exhaustive goal sentence explicitly states this package-destination pair.
goal,(at obj22 pos7),"Our goals for the Logistics game are to position the packages at targeted locations: Place obj82 at apt1, move obj103 to pos1, relocate obj101 to apt5, send obj31 to apt1, position obj11 at apt4, have obj43 at pos10, relocate obj42 to pos3, move obj12 to pos11, position obj112 at apt4, place obj83 at apt8, send obj22 to pos7, have obj53 remain at pos5, move obj41 to apt12, relocate obj123 to apt9, position obj93 at pos6, move obj32 to pos1, send obj113 to apt8, place obj23 at apt1, move obj13 to pos9, relocate obj52 to pos10, send obj33 to pos4, position obj63 at apt3, move obj121 to pos6, relocate obj91 to apt5, position obj51 at apt1, send obj21 to pos3, move obj81 to apt11, position obj111 at apt7, relocate obj62 to apt2, move obj122 to apt2, position obj92 at apt6, move obj71 to apt1, place obj73 at pos4, and lastly, relocate obj61 to pos10.",direct,true,covered,The exhaustive goal sentence explicitly states this package-destination pair.
goal,(at obj53 pos5),"Our goals for the Logistics game are to position the packages at targeted locations: Place obj82 at apt1, move obj103 to pos1, relocate obj101 to apt5, send obj31 to apt1, position obj11 at apt4, have obj43 at pos10, relocate obj42 to pos3, move obj12 to pos11, position obj112 at apt4, place obj83 at apt8, send obj22 to pos7, have obj53 remain at pos5, move obj41 to apt12, relocate obj123 to apt9, position obj93 at pos6, move obj32 to pos1, send obj113 to apt8, place obj23 at apt1, move obj13 to pos9, relocate obj52 to pos10, send obj33 to pos4, position obj63 at apt3, move obj121 to pos6, relocate obj91 to apt5, position obj51 at apt1, send obj21 to pos3, move obj81 to apt11, position obj111 at apt7, relocate obj62 to apt2, move obj122 to apt2, position obj92 at apt6, move obj71 to apt1, place obj73 at pos4, and lastly, relocate obj61 to pos10.",direct,true,covered,The exhaustive goal sentence explicitly states this package-destination pair.
goal,(at obj41 apt12),"Our goals for the Logistics game are to position the packages at targeted locations: Place obj82 at apt1, move obj103 to pos1, relocate obj101 to apt5, send obj31 to apt1, position obj11 at apt4, have obj43 at pos10, relocate obj42 to pos3, move obj12 to pos11, position obj112 at apt4, place obj83 at apt8, send obj22 to pos7, have obj53 remain at pos5, move obj41 to apt12, relocate obj123 to apt9, position obj93 at pos6, move obj32 to pos1, send obj113 to apt8, place obj23 at apt1, move obj13 to pos9, relocate obj52 to pos10, send obj33 to pos4, position obj63 at apt3, move obj121 to pos6, relocate obj91 to apt5, position obj51 at apt1, send obj21 to pos3, move obj81 to apt11, position obj111 at apt7, relocate obj62 to apt2, move obj122 to apt2, position obj92 at apt6, move obj71 to apt1, place obj73 at pos4, and lastly, relocate obj61 to pos10.",direct,true,covered,The exhaustive goal sentence explicitly states this package-destination pair.
goal,(at obj123 apt9),"Our goals for the Logistics game are to position the packages at targeted locations: Place obj82 at apt1, move obj103 to pos1, relocate obj101 to apt5, send obj31 to apt1, position obj11 at apt4, have obj43 at pos10, relocate obj42 to pos3, move obj12 to pos11, position obj112 at apt4, place obj83 at apt8, send obj22 to pos7, have obj53 remain at pos5, move obj41 to apt12, relocate obj123 to apt9, position obj93 at pos6, move obj32 to pos1, send obj113 to apt8, place obj23 at apt1, move obj13 to pos9, relocate obj52 to pos10, send obj33 to pos4, position obj63 at apt3, move obj121 to pos6, relocate obj91 to apt5, position obj51 at apt1, send obj21 to pos3, move obj81 to apt11, position obj111 at apt7, relocate obj62 to apt2, move obj122 to apt2, position obj92 at apt6, move obj71 to apt1, place obj73 at pos4, and lastly, relocate obj61 to pos10.",direct,true,covered,The exhaustive goal sentence explicitly states this package-destination pair.
goal,(at obj93 pos6),"Our goals for the Logistics game are to position the packages at targeted locations: Place obj82 at apt1, move obj103 to pos1, relocate obj101 to apt5, send obj31 to apt1, position obj11 at apt4, have obj43 at pos10, relocate obj42 to pos3, move obj12 to pos11, position obj112 at apt4, place obj83 at apt8, send obj22 to pos7, have obj53 remain at pos5, move obj41 to apt12, relocate obj123 to apt9, position obj93 at pos6, move obj32 to pos1, send obj113 to apt8, place obj23 at apt1, move obj13 to pos9, relocate obj52 to pos10, send obj33 to pos4, position obj63 at apt3, move obj121 to pos6, relocate obj91 to apt5, position obj51 at apt1, send obj21 to pos3, move obj81 to apt11, position obj111 at apt7, relocate obj62 to apt2, move obj122 to apt2, position obj92 at apt6, move obj71 to apt1, place obj73 at pos4, and lastly, relocate obj61 to pos10.",direct,true,covered,The exhaustive goal sentence explicitly states this package-destination pair.
goal,(at obj32 pos1),"Our goals for the Logistics game are to position the packages at targeted locations: Place obj82 at apt1, move obj103 to pos1, relocate obj101 to apt5, send obj31 to apt1, position obj11 at apt4, have obj43 at pos10, relocate obj42 to pos3, move obj12 to pos11, position obj112 at apt4, place obj83 at apt8, send obj22 to pos7, have obj53 remain at pos5, move obj41 to apt12, relocate obj123 to apt9, position obj93 at pos6, move obj32 to pos1, send obj113 to apt8, place obj23 at apt1, move obj13 to pos9, relocate obj52 to pos10, send obj33 to pos4, position obj63 at apt3, move obj121 to pos6, relocate obj91 to apt5, position obj51 at apt1, send obj21 to pos3, move obj81 to apt11, position obj111 at apt7, relocate obj62 to apt2, move obj122 to apt2, position obj92 at apt6, move obj71 to apt1, place obj73 at pos4, and lastly, relocate obj61 to pos10.",direct,true,covered,The exhaustive goal sentence explicitly states this package-destination pair.
goal,(at obj113 apt8),"Our goals for the Logistics game are to position the packages at targeted locations: Place obj82 at apt1, move obj103 to pos1, relocate obj101 to apt5, send obj31 to apt1, position obj11 at apt4, have obj43 at pos10, relocate obj42 to pos3, move obj12 to pos11, position obj112 at apt4, place obj83 at apt8, send obj22 to pos7, have obj53 remain at pos5, move obj41 to apt12, relocate obj123 to apt9, position obj93 at pos6, move obj32 to pos1, send obj113 to apt8, place obj23 at apt1, move obj13 to pos9, relocate obj52 to pos10, send obj33 to pos4, position obj63 at apt3, move obj121 to pos6, relocate obj91 to apt5, position obj51 at apt1, send obj21 to pos3, move obj81 to apt11, position obj111 at apt7, relocate obj62 to apt2, move obj122 to apt2, position obj92 at apt6, move obj71 to apt1, place obj73 at pos4, and lastly, relocate obj61 to pos10.",direct,true,covered,The exhaustive goal sentence explicitly states this package-destination pair.
goal,(at obj23 apt1),"Our goals for the Logistics game are to position the packages at targeted locations: Place obj82 at apt1, move obj103 to pos1, relocate obj101 to apt5, send obj31 to apt1, position obj11 at apt4, have obj43 at pos10, relocate obj42 to pos3, move obj12 to pos11, position obj112 at apt4, place obj83 at apt8, send obj22 to pos7, have obj53 remain at pos5, move obj41 to apt12, relocate obj123 to apt9, position obj93 at pos6, move obj32 to pos1, send obj113 to apt8, place obj23 at apt1, move obj13 to pos9, relocate obj52 to pos10, send obj33 to pos4, position obj63 at apt3, move obj121 to pos6, relocate obj91 to apt5, position obj51 at apt1, send obj21 to pos3, move obj81 to apt11, position obj111 at apt7, relocate obj62 to apt2, move obj122 to apt2, position obj92 at apt6, move obj71 to apt1, place obj73 at pos4, and lastly, relocate obj61 to pos10.",direct,true,covered,The exhaustive goal sentence explicitly states this package-destination pair.
goal,(at obj13 pos9),"Our goals for the Logistics game are to position the packages at targeted locations: Place obj82 at apt1, move obj103 to pos1, relocate obj101 to apt5, send obj31 to apt1, position obj11 at apt4, have obj43 at pos10, relocate obj42 to pos3, move obj12 to pos11, position obj112 at apt4, place obj83 at apt8, send obj22 to pos7, have obj53 remain at pos5, move obj41 to apt12, relocate obj123 to apt9, position obj93 at pos6, move obj32 to pos1, send obj113 to apt8, place obj23 at apt1, move obj13 to pos9, relocate obj52 to pos10, send obj33 to pos4, position obj63 at apt3, move obj121 to pos6, relocate obj91 to apt5, position obj51 at apt1, send obj21 to pos3, move obj81 to apt11, position obj111 at apt7, relocate obj62 to apt2, move obj122 to apt2, position obj92 at apt6, move obj71 to apt1, place obj73 at pos4, and lastly, relocate obj61 to pos10.",direct,true,covered,The exhaustive goal sentence explicitly states this package-destination pair.
goal,(at obj52 pos10),"Our goals for the Logistics game are to position the packages at targeted locations: Place obj82 at apt1, move obj103 to pos1, relocate obj101 to apt5, send obj31 to apt1, position obj11 at apt4, have obj43 at pos10, relocate obj42 to pos3, move obj12 to pos11, position obj112 at apt4, place obj83 at apt8, send obj22 to pos7, have obj53 remain at pos5, move obj41 to apt12, relocate obj123 to apt9, position obj93 at pos6, move obj32 to pos1, send obj113 to apt8, place obj23 at apt1, move obj13 to pos9, relocate obj52 to pos10, send obj33 to pos4, position obj63 at apt3, move obj121 to pos6, relocate obj91 to apt5, position obj51 at apt1, send obj21 to pos3, move obj81 to apt11, position obj111 at apt7, relocate obj62 to apt2, move obj122 to apt2, position obj92 at apt6, move obj71 to apt1, place obj73 at pos4, and lastly, relocate obj61 to pos10.",direct,true,covered,The exhaustive goal sentence explicitly states this package-destination pair.
goal,(at obj33 pos4),"Our goals for the Logistics game are to position the packages at targeted locations: Place obj82 at apt1, move obj103 to pos1, relocate obj101 to apt5, send obj31 to apt1, position obj11 at apt4, have obj43 at pos10, relocate obj42 to pos3, move obj12 to pos11, position obj112 at apt4, place obj83 at apt8, send obj22 to pos7, have obj53 remain at pos5, move obj41 to apt12, relocate obj123 to apt9, position obj93 at pos6, move obj32 to pos1, send obj113 to apt8, place obj23 at apt1, move obj13 to pos9, relocate obj52 to pos10, send obj33 to pos4, position obj63 at apt3, move obj121 to pos6, relocate obj91 to apt5, position obj51 at apt1, send obj21 to pos3, move obj81 to apt11, position obj111 at apt7, relocate obj62 to apt2, move obj122 to apt2, position obj92 at apt6, move obj71 to apt1, place obj73 at pos4, and lastly, relocate obj61 to pos10.",direct,true,covered,The exhaustive goal sentence explicitly states this package-destination pair.
goal,(at obj63 apt3),"Our goals for the Logistics game are to position the packages at targeted locations: Place obj82 at apt1, move obj103 to pos1, relocate obj101 to apt5, send obj31 to apt1, position obj11 at apt4, have obj43 at pos10, relocate obj42 to pos3, move obj12 to pos11, position obj112 at apt4, place obj83 at apt8, send obj22 to pos7, have obj53 remain at pos5, move obj41 to apt12, relocate obj123 to apt9, position obj93 at pos6, move obj32 to pos1, send obj113 to apt8, place obj23 at apt1, move obj13 to pos9, relocate obj52 to pos10, send obj33 to pos4, position obj63 at apt3, move obj121 to pos6, relocate obj91 to apt5, position obj51 at apt1, send obj21 to pos3, move obj81 to apt11, position obj111 at apt7, relocate obj62 to apt2, move obj122 to apt2, position obj92 at apt6, move obj71 to apt1, place obj73 at pos4, and lastly, relocate obj61 to pos10.",direct,true,covered,The exhaustive goal sentence explicitly states this package-destination pair.
goal,(at obj121 pos6),"Our goals for the Logistics game are to position the packages at targeted locations: Place obj82 at apt1, move obj103 to pos1, relocate obj101 to apt5, send obj31 to apt1, position obj11 at apt4, have obj43 at pos10, relocate obj42 to pos3, move obj12 to pos11, position obj112 at apt4, place obj83 at apt8, send obj22 to pos7, have obj53 remain at pos5, move obj41 to apt12, relocate obj123 to apt9, position obj93 at pos6, move obj32 to pos1, send obj113 to apt8, place obj23 at apt1, move obj13 to pos9, relocate obj52 to pos10, send obj33 to pos4, position obj63 at apt3, move obj121 to pos6, relocate obj91 to apt5, position obj51 at apt1, send obj21 to pos3, move obj81 to apt11, position obj111 at apt7, relocate obj62 to apt2, move obj122 to apt2, position obj92 at apt6, move obj71 to apt1, place obj73 at pos4, and lastly, relocate obj61 to pos10.",direct,true,covered,The exhaustive goal sentence explicitly states this package-destination pair.
goal,(at obj91 apt5),"Our goals for the Logistics game are to position the packages at targeted locations: Place obj82 at apt1, move obj103 to pos1, relocate obj101 to apt5, send obj31 to apt1, position obj11 at apt4, have obj43 at pos10, relocate obj42 to pos3, move obj12 to pos11, position obj112 at apt4, place obj83 at apt8, send obj22 to pos7, have obj53 remain at pos5, move obj41 to apt12, relocate obj123 to apt9, position obj93 at pos6, move obj32 to pos1, send obj113 to apt8, place obj23 at apt1, move obj13 to pos9, relocate obj52 to pos10, send obj33 to pos4, position obj63 at apt3, move obj121 to pos6, relocate obj91 to apt5, position obj51 at apt1, send obj21 to pos3, move obj81 to apt11, position obj111 at apt7, relocate obj62 to apt2, move obj122 to apt2, position obj92 at apt6, move obj71 to apt1, place obj73 at pos4, and lastly, relocate obj61 to pos10.",direct,true,covered,The exhaustive goal sentence explicitly states this package-destination pair.
goal,(at obj51 apt1),"Our goals for the Logistics game are to position the packages at targeted locations: Place obj82 at apt1, move obj103 to pos1, relocate obj101 to apt5, send obj31 to apt1, position obj11 at apt4, have obj43 at pos10, relocate obj42 to pos3, move obj12 to pos11, position obj112 at apt4, place obj83 at apt8, send obj22 to pos7, have obj53 remain at pos5, move obj41 to apt12, relocate obj123 to apt9, position obj93 at pos6, move obj32 to pos1, send obj113 to apt8, place obj23 at apt1, move obj13 to pos9, relocate obj52 to pos10, send obj33 to pos4, position obj63 at apt3, move obj121 to pos6, relocate obj91 to apt5, position obj51 at apt1, send obj21 to pos3, move obj81 to apt11, position obj111 at apt7, relocate obj62 to apt2, move obj122 to apt2, position obj92 at apt6, move obj71 to apt1, place obj73 at pos4, and lastly, relocate obj61 to pos10.",direct,true,covered,The exhaustive goal sentence explicitly states this package-destination pair.
goal,(at obj21 pos3),"Our goals for the Logistics game are to position the packages at targeted locations: Place obj82 at apt1, move obj103 to pos1, relocate obj101 to apt5, send obj31 to apt1, position obj11 at apt4, have obj43 at pos10, relocate obj42 to pos3, move obj12 to pos11, position obj112 at apt4, place obj83 at apt8, send obj22 to pos7, have obj53 remain at pos5, move obj41 to apt12, relocate obj123 to apt9, position obj93 at pos6, move obj32 to pos1, send obj113 to apt8, place obj23 at apt1, move obj13 to pos9, relocate obj52 to pos10, send obj33 to pos4, position obj63 at apt3, move obj121 to pos6, relocate obj91 to apt5, position obj51 at apt1, send obj21 to pos3, move obj81 to apt11, position obj111 at apt7, relocate obj62 to apt2, move obj122 to apt2, position obj92 at apt6, move obj71 to apt1, place obj73 at pos4, and lastly, relocate obj61 to pos10.",direct,true,covered,The exhaustive goal sentence explicitly states this package-destination pair.
goal,(at obj81 apt11),"Our goals for the Logistics game are to position the packages at targeted locations: Place obj82 at apt1, move obj103 to pos1, relocate obj101 to apt5, send obj31 to apt1, position obj11 at apt4, have obj43 at pos10, relocate obj42 to pos3, move obj12 to pos11, position obj112 at apt4, place obj83 at apt8, send obj22 to pos7, have obj53 remain at pos5, move obj41 to apt12, relocate obj123 to apt9, position obj93 at pos6, move obj32 to pos1, send obj113 to apt8, place obj23 at apt1, move obj13 to pos9, relocate obj52 to pos10, send obj33 to pos4, position obj63 at apt3, move obj121 to pos6, relocate obj91 to apt5, position obj51 at apt1, send obj21 to pos3, move obj81 to apt11, position obj111 at apt7, relocate obj62 to apt2, move obj122 to apt2, position obj92 at apt6, move obj71 to apt1, place obj73 at pos4, and lastly, relocate obj61 to pos10.",direct,true,covered,The exhaustive goal sentence explicitly states this package-destination pair.
goal,(at obj111 apt7),"Our goals for the Logistics game are to position the packages at targeted locations: Place obj82 at apt1, move obj103 to pos1, relocate obj101 to apt5, send obj31 to apt1, position obj11 at apt4, have obj43 at pos10, relocate obj42 to pos3, move obj12 to pos11, position obj112 at apt4, place obj83 at apt8, send obj22 to pos7, have obj53 remain at pos5, move obj41 to apt12, relocate obj123 to apt9, position obj93 at pos6, move obj32 to pos1, send obj113 to apt8, place obj23 at apt1, move obj13 to pos9, relocate obj52 to pos10, send obj33 to pos4, position obj63 at apt3, move obj121 to pos6, relocate obj91 to apt5, position obj51 at apt1, send obj21 to pos3, move obj81 to apt11, position obj111 at apt7, relocate obj62 to apt2, move obj122 to apt2, position obj92 at apt6, move obj71 to apt1, place obj73 at pos4, and lastly, relocate obj61 to pos10.",direct,true,covered,The exhaustive goal sentence explicitly states this package-destination pair.
goal,(at obj62 apt2),"Our goals for the Logistics game are to position the packages at targeted locations: Place obj82 at apt1, move obj103 to pos1, relocate obj101 to apt5, send obj31 to apt1, position obj11 at apt4, have obj43 at pos10, relocate obj42 to pos3, move obj12 to pos11, position obj112 at apt4, place obj83 at apt8, send obj22 to pos7, have obj53 remain at pos5, move obj41 to apt12, relocate obj123 to apt9, position obj93 at pos6, move obj32 to pos1, send obj113 to apt8, place obj23 at apt1, move obj13 to pos9, relocate obj52 to pos10, send obj33 to pos4, position obj63 at apt3, move obj121 to pos6, relocate obj91 to apt5, position obj51 at apt1, send obj21 to pos3, move obj81 to apt11, position obj111 at apt7, relocate obj62 to apt2, move obj122 to apt2, position obj92 at apt6, move obj71 to apt1, place obj73 at pos4, and lastly, relocate obj61 to pos10.",direct,true,covered,The exhaustive goal sentence explicitly states this package-destination pair.
goal,(at obj122 apt2),"Our goals for the Logistics game are to position the packages at targeted locations: Place obj82 at apt1, move obj103 to pos1, relocate obj101 to apt5, send obj31 to apt1, position obj11 at apt4, have obj43 at pos10, relocate obj42 to pos3, move obj12 to pos11, position obj112 at apt4, place obj83 at apt8, send obj22 to pos7, have obj53 remain at pos5, move obj41 to apt12, relocate obj123 to apt9, position obj93 at pos6, move obj32 to pos1, send obj113 to apt8, place obj23 at apt1, move obj13 to pos9, relocate obj52 to pos10, send obj33 to pos4, position obj63 at apt3, move obj121 to pos6, relocate obj91 to apt5, position obj51 at apt1, send obj21 to pos3, move obj81 to apt11, position obj111 at apt7, relocate obj62 to apt2, move obj122 to apt2, position obj92 at apt6, move obj71 to apt1, place obj73 at pos4, and lastly, relocate obj61 to pos10.",direct,true,covered,The exhaustive goal sentence explicitly states this package-destination pair.
goal,(at obj92 apt6),"Our goals for the Logistics game are to position the packages at targeted locations: Place obj82 at apt1, move obj103 to pos1, relocate obj101 to apt5, send obj31 to apt1, position obj11 at apt4, have obj43 at pos10, relocate obj42 to pos3, move obj12 to pos11, position obj112 at apt4, place obj83 at apt8, send obj22 to pos7, have obj53 remain at pos5, move obj41 to apt12, relocate obj123 to apt9, position obj93 at pos6, move obj32 to pos1, send obj113 to apt8, place obj23 at apt1, move obj13 to pos9, relocate obj52 to pos10, send obj33 to pos4, position obj63 at apt3, move obj121 to pos6, relocate obj91 to apt5, position obj51 at apt1, send obj21 to pos3, move obj81 to apt11, position obj111 at apt7, relocate obj62 to apt2, move obj122 to apt2, position obj92 at apt6, move obj71 to apt1, place obj73 at pos4, and lastly, relocate obj61 to pos10.",direct,true,covered,The exhaustive goal sentence explicitly states this package-destination pair.
goal,(at obj71 apt1),"Our goals for the Logistics game are to position the packages at targeted locations: Place obj82 at apt1, move obj103 to pos1, relocate obj101 to apt5, send obj31 to apt1, position obj11 at apt4, have obj43 at pos10, relocate obj42 to pos3, move obj12 to pos11, position obj112 at apt4, place obj83 at apt8, send obj22 to pos7, have obj53 remain at pos5, move obj41 to apt12, relocate obj123 to apt9, position obj93 at pos6, move obj32 to pos1, send obj113 to apt8, place obj23 at apt1, move obj13 to pos9, relocate obj52 to pos10, send obj33 to pos4, position obj63 at apt3, move obj121 to pos6, relocate obj91 to apt5, position obj51 at apt1, send obj21 to pos3, move obj81 to apt11, position obj111 at apt7, relocate obj62 to apt2, move obj122 to apt2, position obj92 at apt6, move obj71 to apt1, place obj73 at pos4, and lastly, relocate obj61 to pos10.",direct,true,covered,The exhaustive goal sentence explicitly states this package-destination pair.
goal,(at obj73 pos4),"Our goals for the Logistics game are to position the packages at targeted locations: Place obj82 at apt1, move obj103 to pos1, relocate obj101 to apt5, send obj31 to apt1, position obj11 at apt4, have obj43 at pos10, relocate obj42 to pos3, move obj12 to pos11, position obj112 at apt4, place obj83 at apt8, send obj22 to pos7, have obj53 remain at pos5, move obj41 to apt12, relocate obj123 to apt9, position obj93 at pos6, move obj32 to pos1, send obj113 to apt8, place obj23 at apt1, move obj13 to pos9, relocate obj52 to pos10, send obj33 to pos4, position obj63 at apt3, move obj121 to pos6, relocate obj91 to apt5, position obj51 at apt1, send obj21 to pos3, move obj81 to apt11, position obj111 at apt7, relocate obj62 to apt2, move obj122 to apt2, position obj92 at apt6, move obj71 to apt1, place obj73 at pos4, and lastly, relocate obj61 to pos10.",direct,true,covered,The exhaustive goal sentence explicitly states this package-destination pair.
goal,(at obj61 pos10),"Our goals for the Logistics game are to position the packages at targeted locations: Place obj82 at apt1, move obj103 to pos1, relocate obj101 to apt5, send obj31 to apt1, position obj11 at apt4, have obj43 at pos10, relocate obj42 to pos3, move obj12 to pos11, position obj112 at apt4, place obj83 at apt8, send obj22 to pos7, have obj53 remain at pos5, move obj41 to apt12, relocate obj123 to apt9, position obj93 at pos6, move obj32 to pos1, send obj113 to apt8, place obj23 at apt1, move obj13 to pos9, relocate obj52 to pos10, send obj33 to pos4, position obj63 at apt3, move obj121 to pos6, relocate obj91 to apt5, position obj51 at apt1, send obj21 to pos3, move obj81 to apt11, position obj111 at apt7, relocate obj62 to apt2, move obj122 to apt2, position obj92 at apt6, move obj71 to apt1, place obj73 at pos4, and lastly, relocate obj61 to pos10.",direct,true,covered,The exhaustive goal sentence explicitly states this package-destination pair.
