section,pddl_item,evidence,evidence_kind,unique,status,notes
objects,apt14,"For every integer X from 1 through 14, posX is a location in citX and aptX is an airport location in citX.",deterministic_rule,true,covered,The X=1–14 rule yields this exact city or airport identifier.
objects,pos14,"For every integer X from 1 through 14, truck truX and packages objX1, objX2, and objX3 are initially at posX, where X is replaced by the same decimal numeral in every identifier (so X = 10 yields tru10, obj101, obj102, obj103, and pos10).",deterministic_rule,true,covered,"The X=1–14 construction yields this exact package, truck, or position identifier."
objects,cit14,"For every integer X from 1 through 14, posX is a location in citX and aptX is an airport location in citX.",deterministic_rule,true,covered,The X=1–14 rule yields this exact city or airport identifier.
objects,tru14,"For every integer X from 1 through 14, truck truX and packages objX1, objX2, and objX3 are initially at posX, where X is replaced by the same decimal numeral in every identifier (so X = 10 yields tru10, obj101, obj102, obj103, and pos10).",deterministic_rule,true,covered,"The X=1–14 construction yields this exact package, truck, or position identifier."
objects,obj143,"For every integer X from 1 through 14, truck truX and packages objX1, objX2, and objX3 are initially at posX, where X is replaced by the same decimal numeral in every identifier (so X = 10 yields tru10, obj101, obj102, obj103, and pos10).",deterministic_rule,true,covered,"The X=1–14 construction yields this exact package, truck, or position identifier."
objects,obj142,"For every integer X from 1 through 14, truck truX and packages objX1, objX2, and objX3 are initially at posX, where X is replaced by the same decimal numeral in every identifier (so X = 10 yields tru10, obj101, obj102, obj103, and pos10).",deterministic_rule,true,covered,"The X=1–14 construction yields this exact package, truck, or position identifier."
objects,obj141,"For every integer X from 1 through 14, truck truX and packages objX1, objX2, and objX3 are initially at posX, where X is replaced by the same decimal numeral in every identifier (so X = 10 yields tru10, obj101, obj102, obj103, and pos10).",deterministic_rule,true,covered,"The X=1–14 construction yields this exact package, truck, or position identifier."
objects,apn4,"Additionally, there are four airplanes: apn1 is currently at airport apt8, apn2 at apt9, apn3 at apt4, and apn4 at apt12.",direct,true,covered,The exact airplane identifier is named.
objects,apt13,"For every integer X from 1 through 14, posX is a location in citX and aptX is an airport location in citX.",deterministic_rule,true,covered,The X=1–14 rule yields this exact city or airport identifier.
objects,pos13,"For every integer X from 1 through 14, truck truX and packages objX1, objX2, and objX3 are initially at posX, where X is replaced by the same decimal numeral in every identifier (so X = 10 yields tru10, obj101, obj102, obj103, and pos10).",deterministic_rule,true,covered,"The X=1–14 construction yields this exact package, truck, or position identifier."
objects,cit13,"For every integer X from 1 through 14, posX is a location in citX and aptX is an airport location in citX.",deterministic_rule,true,covered,The X=1–14 rule yields this exact city or airport identifier.
objects,tru13,"For every integer X from 1 through 14, truck truX and packages objX1, objX2, and objX3 are initially at posX, where X is replaced by the same decimal numeral in every identifier (so X = 10 yields tru10, obj101, obj102, obj103, and pos10).",deterministic_rule,true,covered,"The X=1–14 construction yields this exact package, truck, or position identifier."
objects,obj133,"For every integer X from 1 through 14, truck truX and packages objX1, objX2, and objX3 are initially at posX, where X is replaced by the same decimal numeral in every identifier (so X = 10 yields tru10, obj101, obj102, obj103, and pos10).",deterministic_rule,true,covered,"The X=1–14 construction yields this exact package, truck, or position identifier."
objects,obj132,"For every integer X from 1 through 14, truck truX and packages objX1, objX2, and objX3 are initially at posX, where X is replaced by the same decimal numeral in every identifier (so X = 10 yields tru10, obj101, obj102, obj103, and pos10).",deterministic_rule,true,covered,"The X=1–14 construction yields this exact package, truck, or position identifier."
objects,obj131,"For every integer X from 1 through 14, truck truX and packages objX1, objX2, and objX3 are initially at posX, where X is replaced by the same decimal numeral in every identifier (so X = 10 yields tru10, obj101, obj102, obj103, and pos10).",deterministic_rule,true,covered,"The X=1–14 construction yields this exact package, truck, or position identifier."
objects,apt12,"For every integer X from 1 through 14, posX is a location in citX and aptX is an airport location in citX.",deterministic_rule,true,covered,The X=1–14 rule yields this exact city or airport identifier.
objects,pos12,"For every integer X from 1 through 14, truck truX and packages objX1, objX2, and objX3 are initially at posX, where X is replaced by the same decimal numeral in every identifier (so X = 10 yields tru10, obj101, obj102, obj103, and pos10).",deterministic_rule,true,covered,"The X=1–14 construction yields this exact package, truck, or position identifier."
objects,cit12,"For every integer X from 1 through 14, posX is a location in citX and aptX is an airport location in citX.",deterministic_rule,true,covered,The X=1–14 rule yields this exact city or airport identifier.
objects,tru12,"For every integer X from 1 through 14, truck truX and packages objX1, objX2, and objX3 are initially at posX, where X is replaced by the same decimal numeral in every identifier (so X = 10 yields tru10, obj101, obj102, obj103, and pos10).",deterministic_rule,true,covered,"The X=1–14 construction yields this exact package, truck, or position identifier."
objects,obj123,"For every integer X from 1 through 14, truck truX and packages objX1, objX2, and objX3 are initially at posX, where X is replaced by the same decimal numeral in every identifier (so X = 10 yields tru10, obj101, obj102, obj103, and pos10).",deterministic_rule,true,covered,"The X=1–14 construction yields this exact package, truck, or position identifier."
objects,obj122,"For every integer X from 1 through 14, truck truX and packages objX1, objX2, and objX3 are initially at posX, where X is replaced by the same decimal numeral in every identifier (so X = 10 yields tru10, obj101, obj102, obj103, and pos10).",deterministic_rule,true,covered,"The X=1–14 construction yields this exact package, truck, or position identifier."
objects,obj121,"For every integer X from 1 through 14, truck truX and packages objX1, objX2, and objX3 are initially at posX, where X is replaced by the same decimal numeral in every identifier (so X = 10 yields tru10, obj101, obj102, obj103, and pos10).",deterministic_rule,true,covered,"The X=1–14 construction yields this exact package, truck, or position identifier."
objects,apt11,"For every integer X from 1 through 14, posX is a location in citX and aptX is an airport location in citX.",deterministic_rule,true,covered,The X=1–14 rule yields this exact city or airport identifier.
objects,pos11,"For every integer X from 1 through 14, truck truX and packages objX1, objX2, and objX3 are initially at posX, where X is replaced by the same decimal numeral in every identifier (so X = 10 yields tru10, obj101, obj102, obj103, and pos10).",deterministic_rule,true,covered,"The X=1–14 construction yields this exact package, truck, or position identifier."
objects,cit11,"For every integer X from 1 through 14, posX is a location in citX and aptX is an airport location in citX.",deterministic_rule,true,covered,The X=1–14 rule yields this exact city or airport identifier.
objects,tru11,"For every integer X from 1 through 14, truck truX and packages objX1, objX2, and objX3 are initially at posX, where X is replaced by the same decimal numeral in every identifier (so X = 10 yields tru10, obj101, obj102, obj103, and pos10).",deterministic_rule,true,covered,"The X=1–14 construction yields this exact package, truck, or position identifier."
objects,obj113,"For every integer X from 1 through 14, truck truX and packages objX1, objX2, and objX3 are initially at posX, where X is replaced by the same decimal numeral in every identifier (so X = 10 yields tru10, obj101, obj102, obj103, and pos10).",deterministic_rule,true,covered,"The X=1–14 construction yields this exact package, truck, or position identifier."
objects,obj112,"For every integer X from 1 through 14, truck truX and packages objX1, objX2, and objX3 are initially at posX, where X is replaced by the same decimal numeral in every identifier (so X = 10 yields tru10, obj101, obj102, obj103, and pos10).",deterministic_rule,true,covered,"The X=1–14 construction yields this exact package, truck, or position identifier."
objects,obj111,"For every integer X from 1 through 14, truck truX and packages objX1, objX2, and objX3 are initially at posX, where X is replaced by the same decimal numeral in every identifier (so X = 10 yields tru10, obj101, obj102, obj103, and pos10).",deterministic_rule,true,covered,"The X=1–14 construction yields this exact package, truck, or position identifier."
objects,apt10,"For every integer X from 1 through 14, posX is a location in citX and aptX is an airport location in citX.",deterministic_rule,true,covered,The X=1–14 rule yields this exact city or airport identifier.
objects,pos10,"For every integer X from 1 through 14, truck truX and packages objX1, objX2, and objX3 are initially at posX, where X is replaced by the same decimal numeral in every identifier (so X = 10 yields tru10, obj101, obj102, obj103, and pos10).",deterministic_rule,true,covered,"The X=1–14 construction yields this exact package, truck, or position identifier."
objects,cit10,"For every integer X from 1 through 14, posX is a location in citX and aptX is an airport location in citX.",deterministic_rule,true,covered,The X=1–14 rule yields this exact city or airport identifier.
objects,tru10,"For every integer X from 1 through 14, truck truX and packages objX1, objX2, and objX3 are initially at posX, where X is replaced by the same decimal numeral in every identifier (so X = 10 yields tru10, obj101, obj102, obj103, and pos10).",deterministic_rule,true,covered,"The X=1–14 construction yields this exact package, truck, or position identifier."
objects,obj103,"For every integer X from 1 through 14, truck truX and packages objX1, objX2, and objX3 are initially at posX, where X is replaced by the same decimal numeral in every identifier (so X = 10 yields tru10, obj101, obj102, obj103, and pos10).",deterministic_rule,true,covered,"The X=1–14 construction yields this exact package, truck, or position identifier."
objects,obj102,"For every integer X from 1 through 14, truck truX and packages objX1, objX2, and objX3 are initially at posX, where X is replaced by the same decimal numeral in every identifier (so X = 10 yields tru10, obj101, obj102, obj103, and pos10).",deterministic_rule,true,covered,"The X=1–14 construction yields this exact package, truck, or position identifier."
objects,obj101,"For every integer X from 1 through 14, truck truX and packages objX1, objX2, and objX3 are initially at posX, where X is replaced by the same decimal numeral in every identifier (so X = 10 yields tru10, obj101, obj102, obj103, and pos10).",deterministic_rule,true,covered,"The X=1–14 construction yields this exact package, truck, or position identifier."
objects,apn3,"Additionally, there are four airplanes: apn1 is currently at airport apt8, apn2 at apt9, apn3 at apt4, and apn4 at apt12.",direct,true,covered,The exact airplane identifier is named.
objects,apt9,"For every integer X from 1 through 14, posX is a location in citX and aptX is an airport location in citX.",deterministic_rule,true,covered,The X=1–14 rule yields this exact city or airport identifier.
objects,pos9,"For every integer X from 1 through 14, truck truX and packages objX1, objX2, and objX3 are initially at posX, where X is replaced by the same decimal numeral in every identifier (so X = 10 yields tru10, obj101, obj102, obj103, and pos10).",deterministic_rule,true,covered,"The X=1–14 construction yields this exact package, truck, or position identifier."
objects,cit9,"For every integer X from 1 through 14, posX is a location in citX and aptX is an airport location in citX.",deterministic_rule,true,covered,The X=1–14 rule yields this exact city or airport identifier.
objects,tru9,"For every integer X from 1 through 14, truck truX and packages objX1, objX2, and objX3 are initially at posX, where X is replaced by the same decimal numeral in every identifier (so X = 10 yields tru10, obj101, obj102, obj103, and pos10).",deterministic_rule,true,covered,"The X=1–14 construction yields this exact package, truck, or position identifier."
objects,obj93,"For every integer X from 1 through 14, truck truX and packages objX1, objX2, and objX3 are initially at posX, where X is replaced by the same decimal numeral in every identifier (so X = 10 yields tru10, obj101, obj102, obj103, and pos10).",deterministic_rule,true,covered,"The X=1–14 construction yields this exact package, truck, or position identifier."
objects,obj92,"For every integer X from 1 through 14, truck truX and packages objX1, objX2, and objX3 are initially at posX, where X is replaced by the same decimal numeral in every identifier (so X = 10 yields tru10, obj101, obj102, obj103, and pos10).",deterministic_rule,true,covered,"The X=1–14 construction yields this exact package, truck, or position identifier."
objects,obj91,"For every integer X from 1 through 14, truck truX and packages objX1, objX2, and objX3 are initially at posX, where X is replaced by the same decimal numeral in every identifier (so X = 10 yields tru10, obj101, obj102, obj103, and pos10).",deterministic_rule,true,covered,"The X=1–14 construction yields this exact package, truck, or position identifier."
objects,apt8,"For every integer X from 1 through 14, posX is a location in citX and aptX is an airport location in citX.",deterministic_rule,true,covered,The X=1–14 rule yields this exact city or airport identifier.
objects,pos8,"For every integer X from 1 through 14, truck truX and packages objX1, objX2, and objX3 are initially at posX, where X is replaced by the same decimal numeral in every identifier (so X = 10 yields tru10, obj101, obj102, obj103, and pos10).",deterministic_rule,true,covered,"The X=1–14 construction yields this exact package, truck, or position identifier."
objects,cit8,"For every integer X from 1 through 14, posX is a location in citX and aptX is an airport location in citX.",deterministic_rule,true,covered,The X=1–14 rule yields this exact city or airport identifier.
objects,tru8,"For every integer X from 1 through 14, truck truX and packages objX1, objX2, and objX3 are initially at posX, where X is replaced by the same decimal numeral in every identifier (so X = 10 yields tru10, obj101, obj102, obj103, and pos10).",deterministic_rule,true,covered,"The X=1–14 construction yields this exact package, truck, or position identifier."
objects,obj83,"For every integer X from 1 through 14, truck truX and packages objX1, objX2, and objX3 are initially at posX, where X is replaced by the same decimal numeral in every identifier (so X = 10 yields tru10, obj101, obj102, obj103, and pos10).",deterministic_rule,true,covered,"The X=1–14 construction yields this exact package, truck, or position identifier."
objects,obj82,"For every integer X from 1 through 14, truck truX and packages objX1, objX2, and objX3 are initially at posX, where X is replaced by the same decimal numeral in every identifier (so X = 10 yields tru10, obj101, obj102, obj103, and pos10).",deterministic_rule,true,covered,"The X=1–14 construction yields this exact package, truck, or position identifier."
objects,obj81,"For every integer X from 1 through 14, truck truX and packages objX1, objX2, and objX3 are initially at posX, where X is replaced by the same decimal numeral in every identifier (so X = 10 yields tru10, obj101, obj102, obj103, and pos10).",deterministic_rule,true,covered,"The X=1–14 construction yields this exact package, truck, or position identifier."
objects,apt7,"For every integer X from 1 through 14, posX is a location in citX and aptX is an airport location in citX.",deterministic_rule,true,covered,The X=1–14 rule yields this exact city or airport identifier.
objects,pos7,"For every integer X from 1 through 14, truck truX and packages objX1, objX2, and objX3 are initially at posX, where X is replaced by the same decimal numeral in every identifier (so X = 10 yields tru10, obj101, obj102, obj103, and pos10).",deterministic_rule,true,covered,"The X=1–14 construction yields this exact package, truck, or position identifier."
objects,cit7,"For every integer X from 1 through 14, posX is a location in citX and aptX is an airport location in citX.",deterministic_rule,true,covered,The X=1–14 rule yields this exact city or airport identifier.
objects,tru7,"For every integer X from 1 through 14, truck truX and packages objX1, objX2, and objX3 are initially at posX, where X is replaced by the same decimal numeral in every identifier (so X = 10 yields tru10, obj101, obj102, obj103, and pos10).",deterministic_rule,true,covered,"The X=1–14 construction yields this exact package, truck, or position identifier."
objects,obj73,"For every integer X from 1 through 14, truck truX and packages objX1, objX2, and objX3 are initially at posX, where X is replaced by the same decimal numeral in every identifier (so X = 10 yields tru10, obj101, obj102, obj103, and pos10).",deterministic_rule,true,covered,"The X=1–14 construction yields this exact package, truck, or position identifier."
objects,obj72,"For every integer X from 1 through 14, truck truX and packages objX1, objX2, and objX3 are initially at posX, where X is replaced by the same decimal numeral in every identifier (so X = 10 yields tru10, obj101, obj102, obj103, and pos10).",deterministic_rule,true,covered,"The X=1–14 construction yields this exact package, truck, or position identifier."
objects,obj71,"For every integer X from 1 through 14, truck truX and packages objX1, objX2, and objX3 are initially at posX, where X is replaced by the same decimal numeral in every identifier (so X = 10 yields tru10, obj101, obj102, obj103, and pos10).",deterministic_rule,true,covered,"The X=1–14 construction yields this exact package, truck, or position identifier."
objects,apt6,"For every integer X from 1 through 14, posX is a location in citX and aptX is an airport location in citX.",deterministic_rule,true,covered,The X=1–14 rule yields this exact city or airport identifier.
objects,pos6,"For every integer X from 1 through 14, truck truX and packages objX1, objX2, and objX3 are initially at posX, where X is replaced by the same decimal numeral in every identifier (so X = 10 yields tru10, obj101, obj102, obj103, and pos10).",deterministic_rule,true,covered,"The X=1–14 construction yields this exact package, truck, or position identifier."
objects,cit6,"For every integer X from 1 through 14, posX is a location in citX and aptX is an airport location in citX.",deterministic_rule,true,covered,The X=1–14 rule yields this exact city or airport identifier.
objects,tru6,"For every integer X from 1 through 14, truck truX and packages objX1, objX2, and objX3 are initially at posX, where X is replaced by the same decimal numeral in every identifier (so X = 10 yields tru10, obj101, obj102, obj103, and pos10).",deterministic_rule,true,covered,"The X=1–14 construction yields this exact package, truck, or position identifier."
objects,obj63,"For every integer X from 1 through 14, truck truX and packages objX1, objX2, and objX3 are initially at posX, where X is replaced by the same decimal numeral in every identifier (so X = 10 yields tru10, obj101, obj102, obj103, and pos10).",deterministic_rule,true,covered,"The X=1–14 construction yields this exact package, truck, or position identifier."
objects,obj62,"For every integer X from 1 through 14, truck truX and packages objX1, objX2, and objX3 are initially at posX, where X is replaced by the same decimal numeral in every identifier (so X = 10 yields tru10, obj101, obj102, obj103, and pos10).",deterministic_rule,true,covered,"The X=1–14 construction yields this exact package, truck, or position identifier."
objects,obj61,"For every integer X from 1 through 14, truck truX and packages objX1, objX2, and objX3 are initially at posX, where X is replaced by the same decimal numeral in every identifier (so X = 10 yields tru10, obj101, obj102, obj103, and pos10).",deterministic_rule,true,covered,"The X=1–14 construction yields this exact package, truck, or position identifier."
objects,apn2,"Additionally, there are four airplanes: apn1 is currently at airport apt8, apn2 at apt9, apn3 at apt4, and apn4 at apt12.",direct,true,covered,The exact airplane identifier is named.
objects,apt5,"For every integer X from 1 through 14, posX is a location in citX and aptX is an airport location in citX.",deterministic_rule,true,covered,The X=1–14 rule yields this exact city or airport identifier.
objects,pos5,"For every integer X from 1 through 14, truck truX and packages objX1, objX2, and objX3 are initially at posX, where X is replaced by the same decimal numeral in every identifier (so X = 10 yields tru10, obj101, obj102, obj103, and pos10).",deterministic_rule,true,covered,"The X=1–14 construction yields this exact package, truck, or position identifier."
objects,cit5,"For every integer X from 1 through 14, posX is a location in citX and aptX is an airport location in citX.",deterministic_rule,true,covered,The X=1–14 rule yields this exact city or airport identifier.
objects,tru5,"For every integer X from 1 through 14, truck truX and packages objX1, objX2, and objX3 are initially at posX, where X is replaced by the same decimal numeral in every identifier (so X = 10 yields tru10, obj101, obj102, obj103, and pos10).",deterministic_rule,true,covered,"The X=1–14 construction yields this exact package, truck, or position identifier."
objects,obj53,"For every integer X from 1 through 14, truck truX and packages objX1, objX2, and objX3 are initially at posX, where X is replaced by the same decimal numeral in every identifier (so X = 10 yields tru10, obj101, obj102, obj103, and pos10).",deterministic_rule,true,covered,"The X=1–14 construction yields this exact package, truck, or position identifier."
objects,obj52,"For every integer X from 1 through 14, truck truX and packages objX1, objX2, and objX3 are initially at posX, where X is replaced by the same decimal numeral in every identifier (so X = 10 yields tru10, obj101, obj102, obj103, and pos10).",deterministic_rule,true,covered,"The X=1–14 construction yields this exact package, truck, or position identifier."
objects,obj51,"For every integer X from 1 through 14, truck truX and packages objX1, objX2, and objX3 are initially at posX, where X is replaced by the same decimal numeral in every identifier (so X = 10 yields tru10, obj101, obj102, obj103, and pos10).",deterministic_rule,true,covered,"The X=1–14 construction yields this exact package, truck, or position identifier."
objects,apt4,"For every integer X from 1 through 14, posX is a location in citX and aptX is an airport location in citX.",deterministic_rule,true,covered,The X=1–14 rule yields this exact city or airport identifier.
objects,pos4,"For every integer X from 1 through 14, truck truX and packages objX1, objX2, and objX3 are initially at posX, where X is replaced by the same decimal numeral in every identifier (so X = 10 yields tru10, obj101, obj102, obj103, and pos10).",deterministic_rule,true,covered,"The X=1–14 construction yields this exact package, truck, or position identifier."
objects,cit4,"For every integer X from 1 through 14, posX is a location in citX and aptX is an airport location in citX.",deterministic_rule,true,covered,The X=1–14 rule yields this exact city or airport identifier.
objects,tru4,"For every integer X from 1 through 14, truck truX and packages objX1, objX2, and objX3 are initially at posX, where X is replaced by the same decimal numeral in every identifier (so X = 10 yields tru10, obj101, obj102, obj103, and pos10).",deterministic_rule,true,covered,"The X=1–14 construction yields this exact package, truck, or position identifier."
objects,obj43,"For every integer X from 1 through 14, truck truX and packages objX1, objX2, and objX3 are initially at posX, where X is replaced by the same decimal numeral in every identifier (so X = 10 yields tru10, obj101, obj102, obj103, and pos10).",deterministic_rule,true,covered,"The X=1–14 construction yields this exact package, truck, or position identifier."
objects,obj42,"For every integer X from 1 through 14, truck truX and packages objX1, objX2, and objX3 are initially at posX, where X is replaced by the same decimal numeral in every identifier (so X = 10 yields tru10, obj101, obj102, obj103, and pos10).",deterministic_rule,true,covered,"The X=1–14 construction yields this exact package, truck, or position identifier."
objects,obj41,"For every integer X from 1 through 14, truck truX and packages objX1, objX2, and objX3 are initially at posX, where X is replaced by the same decimal numeral in every identifier (so X = 10 yields tru10, obj101, obj102, obj103, and pos10).",deterministic_rule,true,covered,"The X=1–14 construction yields this exact package, truck, or position identifier."
objects,apt3,"For every integer X from 1 through 14, posX is a location in citX and aptX is an airport location in citX.",deterministic_rule,true,covered,The X=1–14 rule yields this exact city or airport identifier.
objects,pos3,"For every integer X from 1 through 14, truck truX and packages objX1, objX2, and objX3 are initially at posX, where X is replaced by the same decimal numeral in every identifier (so X = 10 yields tru10, obj101, obj102, obj103, and pos10).",deterministic_rule,true,covered,"The X=1–14 construction yields this exact package, truck, or position identifier."
objects,cit3,"For every integer X from 1 through 14, posX is a location in citX and aptX is an airport location in citX.",deterministic_rule,true,covered,The X=1–14 rule yields this exact city or airport identifier.
objects,tru3,"For every integer X from 1 through 14, truck truX and packages objX1, objX2, and objX3 are initially at posX, where X is replaced by the same decimal numeral in every identifier (so X = 10 yields tru10, obj101, obj102, obj103, and pos10).",deterministic_rule,true,covered,"The X=1–14 construction yields this exact package, truck, or position identifier."
objects,obj33,"For every integer X from 1 through 14, truck truX and packages objX1, objX2, and objX3 are initially at posX, where X is replaced by the same decimal numeral in every identifier (so X = 10 yields tru10, obj101, obj102, obj103, and pos10).",deterministic_rule,true,covered,"The X=1–14 construction yields this exact package, truck, or position identifier."
objects,obj32,"For every integer X from 1 through 14, truck truX and packages objX1, objX2, and objX3 are initially at posX, where X is replaced by the same decimal numeral in every identifier (so X = 10 yields tru10, obj101, obj102, obj103, and pos10).",deterministic_rule,true,covered,"The X=1–14 construction yields this exact package, truck, or position identifier."
objects,obj31,"For every integer X from 1 through 14, truck truX and packages objX1, objX2, and objX3 are initially at posX, where X is replaced by the same decimal numeral in every identifier (so X = 10 yields tru10, obj101, obj102, obj103, and pos10).",deterministic_rule,true,covered,"The X=1–14 construction yields this exact package, truck, or position identifier."
objects,apt2,"For every integer X from 1 through 14, posX is a location in citX and aptX is an airport location in citX.",deterministic_rule,true,covered,The X=1–14 rule yields this exact city or airport identifier.
objects,pos2,"For every integer X from 1 through 14, truck truX and packages objX1, objX2, and objX3 are initially at posX, where X is replaced by the same decimal numeral in every identifier (so X = 10 yields tru10, obj101, obj102, obj103, and pos10).",deterministic_rule,true,covered,"The X=1–14 construction yields this exact package, truck, or position identifier."
objects,cit2,"For every integer X from 1 through 14, posX is a location in citX and aptX is an airport location in citX.",deterministic_rule,true,covered,The X=1–14 rule yields this exact city or airport identifier.
objects,tru2,"For every integer X from 1 through 14, truck truX and packages objX1, objX2, and objX3 are initially at posX, where X is replaced by the same decimal numeral in every identifier (so X = 10 yields tru10, obj101, obj102, obj103, and pos10).",deterministic_rule,true,covered,"The X=1–14 construction yields this exact package, truck, or position identifier."
objects,obj23,"For every integer X from 1 through 14, truck truX and packages objX1, objX2, and objX3 are initially at posX, where X is replaced by the same decimal numeral in every identifier (so X = 10 yields tru10, obj101, obj102, obj103, and pos10).",deterministic_rule,true,covered,"The X=1–14 construction yields this exact package, truck, or position identifier."
objects,obj22,"For every integer X from 1 through 14, truck truX and packages objX1, objX2, and objX3 are initially at posX, where X is replaced by the same decimal numeral in every identifier (so X = 10 yields tru10, obj101, obj102, obj103, and pos10).",deterministic_rule,true,covered,"The X=1–14 construction yields this exact package, truck, or position identifier."
objects,obj21,"For every integer X from 1 through 14, truck truX and packages objX1, objX2, and objX3 are initially at posX, where X is replaced by the same decimal numeral in every identifier (so X = 10 yields tru10, obj101, obj102, obj103, and pos10).",deterministic_rule,true,covered,"The X=1–14 construction yields this exact package, truck, or position identifier."
objects,apn1,"Additionally, there are four airplanes: apn1 is currently at airport apt8, apn2 at apt9, apn3 at apt4, and apn4 at apt12.",direct,true,covered,The exact airplane identifier is named.
objects,apt1,"For every integer X from 1 through 14, posX is a location in citX and aptX is an airport location in citX.",deterministic_rule,true,covered,The X=1–14 rule yields this exact city or airport identifier.
objects,pos1,"For every integer X from 1 through 14, truck truX and packages objX1, objX2, and objX3 are initially at posX, where X is replaced by the same decimal numeral in every identifier (so X = 10 yields tru10, obj101, obj102, obj103, and pos10).",deterministic_rule,true,covered,"The X=1–14 construction yields this exact package, truck, or position identifier."
objects,cit1,"For every integer X from 1 through 14, posX is a location in citX and aptX is an airport location in citX.",deterministic_rule,true,covered,The X=1–14 rule yields this exact city or airport identifier.
objects,tru1,"For every integer X from 1 through 14, truck truX and packages objX1, objX2, and objX3 are initially at posX, where X is replaced by the same decimal numeral in every identifier (so X = 10 yields tru10, obj101, obj102, obj103, and pos10).",deterministic_rule,true,covered,"The X=1–14 construction yields this exact package, truck, or position identifier."
objects,obj13,"For every integer X from 1 through 14, truck truX and packages objX1, objX2, and objX3 are initially at posX, where X is replaced by the same decimal numeral in every identifier (so X = 10 yields tru10, obj101, obj102, obj103, and pos10).",deterministic_rule,true,covered,"The X=1–14 construction yields this exact package, truck, or position identifier."
objects,obj12,"For every integer X from 1 through 14, truck truX and packages objX1, objX2, and objX3 are initially at posX, where X is replaced by the same decimal numeral in every identifier (so X = 10 yields tru10, obj101, obj102, obj103, and pos10).",deterministic_rule,true,covered,"The X=1–14 construction yields this exact package, truck, or position identifier."
objects,obj11,"For every integer X from 1 through 14, truck truX and packages objX1, objX2, and objX3 are initially at posX, where X is replaced by the same decimal numeral in every identifier (so X = 10 yields tru10, obj101, obj102, obj103, and pos10).",deterministic_rule,true,covered,"The X=1–14 construction yields this exact package, truck, or position identifier."
init,(package obj11),"For every integer X from 1 through 14, truck truX and packages objX1, objX2, and objX3 are initially at posX, where X is replaced by the same decimal numeral in every identifier (so X = 10 yields tru10, obj101, obj102, obj103, and pos10).",deterministic_rule,true,covered,The construction identifies exactly 42 packages and 14 trucks.
init,(package obj12),"For every integer X from 1 through 14, truck truX and packages objX1, objX2, and objX3 are initially at posX, where X is replaced by the same decimal numeral in every identifier (so X = 10 yields tru10, obj101, obj102, obj103, and pos10).",deterministic_rule,true,covered,The construction identifies exactly 42 packages and 14 trucks.
init,(package obj13),"For every integer X from 1 through 14, truck truX and packages objX1, objX2, and objX3 are initially at posX, where X is replaced by the same decimal numeral in every identifier (so X = 10 yields tru10, obj101, obj102, obj103, and pos10).",deterministic_rule,true,covered,The construction identifies exactly 42 packages and 14 trucks.
init,(package obj21),"For every integer X from 1 through 14, truck truX and packages objX1, objX2, and objX3 are initially at posX, where X is replaced by the same decimal numeral in every identifier (so X = 10 yields tru10, obj101, obj102, obj103, and pos10).",deterministic_rule,true,covered,The construction identifies exactly 42 packages and 14 trucks.
init,(package obj22),"For every integer X from 1 through 14, truck truX and packages objX1, objX2, and objX3 are initially at posX, where X is replaced by the same decimal numeral in every identifier (so X = 10 yields tru10, obj101, obj102, obj103, and pos10).",deterministic_rule,true,covered,The construction identifies exactly 42 packages and 14 trucks.
init,(package obj23),"For every integer X from 1 through 14, truck truX and packages objX1, objX2, and objX3 are initially at posX, where X is replaced by the same decimal numeral in every identifier (so X = 10 yields tru10, obj101, obj102, obj103, and pos10).",deterministic_rule,true,covered,The construction identifies exactly 42 packages and 14 trucks.
init,(package obj31),"For every integer X from 1 through 14, truck truX and packages objX1, objX2, and objX3 are initially at posX, where X is replaced by the same decimal numeral in every identifier (so X = 10 yields tru10, obj101, obj102, obj103, and pos10).",deterministic_rule,true,covered,The construction identifies exactly 42 packages and 14 trucks.
init,(package obj32),"For every integer X from 1 through 14, truck truX and packages objX1, objX2, and objX3 are initially at posX, where X is replaced by the same decimal numeral in every identifier (so X = 10 yields tru10, obj101, obj102, obj103, and pos10).",deterministic_rule,true,covered,The construction identifies exactly 42 packages and 14 trucks.
init,(package obj33),"For every integer X from 1 through 14, truck truX and packages objX1, objX2, and objX3 are initially at posX, where X is replaced by the same decimal numeral in every identifier (so X = 10 yields tru10, obj101, obj102, obj103, and pos10).",deterministic_rule,true,covered,The construction identifies exactly 42 packages and 14 trucks.
init,(package obj41),"For every integer X from 1 through 14, truck truX and packages objX1, objX2, and objX3 are initially at posX, where X is replaced by the same decimal numeral in every identifier (so X = 10 yields tru10, obj101, obj102, obj103, and pos10).",deterministic_rule,true,covered,The construction identifies exactly 42 packages and 14 trucks.
init,(package obj42),"For every integer X from 1 through 14, truck truX and packages objX1, objX2, and objX3 are initially at posX, where X is replaced by the same decimal numeral in every identifier (so X = 10 yields tru10, obj101, obj102, obj103, and pos10).",deterministic_rule,true,covered,The construction identifies exactly 42 packages and 14 trucks.
init,(package obj43),"For every integer X from 1 through 14, truck truX and packages objX1, objX2, and objX3 are initially at posX, where X is replaced by the same decimal numeral in every identifier (so X = 10 yields tru10, obj101, obj102, obj103, and pos10).",deterministic_rule,true,covered,The construction identifies exactly 42 packages and 14 trucks.
init,(package obj51),"For every integer X from 1 through 14, truck truX and packages objX1, objX2, and objX3 are initially at posX, where X is replaced by the same decimal numeral in every identifier (so X = 10 yields tru10, obj101, obj102, obj103, and pos10).",deterministic_rule,true,covered,The construction identifies exactly 42 packages and 14 trucks.
init,(package obj52),"For every integer X from 1 through 14, truck truX and packages objX1, objX2, and objX3 are initially at posX, where X is replaced by the same decimal numeral in every identifier (so X = 10 yields tru10, obj101, obj102, obj103, and pos10).",deterministic_rule,true,covered,The construction identifies exactly 42 packages and 14 trucks.
init,(package obj53),"For every integer X from 1 through 14, truck truX and packages objX1, objX2, and objX3 are initially at posX, where X is replaced by the same decimal numeral in every identifier (so X = 10 yields tru10, obj101, obj102, obj103, and pos10).",deterministic_rule,true,covered,The construction identifies exactly 42 packages and 14 trucks.
init,(package obj61),"For every integer X from 1 through 14, truck truX and packages objX1, objX2, and objX3 are initially at posX, where X is replaced by the same decimal numeral in every identifier (so X = 10 yields tru10, obj101, obj102, obj103, and pos10).",deterministic_rule,true,covered,The construction identifies exactly 42 packages and 14 trucks.
init,(package obj62),"For every integer X from 1 through 14, truck truX and packages objX1, objX2, and objX3 are initially at posX, where X is replaced by the same decimal numeral in every identifier (so X = 10 yields tru10, obj101, obj102, obj103, and pos10).",deterministic_rule,true,covered,The construction identifies exactly 42 packages and 14 trucks.
init,(package obj63),"For every integer X from 1 through 14, truck truX and packages objX1, objX2, and objX3 are initially at posX, where X is replaced by the same decimal numeral in every identifier (so X = 10 yields tru10, obj101, obj102, obj103, and pos10).",deterministic_rule,true,covered,The construction identifies exactly 42 packages and 14 trucks.
init,(package obj71),"For every integer X from 1 through 14, truck truX and packages objX1, objX2, and objX3 are initially at posX, where X is replaced by the same decimal numeral in every identifier (so X = 10 yields tru10, obj101, obj102, obj103, and pos10).",deterministic_rule,true,covered,The construction identifies exactly 42 packages and 14 trucks.
init,(package obj72),"For every integer X from 1 through 14, truck truX and packages objX1, objX2, and objX3 are initially at posX, where X is replaced by the same decimal numeral in every identifier (so X = 10 yields tru10, obj101, obj102, obj103, and pos10).",deterministic_rule,true,covered,The construction identifies exactly 42 packages and 14 trucks.
init,(package obj73),"For every integer X from 1 through 14, truck truX and packages objX1, objX2, and objX3 are initially at posX, where X is replaced by the same decimal numeral in every identifier (so X = 10 yields tru10, obj101, obj102, obj103, and pos10).",deterministic_rule,true,covered,The construction identifies exactly 42 packages and 14 trucks.
init,(package obj81),"For every integer X from 1 through 14, truck truX and packages objX1, objX2, and objX3 are initially at posX, where X is replaced by the same decimal numeral in every identifier (so X = 10 yields tru10, obj101, obj102, obj103, and pos10).",deterministic_rule,true,covered,The construction identifies exactly 42 packages and 14 trucks.
init,(package obj82),"For every integer X from 1 through 14, truck truX and packages objX1, objX2, and objX3 are initially at posX, where X is replaced by the same decimal numeral in every identifier (so X = 10 yields tru10, obj101, obj102, obj103, and pos10).",deterministic_rule,true,covered,The construction identifies exactly 42 packages and 14 trucks.
init,(package obj83),"For every integer X from 1 through 14, truck truX and packages objX1, objX2, and objX3 are initially at posX, where X is replaced by the same decimal numeral in every identifier (so X = 10 yields tru10, obj101, obj102, obj103, and pos10).",deterministic_rule,true,covered,The construction identifies exactly 42 packages and 14 trucks.
init,(package obj91),"For every integer X from 1 through 14, truck truX and packages objX1, objX2, and objX3 are initially at posX, where X is replaced by the same decimal numeral in every identifier (so X = 10 yields tru10, obj101, obj102, obj103, and pos10).",deterministic_rule,true,covered,The construction identifies exactly 42 packages and 14 trucks.
init,(package obj92),"For every integer X from 1 through 14, truck truX and packages objX1, objX2, and objX3 are initially at posX, where X is replaced by the same decimal numeral in every identifier (so X = 10 yields tru10, obj101, obj102, obj103, and pos10).",deterministic_rule,true,covered,The construction identifies exactly 42 packages and 14 trucks.
init,(package obj93),"For every integer X from 1 through 14, truck truX and packages objX1, objX2, and objX3 are initially at posX, where X is replaced by the same decimal numeral in every identifier (so X = 10 yields tru10, obj101, obj102, obj103, and pos10).",deterministic_rule,true,covered,The construction identifies exactly 42 packages and 14 trucks.
init,(package obj101),"For every integer X from 1 through 14, truck truX and packages objX1, objX2, and objX3 are initially at posX, where X is replaced by the same decimal numeral in every identifier (so X = 10 yields tru10, obj101, obj102, obj103, and pos10).",deterministic_rule,true,covered,The construction identifies exactly 42 packages and 14 trucks.
init,(package obj102),"For every integer X from 1 through 14, truck truX and packages objX1, objX2, and objX3 are initially at posX, where X is replaced by the same decimal numeral in every identifier (so X = 10 yields tru10, obj101, obj102, obj103, and pos10).",deterministic_rule,true,covered,The construction identifies exactly 42 packages and 14 trucks.
init,(package obj103),"For every integer X from 1 through 14, truck truX and packages objX1, objX2, and objX3 are initially at posX, where X is replaced by the same decimal numeral in every identifier (so X = 10 yields tru10, obj101, obj102, obj103, and pos10).",deterministic_rule,true,covered,The construction identifies exactly 42 packages and 14 trucks.
init,(package obj111),"For every integer X from 1 through 14, truck truX and packages objX1, objX2, and objX3 are initially at posX, where X is replaced by the same decimal numeral in every identifier (so X = 10 yields tru10, obj101, obj102, obj103, and pos10).",deterministic_rule,true,covered,The construction identifies exactly 42 packages and 14 trucks.
init,(package obj112),"For every integer X from 1 through 14, truck truX and packages objX1, objX2, and objX3 are initially at posX, where X is replaced by the same decimal numeral in every identifier (so X = 10 yields tru10, obj101, obj102, obj103, and pos10).",deterministic_rule,true,covered,The construction identifies exactly 42 packages and 14 trucks.
init,(package obj113),"For every integer X from 1 through 14, truck truX and packages objX1, objX2, and objX3 are initially at posX, where X is replaced by the same decimal numeral in every identifier (so X = 10 yields tru10, obj101, obj102, obj103, and pos10).",deterministic_rule,true,covered,The construction identifies exactly 42 packages and 14 trucks.
init,(package obj121),"For every integer X from 1 through 14, truck truX and packages objX1, objX2, and objX3 are initially at posX, where X is replaced by the same decimal numeral in every identifier (so X = 10 yields tru10, obj101, obj102, obj103, and pos10).",deterministic_rule,true,covered,The construction identifies exactly 42 packages and 14 trucks.
init,(package obj122),"For every integer X from 1 through 14, truck truX and packages objX1, objX2, and objX3 are initially at posX, where X is replaced by the same decimal numeral in every identifier (so X = 10 yields tru10, obj101, obj102, obj103, and pos10).",deterministic_rule,true,covered,The construction identifies exactly 42 packages and 14 trucks.
init,(package obj123),"For every integer X from 1 through 14, truck truX and packages objX1, objX2, and objX3 are initially at posX, where X is replaced by the same decimal numeral in every identifier (so X = 10 yields tru10, obj101, obj102, obj103, and pos10).",deterministic_rule,true,covered,The construction identifies exactly 42 packages and 14 trucks.
init,(package obj131),"For every integer X from 1 through 14, truck truX and packages objX1, objX2, and objX3 are initially at posX, where X is replaced by the same decimal numeral in every identifier (so X = 10 yields tru10, obj101, obj102, obj103, and pos10).",deterministic_rule,true,covered,The construction identifies exactly 42 packages and 14 trucks.
init,(package obj132),"For every integer X from 1 through 14, truck truX and packages objX1, objX2, and objX3 are initially at posX, where X is replaced by the same decimal numeral in every identifier (so X = 10 yields tru10, obj101, obj102, obj103, and pos10).",deterministic_rule,true,covered,The construction identifies exactly 42 packages and 14 trucks.
init,(package obj133),"For every integer X from 1 through 14, truck truX and packages objX1, objX2, and objX3 are initially at posX, where X is replaced by the same decimal numeral in every identifier (so X = 10 yields tru10, obj101, obj102, obj103, and pos10).",deterministic_rule,true,covered,The construction identifies exactly 42 packages and 14 trucks.
init,(package obj141),"For every integer X from 1 through 14, truck truX and packages objX1, objX2, and objX3 are initially at posX, where X is replaced by the same decimal numeral in every identifier (so X = 10 yields tru10, obj101, obj102, obj103, and pos10).",deterministic_rule,true,covered,The construction identifies exactly 42 packages and 14 trucks.
init,(package obj142),"For every integer X from 1 through 14, truck truX and packages objX1, objX2, and objX3 are initially at posX, where X is replaced by the same decimal numeral in every identifier (so X = 10 yields tru10, obj101, obj102, obj103, and pos10).",deterministic_rule,true,covered,The construction identifies exactly 42 packages and 14 trucks.
init,(package obj143),"For every integer X from 1 through 14, truck truX and packages objX1, objX2, and objX3 are initially at posX, where X is replaced by the same decimal numeral in every identifier (so X = 10 yields tru10, obj101, obj102, obj103, and pos10).",deterministic_rule,true,covered,The construction identifies exactly 42 packages and 14 trucks.
init,(truck tru1),"For every integer X from 1 through 14, truck truX and packages objX1, objX2, and objX3 are initially at posX, where X is replaced by the same decimal numeral in every identifier (so X = 10 yields tru10, obj101, obj102, obj103, and pos10).",deterministic_rule,true,covered,The construction identifies exactly 42 packages and 14 trucks.
init,(truck tru2),"For every integer X from 1 through 14, truck truX and packages objX1, objX2, and objX3 are initially at posX, where X is replaced by the same decimal numeral in every identifier (so X = 10 yields tru10, obj101, obj102, obj103, and pos10).",deterministic_rule,true,covered,The construction identifies exactly 42 packages and 14 trucks.
init,(truck tru3),"For every integer X from 1 through 14, truck truX and packages objX1, objX2, and objX3 are initially at posX, where X is replaced by the same decimal numeral in every identifier (so X = 10 yields tru10, obj101, obj102, obj103, and pos10).",deterministic_rule,true,covered,The construction identifies exactly 42 packages and 14 trucks.
init,(truck tru4),"For every integer X from 1 through 14, truck truX and packages objX1, objX2, and objX3 are initially at posX, where X is replaced by the same decimal numeral in every identifier (so X = 10 yields tru10, obj101, obj102, obj103, and pos10).",deterministic_rule,true,covered,The construction identifies exactly 42 packages and 14 trucks.
init,(truck tru5),"For every integer X from 1 through 14, truck truX and packages objX1, objX2, and objX3 are initially at posX, where X is replaced by the same decimal numeral in every identifier (so X = 10 yields tru10, obj101, obj102, obj103, and pos10).",deterministic_rule,true,covered,The construction identifies exactly 42 packages and 14 trucks.
init,(truck tru6),"For every integer X from 1 through 14, truck truX and packages objX1, objX2, and objX3 are initially at posX, where X is replaced by the same decimal numeral in every identifier (so X = 10 yields tru10, obj101, obj102, obj103, and pos10).",deterministic_rule,true,covered,The construction identifies exactly 42 packages and 14 trucks.
init,(truck tru7),"For every integer X from 1 through 14, truck truX and packages objX1, objX2, and objX3 are initially at posX, where X is replaced by the same decimal numeral in every identifier (so X = 10 yields tru10, obj101, obj102, obj103, and pos10).",deterministic_rule,true,covered,The construction identifies exactly 42 packages and 14 trucks.
init,(truck tru8),"For every integer X from 1 through 14, truck truX and packages objX1, objX2, and objX3 are initially at posX, where X is replaced by the same decimal numeral in every identifier (so X = 10 yields tru10, obj101, obj102, obj103, and pos10).",deterministic_rule,true,covered,The construction identifies exactly 42 packages and 14 trucks.
init,(truck tru9),"For every integer X from 1 through 14, truck truX and packages objX1, objX2, and objX3 are initially at posX, where X is replaced by the same decimal numeral in every identifier (so X = 10 yields tru10, obj101, obj102, obj103, and pos10).",deterministic_rule,true,covered,The construction identifies exactly 42 packages and 14 trucks.
init,(truck tru10),"For every integer X from 1 through 14, truck truX and packages objX1, objX2, and objX3 are initially at posX, where X is replaced by the same decimal numeral in every identifier (so X = 10 yields tru10, obj101, obj102, obj103, and pos10).",deterministic_rule,true,covered,The construction identifies exactly 42 packages and 14 trucks.
init,(truck tru11),"For every integer X from 1 through 14, truck truX and packages objX1, objX2, and objX3 are initially at posX, where X is replaced by the same decimal numeral in every identifier (so X = 10 yields tru10, obj101, obj102, obj103, and pos10).",deterministic_rule,true,covered,The construction identifies exactly 42 packages and 14 trucks.
init,(truck tru12),"For every integer X from 1 through 14, truck truX and packages objX1, objX2, and objX3 are initially at posX, where X is replaced by the same decimal numeral in every identifier (so X = 10 yields tru10, obj101, obj102, obj103, and pos10).",deterministic_rule,true,covered,The construction identifies exactly 42 packages and 14 trucks.
init,(truck tru13),"For every integer X from 1 through 14, truck truX and packages objX1, objX2, and objX3 are initially at posX, where X is replaced by the same decimal numeral in every identifier (so X = 10 yields tru10, obj101, obj102, obj103, and pos10).",deterministic_rule,true,covered,The construction identifies exactly 42 packages and 14 trucks.
init,(truck tru14),"For every integer X from 1 through 14, truck truX and packages objX1, objX2, and objX3 are initially at posX, where X is replaced by the same decimal numeral in every identifier (so X = 10 yields tru10, obj101, obj102, obj103, and pos10).",deterministic_rule,true,covered,The construction identifies exactly 42 packages and 14 trucks.
init,(city cit1),"For every integer X from 1 through 14, posX is a location in citX and aptX is an airport location in citX.",deterministic_rule,true,covered,The bounded rule yields exactly this city/location/airport type atom.
init,(city cit2),"For every integer X from 1 through 14, posX is a location in citX and aptX is an airport location in citX.",deterministic_rule,true,covered,The bounded rule yields exactly this city/location/airport type atom.
init,(city cit3),"For every integer X from 1 through 14, posX is a location in citX and aptX is an airport location in citX.",deterministic_rule,true,covered,The bounded rule yields exactly this city/location/airport type atom.
init,(city cit4),"For every integer X from 1 through 14, posX is a location in citX and aptX is an airport location in citX.",deterministic_rule,true,covered,The bounded rule yields exactly this city/location/airport type atom.
init,(city cit5),"For every integer X from 1 through 14, posX is a location in citX and aptX is an airport location in citX.",deterministic_rule,true,covered,The bounded rule yields exactly this city/location/airport type atom.
init,(city cit6),"For every integer X from 1 through 14, posX is a location in citX and aptX is an airport location in citX.",deterministic_rule,true,covered,The bounded rule yields exactly this city/location/airport type atom.
init,(city cit7),"For every integer X from 1 through 14, posX is a location in citX and aptX is an airport location in citX.",deterministic_rule,true,covered,The bounded rule yields exactly this city/location/airport type atom.
init,(city cit8),"For every integer X from 1 through 14, posX is a location in citX and aptX is an airport location in citX.",deterministic_rule,true,covered,The bounded rule yields exactly this city/location/airport type atom.
init,(city cit9),"For every integer X from 1 through 14, posX is a location in citX and aptX is an airport location in citX.",deterministic_rule,true,covered,The bounded rule yields exactly this city/location/airport type atom.
init,(city cit10),"For every integer X from 1 through 14, posX is a location in citX and aptX is an airport location in citX.",deterministic_rule,true,covered,The bounded rule yields exactly this city/location/airport type atom.
init,(city cit11),"For every integer X from 1 through 14, posX is a location in citX and aptX is an airport location in citX.",deterministic_rule,true,covered,The bounded rule yields exactly this city/location/airport type atom.
init,(city cit12),"For every integer X from 1 through 14, posX is a location in citX and aptX is an airport location in citX.",deterministic_rule,true,covered,The bounded rule yields exactly this city/location/airport type atom.
init,(city cit13),"For every integer X from 1 through 14, posX is a location in citX and aptX is an airport location in citX.",deterministic_rule,true,covered,The bounded rule yields exactly this city/location/airport type atom.
init,(city cit14),"For every integer X from 1 through 14, posX is a location in citX and aptX is an airport location in citX.",deterministic_rule,true,covered,The bounded rule yields exactly this city/location/airport type atom.
init,(location pos1),"For every integer X from 1 through 14, posX is a location in citX and aptX is an airport location in citX.",deterministic_rule,true,covered,The bounded rule yields exactly this city/location/airport type atom.
init,(location apt1),"For every integer X from 1 through 14, posX is a location in citX and aptX is an airport location in citX.",deterministic_rule,true,covered,The bounded rule yields exactly this city/location/airport type atom.
init,(location pos2),"For every integer X from 1 through 14, posX is a location in citX and aptX is an airport location in citX.",deterministic_rule,true,covered,The bounded rule yields exactly this city/location/airport type atom.
init,(location apt2),"For every integer X from 1 through 14, posX is a location in citX and aptX is an airport location in citX.",deterministic_rule,true,covered,The bounded rule yields exactly this city/location/airport type atom.
init,(location pos3),"For every integer X from 1 through 14, posX is a location in citX and aptX is an airport location in citX.",deterministic_rule,true,covered,The bounded rule yields exactly this city/location/airport type atom.
init,(location apt3),"For every integer X from 1 through 14, posX is a location in citX and aptX is an airport location in citX.",deterministic_rule,true,covered,The bounded rule yields exactly this city/location/airport type atom.
init,(location pos4),"For every integer X from 1 through 14, posX is a location in citX and aptX is an airport location in citX.",deterministic_rule,true,covered,The bounded rule yields exactly this city/location/airport type atom.
init,(location apt4),"For every integer X from 1 through 14, posX is a location in citX and aptX is an airport location in citX.",deterministic_rule,true,covered,The bounded rule yields exactly this city/location/airport type atom.
init,(location pos5),"For every integer X from 1 through 14, posX is a location in citX and aptX is an airport location in citX.",deterministic_rule,true,covered,The bounded rule yields exactly this city/location/airport type atom.
init,(location apt5),"For every integer X from 1 through 14, posX is a location in citX and aptX is an airport location in citX.",deterministic_rule,true,covered,The bounded rule yields exactly this city/location/airport type atom.
init,(location pos6),"For every integer X from 1 through 14, posX is a location in citX and aptX is an airport location in citX.",deterministic_rule,true,covered,The bounded rule yields exactly this city/location/airport type atom.
init,(location apt6),"For every integer X from 1 through 14, posX is a location in citX and aptX is an airport location in citX.",deterministic_rule,true,covered,The bounded rule yields exactly this city/location/airport type atom.
init,(location pos7),"For every integer X from 1 through 14, posX is a location in citX and aptX is an airport location in citX.",deterministic_rule,true,covered,The bounded rule yields exactly this city/location/airport type atom.
init,(location apt7),"For every integer X from 1 through 14, posX is a location in citX and aptX is an airport location in citX.",deterministic_rule,true,covered,The bounded rule yields exactly this city/location/airport type atom.
init,(location pos8),"For every integer X from 1 through 14, posX is a location in citX and aptX is an airport location in citX.",deterministic_rule,true,covered,The bounded rule yields exactly this city/location/airport type atom.
init,(location apt8),"For every integer X from 1 through 14, posX is a location in citX and aptX is an airport location in citX.",deterministic_rule,true,covered,The bounded rule yields exactly this city/location/airport type atom.
init,(location pos9),"For every integer X from 1 through 14, posX is a location in citX and aptX is an airport location in citX.",deterministic_rule,true,covered,The bounded rule yields exactly this city/location/airport type atom.
init,(location apt9),"For every integer X from 1 through 14, posX is a location in citX and aptX is an airport location in citX.",deterministic_rule,true,covered,The bounded rule yields exactly this city/location/airport type atom.
init,(location pos10),"For every integer X from 1 through 14, posX is a location in citX and aptX is an airport location in citX.",deterministic_rule,true,covered,The bounded rule yields exactly this city/location/airport type atom.
init,(location apt10),"For every integer X from 1 through 14, posX is a location in citX and aptX is an airport location in citX.",deterministic_rule,true,covered,The bounded rule yields exactly this city/location/airport type atom.
init,(location pos11),"For every integer X from 1 through 14, posX is a location in citX and aptX is an airport location in citX.",deterministic_rule,true,covered,The bounded rule yields exactly this city/location/airport type atom.
init,(location apt11),"For every integer X from 1 through 14, posX is a location in citX and aptX is an airport location in citX.",deterministic_rule,true,covered,The bounded rule yields exactly this city/location/airport type atom.
init,(location pos12),"For every integer X from 1 through 14, posX is a location in citX and aptX is an airport location in citX.",deterministic_rule,true,covered,The bounded rule yields exactly this city/location/airport type atom.
init,(location apt12),"For every integer X from 1 through 14, posX is a location in citX and aptX is an airport location in citX.",deterministic_rule,true,covered,The bounded rule yields exactly this city/location/airport type atom.
init,(location pos13),"For every integer X from 1 through 14, posX is a location in citX and aptX is an airport location in citX.",deterministic_rule,true,covered,The bounded rule yields exactly this city/location/airport type atom.
init,(location apt13),"For every integer X from 1 through 14, posX is a location in citX and aptX is an airport location in citX.",deterministic_rule,true,covered,The bounded rule yields exactly this city/location/airport type atom.
init,(location pos14),"For every integer X from 1 through 14, posX is a location in citX and aptX is an airport location in citX.",deterministic_rule,true,covered,The bounded rule yields exactly this city/location/airport type atom.
init,(location apt14),"For every integer X from 1 through 14, posX is a location in citX and aptX is an airport location in citX.",deterministic_rule,true,covered,The bounded rule yields exactly this city/location/airport type atom.
init,(airport apt1),"For every integer X from 1 through 14, posX is a location in citX and aptX is an airport location in citX.",deterministic_rule,true,covered,The bounded rule yields exactly this city/location/airport type atom.
init,(airport apt2),"For every integer X from 1 through 14, posX is a location in citX and aptX is an airport location in citX.",deterministic_rule,true,covered,The bounded rule yields exactly this city/location/airport type atom.
init,(airport apt3),"For every integer X from 1 through 14, posX is a location in citX and aptX is an airport location in citX.",deterministic_rule,true,covered,The bounded rule yields exactly this city/location/airport type atom.
init,(airport apt4),"For every integer X from 1 through 14, posX is a location in citX and aptX is an airport location in citX.",deterministic_rule,true,covered,The bounded rule yields exactly this city/location/airport type atom.
init,(airport apt5),"For every integer X from 1 through 14, posX is a location in citX and aptX is an airport location in citX.",deterministic_rule,true,covered,The bounded rule yields exactly this city/location/airport type atom.
init,(airport apt6),"For every integer X from 1 through 14, posX is a location in citX and aptX is an airport location in citX.",deterministic_rule,true,covered,The bounded rule yields exactly this city/location/airport type atom.
init,(airport apt7),"For every integer X from 1 through 14, posX is a location in citX and aptX is an airport location in citX.",deterministic_rule,true,covered,The bounded rule yields exactly this city/location/airport type atom.
init,(airport apt8),"For every integer X from 1 through 14, posX is a location in citX and aptX is an airport location in citX.",deterministic_rule,true,covered,The bounded rule yields exactly this city/location/airport type atom.
init,(airport apt9),"For every integer X from 1 through 14, posX is a location in citX and aptX is an airport location in citX.",deterministic_rule,true,covered,The bounded rule yields exactly this city/location/airport type atom.
init,(airport apt10),"For every integer X from 1 through 14, posX is a location in citX and aptX is an airport location in citX.",deterministic_rule,true,covered,The bounded rule yields exactly this city/location/airport type atom.
init,(airport apt11),"For every integer X from 1 through 14, posX is a location in citX and aptX is an airport location in citX.",deterministic_rule,true,covered,The bounded rule yields exactly this city/location/airport type atom.
init,(airport apt12),"For every integer X from 1 through 14, posX is a location in citX and aptX is an airport location in citX.",deterministic_rule,true,covered,The bounded rule yields exactly this city/location/airport type atom.
init,(airport apt13),"For every integer X from 1 through 14, posX is a location in citX and aptX is an airport location in citX.",deterministic_rule,true,covered,The bounded rule yields exactly this city/location/airport type atom.
init,(airport apt14),"For every integer X from 1 through 14, posX is a location in citX and aptX is an airport location in citX.",deterministic_rule,true,covered,The bounded rule yields exactly this city/location/airport type atom.
init,(airplane apn1),"Additionally, there are four airplanes: apn1 is currently at airport apt8, apn2 at apt9, apn3 at apt4, and apn4 at apt12.",direct,true,covered,The sentence identifies all four airplanes.
init,(airplane apn2),"Additionally, there are four airplanes: apn1 is currently at airport apt8, apn2 at apt9, apn3 at apt4, and apn4 at apt12.",direct,true,covered,The sentence identifies all four airplanes.
init,(airplane apn3),"Additionally, there are four airplanes: apn1 is currently at airport apt8, apn2 at apt9, apn3 at apt4, and apn4 at apt12.",direct,true,covered,The sentence identifies all four airplanes.
init,(airplane apn4),"Additionally, there are four airplanes: apn1 is currently at airport apt8, apn2 at apt9, apn3 at apt4, and apn4 at apt12.",direct,true,covered,The sentence identifies all four airplanes.
init,(at apn1 apt8),"Additionally, there are four airplanes: apn1 is currently at airport apt8, apn2 at apt9, apn3 at apt4, and apn4 at apt12.",direct,true,covered,The ordered airplane sentence explicitly states this start.
init,(at apn2 apt9),"Additionally, there are four airplanes: apn1 is currently at airport apt8, apn2 at apt9, apn3 at apt4, and apn4 at apt12.",direct,true,covered,The ordered airplane sentence explicitly states this start.
init,(at apn3 apt4),"Additionally, there are four airplanes: apn1 is currently at airport apt8, apn2 at apt9, apn3 at apt4, and apn4 at apt12.",direct,true,covered,The ordered airplane sentence explicitly states this start.
init,(at apn4 apt12),"Additionally, there are four airplanes: apn1 is currently at airport apt8, apn2 at apt9, apn3 at apt4, and apn4 at apt12.",direct,true,covered,The ordered airplane sentence explicitly states this start.
init,(at tru1 pos1),"For every integer X from 1 through 14, truck truX and packages objX1, objX2, and objX3 are initially at posX, where X is replaced by the same decimal numeral in every identifier (so X = 10 yields tru10, obj101, obj102, obj103, and pos10).",deterministic_rule,true,covered,Substituting X=1–14 yields exactly 14 truck and 42 package placements.
init,(at obj11 pos1),"For every integer X from 1 through 14, truck truX and packages objX1, objX2, and objX3 are initially at posX, where X is replaced by the same decimal numeral in every identifier (so X = 10 yields tru10, obj101, obj102, obj103, and pos10).",deterministic_rule,true,covered,Substituting X=1–14 yields exactly 14 truck and 42 package placements.
init,(at obj12 pos1),"For every integer X from 1 through 14, truck truX and packages objX1, objX2, and objX3 are initially at posX, where X is replaced by the same decimal numeral in every identifier (so X = 10 yields tru10, obj101, obj102, obj103, and pos10).",deterministic_rule,true,covered,Substituting X=1–14 yields exactly 14 truck and 42 package placements.
init,(at obj13 pos1),"For every integer X from 1 through 14, truck truX and packages objX1, objX2, and objX3 are initially at posX, where X is replaced by the same decimal numeral in every identifier (so X = 10 yields tru10, obj101, obj102, obj103, and pos10).",deterministic_rule,true,covered,Substituting X=1–14 yields exactly 14 truck and 42 package placements.
init,(at tru2 pos2),"For every integer X from 1 through 14, truck truX and packages objX1, objX2, and objX3 are initially at posX, where X is replaced by the same decimal numeral in every identifier (so X = 10 yields tru10, obj101, obj102, obj103, and pos10).",deterministic_rule,true,covered,Substituting X=1–14 yields exactly 14 truck and 42 package placements.
init,(at obj21 pos2),"For every integer X from 1 through 14, truck truX and packages objX1, objX2, and objX3 are initially at posX, where X is replaced by the same decimal numeral in every identifier (so X = 10 yields tru10, obj101, obj102, obj103, and pos10).",deterministic_rule,true,covered,Substituting X=1–14 yields exactly 14 truck and 42 package placements.
init,(at obj22 pos2),"For every integer X from 1 through 14, truck truX and packages objX1, objX2, and objX3 are initially at posX, where X is replaced by the same decimal numeral in every identifier (so X = 10 yields tru10, obj101, obj102, obj103, and pos10).",deterministic_rule,true,covered,Substituting X=1–14 yields exactly 14 truck and 42 package placements.
init,(at obj23 pos2),"For every integer X from 1 through 14, truck truX and packages objX1, objX2, and objX3 are initially at posX, where X is replaced by the same decimal numeral in every identifier (so X = 10 yields tru10, obj101, obj102, obj103, and pos10).",deterministic_rule,true,covered,Substituting X=1–14 yields exactly 14 truck and 42 package placements.
init,(at tru3 pos3),"For every integer X from 1 through 14, truck truX and packages objX1, objX2, and objX3 are initially at posX, where X is replaced by the same decimal numeral in every identifier (so X = 10 yields tru10, obj101, obj102, obj103, and pos10).",deterministic_rule,true,covered,Substituting X=1–14 yields exactly 14 truck and 42 package placements.
init,(at obj31 pos3),"For every integer X from 1 through 14, truck truX and packages objX1, objX2, and objX3 are initially at posX, where X is replaced by the same decimal numeral in every identifier (so X = 10 yields tru10, obj101, obj102, obj103, and pos10).",deterministic_rule,true,covered,Substituting X=1–14 yields exactly 14 truck and 42 package placements.
init,(at obj32 pos3),"For every integer X from 1 through 14, truck truX and packages objX1, objX2, and objX3 are initially at posX, where X is replaced by the same decimal numeral in every identifier (so X = 10 yields tru10, obj101, obj102, obj103, and pos10).",deterministic_rule,true,covered,Substituting X=1–14 yields exactly 14 truck and 42 package placements.
init,(at obj33 pos3),"For every integer X from 1 through 14, truck truX and packages objX1, objX2, and objX3 are initially at posX, where X is replaced by the same decimal numeral in every identifier (so X = 10 yields tru10, obj101, obj102, obj103, and pos10).",deterministic_rule,true,covered,Substituting X=1–14 yields exactly 14 truck and 42 package placements.
init,(at tru4 pos4),"For every integer X from 1 through 14, truck truX and packages objX1, objX2, and objX3 are initially at posX, where X is replaced by the same decimal numeral in every identifier (so X = 10 yields tru10, obj101, obj102, obj103, and pos10).",deterministic_rule,true,covered,Substituting X=1–14 yields exactly 14 truck and 42 package placements.
init,(at obj41 pos4),"For every integer X from 1 through 14, truck truX and packages objX1, objX2, and objX3 are initially at posX, where X is replaced by the same decimal numeral in every identifier (so X = 10 yields tru10, obj101, obj102, obj103, and pos10).",deterministic_rule,true,covered,Substituting X=1–14 yields exactly 14 truck and 42 package placements.
init,(at obj42 pos4),"For every integer X from 1 through 14, truck truX and packages objX1, objX2, and objX3 are initially at posX, where X is replaced by the same decimal numeral in every identifier (so X = 10 yields tru10, obj101, obj102, obj103, and pos10).",deterministic_rule,true,covered,Substituting X=1–14 yields exactly 14 truck and 42 package placements.
init,(at obj43 pos4),"For every integer X from 1 through 14, truck truX and packages objX1, objX2, and objX3 are initially at posX, where X is replaced by the same decimal numeral in every identifier (so X = 10 yields tru10, obj101, obj102, obj103, and pos10).",deterministic_rule,true,covered,Substituting X=1–14 yields exactly 14 truck and 42 package placements.
init,(at tru5 pos5),"For every integer X from 1 through 14, truck truX and packages objX1, objX2, and objX3 are initially at posX, where X is replaced by the same decimal numeral in every identifier (so X = 10 yields tru10, obj101, obj102, obj103, and pos10).",deterministic_rule,true,covered,Substituting X=1–14 yields exactly 14 truck and 42 package placements.
init,(at obj51 pos5),"For every integer X from 1 through 14, truck truX and packages objX1, objX2, and objX3 are initially at posX, where X is replaced by the same decimal numeral in every identifier (so X = 10 yields tru10, obj101, obj102, obj103, and pos10).",deterministic_rule,true,covered,Substituting X=1–14 yields exactly 14 truck and 42 package placements.
init,(at obj52 pos5),"For every integer X from 1 through 14, truck truX and packages objX1, objX2, and objX3 are initially at posX, where X is replaced by the same decimal numeral in every identifier (so X = 10 yields tru10, obj101, obj102, obj103, and pos10).",deterministic_rule,true,covered,Substituting X=1–14 yields exactly 14 truck and 42 package placements.
init,(at obj53 pos5),"For every integer X from 1 through 14, truck truX and packages objX1, objX2, and objX3 are initially at posX, where X is replaced by the same decimal numeral in every identifier (so X = 10 yields tru10, obj101, obj102, obj103, and pos10).",deterministic_rule,true,covered,Substituting X=1–14 yields exactly 14 truck and 42 package placements.
init,(at tru6 pos6),"For every integer X from 1 through 14, truck truX and packages objX1, objX2, and objX3 are initially at posX, where X is replaced by the same decimal numeral in every identifier (so X = 10 yields tru10, obj101, obj102, obj103, and pos10).",deterministic_rule,true,covered,Substituting X=1–14 yields exactly 14 truck and 42 package placements.
init,(at obj61 pos6),"For every integer X from 1 through 14, truck truX and packages objX1, objX2, and objX3 are initially at posX, where X is replaced by the same decimal numeral in every identifier (so X = 10 yields tru10, obj101, obj102, obj103, and pos10).",deterministic_rule,true,covered,Substituting X=1–14 yields exactly 14 truck and 42 package placements.
init,(at obj62 pos6),"For every integer X from 1 through 14, truck truX and packages objX1, objX2, and objX3 are initially at posX, where X is replaced by the same decimal numeral in every identifier (so X = 10 yields tru10, obj101, obj102, obj103, and pos10).",deterministic_rule,true,covered,Substituting X=1–14 yields exactly 14 truck and 42 package placements.
init,(at obj63 pos6),"For every integer X from 1 through 14, truck truX and packages objX1, objX2, and objX3 are initially at posX, where X is replaced by the same decimal numeral in every identifier (so X = 10 yields tru10, obj101, obj102, obj103, and pos10).",deterministic_rule,true,covered,Substituting X=1–14 yields exactly 14 truck and 42 package placements.
init,(at tru7 pos7),"For every integer X from 1 through 14, truck truX and packages objX1, objX2, and objX3 are initially at posX, where X is replaced by the same decimal numeral in every identifier (so X = 10 yields tru10, obj101, obj102, obj103, and pos10).",deterministic_rule,true,covered,Substituting X=1–14 yields exactly 14 truck and 42 package placements.
init,(at obj71 pos7),"For every integer X from 1 through 14, truck truX and packages objX1, objX2, and objX3 are initially at posX, where X is replaced by the same decimal numeral in every identifier (so X = 10 yields tru10, obj101, obj102, obj103, and pos10).",deterministic_rule,true,covered,Substituting X=1–14 yields exactly 14 truck and 42 package placements.
init,(at obj72 pos7),"For every integer X from 1 through 14, truck truX and packages objX1, objX2, and objX3 are initially at posX, where X is replaced by the same decimal numeral in every identifier (so X = 10 yields tru10, obj101, obj102, obj103, and pos10).",deterministic_rule,true,covered,Substituting X=1–14 yields exactly 14 truck and 42 package placements.
init,(at obj73 pos7),"For every integer X from 1 through 14, truck truX and packages objX1, objX2, and objX3 are initially at posX, where X is replaced by the same decimal numeral in every identifier (so X = 10 yields tru10, obj101, obj102, obj103, and pos10).",deterministic_rule,true,covered,Substituting X=1–14 yields exactly 14 truck and 42 package placements.
init,(at tru8 pos8),"For every integer X from 1 through 14, truck truX and packages objX1, objX2, and objX3 are initially at posX, where X is replaced by the same decimal numeral in every identifier (so X = 10 yields tru10, obj101, obj102, obj103, and pos10).",deterministic_rule,true,covered,Substituting X=1–14 yields exactly 14 truck and 42 package placements.
init,(at obj81 pos8),"For every integer X from 1 through 14, truck truX and packages objX1, objX2, and objX3 are initially at posX, where X is replaced by the same decimal numeral in every identifier (so X = 10 yields tru10, obj101, obj102, obj103, and pos10).",deterministic_rule,true,covered,Substituting X=1–14 yields exactly 14 truck and 42 package placements.
init,(at obj82 pos8),"For every integer X from 1 through 14, truck truX and packages objX1, objX2, and objX3 are initially at posX, where X is replaced by the same decimal numeral in every identifier (so X = 10 yields tru10, obj101, obj102, obj103, and pos10).",deterministic_rule,true,covered,Substituting X=1–14 yields exactly 14 truck and 42 package placements.
init,(at obj83 pos8),"For every integer X from 1 through 14, truck truX and packages objX1, objX2, and objX3 are initially at posX, where X is replaced by the same decimal numeral in every identifier (so X = 10 yields tru10, obj101, obj102, obj103, and pos10).",deterministic_rule,true,covered,Substituting X=1–14 yields exactly 14 truck and 42 package placements.
init,(at tru9 pos9),"For every integer X from 1 through 14, truck truX and packages objX1, objX2, and objX3 are initially at posX, where X is replaced by the same decimal numeral in every identifier (so X = 10 yields tru10, obj101, obj102, obj103, and pos10).",deterministic_rule,true,covered,Substituting X=1–14 yields exactly 14 truck and 42 package placements.
init,(at obj91 pos9),"For every integer X from 1 through 14, truck truX and packages objX1, objX2, and objX3 are initially at posX, where X is replaced by the same decimal numeral in every identifier (so X = 10 yields tru10, obj101, obj102, obj103, and pos10).",deterministic_rule,true,covered,Substituting X=1–14 yields exactly 14 truck and 42 package placements.
init,(at obj92 pos9),"For every integer X from 1 through 14, truck truX and packages objX1, objX2, and objX3 are initially at posX, where X is replaced by the same decimal numeral in every identifier (so X = 10 yields tru10, obj101, obj102, obj103, and pos10).",deterministic_rule,true,covered,Substituting X=1–14 yields exactly 14 truck and 42 package placements.
init,(at obj93 pos9),"For every integer X from 1 through 14, truck truX and packages objX1, objX2, and objX3 are initially at posX, where X is replaced by the same decimal numeral in every identifier (so X = 10 yields tru10, obj101, obj102, obj103, and pos10).",deterministic_rule,true,covered,Substituting X=1–14 yields exactly 14 truck and 42 package placements.
init,(at tru10 pos10),"For every integer X from 1 through 14, truck truX and packages objX1, objX2, and objX3 are initially at posX, where X is replaced by the same decimal numeral in every identifier (so X = 10 yields tru10, obj101, obj102, obj103, and pos10).",deterministic_rule,true,covered,Substituting X=1–14 yields exactly 14 truck and 42 package placements.
init,(at obj101 pos10),"For every integer X from 1 through 14, truck truX and packages objX1, objX2, and objX3 are initially at posX, where X is replaced by the same decimal numeral in every identifier (so X = 10 yields tru10, obj101, obj102, obj103, and pos10).",deterministic_rule,true,covered,Substituting X=1–14 yields exactly 14 truck and 42 package placements.
init,(at obj102 pos10),"For every integer X from 1 through 14, truck truX and packages objX1, objX2, and objX3 are initially at posX, where X is replaced by the same decimal numeral in every identifier (so X = 10 yields tru10, obj101, obj102, obj103, and pos10).",deterministic_rule,true,covered,Substituting X=1–14 yields exactly 14 truck and 42 package placements.
init,(at obj103 pos10),"For every integer X from 1 through 14, truck truX and packages objX1, objX2, and objX3 are initially at posX, where X is replaced by the same decimal numeral in every identifier (so X = 10 yields tru10, obj101, obj102, obj103, and pos10).",deterministic_rule,true,covered,Substituting X=1–14 yields exactly 14 truck and 42 package placements.
init,(at tru11 pos11),"For every integer X from 1 through 14, truck truX and packages objX1, objX2, and objX3 are initially at posX, where X is replaced by the same decimal numeral in every identifier (so X = 10 yields tru10, obj101, obj102, obj103, and pos10).",deterministic_rule,true,covered,Substituting X=1–14 yields exactly 14 truck and 42 package placements.
init,(at obj111 pos11),"For every integer X from 1 through 14, truck truX and packages objX1, objX2, and objX3 are initially at posX, where X is replaced by the same decimal numeral in every identifier (so X = 10 yields tru10, obj101, obj102, obj103, and pos10).",deterministic_rule,true,covered,Substituting X=1–14 yields exactly 14 truck and 42 package placements.
init,(at obj112 pos11),"For every integer X from 1 through 14, truck truX and packages objX1, objX2, and objX3 are initially at posX, where X is replaced by the same decimal numeral in every identifier (so X = 10 yields tru10, obj101, obj102, obj103, and pos10).",deterministic_rule,true,covered,Substituting X=1–14 yields exactly 14 truck and 42 package placements.
init,(at obj113 pos11),"For every integer X from 1 through 14, truck truX and packages objX1, objX2, and objX3 are initially at posX, where X is replaced by the same decimal numeral in every identifier (so X = 10 yields tru10, obj101, obj102, obj103, and pos10).",deterministic_rule,true,covered,Substituting X=1–14 yields exactly 14 truck and 42 package placements.
init,(at tru12 pos12),"For every integer X from 1 through 14, truck truX and packages objX1, objX2, and objX3 are initially at posX, where X is replaced by the same decimal numeral in every identifier (so X = 10 yields tru10, obj101, obj102, obj103, and pos10).",deterministic_rule,true,covered,Substituting X=1–14 yields exactly 14 truck and 42 package placements.
init,(at obj121 pos12),"For every integer X from 1 through 14, truck truX and packages objX1, objX2, and objX3 are initially at posX, where X is replaced by the same decimal numeral in every identifier (so X = 10 yields tru10, obj101, obj102, obj103, and pos10).",deterministic_rule,true,covered,Substituting X=1–14 yields exactly 14 truck and 42 package placements.
init,(at obj122 pos12),"For every integer X from 1 through 14, truck truX and packages objX1, objX2, and objX3 are initially at posX, where X is replaced by the same decimal numeral in every identifier (so X = 10 yields tru10, obj101, obj102, obj103, and pos10).",deterministic_rule,true,covered,Substituting X=1–14 yields exactly 14 truck and 42 package placements.
init,(at obj123 pos12),"For every integer X from 1 through 14, truck truX and packages objX1, objX2, and objX3 are initially at posX, where X is replaced by the same decimal numeral in every identifier (so X = 10 yields tru10, obj101, obj102, obj103, and pos10).",deterministic_rule,true,covered,Substituting X=1–14 yields exactly 14 truck and 42 package placements.
init,(at tru13 pos13),"For every integer X from 1 through 14, truck truX and packages objX1, objX2, and objX3 are initially at posX, where X is replaced by the same decimal numeral in every identifier (so X = 10 yields tru10, obj101, obj102, obj103, and pos10).",deterministic_rule,true,covered,Substituting X=1–14 yields exactly 14 truck and 42 package placements.
init,(at obj131 pos13),"For every integer X from 1 through 14, truck truX and packages objX1, objX2, and objX3 are initially at posX, where X is replaced by the same decimal numeral in every identifier (so X = 10 yields tru10, obj101, obj102, obj103, and pos10).",deterministic_rule,true,covered,Substituting X=1–14 yields exactly 14 truck and 42 package placements.
init,(at obj132 pos13),"For every integer X from 1 through 14, truck truX and packages objX1, objX2, and objX3 are initially at posX, where X is replaced by the same decimal numeral in every identifier (so X = 10 yields tru10, obj101, obj102, obj103, and pos10).",deterministic_rule,true,covered,Substituting X=1–14 yields exactly 14 truck and 42 package placements.
init,(at obj133 pos13),"For every integer X from 1 through 14, truck truX and packages objX1, objX2, and objX3 are initially at posX, where X is replaced by the same decimal numeral in every identifier (so X = 10 yields tru10, obj101, obj102, obj103, and pos10).",deterministic_rule,true,covered,Substituting X=1–14 yields exactly 14 truck and 42 package placements.
init,(at tru14 pos14),"For every integer X from 1 through 14, truck truX and packages objX1, objX2, and objX3 are initially at posX, where X is replaced by the same decimal numeral in every identifier (so X = 10 yields tru10, obj101, obj102, obj103, and pos10).",deterministic_rule,true,covered,Substituting X=1–14 yields exactly 14 truck and 42 package placements.
init,(at obj141 pos14),"For every integer X from 1 through 14, truck truX and packages objX1, objX2, and objX3 are initially at posX, where X is replaced by the same decimal numeral in every identifier (so X = 10 yields tru10, obj101, obj102, obj103, and pos10).",deterministic_rule,true,covered,Substituting X=1–14 yields exactly 14 truck and 42 package placements.
init,(at obj142 pos14),"For every integer X from 1 through 14, truck truX and packages objX1, objX2, and objX3 are initially at posX, where X is replaced by the same decimal numeral in every identifier (so X = 10 yields tru10, obj101, obj102, obj103, and pos10).",deterministic_rule,true,covered,Substituting X=1–14 yields exactly 14 truck and 42 package placements.
init,(at obj143 pos14),"For every integer X from 1 through 14, truck truX and packages objX1, objX2, and objX3 are initially at posX, where X is replaced by the same decimal numeral in every identifier (so X = 10 yields tru10, obj101, obj102, obj103, and pos10).",deterministic_rule,true,covered,Substituting X=1–14 yields exactly 14 truck and 42 package placements.
init,(in-city pos1 cit1),"For every integer X from 1 through 14, posX is a location in citX and aptX is an airport location in citX.",deterministic_rule,true,covered,Substituting X=1–14 yields exactly 28 same-index city memberships.
init,(in-city apt1 cit1),"For every integer X from 1 through 14, posX is a location in citX and aptX is an airport location in citX.",deterministic_rule,true,covered,Substituting X=1–14 yields exactly 28 same-index city memberships.
init,(in-city pos2 cit2),"For every integer X from 1 through 14, posX is a location in citX and aptX is an airport location in citX.",deterministic_rule,true,covered,Substituting X=1–14 yields exactly 28 same-index city memberships.
init,(in-city apt2 cit2),"For every integer X from 1 through 14, posX is a location in citX and aptX is an airport location in citX.",deterministic_rule,true,covered,Substituting X=1–14 yields exactly 28 same-index city memberships.
init,(in-city pos3 cit3),"For every integer X from 1 through 14, posX is a location in citX and aptX is an airport location in citX.",deterministic_rule,true,covered,Substituting X=1–14 yields exactly 28 same-index city memberships.
init,(in-city apt3 cit3),"For every integer X from 1 through 14, posX is a location in citX and aptX is an airport location in citX.",deterministic_rule,true,covered,Substituting X=1–14 yields exactly 28 same-index city memberships.
init,(in-city pos4 cit4),"For every integer X from 1 through 14, posX is a location in citX and aptX is an airport location in citX.",deterministic_rule,true,covered,Substituting X=1–14 yields exactly 28 same-index city memberships.
init,(in-city apt4 cit4),"For every integer X from 1 through 14, posX is a location in citX and aptX is an airport location in citX.",deterministic_rule,true,covered,Substituting X=1–14 yields exactly 28 same-index city memberships.
init,(in-city pos5 cit5),"For every integer X from 1 through 14, posX is a location in citX and aptX is an airport location in citX.",deterministic_rule,true,covered,Substituting X=1–14 yields exactly 28 same-index city memberships.
init,(in-city apt5 cit5),"For every integer X from 1 through 14, posX is a location in citX and aptX is an airport location in citX.",deterministic_rule,true,covered,Substituting X=1–14 yields exactly 28 same-index city memberships.
init,(in-city pos6 cit6),"For every integer X from 1 through 14, posX is a location in citX and aptX is an airport location in citX.",deterministic_rule,true,covered,Substituting X=1–14 yields exactly 28 same-index city memberships.
init,(in-city apt6 cit6),"For every integer X from 1 through 14, posX is a location in citX and aptX is an airport location in citX.",deterministic_rule,true,covered,Substituting X=1–14 yields exactly 28 same-index city memberships.
init,(in-city pos7 cit7),"For every integer X from 1 through 14, posX is a location in citX and aptX is an airport location in citX.",deterministic_rule,true,covered,Substituting X=1–14 yields exactly 28 same-index city memberships.
init,(in-city apt7 cit7),"For every integer X from 1 through 14, posX is a location in citX and aptX is an airport location in citX.",deterministic_rule,true,covered,Substituting X=1–14 yields exactly 28 same-index city memberships.
init,(in-city pos8 cit8),"For every integer X from 1 through 14, posX is a location in citX and aptX is an airport location in citX.",deterministic_rule,true,covered,Substituting X=1–14 yields exactly 28 same-index city memberships.
init,(in-city apt8 cit8),"For every integer X from 1 through 14, posX is a location in citX and aptX is an airport location in citX.",deterministic_rule,true,covered,Substituting X=1–14 yields exactly 28 same-index city memberships.
init,(in-city pos9 cit9),"For every integer X from 1 through 14, posX is a location in citX and aptX is an airport location in citX.",deterministic_rule,true,covered,Substituting X=1–14 yields exactly 28 same-index city memberships.
init,(in-city apt9 cit9),"For every integer X from 1 through 14, posX is a location in citX and aptX is an airport location in citX.",deterministic_rule,true,covered,Substituting X=1–14 yields exactly 28 same-index city memberships.
init,(in-city pos10 cit10),"For every integer X from 1 through 14, posX is a location in citX and aptX is an airport location in citX.",deterministic_rule,true,covered,Substituting X=1–14 yields exactly 28 same-index city memberships.
init,(in-city apt10 cit10),"For every integer X from 1 through 14, posX is a location in citX and aptX is an airport location in citX.",deterministic_rule,true,covered,Substituting X=1–14 yields exactly 28 same-index city memberships.
init,(in-city pos11 cit11),"For every integer X from 1 through 14, posX is a location in citX and aptX is an airport location in citX.",deterministic_rule,true,covered,Substituting X=1–14 yields exactly 28 same-index city memberships.
init,(in-city apt11 cit11),"For every integer X from 1 through 14, posX is a location in citX and aptX is an airport location in citX.",deterministic_rule,true,covered,Substituting X=1–14 yields exactly 28 same-index city memberships.
init,(in-city pos12 cit12),"For every integer X from 1 through 14, posX is a location in citX and aptX is an airport location in citX.",deterministic_rule,true,covered,Substituting X=1–14 yields exactly 28 same-index city memberships.
init,(in-city apt12 cit12),"For every integer X from 1 through 14, posX is a location in citX and aptX is an airport location in citX.",deterministic_rule,true,covered,Substituting X=1–14 yields exactly 28 same-index city memberships.
init,(in-city pos13 cit13),"For every integer X from 1 through 14, posX is a location in citX and aptX is an airport location in citX.",deterministic_rule,true,covered,Substituting X=1–14 yields exactly 28 same-index city memberships.
init,(in-city apt13 cit13),"For every integer X from 1 through 14, posX is a location in citX and aptX is an airport location in citX.",deterministic_rule,true,covered,Substituting X=1–14 yields exactly 28 same-index city memberships.
init,(in-city pos14 cit14),"For every integer X from 1 through 14, posX is a location in citX and aptX is an airport location in citX.",deterministic_rule,true,covered,Substituting X=1–14 yields exactly 28 same-index city memberships.
init,(in-city apt14 cit14),"For every integer X from 1 through 14, posX is a location in citX and aptX is an airport location in citX.",deterministic_rule,true,covered,Substituting X=1–14 yields exactly 28 same-index city memberships.
goal,(at obj52 apt13),"Specifically, we want obj52 at apt13; obj101 at apt10; obj42 at apt11; obj83 at pos14; obj143 at pos11; obj91 at pos5; obj41 at apt14; obj22 at apt12; obj131 at apt12; obj62 at pos6; obj71 at apt13; obj141 at apt9; obj61 at pos13; obj13 at pos3; obj82 at pos14; obj63 at pos13; obj11 at apt3; obj102 at pos14; obj123 at apt12; obj12 at apt10; obj21 at apt11; obj72 at apt2; obj122 at apt10; obj121 at pos6; obj92 at pos12; obj103 at apt3; obj43 at pos3; obj73 at pos14; obj53 at apt9; obj133 at pos10; obj23 at apt4; obj31 at pos11; obj81 at pos13; obj132 at pos2; obj111 at pos11; obj113 at pos6; obj93 at pos1; obj32 at pos10; obj142 at pos12; obj112 at apt1; and obj51 at apt14.",direct,true,covered,The complete 41-pair sentence explicitly states this goal atom.
goal,(at obj101 apt10),"Specifically, we want obj52 at apt13; obj101 at apt10; obj42 at apt11; obj83 at pos14; obj143 at pos11; obj91 at pos5; obj41 at apt14; obj22 at apt12; obj131 at apt12; obj62 at pos6; obj71 at apt13; obj141 at apt9; obj61 at pos13; obj13 at pos3; obj82 at pos14; obj63 at pos13; obj11 at apt3; obj102 at pos14; obj123 at apt12; obj12 at apt10; obj21 at apt11; obj72 at apt2; obj122 at apt10; obj121 at pos6; obj92 at pos12; obj103 at apt3; obj43 at pos3; obj73 at pos14; obj53 at apt9; obj133 at pos10; obj23 at apt4; obj31 at pos11; obj81 at pos13; obj132 at pos2; obj111 at pos11; obj113 at pos6; obj93 at pos1; obj32 at pos10; obj142 at pos12; obj112 at apt1; and obj51 at apt14.",direct,true,covered,The complete 41-pair sentence explicitly states this goal atom.
goal,(at obj42 apt11),"Specifically, we want obj52 at apt13; obj101 at apt10; obj42 at apt11; obj83 at pos14; obj143 at pos11; obj91 at pos5; obj41 at apt14; obj22 at apt12; obj131 at apt12; obj62 at pos6; obj71 at apt13; obj141 at apt9; obj61 at pos13; obj13 at pos3; obj82 at pos14; obj63 at pos13; obj11 at apt3; obj102 at pos14; obj123 at apt12; obj12 at apt10; obj21 at apt11; obj72 at apt2; obj122 at apt10; obj121 at pos6; obj92 at pos12; obj103 at apt3; obj43 at pos3; obj73 at pos14; obj53 at apt9; obj133 at pos10; obj23 at apt4; obj31 at pos11; obj81 at pos13; obj132 at pos2; obj111 at pos11; obj113 at pos6; obj93 at pos1; obj32 at pos10; obj142 at pos12; obj112 at apt1; and obj51 at apt14.",direct,true,covered,The complete 41-pair sentence explicitly states this goal atom.
goal,(at obj83 pos14),"Specifically, we want obj52 at apt13; obj101 at apt10; obj42 at apt11; obj83 at pos14; obj143 at pos11; obj91 at pos5; obj41 at apt14; obj22 at apt12; obj131 at apt12; obj62 at pos6; obj71 at apt13; obj141 at apt9; obj61 at pos13; obj13 at pos3; obj82 at pos14; obj63 at pos13; obj11 at apt3; obj102 at pos14; obj123 at apt12; obj12 at apt10; obj21 at apt11; obj72 at apt2; obj122 at apt10; obj121 at pos6; obj92 at pos12; obj103 at apt3; obj43 at pos3; obj73 at pos14; obj53 at apt9; obj133 at pos10; obj23 at apt4; obj31 at pos11; obj81 at pos13; obj132 at pos2; obj111 at pos11; obj113 at pos6; obj93 at pos1; obj32 at pos10; obj142 at pos12; obj112 at apt1; and obj51 at apt14.",direct,true,covered,The complete 41-pair sentence explicitly states this goal atom.
goal,(at obj143 pos11),"Specifically, we want obj52 at apt13; obj101 at apt10; obj42 at apt11; obj83 at pos14; obj143 at pos11; obj91 at pos5; obj41 at apt14; obj22 at apt12; obj131 at apt12; obj62 at pos6; obj71 at apt13; obj141 at apt9; obj61 at pos13; obj13 at pos3; obj82 at pos14; obj63 at pos13; obj11 at apt3; obj102 at pos14; obj123 at apt12; obj12 at apt10; obj21 at apt11; obj72 at apt2; obj122 at apt10; obj121 at pos6; obj92 at pos12; obj103 at apt3; obj43 at pos3; obj73 at pos14; obj53 at apt9; obj133 at pos10; obj23 at apt4; obj31 at pos11; obj81 at pos13; obj132 at pos2; obj111 at pos11; obj113 at pos6; obj93 at pos1; obj32 at pos10; obj142 at pos12; obj112 at apt1; and obj51 at apt14.",direct,true,covered,The complete 41-pair sentence explicitly states this goal atom.
goal,(at obj91 pos5),"Specifically, we want obj52 at apt13; obj101 at apt10; obj42 at apt11; obj83 at pos14; obj143 at pos11; obj91 at pos5; obj41 at apt14; obj22 at apt12; obj131 at apt12; obj62 at pos6; obj71 at apt13; obj141 at apt9; obj61 at pos13; obj13 at pos3; obj82 at pos14; obj63 at pos13; obj11 at apt3; obj102 at pos14; obj123 at apt12; obj12 at apt10; obj21 at apt11; obj72 at apt2; obj122 at apt10; obj121 at pos6; obj92 at pos12; obj103 at apt3; obj43 at pos3; obj73 at pos14; obj53 at apt9; obj133 at pos10; obj23 at apt4; obj31 at pos11; obj81 at pos13; obj132 at pos2; obj111 at pos11; obj113 at pos6; obj93 at pos1; obj32 at pos10; obj142 at pos12; obj112 at apt1; and obj51 at apt14.",direct,true,covered,The complete 41-pair sentence explicitly states this goal atom.
goal,(at obj41 apt14),"Specifically, we want obj52 at apt13; obj101 at apt10; obj42 at apt11; obj83 at pos14; obj143 at pos11; obj91 at pos5; obj41 at apt14; obj22 at apt12; obj131 at apt12; obj62 at pos6; obj71 at apt13; obj141 at apt9; obj61 at pos13; obj13 at pos3; obj82 at pos14; obj63 at pos13; obj11 at apt3; obj102 at pos14; obj123 at apt12; obj12 at apt10; obj21 at apt11; obj72 at apt2; obj122 at apt10; obj121 at pos6; obj92 at pos12; obj103 at apt3; obj43 at pos3; obj73 at pos14; obj53 at apt9; obj133 at pos10; obj23 at apt4; obj31 at pos11; obj81 at pos13; obj132 at pos2; obj111 at pos11; obj113 at pos6; obj93 at pos1; obj32 at pos10; obj142 at pos12; obj112 at apt1; and obj51 at apt14.",direct,true,covered,The complete 41-pair sentence explicitly states this goal atom.
goal,(at obj22 apt12),"Specifically, we want obj52 at apt13; obj101 at apt10; obj42 at apt11; obj83 at pos14; obj143 at pos11; obj91 at pos5; obj41 at apt14; obj22 at apt12; obj131 at apt12; obj62 at pos6; obj71 at apt13; obj141 at apt9; obj61 at pos13; obj13 at pos3; obj82 at pos14; obj63 at pos13; obj11 at apt3; obj102 at pos14; obj123 at apt12; obj12 at apt10; obj21 at apt11; obj72 at apt2; obj122 at apt10; obj121 at pos6; obj92 at pos12; obj103 at apt3; obj43 at pos3; obj73 at pos14; obj53 at apt9; obj133 at pos10; obj23 at apt4; obj31 at pos11; obj81 at pos13; obj132 at pos2; obj111 at pos11; obj113 at pos6; obj93 at pos1; obj32 at pos10; obj142 at pos12; obj112 at apt1; and obj51 at apt14.",direct,true,covered,The complete 41-pair sentence explicitly states this goal atom.
goal,(at obj131 apt12),"Specifically, we want obj52 at apt13; obj101 at apt10; obj42 at apt11; obj83 at pos14; obj143 at pos11; obj91 at pos5; obj41 at apt14; obj22 at apt12; obj131 at apt12; obj62 at pos6; obj71 at apt13; obj141 at apt9; obj61 at pos13; obj13 at pos3; obj82 at pos14; obj63 at pos13; obj11 at apt3; obj102 at pos14; obj123 at apt12; obj12 at apt10; obj21 at apt11; obj72 at apt2; obj122 at apt10; obj121 at pos6; obj92 at pos12; obj103 at apt3; obj43 at pos3; obj73 at pos14; obj53 at apt9; obj133 at pos10; obj23 at apt4; obj31 at pos11; obj81 at pos13; obj132 at pos2; obj111 at pos11; obj113 at pos6; obj93 at pos1; obj32 at pos10; obj142 at pos12; obj112 at apt1; and obj51 at apt14.",direct,true,covered,The complete 41-pair sentence explicitly states this goal atom.
goal,(at obj62 pos6),"Specifically, we want obj52 at apt13; obj101 at apt10; obj42 at apt11; obj83 at pos14; obj143 at pos11; obj91 at pos5; obj41 at apt14; obj22 at apt12; obj131 at apt12; obj62 at pos6; obj71 at apt13; obj141 at apt9; obj61 at pos13; obj13 at pos3; obj82 at pos14; obj63 at pos13; obj11 at apt3; obj102 at pos14; obj123 at apt12; obj12 at apt10; obj21 at apt11; obj72 at apt2; obj122 at apt10; obj121 at pos6; obj92 at pos12; obj103 at apt3; obj43 at pos3; obj73 at pos14; obj53 at apt9; obj133 at pos10; obj23 at apt4; obj31 at pos11; obj81 at pos13; obj132 at pos2; obj111 at pos11; obj113 at pos6; obj93 at pos1; obj32 at pos10; obj142 at pos12; obj112 at apt1; and obj51 at apt14.",direct,true,covered,The complete 41-pair sentence explicitly states this goal atom.
goal,(at obj71 apt13),"Specifically, we want obj52 at apt13; obj101 at apt10; obj42 at apt11; obj83 at pos14; obj143 at pos11; obj91 at pos5; obj41 at apt14; obj22 at apt12; obj131 at apt12; obj62 at pos6; obj71 at apt13; obj141 at apt9; obj61 at pos13; obj13 at pos3; obj82 at pos14; obj63 at pos13; obj11 at apt3; obj102 at pos14; obj123 at apt12; obj12 at apt10; obj21 at apt11; obj72 at apt2; obj122 at apt10; obj121 at pos6; obj92 at pos12; obj103 at apt3; obj43 at pos3; obj73 at pos14; obj53 at apt9; obj133 at pos10; obj23 at apt4; obj31 at pos11; obj81 at pos13; obj132 at pos2; obj111 at pos11; obj113 at pos6; obj93 at pos1; obj32 at pos10; obj142 at pos12; obj112 at apt1; and obj51 at apt14.",direct,true,covered,The complete 41-pair sentence explicitly states this goal atom.
goal,(at obj141 apt9),"Specifically, we want obj52 at apt13; obj101 at apt10; obj42 at apt11; obj83 at pos14; obj143 at pos11; obj91 at pos5; obj41 at apt14; obj22 at apt12; obj131 at apt12; obj62 at pos6; obj71 at apt13; obj141 at apt9; obj61 at pos13; obj13 at pos3; obj82 at pos14; obj63 at pos13; obj11 at apt3; obj102 at pos14; obj123 at apt12; obj12 at apt10; obj21 at apt11; obj72 at apt2; obj122 at apt10; obj121 at pos6; obj92 at pos12; obj103 at apt3; obj43 at pos3; obj73 at pos14; obj53 at apt9; obj133 at pos10; obj23 at apt4; obj31 at pos11; obj81 at pos13; obj132 at pos2; obj111 at pos11; obj113 at pos6; obj93 at pos1; obj32 at pos10; obj142 at pos12; obj112 at apt1; and obj51 at apt14.",direct,true,covered,The complete 41-pair sentence explicitly states this goal atom.
goal,(at obj61 pos13),"Specifically, we want obj52 at apt13; obj101 at apt10; obj42 at apt11; obj83 at pos14; obj143 at pos11; obj91 at pos5; obj41 at apt14; obj22 at apt12; obj131 at apt12; obj62 at pos6; obj71 at apt13; obj141 at apt9; obj61 at pos13; obj13 at pos3; obj82 at pos14; obj63 at pos13; obj11 at apt3; obj102 at pos14; obj123 at apt12; obj12 at apt10; obj21 at apt11; obj72 at apt2; obj122 at apt10; obj121 at pos6; obj92 at pos12; obj103 at apt3; obj43 at pos3; obj73 at pos14; obj53 at apt9; obj133 at pos10; obj23 at apt4; obj31 at pos11; obj81 at pos13; obj132 at pos2; obj111 at pos11; obj113 at pos6; obj93 at pos1; obj32 at pos10; obj142 at pos12; obj112 at apt1; and obj51 at apt14.",direct,true,covered,The complete 41-pair sentence explicitly states this goal atom.
goal,(at obj13 pos3),"Specifically, we want obj52 at apt13; obj101 at apt10; obj42 at apt11; obj83 at pos14; obj143 at pos11; obj91 at pos5; obj41 at apt14; obj22 at apt12; obj131 at apt12; obj62 at pos6; obj71 at apt13; obj141 at apt9; obj61 at pos13; obj13 at pos3; obj82 at pos14; obj63 at pos13; obj11 at apt3; obj102 at pos14; obj123 at apt12; obj12 at apt10; obj21 at apt11; obj72 at apt2; obj122 at apt10; obj121 at pos6; obj92 at pos12; obj103 at apt3; obj43 at pos3; obj73 at pos14; obj53 at apt9; obj133 at pos10; obj23 at apt4; obj31 at pos11; obj81 at pos13; obj132 at pos2; obj111 at pos11; obj113 at pos6; obj93 at pos1; obj32 at pos10; obj142 at pos12; obj112 at apt1; and obj51 at apt14.",direct,true,covered,The complete 41-pair sentence explicitly states this goal atom.
goal,(at obj82 pos14),"Specifically, we want obj52 at apt13; obj101 at apt10; obj42 at apt11; obj83 at pos14; obj143 at pos11; obj91 at pos5; obj41 at apt14; obj22 at apt12; obj131 at apt12; obj62 at pos6; obj71 at apt13; obj141 at apt9; obj61 at pos13; obj13 at pos3; obj82 at pos14; obj63 at pos13; obj11 at apt3; obj102 at pos14; obj123 at apt12; obj12 at apt10; obj21 at apt11; obj72 at apt2; obj122 at apt10; obj121 at pos6; obj92 at pos12; obj103 at apt3; obj43 at pos3; obj73 at pos14; obj53 at apt9; obj133 at pos10; obj23 at apt4; obj31 at pos11; obj81 at pos13; obj132 at pos2; obj111 at pos11; obj113 at pos6; obj93 at pos1; obj32 at pos10; obj142 at pos12; obj112 at apt1; and obj51 at apt14.",direct,true,covered,The complete 41-pair sentence explicitly states this goal atom.
goal,(at obj63 pos13),"Specifically, we want obj52 at apt13; obj101 at apt10; obj42 at apt11; obj83 at pos14; obj143 at pos11; obj91 at pos5; obj41 at apt14; obj22 at apt12; obj131 at apt12; obj62 at pos6; obj71 at apt13; obj141 at apt9; obj61 at pos13; obj13 at pos3; obj82 at pos14; obj63 at pos13; obj11 at apt3; obj102 at pos14; obj123 at apt12; obj12 at apt10; obj21 at apt11; obj72 at apt2; obj122 at apt10; obj121 at pos6; obj92 at pos12; obj103 at apt3; obj43 at pos3; obj73 at pos14; obj53 at apt9; obj133 at pos10; obj23 at apt4; obj31 at pos11; obj81 at pos13; obj132 at pos2; obj111 at pos11; obj113 at pos6; obj93 at pos1; obj32 at pos10; obj142 at pos12; obj112 at apt1; and obj51 at apt14.",direct,true,covered,The complete 41-pair sentence explicitly states this goal atom.
goal,(at obj11 apt3),"Specifically, we want obj52 at apt13; obj101 at apt10; obj42 at apt11; obj83 at pos14; obj143 at pos11; obj91 at pos5; obj41 at apt14; obj22 at apt12; obj131 at apt12; obj62 at pos6; obj71 at apt13; obj141 at apt9; obj61 at pos13; obj13 at pos3; obj82 at pos14; obj63 at pos13; obj11 at apt3; obj102 at pos14; obj123 at apt12; obj12 at apt10; obj21 at apt11; obj72 at apt2; obj122 at apt10; obj121 at pos6; obj92 at pos12; obj103 at apt3; obj43 at pos3; obj73 at pos14; obj53 at apt9; obj133 at pos10; obj23 at apt4; obj31 at pos11; obj81 at pos13; obj132 at pos2; obj111 at pos11; obj113 at pos6; obj93 at pos1; obj32 at pos10; obj142 at pos12; obj112 at apt1; and obj51 at apt14.",direct,true,covered,The complete 41-pair sentence explicitly states this goal atom.
goal,(at obj102 pos14),"Specifically, we want obj52 at apt13; obj101 at apt10; obj42 at apt11; obj83 at pos14; obj143 at pos11; obj91 at pos5; obj41 at apt14; obj22 at apt12; obj131 at apt12; obj62 at pos6; obj71 at apt13; obj141 at apt9; obj61 at pos13; obj13 at pos3; obj82 at pos14; obj63 at pos13; obj11 at apt3; obj102 at pos14; obj123 at apt12; obj12 at apt10; obj21 at apt11; obj72 at apt2; obj122 at apt10; obj121 at pos6; obj92 at pos12; obj103 at apt3; obj43 at pos3; obj73 at pos14; obj53 at apt9; obj133 at pos10; obj23 at apt4; obj31 at pos11; obj81 at pos13; obj132 at pos2; obj111 at pos11; obj113 at pos6; obj93 at pos1; obj32 at pos10; obj142 at pos12; obj112 at apt1; and obj51 at apt14.",direct,true,covered,The complete 41-pair sentence explicitly states this goal atom.
goal,(at obj123 apt12),"Specifically, we want obj52 at apt13; obj101 at apt10; obj42 at apt11; obj83 at pos14; obj143 at pos11; obj91 at pos5; obj41 at apt14; obj22 at apt12; obj131 at apt12; obj62 at pos6; obj71 at apt13; obj141 at apt9; obj61 at pos13; obj13 at pos3; obj82 at pos14; obj63 at pos13; obj11 at apt3; obj102 at pos14; obj123 at apt12; obj12 at apt10; obj21 at apt11; obj72 at apt2; obj122 at apt10; obj121 at pos6; obj92 at pos12; obj103 at apt3; obj43 at pos3; obj73 at pos14; obj53 at apt9; obj133 at pos10; obj23 at apt4; obj31 at pos11; obj81 at pos13; obj132 at pos2; obj111 at pos11; obj113 at pos6; obj93 at pos1; obj32 at pos10; obj142 at pos12; obj112 at apt1; and obj51 at apt14.",direct,true,covered,The complete 41-pair sentence explicitly states this goal atom.
goal,(at obj12 apt10),"Specifically, we want obj52 at apt13; obj101 at apt10; obj42 at apt11; obj83 at pos14; obj143 at pos11; obj91 at pos5; obj41 at apt14; obj22 at apt12; obj131 at apt12; obj62 at pos6; obj71 at apt13; obj141 at apt9; obj61 at pos13; obj13 at pos3; obj82 at pos14; obj63 at pos13; obj11 at apt3; obj102 at pos14; obj123 at apt12; obj12 at apt10; obj21 at apt11; obj72 at apt2; obj122 at apt10; obj121 at pos6; obj92 at pos12; obj103 at apt3; obj43 at pos3; obj73 at pos14; obj53 at apt9; obj133 at pos10; obj23 at apt4; obj31 at pos11; obj81 at pos13; obj132 at pos2; obj111 at pos11; obj113 at pos6; obj93 at pos1; obj32 at pos10; obj142 at pos12; obj112 at apt1; and obj51 at apt14.",direct,true,covered,The complete 41-pair sentence explicitly states this goal atom.
goal,(at obj21 apt11),"Specifically, we want obj52 at apt13; obj101 at apt10; obj42 at apt11; obj83 at pos14; obj143 at pos11; obj91 at pos5; obj41 at apt14; obj22 at apt12; obj131 at apt12; obj62 at pos6; obj71 at apt13; obj141 at apt9; obj61 at pos13; obj13 at pos3; obj82 at pos14; obj63 at pos13; obj11 at apt3; obj102 at pos14; obj123 at apt12; obj12 at apt10; obj21 at apt11; obj72 at apt2; obj122 at apt10; obj121 at pos6; obj92 at pos12; obj103 at apt3; obj43 at pos3; obj73 at pos14; obj53 at apt9; obj133 at pos10; obj23 at apt4; obj31 at pos11; obj81 at pos13; obj132 at pos2; obj111 at pos11; obj113 at pos6; obj93 at pos1; obj32 at pos10; obj142 at pos12; obj112 at apt1; and obj51 at apt14.",direct,true,covered,The complete 41-pair sentence explicitly states this goal atom.
goal,(at obj72 apt2),"Specifically, we want obj52 at apt13; obj101 at apt10; obj42 at apt11; obj83 at pos14; obj143 at pos11; obj91 at pos5; obj41 at apt14; obj22 at apt12; obj131 at apt12; obj62 at pos6; obj71 at apt13; obj141 at apt9; obj61 at pos13; obj13 at pos3; obj82 at pos14; obj63 at pos13; obj11 at apt3; obj102 at pos14; obj123 at apt12; obj12 at apt10; obj21 at apt11; obj72 at apt2; obj122 at apt10; obj121 at pos6; obj92 at pos12; obj103 at apt3; obj43 at pos3; obj73 at pos14; obj53 at apt9; obj133 at pos10; obj23 at apt4; obj31 at pos11; obj81 at pos13; obj132 at pos2; obj111 at pos11; obj113 at pos6; obj93 at pos1; obj32 at pos10; obj142 at pos12; obj112 at apt1; and obj51 at apt14.",direct,true,covered,The complete 41-pair sentence explicitly states this goal atom.
goal,(at obj122 apt10),"Specifically, we want obj52 at apt13; obj101 at apt10; obj42 at apt11; obj83 at pos14; obj143 at pos11; obj91 at pos5; obj41 at apt14; obj22 at apt12; obj131 at apt12; obj62 at pos6; obj71 at apt13; obj141 at apt9; obj61 at pos13; obj13 at pos3; obj82 at pos14; obj63 at pos13; obj11 at apt3; obj102 at pos14; obj123 at apt12; obj12 at apt10; obj21 at apt11; obj72 at apt2; obj122 at apt10; obj121 at pos6; obj92 at pos12; obj103 at apt3; obj43 at pos3; obj73 at pos14; obj53 at apt9; obj133 at pos10; obj23 at apt4; obj31 at pos11; obj81 at pos13; obj132 at pos2; obj111 at pos11; obj113 at pos6; obj93 at pos1; obj32 at pos10; obj142 at pos12; obj112 at apt1; and obj51 at apt14.",direct,true,covered,The complete 41-pair sentence explicitly states this goal atom.
goal,(at obj121 pos6),"Specifically, we want obj52 at apt13; obj101 at apt10; obj42 at apt11; obj83 at pos14; obj143 at pos11; obj91 at pos5; obj41 at apt14; obj22 at apt12; obj131 at apt12; obj62 at pos6; obj71 at apt13; obj141 at apt9; obj61 at pos13; obj13 at pos3; obj82 at pos14; obj63 at pos13; obj11 at apt3; obj102 at pos14; obj123 at apt12; obj12 at apt10; obj21 at apt11; obj72 at apt2; obj122 at apt10; obj121 at pos6; obj92 at pos12; obj103 at apt3; obj43 at pos3; obj73 at pos14; obj53 at apt9; obj133 at pos10; obj23 at apt4; obj31 at pos11; obj81 at pos13; obj132 at pos2; obj111 at pos11; obj113 at pos6; obj93 at pos1; obj32 at pos10; obj142 at pos12; obj112 at apt1; and obj51 at apt14.",direct,true,covered,The complete 41-pair sentence explicitly states this goal atom.
goal,(at obj92 pos12),"Specifically, we want obj52 at apt13; obj101 at apt10; obj42 at apt11; obj83 at pos14; obj143 at pos11; obj91 at pos5; obj41 at apt14; obj22 at apt12; obj131 at apt12; obj62 at pos6; obj71 at apt13; obj141 at apt9; obj61 at pos13; obj13 at pos3; obj82 at pos14; obj63 at pos13; obj11 at apt3; obj102 at pos14; obj123 at apt12; obj12 at apt10; obj21 at apt11; obj72 at apt2; obj122 at apt10; obj121 at pos6; obj92 at pos12; obj103 at apt3; obj43 at pos3; obj73 at pos14; obj53 at apt9; obj133 at pos10; obj23 at apt4; obj31 at pos11; obj81 at pos13; obj132 at pos2; obj111 at pos11; obj113 at pos6; obj93 at pos1; obj32 at pos10; obj142 at pos12; obj112 at apt1; and obj51 at apt14.",direct,true,covered,The complete 41-pair sentence explicitly states this goal atom.
goal,(at obj103 apt3),"Specifically, we want obj52 at apt13; obj101 at apt10; obj42 at apt11; obj83 at pos14; obj143 at pos11; obj91 at pos5; obj41 at apt14; obj22 at apt12; obj131 at apt12; obj62 at pos6; obj71 at apt13; obj141 at apt9; obj61 at pos13; obj13 at pos3; obj82 at pos14; obj63 at pos13; obj11 at apt3; obj102 at pos14; obj123 at apt12; obj12 at apt10; obj21 at apt11; obj72 at apt2; obj122 at apt10; obj121 at pos6; obj92 at pos12; obj103 at apt3; obj43 at pos3; obj73 at pos14; obj53 at apt9; obj133 at pos10; obj23 at apt4; obj31 at pos11; obj81 at pos13; obj132 at pos2; obj111 at pos11; obj113 at pos6; obj93 at pos1; obj32 at pos10; obj142 at pos12; obj112 at apt1; and obj51 at apt14.",direct,true,covered,The complete 41-pair sentence explicitly states this goal atom.
goal,(at obj43 pos3),"Specifically, we want obj52 at apt13; obj101 at apt10; obj42 at apt11; obj83 at pos14; obj143 at pos11; obj91 at pos5; obj41 at apt14; obj22 at apt12; obj131 at apt12; obj62 at pos6; obj71 at apt13; obj141 at apt9; obj61 at pos13; obj13 at pos3; obj82 at pos14; obj63 at pos13; obj11 at apt3; obj102 at pos14; obj123 at apt12; obj12 at apt10; obj21 at apt11; obj72 at apt2; obj122 at apt10; obj121 at pos6; obj92 at pos12; obj103 at apt3; obj43 at pos3; obj73 at pos14; obj53 at apt9; obj133 at pos10; obj23 at apt4; obj31 at pos11; obj81 at pos13; obj132 at pos2; obj111 at pos11; obj113 at pos6; obj93 at pos1; obj32 at pos10; obj142 at pos12; obj112 at apt1; and obj51 at apt14.",direct,true,covered,The complete 41-pair sentence explicitly states this goal atom.
goal,(at obj73 pos14),"Specifically, we want obj52 at apt13; obj101 at apt10; obj42 at apt11; obj83 at pos14; obj143 at pos11; obj91 at pos5; obj41 at apt14; obj22 at apt12; obj131 at apt12; obj62 at pos6; obj71 at apt13; obj141 at apt9; obj61 at pos13; obj13 at pos3; obj82 at pos14; obj63 at pos13; obj11 at apt3; obj102 at pos14; obj123 at apt12; obj12 at apt10; obj21 at apt11; obj72 at apt2; obj122 at apt10; obj121 at pos6; obj92 at pos12; obj103 at apt3; obj43 at pos3; obj73 at pos14; obj53 at apt9; obj133 at pos10; obj23 at apt4; obj31 at pos11; obj81 at pos13; obj132 at pos2; obj111 at pos11; obj113 at pos6; obj93 at pos1; obj32 at pos10; obj142 at pos12; obj112 at apt1; and obj51 at apt14.",direct,true,covered,The complete 41-pair sentence explicitly states this goal atom.
goal,(at obj53 apt9),"Specifically, we want obj52 at apt13; obj101 at apt10; obj42 at apt11; obj83 at pos14; obj143 at pos11; obj91 at pos5; obj41 at apt14; obj22 at apt12; obj131 at apt12; obj62 at pos6; obj71 at apt13; obj141 at apt9; obj61 at pos13; obj13 at pos3; obj82 at pos14; obj63 at pos13; obj11 at apt3; obj102 at pos14; obj123 at apt12; obj12 at apt10; obj21 at apt11; obj72 at apt2; obj122 at apt10; obj121 at pos6; obj92 at pos12; obj103 at apt3; obj43 at pos3; obj73 at pos14; obj53 at apt9; obj133 at pos10; obj23 at apt4; obj31 at pos11; obj81 at pos13; obj132 at pos2; obj111 at pos11; obj113 at pos6; obj93 at pos1; obj32 at pos10; obj142 at pos12; obj112 at apt1; and obj51 at apt14.",direct,true,covered,The complete 41-pair sentence explicitly states this goal atom.
goal,(at obj133 pos10),"Specifically, we want obj52 at apt13; obj101 at apt10; obj42 at apt11; obj83 at pos14; obj143 at pos11; obj91 at pos5; obj41 at apt14; obj22 at apt12; obj131 at apt12; obj62 at pos6; obj71 at apt13; obj141 at apt9; obj61 at pos13; obj13 at pos3; obj82 at pos14; obj63 at pos13; obj11 at apt3; obj102 at pos14; obj123 at apt12; obj12 at apt10; obj21 at apt11; obj72 at apt2; obj122 at apt10; obj121 at pos6; obj92 at pos12; obj103 at apt3; obj43 at pos3; obj73 at pos14; obj53 at apt9; obj133 at pos10; obj23 at apt4; obj31 at pos11; obj81 at pos13; obj132 at pos2; obj111 at pos11; obj113 at pos6; obj93 at pos1; obj32 at pos10; obj142 at pos12; obj112 at apt1; and obj51 at apt14.",direct,true,covered,The complete 41-pair sentence explicitly states this goal atom.
goal,(at obj23 apt4),"Specifically, we want obj52 at apt13; obj101 at apt10; obj42 at apt11; obj83 at pos14; obj143 at pos11; obj91 at pos5; obj41 at apt14; obj22 at apt12; obj131 at apt12; obj62 at pos6; obj71 at apt13; obj141 at apt9; obj61 at pos13; obj13 at pos3; obj82 at pos14; obj63 at pos13; obj11 at apt3; obj102 at pos14; obj123 at apt12; obj12 at apt10; obj21 at apt11; obj72 at apt2; obj122 at apt10; obj121 at pos6; obj92 at pos12; obj103 at apt3; obj43 at pos3; obj73 at pos14; obj53 at apt9; obj133 at pos10; obj23 at apt4; obj31 at pos11; obj81 at pos13; obj132 at pos2; obj111 at pos11; obj113 at pos6; obj93 at pos1; obj32 at pos10; obj142 at pos12; obj112 at apt1; and obj51 at apt14.",direct,true,covered,The complete 41-pair sentence explicitly states this goal atom.
goal,(at obj31 pos11),"Specifically, we want obj52 at apt13; obj101 at apt10; obj42 at apt11; obj83 at pos14; obj143 at pos11; obj91 at pos5; obj41 at apt14; obj22 at apt12; obj131 at apt12; obj62 at pos6; obj71 at apt13; obj141 at apt9; obj61 at pos13; obj13 at pos3; obj82 at pos14; obj63 at pos13; obj11 at apt3; obj102 at pos14; obj123 at apt12; obj12 at apt10; obj21 at apt11; obj72 at apt2; obj122 at apt10; obj121 at pos6; obj92 at pos12; obj103 at apt3; obj43 at pos3; obj73 at pos14; obj53 at apt9; obj133 at pos10; obj23 at apt4; obj31 at pos11; obj81 at pos13; obj132 at pos2; obj111 at pos11; obj113 at pos6; obj93 at pos1; obj32 at pos10; obj142 at pos12; obj112 at apt1; and obj51 at apt14.",direct,true,covered,The complete 41-pair sentence explicitly states this goal atom.
goal,(at obj81 pos13),"Specifically, we want obj52 at apt13; obj101 at apt10; obj42 at apt11; obj83 at pos14; obj143 at pos11; obj91 at pos5; obj41 at apt14; obj22 at apt12; obj131 at apt12; obj62 at pos6; obj71 at apt13; obj141 at apt9; obj61 at pos13; obj13 at pos3; obj82 at pos14; obj63 at pos13; obj11 at apt3; obj102 at pos14; obj123 at apt12; obj12 at apt10; obj21 at apt11; obj72 at apt2; obj122 at apt10; obj121 at pos6; obj92 at pos12; obj103 at apt3; obj43 at pos3; obj73 at pos14; obj53 at apt9; obj133 at pos10; obj23 at apt4; obj31 at pos11; obj81 at pos13; obj132 at pos2; obj111 at pos11; obj113 at pos6; obj93 at pos1; obj32 at pos10; obj142 at pos12; obj112 at apt1; and obj51 at apt14.",direct,true,covered,The complete 41-pair sentence explicitly states this goal atom.
goal,(at obj132 pos2),"Specifically, we want obj52 at apt13; obj101 at apt10; obj42 at apt11; obj83 at pos14; obj143 at pos11; obj91 at pos5; obj41 at apt14; obj22 at apt12; obj131 at apt12; obj62 at pos6; obj71 at apt13; obj141 at apt9; obj61 at pos13; obj13 at pos3; obj82 at pos14; obj63 at pos13; obj11 at apt3; obj102 at pos14; obj123 at apt12; obj12 at apt10; obj21 at apt11; obj72 at apt2; obj122 at apt10; obj121 at pos6; obj92 at pos12; obj103 at apt3; obj43 at pos3; obj73 at pos14; obj53 at apt9; obj133 at pos10; obj23 at apt4; obj31 at pos11; obj81 at pos13; obj132 at pos2; obj111 at pos11; obj113 at pos6; obj93 at pos1; obj32 at pos10; obj142 at pos12; obj112 at apt1; and obj51 at apt14.",direct,true,covered,The complete 41-pair sentence explicitly states this goal atom.
goal,(at obj111 pos11),"Specifically, we want obj52 at apt13; obj101 at apt10; obj42 at apt11; obj83 at pos14; obj143 at pos11; obj91 at pos5; obj41 at apt14; obj22 at apt12; obj131 at apt12; obj62 at pos6; obj71 at apt13; obj141 at apt9; obj61 at pos13; obj13 at pos3; obj82 at pos14; obj63 at pos13; obj11 at apt3; obj102 at pos14; obj123 at apt12; obj12 at apt10; obj21 at apt11; obj72 at apt2; obj122 at apt10; obj121 at pos6; obj92 at pos12; obj103 at apt3; obj43 at pos3; obj73 at pos14; obj53 at apt9; obj133 at pos10; obj23 at apt4; obj31 at pos11; obj81 at pos13; obj132 at pos2; obj111 at pos11; obj113 at pos6; obj93 at pos1; obj32 at pos10; obj142 at pos12; obj112 at apt1; and obj51 at apt14.",direct,true,covered,The complete 41-pair sentence explicitly states this goal atom.
goal,(at obj113 pos6),"Specifically, we want obj52 at apt13; obj101 at apt10; obj42 at apt11; obj83 at pos14; obj143 at pos11; obj91 at pos5; obj41 at apt14; obj22 at apt12; obj131 at apt12; obj62 at pos6; obj71 at apt13; obj141 at apt9; obj61 at pos13; obj13 at pos3; obj82 at pos14; obj63 at pos13; obj11 at apt3; obj102 at pos14; obj123 at apt12; obj12 at apt10; obj21 at apt11; obj72 at apt2; obj122 at apt10; obj121 at pos6; obj92 at pos12; obj103 at apt3; obj43 at pos3; obj73 at pos14; obj53 at apt9; obj133 at pos10; obj23 at apt4; obj31 at pos11; obj81 at pos13; obj132 at pos2; obj111 at pos11; obj113 at pos6; obj93 at pos1; obj32 at pos10; obj142 at pos12; obj112 at apt1; and obj51 at apt14.",direct,true,covered,The complete 41-pair sentence explicitly states this goal atom.
goal,(at obj93 pos1),"Specifically, we want obj52 at apt13; obj101 at apt10; obj42 at apt11; obj83 at pos14; obj143 at pos11; obj91 at pos5; obj41 at apt14; obj22 at apt12; obj131 at apt12; obj62 at pos6; obj71 at apt13; obj141 at apt9; obj61 at pos13; obj13 at pos3; obj82 at pos14; obj63 at pos13; obj11 at apt3; obj102 at pos14; obj123 at apt12; obj12 at apt10; obj21 at apt11; obj72 at apt2; obj122 at apt10; obj121 at pos6; obj92 at pos12; obj103 at apt3; obj43 at pos3; obj73 at pos14; obj53 at apt9; obj133 at pos10; obj23 at apt4; obj31 at pos11; obj81 at pos13; obj132 at pos2; obj111 at pos11; obj113 at pos6; obj93 at pos1; obj32 at pos10; obj142 at pos12; obj112 at apt1; and obj51 at apt14.",direct,true,covered,The complete 41-pair sentence explicitly states this goal atom.
goal,(at obj32 pos10),"Specifically, we want obj52 at apt13; obj101 at apt10; obj42 at apt11; obj83 at pos14; obj143 at pos11; obj91 at pos5; obj41 at apt14; obj22 at apt12; obj131 at apt12; obj62 at pos6; obj71 at apt13; obj141 at apt9; obj61 at pos13; obj13 at pos3; obj82 at pos14; obj63 at pos13; obj11 at apt3; obj102 at pos14; obj123 at apt12; obj12 at apt10; obj21 at apt11; obj72 at apt2; obj122 at apt10; obj121 at pos6; obj92 at pos12; obj103 at apt3; obj43 at pos3; obj73 at pos14; obj53 at apt9; obj133 at pos10; obj23 at apt4; obj31 at pos11; obj81 at pos13; obj132 at pos2; obj111 at pos11; obj113 at pos6; obj93 at pos1; obj32 at pos10; obj142 at pos12; obj112 at apt1; and obj51 at apt14.",direct,true,covered,The complete 41-pair sentence explicitly states this goal atom.
goal,(at obj142 pos12),"Specifically, we want obj52 at apt13; obj101 at apt10; obj42 at apt11; obj83 at pos14; obj143 at pos11; obj91 at pos5; obj41 at apt14; obj22 at apt12; obj131 at apt12; obj62 at pos6; obj71 at apt13; obj141 at apt9; obj61 at pos13; obj13 at pos3; obj82 at pos14; obj63 at pos13; obj11 at apt3; obj102 at pos14; obj123 at apt12; obj12 at apt10; obj21 at apt11; obj72 at apt2; obj122 at apt10; obj121 at pos6; obj92 at pos12; obj103 at apt3; obj43 at pos3; obj73 at pos14; obj53 at apt9; obj133 at pos10; obj23 at apt4; obj31 at pos11; obj81 at pos13; obj132 at pos2; obj111 at pos11; obj113 at pos6; obj93 at pos1; obj32 at pos10; obj142 at pos12; obj112 at apt1; and obj51 at apt14.",direct,true,covered,The complete 41-pair sentence explicitly states this goal atom.
goal,(at obj112 apt1),"Specifically, we want obj52 at apt13; obj101 at apt10; obj42 at apt11; obj83 at pos14; obj143 at pos11; obj91 at pos5; obj41 at apt14; obj22 at apt12; obj131 at apt12; obj62 at pos6; obj71 at apt13; obj141 at apt9; obj61 at pos13; obj13 at pos3; obj82 at pos14; obj63 at pos13; obj11 at apt3; obj102 at pos14; obj123 at apt12; obj12 at apt10; obj21 at apt11; obj72 at apt2; obj122 at apt10; obj121 at pos6; obj92 at pos12; obj103 at apt3; obj43 at pos3; obj73 at pos14; obj53 at apt9; obj133 at pos10; obj23 at apt4; obj31 at pos11; obj81 at pos13; obj132 at pos2; obj111 at pos11; obj113 at pos6; obj93 at pos1; obj32 at pos10; obj142 at pos12; obj112 at apt1; and obj51 at apt14.",direct,true,covered,The complete 41-pair sentence explicitly states this goal atom.
goal,(at obj51 apt14),"Specifically, we want obj52 at apt13; obj101 at apt10; obj42 at apt11; obj83 at pos14; obj143 at pos11; obj91 at pos5; obj41 at apt14; obj22 at apt12; obj131 at apt12; obj62 at pos6; obj71 at apt13; obj141 at apt9; obj61 at pos13; obj13 at pos3; obj82 at pos14; obj63 at pos13; obj11 at apt3; obj102 at pos14; obj123 at apt12; obj12 at apt10; obj21 at apt11; obj72 at apt2; obj122 at apt10; obj121 at pos6; obj92 at pos12; obj103 at apt3; obj43 at pos3; obj73 at pos14; obj53 at apt9; obj133 at pos10; obj23 at apt4; obj31 at pos11; obj81 at pos13; obj132 at pos2; obj111 at pos11; obj113 at pos6; obj93 at pos1; obj32 at pos10; obj142 at pos12; obj112 at apt1; and obj51 at apt14.",direct,true,covered,The complete 41-pair sentence explicitly states this goal atom.
