section,pddl_item,evidence,evidence_kind,unique,status,notes
objects,APN4,"The airplanes are apn1, apn2, apn3, apn4.",direct,true,covered,The object is explicitly enumerated.
objects,APT13,"The locations are pos1, apt1, pos2, apt2, pos3, apt3, pos4, apt4, pos5, apt5, pos6, apt6, pos7, apt7, pos8, apt8, pos9, apt9, pos10, apt10, pos11, apt11, pos12, apt12, pos13, apt13.",direct,true,covered,The object is explicitly enumerated.
objects,POS13,"The locations are pos1, apt1, pos2, apt2, pos3, apt3, pos4, apt4, pos5, apt5, pos6, apt6, pos7, apt7, pos8, apt8, pos9, apt9, pos10, apt10, pos11, apt11, pos12, apt12, pos13, apt13.",direct,true,covered,The object is explicitly enumerated.
objects,CIT13,"The cities are cit1, cit2, cit3, cit4, cit5, cit6, cit7, cit8, cit9, cit10, cit11, cit12, cit13.",direct,true,covered,The object is explicitly enumerated.
objects,TRU13,"The trucks are tru1, tru2, tru3, tru4, tru5, tru6, tru7, tru8, tru9, tru10, tru11, tru12, tru13.",direct,true,covered,The object is explicitly enumerated.
objects,OBJ133,"The packages are obj11, obj12, obj13, obj21, obj22, obj23, obj31, obj32, obj33, obj41, obj42, obj43, obj51, obj52, obj53, obj61, obj62, obj63, obj71, obj72, obj73, obj81, obj82, obj83, obj91, obj92, obj93, obj101, obj102, obj103, obj111, obj112, obj113, obj121, obj122, obj123, obj131, obj132, obj133.",direct,true,covered,The object is explicitly enumerated.
objects,OBJ132,"The packages are obj11, obj12, obj13, obj21, obj22, obj23, obj31, obj32, obj33, obj41, obj42, obj43, obj51, obj52, obj53, obj61, obj62, obj63, obj71, obj72, obj73, obj81, obj82, obj83, obj91, obj92, obj93, obj101, obj102, obj103, obj111, obj112, obj113, obj121, obj122, obj123, obj131, obj132, obj133.",direct,true,covered,The object is explicitly enumerated.
objects,OBJ131,"The packages are obj11, obj12, obj13, obj21, obj22, obj23, obj31, obj32, obj33, obj41, obj42, obj43, obj51, obj52, obj53, obj61, obj62, obj63, obj71, obj72, obj73, obj81, obj82, obj83, obj91, obj92, obj93, obj101, obj102, obj103, obj111, obj112, obj113, obj121, obj122, obj123, obj131, obj132, obj133.",direct,true,covered,The object is explicitly enumerated.
objects,APT12,"The locations are pos1, apt1, pos2, apt2, pos3, apt3, pos4, apt4, pos5, apt5, pos6, apt6, pos7, apt7, pos8, apt8, pos9, apt9, pos10, apt10, pos11, apt11, pos12, apt12, pos13, apt13.",direct,true,covered,The object is explicitly enumerated.
objects,POS12,"The locations are pos1, apt1, pos2, apt2, pos3, apt3, pos4, apt4, pos5, apt5, pos6, apt6, pos7, apt7, pos8, apt8, pos9, apt9, pos10, apt10, pos11, apt11, pos12, apt12, pos13, apt13.",direct,true,covered,The object is explicitly enumerated.
objects,CIT12,"The cities are cit1, cit2, cit3, cit4, cit5, cit6, cit7, cit8, cit9, cit10, cit11, cit12, cit13.",direct,true,covered,The object is explicitly enumerated.
objects,TRU12,"The trucks are tru1, tru2, tru3, tru4, tru5, tru6, tru7, tru8, tru9, tru10, tru11, tru12, tru13.",direct,true,covered,The object is explicitly enumerated.
objects,OBJ123,"The packages are obj11, obj12, obj13, obj21, obj22, obj23, obj31, obj32, obj33, obj41, obj42, obj43, obj51, obj52, obj53, obj61, obj62, obj63, obj71, obj72, obj73, obj81, obj82, obj83, obj91, obj92, obj93, obj101, obj102, obj103, obj111, obj112, obj113, obj121, obj122, obj123, obj131, obj132, obj133.",direct,true,covered,The object is explicitly enumerated.
objects,OBJ122,"The packages are obj11, obj12, obj13, obj21, obj22, obj23, obj31, obj32, obj33, obj41, obj42, obj43, obj51, obj52, obj53, obj61, obj62, obj63, obj71, obj72, obj73, obj81, obj82, obj83, obj91, obj92, obj93, obj101, obj102, obj103, obj111, obj112, obj113, obj121, obj122, obj123, obj131, obj132, obj133.",direct,true,covered,The object is explicitly enumerated.
objects,OBJ121,"The packages are obj11, obj12, obj13, obj21, obj22, obj23, obj31, obj32, obj33, obj41, obj42, obj43, obj51, obj52, obj53, obj61, obj62, obj63, obj71, obj72, obj73, obj81, obj82, obj83, obj91, obj92, obj93, obj101, obj102, obj103, obj111, obj112, obj113, obj121, obj122, obj123, obj131, obj132, obj133.",direct,true,covered,The object is explicitly enumerated.
objects,APT11,"The locations are pos1, apt1, pos2, apt2, pos3, apt3, pos4, apt4, pos5, apt5, pos6, apt6, pos7, apt7, pos8, apt8, pos9, apt9, pos10, apt10, pos11, apt11, pos12, apt12, pos13, apt13.",direct,true,covered,The object is explicitly enumerated.
objects,POS11,"The locations are pos1, apt1, pos2, apt2, pos3, apt3, pos4, apt4, pos5, apt5, pos6, apt6, pos7, apt7, pos8, apt8, pos9, apt9, pos10, apt10, pos11, apt11, pos12, apt12, pos13, apt13.",direct,true,covered,The object is explicitly enumerated.
objects,CIT11,"The cities are cit1, cit2, cit3, cit4, cit5, cit6, cit7, cit8, cit9, cit10, cit11, cit12, cit13.",direct,true,covered,The object is explicitly enumerated.
objects,TRU11,"The trucks are tru1, tru2, tru3, tru4, tru5, tru6, tru7, tru8, tru9, tru10, tru11, tru12, tru13.",direct,true,covered,The object is explicitly enumerated.
objects,OBJ113,"The packages are obj11, obj12, obj13, obj21, obj22, obj23, obj31, obj32, obj33, obj41, obj42, obj43, obj51, obj52, obj53, obj61, obj62, obj63, obj71, obj72, obj73, obj81, obj82, obj83, obj91, obj92, obj93, obj101, obj102, obj103, obj111, obj112, obj113, obj121, obj122, obj123, obj131, obj132, obj133.",direct,true,covered,The object is explicitly enumerated.
objects,OBJ112,"The packages are obj11, obj12, obj13, obj21, obj22, obj23, obj31, obj32, obj33, obj41, obj42, obj43, obj51, obj52, obj53, obj61, obj62, obj63, obj71, obj72, obj73, obj81, obj82, obj83, obj91, obj92, obj93, obj101, obj102, obj103, obj111, obj112, obj113, obj121, obj122, obj123, obj131, obj132, obj133.",direct,true,covered,The object is explicitly enumerated.
objects,OBJ111,"The packages are obj11, obj12, obj13, obj21, obj22, obj23, obj31, obj32, obj33, obj41, obj42, obj43, obj51, obj52, obj53, obj61, obj62, obj63, obj71, obj72, obj73, obj81, obj82, obj83, obj91, obj92, obj93, obj101, obj102, obj103, obj111, obj112, obj113, obj121, obj122, obj123, obj131, obj132, obj133.",direct,true,covered,The object is explicitly enumerated.
objects,APT10,"The locations are pos1, apt1, pos2, apt2, pos3, apt3, pos4, apt4, pos5, apt5, pos6, apt6, pos7, apt7, pos8, apt8, pos9, apt9, pos10, apt10, pos11, apt11, pos12, apt12, pos13, apt13.",direct,true,covered,The object is explicitly enumerated.
objects,POS10,"The locations are pos1, apt1, pos2, apt2, pos3, apt3, pos4, apt4, pos5, apt5, pos6, apt6, pos7, apt7, pos8, apt8, pos9, apt9, pos10, apt10, pos11, apt11, pos12, apt12, pos13, apt13.",direct,true,covered,The object is explicitly enumerated.
objects,CIT10,"The cities are cit1, cit2, cit3, cit4, cit5, cit6, cit7, cit8, cit9, cit10, cit11, cit12, cit13.",direct,true,covered,The object is explicitly enumerated.
objects,TRU10,"The trucks are tru1, tru2, tru3, tru4, tru5, tru6, tru7, tru8, tru9, tru10, tru11, tru12, tru13.",direct,true,covered,The object is explicitly enumerated.
objects,OBJ103,"The packages are obj11, obj12, obj13, obj21, obj22, obj23, obj31, obj32, obj33, obj41, obj42, obj43, obj51, obj52, obj53, obj61, obj62, obj63, obj71, obj72, obj73, obj81, obj82, obj83, obj91, obj92, obj93, obj101, obj102, obj103, obj111, obj112, obj113, obj121, obj122, obj123, obj131, obj132, obj133.",direct,true,covered,The object is explicitly enumerated.
objects,OBJ102,"The packages are obj11, obj12, obj13, obj21, obj22, obj23, obj31, obj32, obj33, obj41, obj42, obj43, obj51, obj52, obj53, obj61, obj62, obj63, obj71, obj72, obj73, obj81, obj82, obj83, obj91, obj92, obj93, obj101, obj102, obj103, obj111, obj112, obj113, obj121, obj122, obj123, obj131, obj132, obj133.",direct,true,covered,The object is explicitly enumerated.
objects,OBJ101,"The packages are obj11, obj12, obj13, obj21, obj22, obj23, obj31, obj32, obj33, obj41, obj42, obj43, obj51, obj52, obj53, obj61, obj62, obj63, obj71, obj72, obj73, obj81, obj82, obj83, obj91, obj92, obj93, obj101, obj102, obj103, obj111, obj112, obj113, obj121, obj122, obj123, obj131, obj132, obj133.",direct,true,covered,The object is explicitly enumerated.
objects,APN3,"The airplanes are apn1, apn2, apn3, apn4.",direct,true,covered,The object is explicitly enumerated.
objects,APT9,"The locations are pos1, apt1, pos2, apt2, pos3, apt3, pos4, apt4, pos5, apt5, pos6, apt6, pos7, apt7, pos8, apt8, pos9, apt9, pos10, apt10, pos11, apt11, pos12, apt12, pos13, apt13.",direct,true,covered,The object is explicitly enumerated.
objects,POS9,"The locations are pos1, apt1, pos2, apt2, pos3, apt3, pos4, apt4, pos5, apt5, pos6, apt6, pos7, apt7, pos8, apt8, pos9, apt9, pos10, apt10, pos11, apt11, pos12, apt12, pos13, apt13.",direct,true,covered,The object is explicitly enumerated.
objects,CIT9,"The cities are cit1, cit2, cit3, cit4, cit5, cit6, cit7, cit8, cit9, cit10, cit11, cit12, cit13.",direct,true,covered,The object is explicitly enumerated.
objects,TRU9,"The trucks are tru1, tru2, tru3, tru4, tru5, tru6, tru7, tru8, tru9, tru10, tru11, tru12, tru13.",direct,true,covered,The object is explicitly enumerated.
objects,OBJ93,"The packages are obj11, obj12, obj13, obj21, obj22, obj23, obj31, obj32, obj33, obj41, obj42, obj43, obj51, obj52, obj53, obj61, obj62, obj63, obj71, obj72, obj73, obj81, obj82, obj83, obj91, obj92, obj93, obj101, obj102, obj103, obj111, obj112, obj113, obj121, obj122, obj123, obj131, obj132, obj133.",direct,true,covered,The object is explicitly enumerated.
objects,OBJ92,"The packages are obj11, obj12, obj13, obj21, obj22, obj23, obj31, obj32, obj33, obj41, obj42, obj43, obj51, obj52, obj53, obj61, obj62, obj63, obj71, obj72, obj73, obj81, obj82, obj83, obj91, obj92, obj93, obj101, obj102, obj103, obj111, obj112, obj113, obj121, obj122, obj123, obj131, obj132, obj133.",direct,true,covered,The object is explicitly enumerated.
objects,OBJ91,"The packages are obj11, obj12, obj13, obj21, obj22, obj23, obj31, obj32, obj33, obj41, obj42, obj43, obj51, obj52, obj53, obj61, obj62, obj63, obj71, obj72, obj73, obj81, obj82, obj83, obj91, obj92, obj93, obj101, obj102, obj103, obj111, obj112, obj113, obj121, obj122, obj123, obj131, obj132, obj133.",direct,true,covered,The object is explicitly enumerated.
objects,APT8,"The locations are pos1, apt1, pos2, apt2, pos3, apt3, pos4, apt4, pos5, apt5, pos6, apt6, pos7, apt7, pos8, apt8, pos9, apt9, pos10, apt10, pos11, apt11, pos12, apt12, pos13, apt13.",direct,true,covered,The object is explicitly enumerated.
objects,POS8,"The locations are pos1, apt1, pos2, apt2, pos3, apt3, pos4, apt4, pos5, apt5, pos6, apt6, pos7, apt7, pos8, apt8, pos9, apt9, pos10, apt10, pos11, apt11, pos12, apt12, pos13, apt13.",direct,true,covered,The object is explicitly enumerated.
objects,CIT8,"The cities are cit1, cit2, cit3, cit4, cit5, cit6, cit7, cit8, cit9, cit10, cit11, cit12, cit13.",direct,true,covered,The object is explicitly enumerated.
objects,TRU8,"The trucks are tru1, tru2, tru3, tru4, tru5, tru6, tru7, tru8, tru9, tru10, tru11, tru12, tru13.",direct,true,covered,The object is explicitly enumerated.
objects,OBJ83,"The packages are obj11, obj12, obj13, obj21, obj22, obj23, obj31, obj32, obj33, obj41, obj42, obj43, obj51, obj52, obj53, obj61, obj62, obj63, obj71, obj72, obj73, obj81, obj82, obj83, obj91, obj92, obj93, obj101, obj102, obj103, obj111, obj112, obj113, obj121, obj122, obj123, obj131, obj132, obj133.",direct,true,covered,The object is explicitly enumerated.
objects,OBJ82,"The packages are obj11, obj12, obj13, obj21, obj22, obj23, obj31, obj32, obj33, obj41, obj42, obj43, obj51, obj52, obj53, obj61, obj62, obj63, obj71, obj72, obj73, obj81, obj82, obj83, obj91, obj92, obj93, obj101, obj102, obj103, obj111, obj112, obj113, obj121, obj122, obj123, obj131, obj132, obj133.",direct,true,covered,The object is explicitly enumerated.
objects,OBJ81,"The packages are obj11, obj12, obj13, obj21, obj22, obj23, obj31, obj32, obj33, obj41, obj42, obj43, obj51, obj52, obj53, obj61, obj62, obj63, obj71, obj72, obj73, obj81, obj82, obj83, obj91, obj92, obj93, obj101, obj102, obj103, obj111, obj112, obj113, obj121, obj122, obj123, obj131, obj132, obj133.",direct,true,covered,The object is explicitly enumerated.
objects,APT7,"The locations are pos1, apt1, pos2, apt2, pos3, apt3, pos4, apt4, pos5, apt5, pos6, apt6, pos7, apt7, pos8, apt8, pos9, apt9, pos10, apt10, pos11, apt11, pos12, apt12, pos13, apt13.",direct,true,covered,The object is explicitly enumerated.
objects,POS7,"The locations are pos1, apt1, pos2, apt2, pos3, apt3, pos4, apt4, pos5, apt5, pos6, apt6, pos7, apt7, pos8, apt8, pos9, apt9, pos10, apt10, pos11, apt11, pos12, apt12, pos13, apt13.",direct,true,covered,The object is explicitly enumerated.
objects,CIT7,"The cities are cit1, cit2, cit3, cit4, cit5, cit6, cit7, cit8, cit9, cit10, cit11, cit12, cit13.",direct,true,covered,The object is explicitly enumerated.
objects,TRU7,"The trucks are tru1, tru2, tru3, tru4, tru5, tru6, tru7, tru8, tru9, tru10, tru11, tru12, tru13.",direct,true,covered,The object is explicitly enumerated.
objects,OBJ73,"The packages are obj11, obj12, obj13, obj21, obj22, obj23, obj31, obj32, obj33, obj41, obj42, obj43, obj51, obj52, obj53, obj61, obj62, obj63, obj71, obj72, obj73, obj81, obj82, obj83, obj91, obj92, obj93, obj101, obj102, obj103, obj111, obj112, obj113, obj121, obj122, obj123, obj131, obj132, obj133.",direct,true,covered,The object is explicitly enumerated.
objects,OBJ72,"The packages are obj11, obj12, obj13, obj21, obj22, obj23, obj31, obj32, obj33, obj41, obj42, obj43, obj51, obj52, obj53, obj61, obj62, obj63, obj71, obj72, obj73, obj81, obj82, obj83, obj91, obj92, obj93, obj101, obj102, obj103, obj111, obj112, obj113, obj121, obj122, obj123, obj131, obj132, obj133.",direct,true,covered,The object is explicitly enumerated.
objects,OBJ71,"The packages are obj11, obj12, obj13, obj21, obj22, obj23, obj31, obj32, obj33, obj41, obj42, obj43, obj51, obj52, obj53, obj61, obj62, obj63, obj71, obj72, obj73, obj81, obj82, obj83, obj91, obj92, obj93, obj101, obj102, obj103, obj111, obj112, obj113, obj121, obj122, obj123, obj131, obj132, obj133.",direct,true,covered,The object is explicitly enumerated.
objects,APT6,"The locations are pos1, apt1, pos2, apt2, pos3, apt3, pos4, apt4, pos5, apt5, pos6, apt6, pos7, apt7, pos8, apt8, pos9, apt9, pos10, apt10, pos11, apt11, pos12, apt12, pos13, apt13.",direct,true,covered,The object is explicitly enumerated.
objects,POS6,"The locations are pos1, apt1, pos2, apt2, pos3, apt3, pos4, apt4, pos5, apt5, pos6, apt6, pos7, apt7, pos8, apt8, pos9, apt9, pos10, apt10, pos11, apt11, pos12, apt12, pos13, apt13.",direct,true,covered,The object is explicitly enumerated.
objects,CIT6,"The cities are cit1, cit2, cit3, cit4, cit5, cit6, cit7, cit8, cit9, cit10, cit11, cit12, cit13.",direct,true,covered,The object is explicitly enumerated.
objects,TRU6,"The trucks are tru1, tru2, tru3, tru4, tru5, tru6, tru7, tru8, tru9, tru10, tru11, tru12, tru13.",direct,true,covered,The object is explicitly enumerated.
objects,OBJ63,"The packages are obj11, obj12, obj13, obj21, obj22, obj23, obj31, obj32, obj33, obj41, obj42, obj43, obj51, obj52, obj53, obj61, obj62, obj63, obj71, obj72, obj73, obj81, obj82, obj83, obj91, obj92, obj93, obj101, obj102, obj103, obj111, obj112, obj113, obj121, obj122, obj123, obj131, obj132, obj133.",direct,true,covered,The object is explicitly enumerated.
objects,OBJ62,"The packages are obj11, obj12, obj13, obj21, obj22, obj23, obj31, obj32, obj33, obj41, obj42, obj43, obj51, obj52, obj53, obj61, obj62, obj63, obj71, obj72, obj73, obj81, obj82, obj83, obj91, obj92, obj93, obj101, obj102, obj103, obj111, obj112, obj113, obj121, obj122, obj123, obj131, obj132, obj133.",direct,true,covered,The object is explicitly enumerated.
objects,OBJ61,"The packages are obj11, obj12, obj13, obj21, obj22, obj23, obj31, obj32, obj33, obj41, obj42, obj43, obj51, obj52, obj53, obj61, obj62, obj63, obj71, obj72, obj73, obj81, obj82, obj83, obj91, obj92, obj93, obj101, obj102, obj103, obj111, obj112, obj113, obj121, obj122, obj123, obj131, obj132, obj133.",direct,true,covered,The object is explicitly enumerated.
objects,APN2,"The airplanes are apn1, apn2, apn3, apn4.",direct,true,covered,The object is explicitly enumerated.
objects,APT5,"The locations are pos1, apt1, pos2, apt2, pos3, apt3, pos4, apt4, pos5, apt5, pos6, apt6, pos7, apt7, pos8, apt8, pos9, apt9, pos10, apt10, pos11, apt11, pos12, apt12, pos13, apt13.",direct,true,covered,The object is explicitly enumerated.
objects,POS5,"The locations are pos1, apt1, pos2, apt2, pos3, apt3, pos4, apt4, pos5, apt5, pos6, apt6, pos7, apt7, pos8, apt8, pos9, apt9, pos10, apt10, pos11, apt11, pos12, apt12, pos13, apt13.",direct,true,covered,The object is explicitly enumerated.
objects,CIT5,"The cities are cit1, cit2, cit3, cit4, cit5, cit6, cit7, cit8, cit9, cit10, cit11, cit12, cit13.",direct,true,covered,The object is explicitly enumerated.
objects,TRU5,"The trucks are tru1, tru2, tru3, tru4, tru5, tru6, tru7, tru8, tru9, tru10, tru11, tru12, tru13.",direct,true,covered,The object is explicitly enumerated.
objects,OBJ53,"The packages are obj11, obj12, obj13, obj21, obj22, obj23, obj31, obj32, obj33, obj41, obj42, obj43, obj51, obj52, obj53, obj61, obj62, obj63, obj71, obj72, obj73, obj81, obj82, obj83, obj91, obj92, obj93, obj101, obj102, obj103, obj111, obj112, obj113, obj121, obj122, obj123, obj131, obj132, obj133.",direct,true,covered,The object is explicitly enumerated.
objects,OBJ52,"The packages are obj11, obj12, obj13, obj21, obj22, obj23, obj31, obj32, obj33, obj41, obj42, obj43, obj51, obj52, obj53, obj61, obj62, obj63, obj71, obj72, obj73, obj81, obj82, obj83, obj91, obj92, obj93, obj101, obj102, obj103, obj111, obj112, obj113, obj121, obj122, obj123, obj131, obj132, obj133.",direct,true,covered,The object is explicitly enumerated.
objects,OBJ51,"The packages are obj11, obj12, obj13, obj21, obj22, obj23, obj31, obj32, obj33, obj41, obj42, obj43, obj51, obj52, obj53, obj61, obj62, obj63, obj71, obj72, obj73, obj81, obj82, obj83, obj91, obj92, obj93, obj101, obj102, obj103, obj111, obj112, obj113, obj121, obj122, obj123, obj131, obj132, obj133.",direct,true,covered,The object is explicitly enumerated.
objects,APT4,"The locations are pos1, apt1, pos2, apt2, pos3, apt3, pos4, apt4, pos5, apt5, pos6, apt6, pos7, apt7, pos8, apt8, pos9, apt9, pos10, apt10, pos11, apt11, pos12, apt12, pos13, apt13.",direct,true,covered,The object is explicitly enumerated.
objects,POS4,"The locations are pos1, apt1, pos2, apt2, pos3, apt3, pos4, apt4, pos5, apt5, pos6, apt6, pos7, apt7, pos8, apt8, pos9, apt9, pos10, apt10, pos11, apt11, pos12, apt12, pos13, apt13.",direct,true,covered,The object is explicitly enumerated.
objects,CIT4,"The cities are cit1, cit2, cit3, cit4, cit5, cit6, cit7, cit8, cit9, cit10, cit11, cit12, cit13.",direct,true,covered,The object is explicitly enumerated.
objects,TRU4,"The trucks are tru1, tru2, tru3, tru4, tru5, tru6, tru7, tru8, tru9, tru10, tru11, tru12, tru13.",direct,true,covered,The object is explicitly enumerated.
objects,OBJ43,"The packages are obj11, obj12, obj13, obj21, obj22, obj23, obj31, obj32, obj33, obj41, obj42, obj43, obj51, obj52, obj53, obj61, obj62, obj63, obj71, obj72, obj73, obj81, obj82, obj83, obj91, obj92, obj93, obj101, obj102, obj103, obj111, obj112, obj113, obj121, obj122, obj123, obj131, obj132, obj133.",direct,true,covered,The object is explicitly enumerated.
objects,OBJ42,"The packages are obj11, obj12, obj13, obj21, obj22, obj23, obj31, obj32, obj33, obj41, obj42, obj43, obj51, obj52, obj53, obj61, obj62, obj63, obj71, obj72, obj73, obj81, obj82, obj83, obj91, obj92, obj93, obj101, obj102, obj103, obj111, obj112, obj113, obj121, obj122, obj123, obj131, obj132, obj133.",direct,true,covered,The object is explicitly enumerated.
objects,OBJ41,"The packages are obj11, obj12, obj13, obj21, obj22, obj23, obj31, obj32, obj33, obj41, obj42, obj43, obj51, obj52, obj53, obj61, obj62, obj63, obj71, obj72, obj73, obj81, obj82, obj83, obj91, obj92, obj93, obj101, obj102, obj103, obj111, obj112, obj113, obj121, obj122, obj123, obj131, obj132, obj133.",direct,true,covered,The object is explicitly enumerated.
objects,APT3,"The locations are pos1, apt1, pos2, apt2, pos3, apt3, pos4, apt4, pos5, apt5, pos6, apt6, pos7, apt7, pos8, apt8, pos9, apt9, pos10, apt10, pos11, apt11, pos12, apt12, pos13, apt13.",direct,true,covered,The object is explicitly enumerated.
objects,POS3,"The locations are pos1, apt1, pos2, apt2, pos3, apt3, pos4, apt4, pos5, apt5, pos6, apt6, pos7, apt7, pos8, apt8, pos9, apt9, pos10, apt10, pos11, apt11, pos12, apt12, pos13, apt13.",direct,true,covered,The object is explicitly enumerated.
objects,CIT3,"The cities are cit1, cit2, cit3, cit4, cit5, cit6, cit7, cit8, cit9, cit10, cit11, cit12, cit13.",direct,true,covered,The object is explicitly enumerated.
objects,TRU3,"The trucks are tru1, tru2, tru3, tru4, tru5, tru6, tru7, tru8, tru9, tru10, tru11, tru12, tru13.",direct,true,covered,The object is explicitly enumerated.
objects,OBJ33,"The packages are obj11, obj12, obj13, obj21, obj22, obj23, obj31, obj32, obj33, obj41, obj42, obj43, obj51, obj52, obj53, obj61, obj62, obj63, obj71, obj72, obj73, obj81, obj82, obj83, obj91, obj92, obj93, obj101, obj102, obj103, obj111, obj112, obj113, obj121, obj122, obj123, obj131, obj132, obj133.",direct,true,covered,The object is explicitly enumerated.
objects,OBJ32,"The packages are obj11, obj12, obj13, obj21, obj22, obj23, obj31, obj32, obj33, obj41, obj42, obj43, obj51, obj52, obj53, obj61, obj62, obj63, obj71, obj72, obj73, obj81, obj82, obj83, obj91, obj92, obj93, obj101, obj102, obj103, obj111, obj112, obj113, obj121, obj122, obj123, obj131, obj132, obj133.",direct,true,covered,The object is explicitly enumerated.
objects,OBJ31,"The packages are obj11, obj12, obj13, obj21, obj22, obj23, obj31, obj32, obj33, obj41, obj42, obj43, obj51, obj52, obj53, obj61, obj62, obj63, obj71, obj72, obj73, obj81, obj82, obj83, obj91, obj92, obj93, obj101, obj102, obj103, obj111, obj112, obj113, obj121, obj122, obj123, obj131, obj132, obj133.",direct,true,covered,The object is explicitly enumerated.
objects,APT2,"The locations are pos1, apt1, pos2, apt2, pos3, apt3, pos4, apt4, pos5, apt5, pos6, apt6, pos7, apt7, pos8, apt8, pos9, apt9, pos10, apt10, pos11, apt11, pos12, apt12, pos13, apt13.",direct,true,covered,The object is explicitly enumerated.
objects,POS2,"The locations are pos1, apt1, pos2, apt2, pos3, apt3, pos4, apt4, pos5, apt5, pos6, apt6, pos7, apt7, pos8, apt8, pos9, apt9, pos10, apt10, pos11, apt11, pos12, apt12, pos13, apt13.",direct,true,covered,The object is explicitly enumerated.
objects,CIT2,"The cities are cit1, cit2, cit3, cit4, cit5, cit6, cit7, cit8, cit9, cit10, cit11, cit12, cit13.",direct,true,covered,The object is explicitly enumerated.
objects,TRU2,"The trucks are tru1, tru2, tru3, tru4, tru5, tru6, tru7, tru8, tru9, tru10, tru11, tru12, tru13.",direct,true,covered,The object is explicitly enumerated.
objects,OBJ23,"The packages are obj11, obj12, obj13, obj21, obj22, obj23, obj31, obj32, obj33, obj41, obj42, obj43, obj51, obj52, obj53, obj61, obj62, obj63, obj71, obj72, obj73, obj81, obj82, obj83, obj91, obj92, obj93, obj101, obj102, obj103, obj111, obj112, obj113, obj121, obj122, obj123, obj131, obj132, obj133.",direct,true,covered,The object is explicitly enumerated.
objects,OBJ22,"The packages are obj11, obj12, obj13, obj21, obj22, obj23, obj31, obj32, obj33, obj41, obj42, obj43, obj51, obj52, obj53, obj61, obj62, obj63, obj71, obj72, obj73, obj81, obj82, obj83, obj91, obj92, obj93, obj101, obj102, obj103, obj111, obj112, obj113, obj121, obj122, obj123, obj131, obj132, obj133.",direct,true,covered,The object is explicitly enumerated.
objects,OBJ21,"The packages are obj11, obj12, obj13, obj21, obj22, obj23, obj31, obj32, obj33, obj41, obj42, obj43, obj51, obj52, obj53, obj61, obj62, obj63, obj71, obj72, obj73, obj81, obj82, obj83, obj91, obj92, obj93, obj101, obj102, obj103, obj111, obj112, obj113, obj121, obj122, obj123, obj131, obj132, obj133.",direct,true,covered,The object is explicitly enumerated.
objects,APN1,"The airplanes are apn1, apn2, apn3, apn4.",direct,true,covered,The object is explicitly enumerated.
objects,APT1,"The locations are pos1, apt1, pos2, apt2, pos3, apt3, pos4, apt4, pos5, apt5, pos6, apt6, pos7, apt7, pos8, apt8, pos9, apt9, pos10, apt10, pos11, apt11, pos12, apt12, pos13, apt13.",direct,true,covered,The object is explicitly enumerated.
objects,POS1,"The locations are pos1, apt1, pos2, apt2, pos3, apt3, pos4, apt4, pos5, apt5, pos6, apt6, pos7, apt7, pos8, apt8, pos9, apt9, pos10, apt10, pos11, apt11, pos12, apt12, pos13, apt13.",direct,true,covered,The object is explicitly enumerated.
objects,CIT1,"The cities are cit1, cit2, cit3, cit4, cit5, cit6, cit7, cit8, cit9, cit10, cit11, cit12, cit13.",direct,true,covered,The object is explicitly enumerated.
objects,TRU1,"The trucks are tru1, tru2, tru3, tru4, tru5, tru6, tru7, tru8, tru9, tru10, tru11, tru12, tru13.",direct,true,covered,The object is explicitly enumerated.
objects,OBJ13,"The packages are obj11, obj12, obj13, obj21, obj22, obj23, obj31, obj32, obj33, obj41, obj42, obj43, obj51, obj52, obj53, obj61, obj62, obj63, obj71, obj72, obj73, obj81, obj82, obj83, obj91, obj92, obj93, obj101, obj102, obj103, obj111, obj112, obj113, obj121, obj122, obj123, obj131, obj132, obj133.",direct,true,covered,The object is explicitly enumerated.
objects,OBJ12,"The packages are obj11, obj12, obj13, obj21, obj22, obj23, obj31, obj32, obj33, obj41, obj42, obj43, obj51, obj52, obj53, obj61, obj62, obj63, obj71, obj72, obj73, obj81, obj82, obj83, obj91, obj92, obj93, obj101, obj102, obj103, obj111, obj112, obj113, obj121, obj122, obj123, obj131, obj132, obj133.",direct,true,covered,The object is explicitly enumerated.
objects,OBJ11,"The packages are obj11, obj12, obj13, obj21, obj22, obj23, obj31, obj32, obj33, obj41, obj42, obj43, obj51, obj52, obj53, obj61, obj62, obj63, obj71, obj72, obj73, obj81, obj82, obj83, obj91, obj92, obj93, obj101, obj102, obj103, obj111, obj112, obj113, obj121, obj122, obj123, obj131, obj132, obj133.",direct,true,covered,The object is explicitly enumerated.
init,(PACKAGE OBJ11),"The packages are obj11, obj12, obj13, obj21, obj22, obj23, obj31, obj32, obj33, obj41, obj42, obj43, obj51, obj52, obj53, obj61, obj62, obj63, obj71, obj72, obj73, obj81, obj82, obj83, obj91, obj92, obj93, obj101, obj102, obj103, obj111, obj112, obj113, obj121, obj122, obj123, obj131, obj132, obj133.",direct,true,covered,The item is explicitly enumerated in the original description.
init,(PACKAGE OBJ12),"The packages are obj11, obj12, obj13, obj21, obj22, obj23, obj31, obj32, obj33, obj41, obj42, obj43, obj51, obj52, obj53, obj61, obj62, obj63, obj71, obj72, obj73, obj81, obj82, obj83, obj91, obj92, obj93, obj101, obj102, obj103, obj111, obj112, obj113, obj121, obj122, obj123, obj131, obj132, obj133.",direct,true,covered,The item is explicitly enumerated in the original description.
init,(PACKAGE OBJ13),"The packages are obj11, obj12, obj13, obj21, obj22, obj23, obj31, obj32, obj33, obj41, obj42, obj43, obj51, obj52, obj53, obj61, obj62, obj63, obj71, obj72, obj73, obj81, obj82, obj83, obj91, obj92, obj93, obj101, obj102, obj103, obj111, obj112, obj113, obj121, obj122, obj123, obj131, obj132, obj133.",direct,true,covered,The item is explicitly enumerated in the original description.
init,(PACKAGE OBJ21),"The packages are obj11, obj12, obj13, obj21, obj22, obj23, obj31, obj32, obj33, obj41, obj42, obj43, obj51, obj52, obj53, obj61, obj62, obj63, obj71, obj72, obj73, obj81, obj82, obj83, obj91, obj92, obj93, obj101, obj102, obj103, obj111, obj112, obj113, obj121, obj122, obj123, obj131, obj132, obj133.",direct,true,covered,The item is explicitly enumerated in the original description.
init,(PACKAGE OBJ22),"The packages are obj11, obj12, obj13, obj21, obj22, obj23, obj31, obj32, obj33, obj41, obj42, obj43, obj51, obj52, obj53, obj61, obj62, obj63, obj71, obj72, obj73, obj81, obj82, obj83, obj91, obj92, obj93, obj101, obj102, obj103, obj111, obj112, obj113, obj121, obj122, obj123, obj131, obj132, obj133.",direct,true,covered,The item is explicitly enumerated in the original description.
init,(PACKAGE OBJ23),"The packages are obj11, obj12, obj13, obj21, obj22, obj23, obj31, obj32, obj33, obj41, obj42, obj43, obj51, obj52, obj53, obj61, obj62, obj63, obj71, obj72, obj73, obj81, obj82, obj83, obj91, obj92, obj93, obj101, obj102, obj103, obj111, obj112, obj113, obj121, obj122, obj123, obj131, obj132, obj133.",direct,true,covered,The item is explicitly enumerated in the original description.
init,(PACKAGE OBJ31),"The packages are obj11, obj12, obj13, obj21, obj22, obj23, obj31, obj32, obj33, obj41, obj42, obj43, obj51, obj52, obj53, obj61, obj62, obj63, obj71, obj72, obj73, obj81, obj82, obj83, obj91, obj92, obj93, obj101, obj102, obj103, obj111, obj112, obj113, obj121, obj122, obj123, obj131, obj132, obj133.",direct,true,covered,The item is explicitly enumerated in the original description.
init,(PACKAGE OBJ32),"The packages are obj11, obj12, obj13, obj21, obj22, obj23, obj31, obj32, obj33, obj41, obj42, obj43, obj51, obj52, obj53, obj61, obj62, obj63, obj71, obj72, obj73, obj81, obj82, obj83, obj91, obj92, obj93, obj101, obj102, obj103, obj111, obj112, obj113, obj121, obj122, obj123, obj131, obj132, obj133.",direct,true,covered,The item is explicitly enumerated in the original description.
init,(PACKAGE OBJ33),"The packages are obj11, obj12, obj13, obj21, obj22, obj23, obj31, obj32, obj33, obj41, obj42, obj43, obj51, obj52, obj53, obj61, obj62, obj63, obj71, obj72, obj73, obj81, obj82, obj83, obj91, obj92, obj93, obj101, obj102, obj103, obj111, obj112, obj113, obj121, obj122, obj123, obj131, obj132, obj133.",direct,true,covered,The item is explicitly enumerated in the original description.
init,(PACKAGE OBJ41),"The packages are obj11, obj12, obj13, obj21, obj22, obj23, obj31, obj32, obj33, obj41, obj42, obj43, obj51, obj52, obj53, obj61, obj62, obj63, obj71, obj72, obj73, obj81, obj82, obj83, obj91, obj92, obj93, obj101, obj102, obj103, obj111, obj112, obj113, obj121, obj122, obj123, obj131, obj132, obj133.",direct,true,covered,The item is explicitly enumerated in the original description.
init,(PACKAGE OBJ42),"The packages are obj11, obj12, obj13, obj21, obj22, obj23, obj31, obj32, obj33, obj41, obj42, obj43, obj51, obj52, obj53, obj61, obj62, obj63, obj71, obj72, obj73, obj81, obj82, obj83, obj91, obj92, obj93, obj101, obj102, obj103, obj111, obj112, obj113, obj121, obj122, obj123, obj131, obj132, obj133.",direct,true,covered,The item is explicitly enumerated in the original description.
init,(PACKAGE OBJ43),"The packages are obj11, obj12, obj13, obj21, obj22, obj23, obj31, obj32, obj33, obj41, obj42, obj43, obj51, obj52, obj53, obj61, obj62, obj63, obj71, obj72, obj73, obj81, obj82, obj83, obj91, obj92, obj93, obj101, obj102, obj103, obj111, obj112, obj113, obj121, obj122, obj123, obj131, obj132, obj133.",direct,true,covered,The item is explicitly enumerated in the original description.
init,(PACKAGE OBJ51),"The packages are obj11, obj12, obj13, obj21, obj22, obj23, obj31, obj32, obj33, obj41, obj42, obj43, obj51, obj52, obj53, obj61, obj62, obj63, obj71, obj72, obj73, obj81, obj82, obj83, obj91, obj92, obj93, obj101, obj102, obj103, obj111, obj112, obj113, obj121, obj122, obj123, obj131, obj132, obj133.",direct,true,covered,The item is explicitly enumerated in the original description.
init,(PACKAGE OBJ52),"The packages are obj11, obj12, obj13, obj21, obj22, obj23, obj31, obj32, obj33, obj41, obj42, obj43, obj51, obj52, obj53, obj61, obj62, obj63, obj71, obj72, obj73, obj81, obj82, obj83, obj91, obj92, obj93, obj101, obj102, obj103, obj111, obj112, obj113, obj121, obj122, obj123, obj131, obj132, obj133.",direct,true,covered,The item is explicitly enumerated in the original description.
init,(PACKAGE OBJ53),"The packages are obj11, obj12, obj13, obj21, obj22, obj23, obj31, obj32, obj33, obj41, obj42, obj43, obj51, obj52, obj53, obj61, obj62, obj63, obj71, obj72, obj73, obj81, obj82, obj83, obj91, obj92, obj93, obj101, obj102, obj103, obj111, obj112, obj113, obj121, obj122, obj123, obj131, obj132, obj133.",direct,true,covered,The item is explicitly enumerated in the original description.
init,(PACKAGE OBJ61),"The packages are obj11, obj12, obj13, obj21, obj22, obj23, obj31, obj32, obj33, obj41, obj42, obj43, obj51, obj52, obj53, obj61, obj62, obj63, obj71, obj72, obj73, obj81, obj82, obj83, obj91, obj92, obj93, obj101, obj102, obj103, obj111, obj112, obj113, obj121, obj122, obj123, obj131, obj132, obj133.",direct,true,covered,The item is explicitly enumerated in the original description.
init,(PACKAGE OBJ62),"The packages are obj11, obj12, obj13, obj21, obj22, obj23, obj31, obj32, obj33, obj41, obj42, obj43, obj51, obj52, obj53, obj61, obj62, obj63, obj71, obj72, obj73, obj81, obj82, obj83, obj91, obj92, obj93, obj101, obj102, obj103, obj111, obj112, obj113, obj121, obj122, obj123, obj131, obj132, obj133.",direct,true,covered,The item is explicitly enumerated in the original description.
init,(PACKAGE OBJ63),"The packages are obj11, obj12, obj13, obj21, obj22, obj23, obj31, obj32, obj33, obj41, obj42, obj43, obj51, obj52, obj53, obj61, obj62, obj63, obj71, obj72, obj73, obj81, obj82, obj83, obj91, obj92, obj93, obj101, obj102, obj103, obj111, obj112, obj113, obj121, obj122, obj123, obj131, obj132, obj133.",direct,true,covered,The item is explicitly enumerated in the original description.
init,(PACKAGE OBJ71),"The packages are obj11, obj12, obj13, obj21, obj22, obj23, obj31, obj32, obj33, obj41, obj42, obj43, obj51, obj52, obj53, obj61, obj62, obj63, obj71, obj72, obj73, obj81, obj82, obj83, obj91, obj92, obj93, obj101, obj102, obj103, obj111, obj112, obj113, obj121, obj122, obj123, obj131, obj132, obj133.",direct,true,covered,The item is explicitly enumerated in the original description.
init,(PACKAGE OBJ72),"The packages are obj11, obj12, obj13, obj21, obj22, obj23, obj31, obj32, obj33, obj41, obj42, obj43, obj51, obj52, obj53, obj61, obj62, obj63, obj71, obj72, obj73, obj81, obj82, obj83, obj91, obj92, obj93, obj101, obj102, obj103, obj111, obj112, obj113, obj121, obj122, obj123, obj131, obj132, obj133.",direct,true,covered,The item is explicitly enumerated in the original description.
init,(PACKAGE OBJ73),"The packages are obj11, obj12, obj13, obj21, obj22, obj23, obj31, obj32, obj33, obj41, obj42, obj43, obj51, obj52, obj53, obj61, obj62, obj63, obj71, obj72, obj73, obj81, obj82, obj83, obj91, obj92, obj93, obj101, obj102, obj103, obj111, obj112, obj113, obj121, obj122, obj123, obj131, obj132, obj133.",direct,true,covered,The item is explicitly enumerated in the original description.
init,(PACKAGE OBJ81),"The packages are obj11, obj12, obj13, obj21, obj22, obj23, obj31, obj32, obj33, obj41, obj42, obj43, obj51, obj52, obj53, obj61, obj62, obj63, obj71, obj72, obj73, obj81, obj82, obj83, obj91, obj92, obj93, obj101, obj102, obj103, obj111, obj112, obj113, obj121, obj122, obj123, obj131, obj132, obj133.",direct,true,covered,The item is explicitly enumerated in the original description.
init,(PACKAGE OBJ82),"The packages are obj11, obj12, obj13, obj21, obj22, obj23, obj31, obj32, obj33, obj41, obj42, obj43, obj51, obj52, obj53, obj61, obj62, obj63, obj71, obj72, obj73, obj81, obj82, obj83, obj91, obj92, obj93, obj101, obj102, obj103, obj111, obj112, obj113, obj121, obj122, obj123, obj131, obj132, obj133.",direct,true,covered,The item is explicitly enumerated in the original description.
init,(PACKAGE OBJ83),"The packages are obj11, obj12, obj13, obj21, obj22, obj23, obj31, obj32, obj33, obj41, obj42, obj43, obj51, obj52, obj53, obj61, obj62, obj63, obj71, obj72, obj73, obj81, obj82, obj83, obj91, obj92, obj93, obj101, obj102, obj103, obj111, obj112, obj113, obj121, obj122, obj123, obj131, obj132, obj133.",direct,true,covered,The item is explicitly enumerated in the original description.
init,(PACKAGE OBJ91),"The packages are obj11, obj12, obj13, obj21, obj22, obj23, obj31, obj32, obj33, obj41, obj42, obj43, obj51, obj52, obj53, obj61, obj62, obj63, obj71, obj72, obj73, obj81, obj82, obj83, obj91, obj92, obj93, obj101, obj102, obj103, obj111, obj112, obj113, obj121, obj122, obj123, obj131, obj132, obj133.",direct,true,covered,The item is explicitly enumerated in the original description.
init,(PACKAGE OBJ92),"The packages are obj11, obj12, obj13, obj21, obj22, obj23, obj31, obj32, obj33, obj41, obj42, obj43, obj51, obj52, obj53, obj61, obj62, obj63, obj71, obj72, obj73, obj81, obj82, obj83, obj91, obj92, obj93, obj101, obj102, obj103, obj111, obj112, obj113, obj121, obj122, obj123, obj131, obj132, obj133.",direct,true,covered,The item is explicitly enumerated in the original description.
init,(PACKAGE OBJ93),"The packages are obj11, obj12, obj13, obj21, obj22, obj23, obj31, obj32, obj33, obj41, obj42, obj43, obj51, obj52, obj53, obj61, obj62, obj63, obj71, obj72, obj73, obj81, obj82, obj83, obj91, obj92, obj93, obj101, obj102, obj103, obj111, obj112, obj113, obj121, obj122, obj123, obj131, obj132, obj133.",direct,true,covered,The item is explicitly enumerated in the original description.
init,(PACKAGE OBJ101),"The packages are obj11, obj12, obj13, obj21, obj22, obj23, obj31, obj32, obj33, obj41, obj42, obj43, obj51, obj52, obj53, obj61, obj62, obj63, obj71, obj72, obj73, obj81, obj82, obj83, obj91, obj92, obj93, obj101, obj102, obj103, obj111, obj112, obj113, obj121, obj122, obj123, obj131, obj132, obj133.",direct,true,covered,The item is explicitly enumerated in the original description.
init,(PACKAGE OBJ102),"The packages are obj11, obj12, obj13, obj21, obj22, obj23, obj31, obj32, obj33, obj41, obj42, obj43, obj51, obj52, obj53, obj61, obj62, obj63, obj71, obj72, obj73, obj81, obj82, obj83, obj91, obj92, obj93, obj101, obj102, obj103, obj111, obj112, obj113, obj121, obj122, obj123, obj131, obj132, obj133.",direct,true,covered,The item is explicitly enumerated in the original description.
init,(PACKAGE OBJ103),"The packages are obj11, obj12, obj13, obj21, obj22, obj23, obj31, obj32, obj33, obj41, obj42, obj43, obj51, obj52, obj53, obj61, obj62, obj63, obj71, obj72, obj73, obj81, obj82, obj83, obj91, obj92, obj93, obj101, obj102, obj103, obj111, obj112, obj113, obj121, obj122, obj123, obj131, obj132, obj133.",direct,true,covered,The item is explicitly enumerated in the original description.
init,(PACKAGE OBJ111),"The packages are obj11, obj12, obj13, obj21, obj22, obj23, obj31, obj32, obj33, obj41, obj42, obj43, obj51, obj52, obj53, obj61, obj62, obj63, obj71, obj72, obj73, obj81, obj82, obj83, obj91, obj92, obj93, obj101, obj102, obj103, obj111, obj112, obj113, obj121, obj122, obj123, obj131, obj132, obj133.",direct,true,covered,The item is explicitly enumerated in the original description.
init,(PACKAGE OBJ112),"The packages are obj11, obj12, obj13, obj21, obj22, obj23, obj31, obj32, obj33, obj41, obj42, obj43, obj51, obj52, obj53, obj61, obj62, obj63, obj71, obj72, obj73, obj81, obj82, obj83, obj91, obj92, obj93, obj101, obj102, obj103, obj111, obj112, obj113, obj121, obj122, obj123, obj131, obj132, obj133.",direct,true,covered,The item is explicitly enumerated in the original description.
init,(PACKAGE OBJ113),"The packages are obj11, obj12, obj13, obj21, obj22, obj23, obj31, obj32, obj33, obj41, obj42, obj43, obj51, obj52, obj53, obj61, obj62, obj63, obj71, obj72, obj73, obj81, obj82, obj83, obj91, obj92, obj93, obj101, obj102, obj103, obj111, obj112, obj113, obj121, obj122, obj123, obj131, obj132, obj133.",direct,true,covered,The item is explicitly enumerated in the original description.
init,(PACKAGE OBJ121),"The packages are obj11, obj12, obj13, obj21, obj22, obj23, obj31, obj32, obj33, obj41, obj42, obj43, obj51, obj52, obj53, obj61, obj62, obj63, obj71, obj72, obj73, obj81, obj82, obj83, obj91, obj92, obj93, obj101, obj102, obj103, obj111, obj112, obj113, obj121, obj122, obj123, obj131, obj132, obj133.",direct,true,covered,The item is explicitly enumerated in the original description.
init,(PACKAGE OBJ122),"The packages are obj11, obj12, obj13, obj21, obj22, obj23, obj31, obj32, obj33, obj41, obj42, obj43, obj51, obj52, obj53, obj61, obj62, obj63, obj71, obj72, obj73, obj81, obj82, obj83, obj91, obj92, obj93, obj101, obj102, obj103, obj111, obj112, obj113, obj121, obj122, obj123, obj131, obj132, obj133.",direct,true,covered,The item is explicitly enumerated in the original description.
init,(PACKAGE OBJ123),"The packages are obj11, obj12, obj13, obj21, obj22, obj23, obj31, obj32, obj33, obj41, obj42, obj43, obj51, obj52, obj53, obj61, obj62, obj63, obj71, obj72, obj73, obj81, obj82, obj83, obj91, obj92, obj93, obj101, obj102, obj103, obj111, obj112, obj113, obj121, obj122, obj123, obj131, obj132, obj133.",direct,true,covered,The item is explicitly enumerated in the original description.
init,(PACKAGE OBJ131),"The packages are obj11, obj12, obj13, obj21, obj22, obj23, obj31, obj32, obj33, obj41, obj42, obj43, obj51, obj52, obj53, obj61, obj62, obj63, obj71, obj72, obj73, obj81, obj82, obj83, obj91, obj92, obj93, obj101, obj102, obj103, obj111, obj112, obj113, obj121, obj122, obj123, obj131, obj132, obj133.",direct,true,covered,The item is explicitly enumerated in the original description.
init,(PACKAGE OBJ132),"The packages are obj11, obj12, obj13, obj21, obj22, obj23, obj31, obj32, obj33, obj41, obj42, obj43, obj51, obj52, obj53, obj61, obj62, obj63, obj71, obj72, obj73, obj81, obj82, obj83, obj91, obj92, obj93, obj101, obj102, obj103, obj111, obj112, obj113, obj121, obj122, obj123, obj131, obj132, obj133.",direct,true,covered,The item is explicitly enumerated in the original description.
init,(PACKAGE OBJ133),"The packages are obj11, obj12, obj13, obj21, obj22, obj23, obj31, obj32, obj33, obj41, obj42, obj43, obj51, obj52, obj53, obj61, obj62, obj63, obj71, obj72, obj73, obj81, obj82, obj83, obj91, obj92, obj93, obj101, obj102, obj103, obj111, obj112, obj113, obj121, obj122, obj123, obj131, obj132, obj133.",direct,true,covered,The item is explicitly enumerated in the original description.
init,(TRUCK TRU1),"The trucks are tru1, tru2, tru3, tru4, tru5, tru6, tru7, tru8, tru9, tru10, tru11, tru12, tru13.",direct,true,covered,The item is explicitly enumerated in the original description.
init,(TRUCK TRU2),"The trucks are tru1, tru2, tru3, tru4, tru5, tru6, tru7, tru8, tru9, tru10, tru11, tru12, tru13.",direct,true,covered,The item is explicitly enumerated in the original description.
init,(TRUCK TRU3),"The trucks are tru1, tru2, tru3, tru4, tru5, tru6, tru7, tru8, tru9, tru10, tru11, tru12, tru13.",direct,true,covered,The item is explicitly enumerated in the original description.
init,(TRUCK TRU4),"The trucks are tru1, tru2, tru3, tru4, tru5, tru6, tru7, tru8, tru9, tru10, tru11, tru12, tru13.",direct,true,covered,The item is explicitly enumerated in the original description.
init,(TRUCK TRU5),"The trucks are tru1, tru2, tru3, tru4, tru5, tru6, tru7, tru8, tru9, tru10, tru11, tru12, tru13.",direct,true,covered,The item is explicitly enumerated in the original description.
init,(TRUCK TRU6),"The trucks are tru1, tru2, tru3, tru4, tru5, tru6, tru7, tru8, tru9, tru10, tru11, tru12, tru13.",direct,true,covered,The item is explicitly enumerated in the original description.
init,(TRUCK TRU7),"The trucks are tru1, tru2, tru3, tru4, tru5, tru6, tru7, tru8, tru9, tru10, tru11, tru12, tru13.",direct,true,covered,The item is explicitly enumerated in the original description.
init,(TRUCK TRU8),"The trucks are tru1, tru2, tru3, tru4, tru5, tru6, tru7, tru8, tru9, tru10, tru11, tru12, tru13.",direct,true,covered,The item is explicitly enumerated in the original description.
init,(TRUCK TRU9),"The trucks are tru1, tru2, tru3, tru4, tru5, tru6, tru7, tru8, tru9, tru10, tru11, tru12, tru13.",direct,true,covered,The item is explicitly enumerated in the original description.
init,(TRUCK TRU10),"The trucks are tru1, tru2, tru3, tru4, tru5, tru6, tru7, tru8, tru9, tru10, tru11, tru12, tru13.",direct,true,covered,The item is explicitly enumerated in the original description.
init,(TRUCK TRU11),"The trucks are tru1, tru2, tru3, tru4, tru5, tru6, tru7, tru8, tru9, tru10, tru11, tru12, tru13.",direct,true,covered,The item is explicitly enumerated in the original description.
init,(TRUCK TRU12),"The trucks are tru1, tru2, tru3, tru4, tru5, tru6, tru7, tru8, tru9, tru10, tru11, tru12, tru13.",direct,true,covered,The item is explicitly enumerated in the original description.
init,(TRUCK TRU13),"The trucks are tru1, tru2, tru3, tru4, tru5, tru6, tru7, tru8, tru9, tru10, tru11, tru12, tru13.",direct,true,covered,The item is explicitly enumerated in the original description.
init,(CITY CIT1),"The cities are cit1, cit2, cit3, cit4, cit5, cit6, cit7, cit8, cit9, cit10, cit11, cit12, cit13.",direct,true,covered,The item is explicitly enumerated in the original description.
init,(CITY CIT2),"The cities are cit1, cit2, cit3, cit4, cit5, cit6, cit7, cit8, cit9, cit10, cit11, cit12, cit13.",direct,true,covered,The item is explicitly enumerated in the original description.
init,(CITY CIT3),"The cities are cit1, cit2, cit3, cit4, cit5, cit6, cit7, cit8, cit9, cit10, cit11, cit12, cit13.",direct,true,covered,The item is explicitly enumerated in the original description.
init,(CITY CIT4),"The cities are cit1, cit2, cit3, cit4, cit5, cit6, cit7, cit8, cit9, cit10, cit11, cit12, cit13.",direct,true,covered,The item is explicitly enumerated in the original description.
init,(CITY CIT5),"The cities are cit1, cit2, cit3, cit4, cit5, cit6, cit7, cit8, cit9, cit10, cit11, cit12, cit13.",direct,true,covered,The item is explicitly enumerated in the original description.
init,(CITY CIT6),"The cities are cit1, cit2, cit3, cit4, cit5, cit6, cit7, cit8, cit9, cit10, cit11, cit12, cit13.",direct,true,covered,The item is explicitly enumerated in the original description.
init,(CITY CIT7),"The cities are cit1, cit2, cit3, cit4, cit5, cit6, cit7, cit8, cit9, cit10, cit11, cit12, cit13.",direct,true,covered,The item is explicitly enumerated in the original description.
init,(CITY CIT8),"The cities are cit1, cit2, cit3, cit4, cit5, cit6, cit7, cit8, cit9, cit10, cit11, cit12, cit13.",direct,true,covered,The item is explicitly enumerated in the original description.
init,(CITY CIT9),"The cities are cit1, cit2, cit3, cit4, cit5, cit6, cit7, cit8, cit9, cit10, cit11, cit12, cit13.",direct,true,covered,The item is explicitly enumerated in the original description.
init,(CITY CIT10),"The cities are cit1, cit2, cit3, cit4, cit5, cit6, cit7, cit8, cit9, cit10, cit11, cit12, cit13.",direct,true,covered,The item is explicitly enumerated in the original description.
init,(CITY CIT11),"The cities are cit1, cit2, cit3, cit4, cit5, cit6, cit7, cit8, cit9, cit10, cit11, cit12, cit13.",direct,true,covered,The item is explicitly enumerated in the original description.
init,(CITY CIT12),"The cities are cit1, cit2, cit3, cit4, cit5, cit6, cit7, cit8, cit9, cit10, cit11, cit12, cit13.",direct,true,covered,The item is explicitly enumerated in the original description.
init,(CITY CIT13),"The cities are cit1, cit2, cit3, cit4, cit5, cit6, cit7, cit8, cit9, cit10, cit11, cit12, cit13.",direct,true,covered,The item is explicitly enumerated in the original description.
init,(LOCATION POS1),"The locations are pos1, apt1, pos2, apt2, pos3, apt3, pos4, apt4, pos5, apt5, pos6, apt6, pos7, apt7, pos8, apt8, pos9, apt9, pos10, apt10, pos11, apt11, pos12, apt12, pos13, apt13.",direct,true,covered,The item is explicitly enumerated in the original description.
init,(LOCATION APT1),"The locations are pos1, apt1, pos2, apt2, pos3, apt3, pos4, apt4, pos5, apt5, pos6, apt6, pos7, apt7, pos8, apt8, pos9, apt9, pos10, apt10, pos11, apt11, pos12, apt12, pos13, apt13.",direct,true,covered,The item is explicitly enumerated in the original description.
init,(LOCATION POS2),"The locations are pos1, apt1, pos2, apt2, pos3, apt3, pos4, apt4, pos5, apt5, pos6, apt6, pos7, apt7, pos8, apt8, pos9, apt9, pos10, apt10, pos11, apt11, pos12, apt12, pos13, apt13.",direct,true,covered,The item is explicitly enumerated in the original description.
init,(LOCATION APT2),"The locations are pos1, apt1, pos2, apt2, pos3, apt3, pos4, apt4, pos5, apt5, pos6, apt6, pos7, apt7, pos8, apt8, pos9, apt9, pos10, apt10, pos11, apt11, pos12, apt12, pos13, apt13.",direct,true,covered,The item is explicitly enumerated in the original description.
init,(LOCATION POS3),"The locations are pos1, apt1, pos2, apt2, pos3, apt3, pos4, apt4, pos5, apt5, pos6, apt6, pos7, apt7, pos8, apt8, pos9, apt9, pos10, apt10, pos11, apt11, pos12, apt12, pos13, apt13.",direct,true,covered,The item is explicitly enumerated in the original description.
init,(LOCATION APT3),"The locations are pos1, apt1, pos2, apt2, pos3, apt3, pos4, apt4, pos5, apt5, pos6, apt6, pos7, apt7, pos8, apt8, pos9, apt9, pos10, apt10, pos11, apt11, pos12, apt12, pos13, apt13.",direct,true,covered,The item is explicitly enumerated in the original description.
init,(LOCATION POS4),"The locations are pos1, apt1, pos2, apt2, pos3, apt3, pos4, apt4, pos5, apt5, pos6, apt6, pos7, apt7, pos8, apt8, pos9, apt9, pos10, apt10, pos11, apt11, pos12, apt12, pos13, apt13.",direct,true,covered,The item is explicitly enumerated in the original description.
init,(LOCATION APT4),"The locations are pos1, apt1, pos2, apt2, pos3, apt3, pos4, apt4, pos5, apt5, pos6, apt6, pos7, apt7, pos8, apt8, pos9, apt9, pos10, apt10, pos11, apt11, pos12, apt12, pos13, apt13.",direct,true,covered,The item is explicitly enumerated in the original description.
init,(LOCATION POS5),"The locations are pos1, apt1, pos2, apt2, pos3, apt3, pos4, apt4, pos5, apt5, pos6, apt6, pos7, apt7, pos8, apt8, pos9, apt9, pos10, apt10, pos11, apt11, pos12, apt12, pos13, apt13.",direct,true,covered,The item is explicitly enumerated in the original description.
init,(LOCATION APT5),"The locations are pos1, apt1, pos2, apt2, pos3, apt3, pos4, apt4, pos5, apt5, pos6, apt6, pos7, apt7, pos8, apt8, pos9, apt9, pos10, apt10, pos11, apt11, pos12, apt12, pos13, apt13.",direct,true,covered,The item is explicitly enumerated in the original description.
init,(LOCATION POS6),"The locations are pos1, apt1, pos2, apt2, pos3, apt3, pos4, apt4, pos5, apt5, pos6, apt6, pos7, apt7, pos8, apt8, pos9, apt9, pos10, apt10, pos11, apt11, pos12, apt12, pos13, apt13.",direct,true,covered,The item is explicitly enumerated in the original description.
init,(LOCATION APT6),"The locations are pos1, apt1, pos2, apt2, pos3, apt3, pos4, apt4, pos5, apt5, pos6, apt6, pos7, apt7, pos8, apt8, pos9, apt9, pos10, apt10, pos11, apt11, pos12, apt12, pos13, apt13.",direct,true,covered,The item is explicitly enumerated in the original description.
init,(LOCATION POS7),"The locations are pos1, apt1, pos2, apt2, pos3, apt3, pos4, apt4, pos5, apt5, pos6, apt6, pos7, apt7, pos8, apt8, pos9, apt9, pos10, apt10, pos11, apt11, pos12, apt12, pos13, apt13.",direct,true,covered,The item is explicitly enumerated in the original description.
init,(LOCATION APT7),"The locations are pos1, apt1, pos2, apt2, pos3, apt3, pos4, apt4, pos5, apt5, pos6, apt6, pos7, apt7, pos8, apt8, pos9, apt9, pos10, apt10, pos11, apt11, pos12, apt12, pos13, apt13.",direct,true,covered,The item is explicitly enumerated in the original description.
init,(LOCATION POS8),"The locations are pos1, apt1, pos2, apt2, pos3, apt3, pos4, apt4, pos5, apt5, pos6, apt6, pos7, apt7, pos8, apt8, pos9, apt9, pos10, apt10, pos11, apt11, pos12, apt12, pos13, apt13.",direct,true,covered,The item is explicitly enumerated in the original description.
init,(LOCATION APT8),"The locations are pos1, apt1, pos2, apt2, pos3, apt3, pos4, apt4, pos5, apt5, pos6, apt6, pos7, apt7, pos8, apt8, pos9, apt9, pos10, apt10, pos11, apt11, pos12, apt12, pos13, apt13.",direct,true,covered,The item is explicitly enumerated in the original description.
init,(LOCATION POS9),"The locations are pos1, apt1, pos2, apt2, pos3, apt3, pos4, apt4, pos5, apt5, pos6, apt6, pos7, apt7, pos8, apt8, pos9, apt9, pos10, apt10, pos11, apt11, pos12, apt12, pos13, apt13.",direct,true,covered,The item is explicitly enumerated in the original description.
init,(LOCATION APT9),"The locations are pos1, apt1, pos2, apt2, pos3, apt3, pos4, apt4, pos5, apt5, pos6, apt6, pos7, apt7, pos8, apt8, pos9, apt9, pos10, apt10, pos11, apt11, pos12, apt12, pos13, apt13.",direct,true,covered,The item is explicitly enumerated in the original description.
init,(LOCATION POS10),"The locations are pos1, apt1, pos2, apt2, pos3, apt3, pos4, apt4, pos5, apt5, pos6, apt6, pos7, apt7, pos8, apt8, pos9, apt9, pos10, apt10, pos11, apt11, pos12, apt12, pos13, apt13.",direct,true,covered,The item is explicitly enumerated in the original description.
init,(LOCATION APT10),"The locations are pos1, apt1, pos2, apt2, pos3, apt3, pos4, apt4, pos5, apt5, pos6, apt6, pos7, apt7, pos8, apt8, pos9, apt9, pos10, apt10, pos11, apt11, pos12, apt12, pos13, apt13.",direct,true,covered,The item is explicitly enumerated in the original description.
init,(LOCATION POS11),"The locations are pos1, apt1, pos2, apt2, pos3, apt3, pos4, apt4, pos5, apt5, pos6, apt6, pos7, apt7, pos8, apt8, pos9, apt9, pos10, apt10, pos11, apt11, pos12, apt12, pos13, apt13.",direct,true,covered,The item is explicitly enumerated in the original description.
init,(LOCATION APT11),"The locations are pos1, apt1, pos2, apt2, pos3, apt3, pos4, apt4, pos5, apt5, pos6, apt6, pos7, apt7, pos8, apt8, pos9, apt9, pos10, apt10, pos11, apt11, pos12, apt12, pos13, apt13.",direct,true,covered,The item is explicitly enumerated in the original description.
init,(LOCATION POS12),"The locations are pos1, apt1, pos2, apt2, pos3, apt3, pos4, apt4, pos5, apt5, pos6, apt6, pos7, apt7, pos8, apt8, pos9, apt9, pos10, apt10, pos11, apt11, pos12, apt12, pos13, apt13.",direct,true,covered,The item is explicitly enumerated in the original description.
init,(LOCATION APT12),"The locations are pos1, apt1, pos2, apt2, pos3, apt3, pos4, apt4, pos5, apt5, pos6, apt6, pos7, apt7, pos8, apt8, pos9, apt9, pos10, apt10, pos11, apt11, pos12, apt12, pos13, apt13.",direct,true,covered,The item is explicitly enumerated in the original description.
init,(LOCATION POS13),"The locations are pos1, apt1, pos2, apt2, pos3, apt3, pos4, apt4, pos5, apt5, pos6, apt6, pos7, apt7, pos8, apt8, pos9, apt9, pos10, apt10, pos11, apt11, pos12, apt12, pos13, apt13.",direct,true,covered,The item is explicitly enumerated in the original description.
init,(LOCATION APT13),"The locations are pos1, apt1, pos2, apt2, pos3, apt3, pos4, apt4, pos5, apt5, pos6, apt6, pos7, apt7, pos8, apt8, pos9, apt9, pos10, apt10, pos11, apt11, pos12, apt12, pos13, apt13.",direct,true,covered,The item is explicitly enumerated in the original description.
init,(AIRPORT APT1),"The airport locations are apt1, apt2, apt3, apt4, apt5, apt6, apt7, apt8, apt9, apt10, apt11, apt12, apt13.",direct,true,covered,The item is explicitly enumerated in the original description.
init,(AIRPORT APT2),"The airport locations are apt1, apt2, apt3, apt4, apt5, apt6, apt7, apt8, apt9, apt10, apt11, apt12, apt13.",direct,true,covered,The item is explicitly enumerated in the original description.
init,(AIRPORT APT3),"The airport locations are apt1, apt2, apt3, apt4, apt5, apt6, apt7, apt8, apt9, apt10, apt11, apt12, apt13.",direct,true,covered,The item is explicitly enumerated in the original description.
init,(AIRPORT APT4),"The airport locations are apt1, apt2, apt3, apt4, apt5, apt6, apt7, apt8, apt9, apt10, apt11, apt12, apt13.",direct,true,covered,The item is explicitly enumerated in the original description.
init,(AIRPORT APT5),"The airport locations are apt1, apt2, apt3, apt4, apt5, apt6, apt7, apt8, apt9, apt10, apt11, apt12, apt13.",direct,true,covered,The item is explicitly enumerated in the original description.
init,(AIRPORT APT6),"The airport locations are apt1, apt2, apt3, apt4, apt5, apt6, apt7, apt8, apt9, apt10, apt11, apt12, apt13.",direct,true,covered,The item is explicitly enumerated in the original description.
init,(AIRPORT APT7),"The airport locations are apt1, apt2, apt3, apt4, apt5, apt6, apt7, apt8, apt9, apt10, apt11, apt12, apt13.",direct,true,covered,The item is explicitly enumerated in the original description.
init,(AIRPORT APT8),"The airport locations are apt1, apt2, apt3, apt4, apt5, apt6, apt7, apt8, apt9, apt10, apt11, apt12, apt13.",direct,true,covered,The item is explicitly enumerated in the original description.
init,(AIRPORT APT9),"The airport locations are apt1, apt2, apt3, apt4, apt5, apt6, apt7, apt8, apt9, apt10, apt11, apt12, apt13.",direct,true,covered,The item is explicitly enumerated in the original description.
init,(AIRPORT APT10),"The airport locations are apt1, apt2, apt3, apt4, apt5, apt6, apt7, apt8, apt9, apt10, apt11, apt12, apt13.",direct,true,covered,The item is explicitly enumerated in the original description.
init,(AIRPORT APT11),"The airport locations are apt1, apt2, apt3, apt4, apt5, apt6, apt7, apt8, apt9, apt10, apt11, apt12, apt13.",direct,true,covered,The item is explicitly enumerated in the original description.
init,(AIRPORT APT12),"The airport locations are apt1, apt2, apt3, apt4, apt5, apt6, apt7, apt8, apt9, apt10, apt11, apt12, apt13.",direct,true,covered,The item is explicitly enumerated in the original description.
init,(AIRPORT APT13),"The airport locations are apt1, apt2, apt3, apt4, apt5, apt6, apt7, apt8, apt9, apt10, apt11, apt12, apt13.",direct,true,covered,The item is explicitly enumerated in the original description.
init,(AIRPLANE APN1),"The airplanes are apn1, apn2, apn3, apn4.",direct,true,covered,The item is explicitly enumerated in the original description.
init,(AIRPLANE APN2),"The airplanes are apn1, apn2, apn3, apn4.",direct,true,covered,The item is explicitly enumerated in the original description.
init,(AIRPLANE APN3),"The airplanes are apn1, apn2, apn3, apn4.",direct,true,covered,The item is explicitly enumerated in the original description.
init,(AIRPLANE APN4),"The airplanes are apn1, apn2, apn3, apn4.",direct,true,covered,The item is explicitly enumerated in the original description.
init,(AT APN1 APT8),"Initially, the airplanes are positioned as follows: apn1 is at apt8; apn2 is at apt3; apn3 is at apt1; apn4 is at apt8.",direct,true,covered,The item is explicitly enumerated in the original description.
init,(AT APN2 APT3),"Initially, the airplanes are positioned as follows: apn1 is at apt8; apn2 is at apt3; apn3 is at apt1; apn4 is at apt8.",direct,true,covered,The item is explicitly enumerated in the original description.
init,(AT APN3 APT1),"Initially, the airplanes are positioned as follows: apn1 is at apt8; apn2 is at apt3; apn3 is at apt1; apn4 is at apt8.",direct,true,covered,The item is explicitly enumerated in the original description.
init,(AT APN4 APT8),"Initially, the airplanes are positioned as follows: apn1 is at apt8; apn2 is at apt3; apn3 is at apt1; apn4 is at apt8.",direct,true,covered,The item is explicitly enumerated in the original description.
init,(AT TRU1 POS1),"Initially, the trucks are positioned as follows: tru1 is at pos1; tru2 is at pos2; tru3 is at pos3; tru4 is at pos4; tru5 is at pos5; tru6 is at pos6; tru7 is at pos7; tru8 is at pos8; tru9 is at pos9; tru10 is at pos10; tru11 is at pos11; tru12 is at pos12; tru13 is at pos13.",direct,true,covered,The item is explicitly enumerated in the original description.
init,(AT OBJ11 POS1),"Initially, the packages are positioned as follows: obj11 is at pos1; obj12 is at pos1; obj13 is at pos1; obj21 is at pos2; obj22 is at pos2; obj23 is at pos2; obj31 is at pos3; obj32 is at pos3; obj33 is at pos3; obj41 is at pos4; obj42 is at pos4; obj43 is at pos4; obj51 is at pos5; obj52 is at pos5; obj53 is at pos5; obj61 is at pos6; obj62 is at pos6; obj63 is at pos6; obj71 is at pos7; obj72 is at pos7; obj73 is at pos7; obj81 is at pos8; obj82 is at pos8; obj83 is at pos8; obj91 is at pos9; obj92 is at pos9; obj93 is at pos9; obj101 is at pos10; obj102 is at pos10; obj103 is at pos10; obj111 is at pos11; obj112 is at pos11; obj113 is at pos11; obj121 is at pos12; obj122 is at pos12; obj123 is at pos12; obj131 is at pos13; obj132 is at pos13; obj133 is at pos13.",direct,true,covered,The item is explicitly enumerated in the original description.
init,(AT OBJ12 POS1),"Initially, the packages are positioned as follows: obj11 is at pos1; obj12 is at pos1; obj13 is at pos1; obj21 is at pos2; obj22 is at pos2; obj23 is at pos2; obj31 is at pos3; obj32 is at pos3; obj33 is at pos3; obj41 is at pos4; obj42 is at pos4; obj43 is at pos4; obj51 is at pos5; obj52 is at pos5; obj53 is at pos5; obj61 is at pos6; obj62 is at pos6; obj63 is at pos6; obj71 is at pos7; obj72 is at pos7; obj73 is at pos7; obj81 is at pos8; obj82 is at pos8; obj83 is at pos8; obj91 is at pos9; obj92 is at pos9; obj93 is at pos9; obj101 is at pos10; obj102 is at pos10; obj103 is at pos10; obj111 is at pos11; obj112 is at pos11; obj113 is at pos11; obj121 is at pos12; obj122 is at pos12; obj123 is at pos12; obj131 is at pos13; obj132 is at pos13; obj133 is at pos13.",direct,true,covered,The item is explicitly enumerated in the original description.
init,(AT OBJ13 POS1),"Initially, the packages are positioned as follows: obj11 is at pos1; obj12 is at pos1; obj13 is at pos1; obj21 is at pos2; obj22 is at pos2; obj23 is at pos2; obj31 is at pos3; obj32 is at pos3; obj33 is at pos3; obj41 is at pos4; obj42 is at pos4; obj43 is at pos4; obj51 is at pos5; obj52 is at pos5; obj53 is at pos5; obj61 is at pos6; obj62 is at pos6; obj63 is at pos6; obj71 is at pos7; obj72 is at pos7; obj73 is at pos7; obj81 is at pos8; obj82 is at pos8; obj83 is at pos8; obj91 is at pos9; obj92 is at pos9; obj93 is at pos9; obj101 is at pos10; obj102 is at pos10; obj103 is at pos10; obj111 is at pos11; obj112 is at pos11; obj113 is at pos11; obj121 is at pos12; obj122 is at pos12; obj123 is at pos12; obj131 is at pos13; obj132 is at pos13; obj133 is at pos13.",direct,true,covered,The item is explicitly enumerated in the original description.
init,(AT TRU2 POS2),"Initially, the trucks are positioned as follows: tru1 is at pos1; tru2 is at pos2; tru3 is at pos3; tru4 is at pos4; tru5 is at pos5; tru6 is at pos6; tru7 is at pos7; tru8 is at pos8; tru9 is at pos9; tru10 is at pos10; tru11 is at pos11; tru12 is at pos12; tru13 is at pos13.",direct,true,covered,The item is explicitly enumerated in the original description.
init,(AT OBJ21 POS2),"Initially, the packages are positioned as follows: obj11 is at pos1; obj12 is at pos1; obj13 is at pos1; obj21 is at pos2; obj22 is at pos2; obj23 is at pos2; obj31 is at pos3; obj32 is at pos3; obj33 is at pos3; obj41 is at pos4; obj42 is at pos4; obj43 is at pos4; obj51 is at pos5; obj52 is at pos5; obj53 is at pos5; obj61 is at pos6; obj62 is at pos6; obj63 is at pos6; obj71 is at pos7; obj72 is at pos7; obj73 is at pos7; obj81 is at pos8; obj82 is at pos8; obj83 is at pos8; obj91 is at pos9; obj92 is at pos9; obj93 is at pos9; obj101 is at pos10; obj102 is at pos10; obj103 is at pos10; obj111 is at pos11; obj112 is at pos11; obj113 is at pos11; obj121 is at pos12; obj122 is at pos12; obj123 is at pos12; obj131 is at pos13; obj132 is at pos13; obj133 is at pos13.",direct,true,covered,The item is explicitly enumerated in the original description.
init,(AT OBJ22 POS2),"Initially, the packages are positioned as follows: obj11 is at pos1; obj12 is at pos1; obj13 is at pos1; obj21 is at pos2; obj22 is at pos2; obj23 is at pos2; obj31 is at pos3; obj32 is at pos3; obj33 is at pos3; obj41 is at pos4; obj42 is at pos4; obj43 is at pos4; obj51 is at pos5; obj52 is at pos5; obj53 is at pos5; obj61 is at pos6; obj62 is at pos6; obj63 is at pos6; obj71 is at pos7; obj72 is at pos7; obj73 is at pos7; obj81 is at pos8; obj82 is at pos8; obj83 is at pos8; obj91 is at pos9; obj92 is at pos9; obj93 is at pos9; obj101 is at pos10; obj102 is at pos10; obj103 is at pos10; obj111 is at pos11; obj112 is at pos11; obj113 is at pos11; obj121 is at pos12; obj122 is at pos12; obj123 is at pos12; obj131 is at pos13; obj132 is at pos13; obj133 is at pos13.",direct,true,covered,The item is explicitly enumerated in the original description.
init,(AT OBJ23 POS2),"Initially, the packages are positioned as follows: obj11 is at pos1; obj12 is at pos1; obj13 is at pos1; obj21 is at pos2; obj22 is at pos2; obj23 is at pos2; obj31 is at pos3; obj32 is at pos3; obj33 is at pos3; obj41 is at pos4; obj42 is at pos4; obj43 is at pos4; obj51 is at pos5; obj52 is at pos5; obj53 is at pos5; obj61 is at pos6; obj62 is at pos6; obj63 is at pos6; obj71 is at pos7; obj72 is at pos7; obj73 is at pos7; obj81 is at pos8; obj82 is at pos8; obj83 is at pos8; obj91 is at pos9; obj92 is at pos9; obj93 is at pos9; obj101 is at pos10; obj102 is at pos10; obj103 is at pos10; obj111 is at pos11; obj112 is at pos11; obj113 is at pos11; obj121 is at pos12; obj122 is at pos12; obj123 is at pos12; obj131 is at pos13; obj132 is at pos13; obj133 is at pos13.",direct,true,covered,The item is explicitly enumerated in the original description.
init,(AT TRU3 POS3),"Initially, the trucks are positioned as follows: tru1 is at pos1; tru2 is at pos2; tru3 is at pos3; tru4 is at pos4; tru5 is at pos5; tru6 is at pos6; tru7 is at pos7; tru8 is at pos8; tru9 is at pos9; tru10 is at pos10; tru11 is at pos11; tru12 is at pos12; tru13 is at pos13.",direct,true,covered,The item is explicitly enumerated in the original description.
init,(AT OBJ31 POS3),"Initially, the packages are positioned as follows: obj11 is at pos1; obj12 is at pos1; obj13 is at pos1; obj21 is at pos2; obj22 is at pos2; obj23 is at pos2; obj31 is at pos3; obj32 is at pos3; obj33 is at pos3; obj41 is at pos4; obj42 is at pos4; obj43 is at pos4; obj51 is at pos5; obj52 is at pos5; obj53 is at pos5; obj61 is at pos6; obj62 is at pos6; obj63 is at pos6; obj71 is at pos7; obj72 is at pos7; obj73 is at pos7; obj81 is at pos8; obj82 is at pos8; obj83 is at pos8; obj91 is at pos9; obj92 is at pos9; obj93 is at pos9; obj101 is at pos10; obj102 is at pos10; obj103 is at pos10; obj111 is at pos11; obj112 is at pos11; obj113 is at pos11; obj121 is at pos12; obj122 is at pos12; obj123 is at pos12; obj131 is at pos13; obj132 is at pos13; obj133 is at pos13.",direct,true,covered,The item is explicitly enumerated in the original description.
init,(AT OBJ32 POS3),"Initially, the packages are positioned as follows: obj11 is at pos1; obj12 is at pos1; obj13 is at pos1; obj21 is at pos2; obj22 is at pos2; obj23 is at pos2; obj31 is at pos3; obj32 is at pos3; obj33 is at pos3; obj41 is at pos4; obj42 is at pos4; obj43 is at pos4; obj51 is at pos5; obj52 is at pos5; obj53 is at pos5; obj61 is at pos6; obj62 is at pos6; obj63 is at pos6; obj71 is at pos7; obj72 is at pos7; obj73 is at pos7; obj81 is at pos8; obj82 is at pos8; obj83 is at pos8; obj91 is at pos9; obj92 is at pos9; obj93 is at pos9; obj101 is at pos10; obj102 is at pos10; obj103 is at pos10; obj111 is at pos11; obj112 is at pos11; obj113 is at pos11; obj121 is at pos12; obj122 is at pos12; obj123 is at pos12; obj131 is at pos13; obj132 is at pos13; obj133 is at pos13.",direct,true,covered,The item is explicitly enumerated in the original description.
init,(AT OBJ33 POS3),"Initially, the packages are positioned as follows: obj11 is at pos1; obj12 is at pos1; obj13 is at pos1; obj21 is at pos2; obj22 is at pos2; obj23 is at pos2; obj31 is at pos3; obj32 is at pos3; obj33 is at pos3; obj41 is at pos4; obj42 is at pos4; obj43 is at pos4; obj51 is at pos5; obj52 is at pos5; obj53 is at pos5; obj61 is at pos6; obj62 is at pos6; obj63 is at pos6; obj71 is at pos7; obj72 is at pos7; obj73 is at pos7; obj81 is at pos8; obj82 is at pos8; obj83 is at pos8; obj91 is at pos9; obj92 is at pos9; obj93 is at pos9; obj101 is at pos10; obj102 is at pos10; obj103 is at pos10; obj111 is at pos11; obj112 is at pos11; obj113 is at pos11; obj121 is at pos12; obj122 is at pos12; obj123 is at pos12; obj131 is at pos13; obj132 is at pos13; obj133 is at pos13.",direct,true,covered,The item is explicitly enumerated in the original description.
init,(AT TRU4 POS4),"Initially, the trucks are positioned as follows: tru1 is at pos1; tru2 is at pos2; tru3 is at pos3; tru4 is at pos4; tru5 is at pos5; tru6 is at pos6; tru7 is at pos7; tru8 is at pos8; tru9 is at pos9; tru10 is at pos10; tru11 is at pos11; tru12 is at pos12; tru13 is at pos13.",direct,true,covered,The item is explicitly enumerated in the original description.
init,(AT OBJ41 POS4),"Initially, the packages are positioned as follows: obj11 is at pos1; obj12 is at pos1; obj13 is at pos1; obj21 is at pos2; obj22 is at pos2; obj23 is at pos2; obj31 is at pos3; obj32 is at pos3; obj33 is at pos3; obj41 is at pos4; obj42 is at pos4; obj43 is at pos4; obj51 is at pos5; obj52 is at pos5; obj53 is at pos5; obj61 is at pos6; obj62 is at pos6; obj63 is at pos6; obj71 is at pos7; obj72 is at pos7; obj73 is at pos7; obj81 is at pos8; obj82 is at pos8; obj83 is at pos8; obj91 is at pos9; obj92 is at pos9; obj93 is at pos9; obj101 is at pos10; obj102 is at pos10; obj103 is at pos10; obj111 is at pos11; obj112 is at pos11; obj113 is at pos11; obj121 is at pos12; obj122 is at pos12; obj123 is at pos12; obj131 is at pos13; obj132 is at pos13; obj133 is at pos13.",direct,true,covered,The item is explicitly enumerated in the original description.
init,(AT OBJ42 POS4),"Initially, the packages are positioned as follows: obj11 is at pos1; obj12 is at pos1; obj13 is at pos1; obj21 is at pos2; obj22 is at pos2; obj23 is at pos2; obj31 is at pos3; obj32 is at pos3; obj33 is at pos3; obj41 is at pos4; obj42 is at pos4; obj43 is at pos4; obj51 is at pos5; obj52 is at pos5; obj53 is at pos5; obj61 is at pos6; obj62 is at pos6; obj63 is at pos6; obj71 is at pos7; obj72 is at pos7; obj73 is at pos7; obj81 is at pos8; obj82 is at pos8; obj83 is at pos8; obj91 is at pos9; obj92 is at pos9; obj93 is at pos9; obj101 is at pos10; obj102 is at pos10; obj103 is at pos10; obj111 is at pos11; obj112 is at pos11; obj113 is at pos11; obj121 is at pos12; obj122 is at pos12; obj123 is at pos12; obj131 is at pos13; obj132 is at pos13; obj133 is at pos13.",direct,true,covered,The item is explicitly enumerated in the original description.
init,(AT OBJ43 POS4),"Initially, the packages are positioned as follows: obj11 is at pos1; obj12 is at pos1; obj13 is at pos1; obj21 is at pos2; obj22 is at pos2; obj23 is at pos2; obj31 is at pos3; obj32 is at pos3; obj33 is at pos3; obj41 is at pos4; obj42 is at pos4; obj43 is at pos4; obj51 is at pos5; obj52 is at pos5; obj53 is at pos5; obj61 is at pos6; obj62 is at pos6; obj63 is at pos6; obj71 is at pos7; obj72 is at pos7; obj73 is at pos7; obj81 is at pos8; obj82 is at pos8; obj83 is at pos8; obj91 is at pos9; obj92 is at pos9; obj93 is at pos9; obj101 is at pos10; obj102 is at pos10; obj103 is at pos10; obj111 is at pos11; obj112 is at pos11; obj113 is at pos11; obj121 is at pos12; obj122 is at pos12; obj123 is at pos12; obj131 is at pos13; obj132 is at pos13; obj133 is at pos13.",direct,true,covered,The item is explicitly enumerated in the original description.
init,(AT TRU5 POS5),"Initially, the trucks are positioned as follows: tru1 is at pos1; tru2 is at pos2; tru3 is at pos3; tru4 is at pos4; tru5 is at pos5; tru6 is at pos6; tru7 is at pos7; tru8 is at pos8; tru9 is at pos9; tru10 is at pos10; tru11 is at pos11; tru12 is at pos12; tru13 is at pos13.",direct,true,covered,The item is explicitly enumerated in the original description.
init,(AT OBJ51 POS5),"Initially, the packages are positioned as follows: obj11 is at pos1; obj12 is at pos1; obj13 is at pos1; obj21 is at pos2; obj22 is at pos2; obj23 is at pos2; obj31 is at pos3; obj32 is at pos3; obj33 is at pos3; obj41 is at pos4; obj42 is at pos4; obj43 is at pos4; obj51 is at pos5; obj52 is at pos5; obj53 is at pos5; obj61 is at pos6; obj62 is at pos6; obj63 is at pos6; obj71 is at pos7; obj72 is at pos7; obj73 is at pos7; obj81 is at pos8; obj82 is at pos8; obj83 is at pos8; obj91 is at pos9; obj92 is at pos9; obj93 is at pos9; obj101 is at pos10; obj102 is at pos10; obj103 is at pos10; obj111 is at pos11; obj112 is at pos11; obj113 is at pos11; obj121 is at pos12; obj122 is at pos12; obj123 is at pos12; obj131 is at pos13; obj132 is at pos13; obj133 is at pos13.",direct,true,covered,The item is explicitly enumerated in the original description.
init,(AT OBJ52 POS5),"Initially, the packages are positioned as follows: obj11 is at pos1; obj12 is at pos1; obj13 is at pos1; obj21 is at pos2; obj22 is at pos2; obj23 is at pos2; obj31 is at pos3; obj32 is at pos3; obj33 is at pos3; obj41 is at pos4; obj42 is at pos4; obj43 is at pos4; obj51 is at pos5; obj52 is at pos5; obj53 is at pos5; obj61 is at pos6; obj62 is at pos6; obj63 is at pos6; obj71 is at pos7; obj72 is at pos7; obj73 is at pos7; obj81 is at pos8; obj82 is at pos8; obj83 is at pos8; obj91 is at pos9; obj92 is at pos9; obj93 is at pos9; obj101 is at pos10; obj102 is at pos10; obj103 is at pos10; obj111 is at pos11; obj112 is at pos11; obj113 is at pos11; obj121 is at pos12; obj122 is at pos12; obj123 is at pos12; obj131 is at pos13; obj132 is at pos13; obj133 is at pos13.",direct,true,covered,The item is explicitly enumerated in the original description.
init,(AT OBJ53 POS5),"Initially, the packages are positioned as follows: obj11 is at pos1; obj12 is at pos1; obj13 is at pos1; obj21 is at pos2; obj22 is at pos2; obj23 is at pos2; obj31 is at pos3; obj32 is at pos3; obj33 is at pos3; obj41 is at pos4; obj42 is at pos4; obj43 is at pos4; obj51 is at pos5; obj52 is at pos5; obj53 is at pos5; obj61 is at pos6; obj62 is at pos6; obj63 is at pos6; obj71 is at pos7; obj72 is at pos7; obj73 is at pos7; obj81 is at pos8; obj82 is at pos8; obj83 is at pos8; obj91 is at pos9; obj92 is at pos9; obj93 is at pos9; obj101 is at pos10; obj102 is at pos10; obj103 is at pos10; obj111 is at pos11; obj112 is at pos11; obj113 is at pos11; obj121 is at pos12; obj122 is at pos12; obj123 is at pos12; obj131 is at pos13; obj132 is at pos13; obj133 is at pos13.",direct,true,covered,The item is explicitly enumerated in the original description.
init,(AT TRU6 POS6),"Initially, the trucks are positioned as follows: tru1 is at pos1; tru2 is at pos2; tru3 is at pos3; tru4 is at pos4; tru5 is at pos5; tru6 is at pos6; tru7 is at pos7; tru8 is at pos8; tru9 is at pos9; tru10 is at pos10; tru11 is at pos11; tru12 is at pos12; tru13 is at pos13.",direct,true,covered,The item is explicitly enumerated in the original description.
init,(AT OBJ61 POS6),"Initially, the packages are positioned as follows: obj11 is at pos1; obj12 is at pos1; obj13 is at pos1; obj21 is at pos2; obj22 is at pos2; obj23 is at pos2; obj31 is at pos3; obj32 is at pos3; obj33 is at pos3; obj41 is at pos4; obj42 is at pos4; obj43 is at pos4; obj51 is at pos5; obj52 is at pos5; obj53 is at pos5; obj61 is at pos6; obj62 is at pos6; obj63 is at pos6; obj71 is at pos7; obj72 is at pos7; obj73 is at pos7; obj81 is at pos8; obj82 is at pos8; obj83 is at pos8; obj91 is at pos9; obj92 is at pos9; obj93 is at pos9; obj101 is at pos10; obj102 is at pos10; obj103 is at pos10; obj111 is at pos11; obj112 is at pos11; obj113 is at pos11; obj121 is at pos12; obj122 is at pos12; obj123 is at pos12; obj131 is at pos13; obj132 is at pos13; obj133 is at pos13.",direct,true,covered,The item is explicitly enumerated in the original description.
init,(AT OBJ62 POS6),"Initially, the packages are positioned as follows: obj11 is at pos1; obj12 is at pos1; obj13 is at pos1; obj21 is at pos2; obj22 is at pos2; obj23 is at pos2; obj31 is at pos3; obj32 is at pos3; obj33 is at pos3; obj41 is at pos4; obj42 is at pos4; obj43 is at pos4; obj51 is at pos5; obj52 is at pos5; obj53 is at pos5; obj61 is at pos6; obj62 is at pos6; obj63 is at pos6; obj71 is at pos7; obj72 is at pos7; obj73 is at pos7; obj81 is at pos8; obj82 is at pos8; obj83 is at pos8; obj91 is at pos9; obj92 is at pos9; obj93 is at pos9; obj101 is at pos10; obj102 is at pos10; obj103 is at pos10; obj111 is at pos11; obj112 is at pos11; obj113 is at pos11; obj121 is at pos12; obj122 is at pos12; obj123 is at pos12; obj131 is at pos13; obj132 is at pos13; obj133 is at pos13.",direct,true,covered,The item is explicitly enumerated in the original description.
init,(AT OBJ63 POS6),"Initially, the packages are positioned as follows: obj11 is at pos1; obj12 is at pos1; obj13 is at pos1; obj21 is at pos2; obj22 is at pos2; obj23 is at pos2; obj31 is at pos3; obj32 is at pos3; obj33 is at pos3; obj41 is at pos4; obj42 is at pos4; obj43 is at pos4; obj51 is at pos5; obj52 is at pos5; obj53 is at pos5; obj61 is at pos6; obj62 is at pos6; obj63 is at pos6; obj71 is at pos7; obj72 is at pos7; obj73 is at pos7; obj81 is at pos8; obj82 is at pos8; obj83 is at pos8; obj91 is at pos9; obj92 is at pos9; obj93 is at pos9; obj101 is at pos10; obj102 is at pos10; obj103 is at pos10; obj111 is at pos11; obj112 is at pos11; obj113 is at pos11; obj121 is at pos12; obj122 is at pos12; obj123 is at pos12; obj131 is at pos13; obj132 is at pos13; obj133 is at pos13.",direct,true,covered,The item is explicitly enumerated in the original description.
init,(AT TRU7 POS7),"Initially, the trucks are positioned as follows: tru1 is at pos1; tru2 is at pos2; tru3 is at pos3; tru4 is at pos4; tru5 is at pos5; tru6 is at pos6; tru7 is at pos7; tru8 is at pos8; tru9 is at pos9; tru10 is at pos10; tru11 is at pos11; tru12 is at pos12; tru13 is at pos13.",direct,true,covered,The item is explicitly enumerated in the original description.
init,(AT OBJ71 POS7),"Initially, the packages are positioned as follows: obj11 is at pos1; obj12 is at pos1; obj13 is at pos1; obj21 is at pos2; obj22 is at pos2; obj23 is at pos2; obj31 is at pos3; obj32 is at pos3; obj33 is at pos3; obj41 is at pos4; obj42 is at pos4; obj43 is at pos4; obj51 is at pos5; obj52 is at pos5; obj53 is at pos5; obj61 is at pos6; obj62 is at pos6; obj63 is at pos6; obj71 is at pos7; obj72 is at pos7; obj73 is at pos7; obj81 is at pos8; obj82 is at pos8; obj83 is at pos8; obj91 is at pos9; obj92 is at pos9; obj93 is at pos9; obj101 is at pos10; obj102 is at pos10; obj103 is at pos10; obj111 is at pos11; obj112 is at pos11; obj113 is at pos11; obj121 is at pos12; obj122 is at pos12; obj123 is at pos12; obj131 is at pos13; obj132 is at pos13; obj133 is at pos13.",direct,true,covered,The item is explicitly enumerated in the original description.
init,(AT OBJ72 POS7),"Initially, the packages are positioned as follows: obj11 is at pos1; obj12 is at pos1; obj13 is at pos1; obj21 is at pos2; obj22 is at pos2; obj23 is at pos2; obj31 is at pos3; obj32 is at pos3; obj33 is at pos3; obj41 is at pos4; obj42 is at pos4; obj43 is at pos4; obj51 is at pos5; obj52 is at pos5; obj53 is at pos5; obj61 is at pos6; obj62 is at pos6; obj63 is at pos6; obj71 is at pos7; obj72 is at pos7; obj73 is at pos7; obj81 is at pos8; obj82 is at pos8; obj83 is at pos8; obj91 is at pos9; obj92 is at pos9; obj93 is at pos9; obj101 is at pos10; obj102 is at pos10; obj103 is at pos10; obj111 is at pos11; obj112 is at pos11; obj113 is at pos11; obj121 is at pos12; obj122 is at pos12; obj123 is at pos12; obj131 is at pos13; obj132 is at pos13; obj133 is at pos13.",direct,true,covered,The item is explicitly enumerated in the original description.
init,(AT OBJ73 POS7),"Initially, the packages are positioned as follows: obj11 is at pos1; obj12 is at pos1; obj13 is at pos1; obj21 is at pos2; obj22 is at pos2; obj23 is at pos2; obj31 is at pos3; obj32 is at pos3; obj33 is at pos3; obj41 is at pos4; obj42 is at pos4; obj43 is at pos4; obj51 is at pos5; obj52 is at pos5; obj53 is at pos5; obj61 is at pos6; obj62 is at pos6; obj63 is at pos6; obj71 is at pos7; obj72 is at pos7; obj73 is at pos7; obj81 is at pos8; obj82 is at pos8; obj83 is at pos8; obj91 is at pos9; obj92 is at pos9; obj93 is at pos9; obj101 is at pos10; obj102 is at pos10; obj103 is at pos10; obj111 is at pos11; obj112 is at pos11; obj113 is at pos11; obj121 is at pos12; obj122 is at pos12; obj123 is at pos12; obj131 is at pos13; obj132 is at pos13; obj133 is at pos13.",direct,true,covered,The item is explicitly enumerated in the original description.
init,(AT TRU8 POS8),"Initially, the trucks are positioned as follows: tru1 is at pos1; tru2 is at pos2; tru3 is at pos3; tru4 is at pos4; tru5 is at pos5; tru6 is at pos6; tru7 is at pos7; tru8 is at pos8; tru9 is at pos9; tru10 is at pos10; tru11 is at pos11; tru12 is at pos12; tru13 is at pos13.",direct,true,covered,The item is explicitly enumerated in the original description.
init,(AT OBJ81 POS8),"Initially, the packages are positioned as follows: obj11 is at pos1; obj12 is at pos1; obj13 is at pos1; obj21 is at pos2; obj22 is at pos2; obj23 is at pos2; obj31 is at pos3; obj32 is at pos3; obj33 is at pos3; obj41 is at pos4; obj42 is at pos4; obj43 is at pos4; obj51 is at pos5; obj52 is at pos5; obj53 is at pos5; obj61 is at pos6; obj62 is at pos6; obj63 is at pos6; obj71 is at pos7; obj72 is at pos7; obj73 is at pos7; obj81 is at pos8; obj82 is at pos8; obj83 is at pos8; obj91 is at pos9; obj92 is at pos9; obj93 is at pos9; obj101 is at pos10; obj102 is at pos10; obj103 is at pos10; obj111 is at pos11; obj112 is at pos11; obj113 is at pos11; obj121 is at pos12; obj122 is at pos12; obj123 is at pos12; obj131 is at pos13; obj132 is at pos13; obj133 is at pos13.",direct,true,covered,The item is explicitly enumerated in the original description.
init,(AT OBJ82 POS8),"Initially, the packages are positioned as follows: obj11 is at pos1; obj12 is at pos1; obj13 is at pos1; obj21 is at pos2; obj22 is at pos2; obj23 is at pos2; obj31 is at pos3; obj32 is at pos3; obj33 is at pos3; obj41 is at pos4; obj42 is at pos4; obj43 is at pos4; obj51 is at pos5; obj52 is at pos5; obj53 is at pos5; obj61 is at pos6; obj62 is at pos6; obj63 is at pos6; obj71 is at pos7; obj72 is at pos7; obj73 is at pos7; obj81 is at pos8; obj82 is at pos8; obj83 is at pos8; obj91 is at pos9; obj92 is at pos9; obj93 is at pos9; obj101 is at pos10; obj102 is at pos10; obj103 is at pos10; obj111 is at pos11; obj112 is at pos11; obj113 is at pos11; obj121 is at pos12; obj122 is at pos12; obj123 is at pos12; obj131 is at pos13; obj132 is at pos13; obj133 is at pos13.",direct,true,covered,The item is explicitly enumerated in the original description.
init,(AT OBJ83 POS8),"Initially, the packages are positioned as follows: obj11 is at pos1; obj12 is at pos1; obj13 is at pos1; obj21 is at pos2; obj22 is at pos2; obj23 is at pos2; obj31 is at pos3; obj32 is at pos3; obj33 is at pos3; obj41 is at pos4; obj42 is at pos4; obj43 is at pos4; obj51 is at pos5; obj52 is at pos5; obj53 is at pos5; obj61 is at pos6; obj62 is at pos6; obj63 is at pos6; obj71 is at pos7; obj72 is at pos7; obj73 is at pos7; obj81 is at pos8; obj82 is at pos8; obj83 is at pos8; obj91 is at pos9; obj92 is at pos9; obj93 is at pos9; obj101 is at pos10; obj102 is at pos10; obj103 is at pos10; obj111 is at pos11; obj112 is at pos11; obj113 is at pos11; obj121 is at pos12; obj122 is at pos12; obj123 is at pos12; obj131 is at pos13; obj132 is at pos13; obj133 is at pos13.",direct,true,covered,The item is explicitly enumerated in the original description.
init,(AT TRU9 POS9),"Initially, the trucks are positioned as follows: tru1 is at pos1; tru2 is at pos2; tru3 is at pos3; tru4 is at pos4; tru5 is at pos5; tru6 is at pos6; tru7 is at pos7; tru8 is at pos8; tru9 is at pos9; tru10 is at pos10; tru11 is at pos11; tru12 is at pos12; tru13 is at pos13.",direct,true,covered,The item is explicitly enumerated in the original description.
init,(AT OBJ91 POS9),"Initially, the packages are positioned as follows: obj11 is at pos1; obj12 is at pos1; obj13 is at pos1; obj21 is at pos2; obj22 is at pos2; obj23 is at pos2; obj31 is at pos3; obj32 is at pos3; obj33 is at pos3; obj41 is at pos4; obj42 is at pos4; obj43 is at pos4; obj51 is at pos5; obj52 is at pos5; obj53 is at pos5; obj61 is at pos6; obj62 is at pos6; obj63 is at pos6; obj71 is at pos7; obj72 is at pos7; obj73 is at pos7; obj81 is at pos8; obj82 is at pos8; obj83 is at pos8; obj91 is at pos9; obj92 is at pos9; obj93 is at pos9; obj101 is at pos10; obj102 is at pos10; obj103 is at pos10; obj111 is at pos11; obj112 is at pos11; obj113 is at pos11; obj121 is at pos12; obj122 is at pos12; obj123 is at pos12; obj131 is at pos13; obj132 is at pos13; obj133 is at pos13.",direct,true,covered,The item is explicitly enumerated in the original description.
init,(AT OBJ92 POS9),"Initially, the packages are positioned as follows: obj11 is at pos1; obj12 is at pos1; obj13 is at pos1; obj21 is at pos2; obj22 is at pos2; obj23 is at pos2; obj31 is at pos3; obj32 is at pos3; obj33 is at pos3; obj41 is at pos4; obj42 is at pos4; obj43 is at pos4; obj51 is at pos5; obj52 is at pos5; obj53 is at pos5; obj61 is at pos6; obj62 is at pos6; obj63 is at pos6; obj71 is at pos7; obj72 is at pos7; obj73 is at pos7; obj81 is at pos8; obj82 is at pos8; obj83 is at pos8; obj91 is at pos9; obj92 is at pos9; obj93 is at pos9; obj101 is at pos10; obj102 is at pos10; obj103 is at pos10; obj111 is at pos11; obj112 is at pos11; obj113 is at pos11; obj121 is at pos12; obj122 is at pos12; obj123 is at pos12; obj131 is at pos13; obj132 is at pos13; obj133 is at pos13.",direct,true,covered,The item is explicitly enumerated in the original description.
init,(AT OBJ93 POS9),"Initially, the packages are positioned as follows: obj11 is at pos1; obj12 is at pos1; obj13 is at pos1; obj21 is at pos2; obj22 is at pos2; obj23 is at pos2; obj31 is at pos3; obj32 is at pos3; obj33 is at pos3; obj41 is at pos4; obj42 is at pos4; obj43 is at pos4; obj51 is at pos5; obj52 is at pos5; obj53 is at pos5; obj61 is at pos6; obj62 is at pos6; obj63 is at pos6; obj71 is at pos7; obj72 is at pos7; obj73 is at pos7; obj81 is at pos8; obj82 is at pos8; obj83 is at pos8; obj91 is at pos9; obj92 is at pos9; obj93 is at pos9; obj101 is at pos10; obj102 is at pos10; obj103 is at pos10; obj111 is at pos11; obj112 is at pos11; obj113 is at pos11; obj121 is at pos12; obj122 is at pos12; obj123 is at pos12; obj131 is at pos13; obj132 is at pos13; obj133 is at pos13.",direct,true,covered,The item is explicitly enumerated in the original description.
init,(AT TRU10 POS10),"Initially, the trucks are positioned as follows: tru1 is at pos1; tru2 is at pos2; tru3 is at pos3; tru4 is at pos4; tru5 is at pos5; tru6 is at pos6; tru7 is at pos7; tru8 is at pos8; tru9 is at pos9; tru10 is at pos10; tru11 is at pos11; tru12 is at pos12; tru13 is at pos13.",direct,true,covered,The item is explicitly enumerated in the original description.
init,(AT OBJ101 POS10),"Initially, the packages are positioned as follows: obj11 is at pos1; obj12 is at pos1; obj13 is at pos1; obj21 is at pos2; obj22 is at pos2; obj23 is at pos2; obj31 is at pos3; obj32 is at pos3; obj33 is at pos3; obj41 is at pos4; obj42 is at pos4; obj43 is at pos4; obj51 is at pos5; obj52 is at pos5; obj53 is at pos5; obj61 is at pos6; obj62 is at pos6; obj63 is at pos6; obj71 is at pos7; obj72 is at pos7; obj73 is at pos7; obj81 is at pos8; obj82 is at pos8; obj83 is at pos8; obj91 is at pos9; obj92 is at pos9; obj93 is at pos9; obj101 is at pos10; obj102 is at pos10; obj103 is at pos10; obj111 is at pos11; obj112 is at pos11; obj113 is at pos11; obj121 is at pos12; obj122 is at pos12; obj123 is at pos12; obj131 is at pos13; obj132 is at pos13; obj133 is at pos13.",direct,true,covered,The item is explicitly enumerated in the original description.
init,(AT OBJ102 POS10),"Initially, the packages are positioned as follows: obj11 is at pos1; obj12 is at pos1; obj13 is at pos1; obj21 is at pos2; obj22 is at pos2; obj23 is at pos2; obj31 is at pos3; obj32 is at pos3; obj33 is at pos3; obj41 is at pos4; obj42 is at pos4; obj43 is at pos4; obj51 is at pos5; obj52 is at pos5; obj53 is at pos5; obj61 is at pos6; obj62 is at pos6; obj63 is at pos6; obj71 is at pos7; obj72 is at pos7; obj73 is at pos7; obj81 is at pos8; obj82 is at pos8; obj83 is at pos8; obj91 is at pos9; obj92 is at pos9; obj93 is at pos9; obj101 is at pos10; obj102 is at pos10; obj103 is at pos10; obj111 is at pos11; obj112 is at pos11; obj113 is at pos11; obj121 is at pos12; obj122 is at pos12; obj123 is at pos12; obj131 is at pos13; obj132 is at pos13; obj133 is at pos13.",direct,true,covered,The item is explicitly enumerated in the original description.
init,(AT OBJ103 POS10),"Initially, the packages are positioned as follows: obj11 is at pos1; obj12 is at pos1; obj13 is at pos1; obj21 is at pos2; obj22 is at pos2; obj23 is at pos2; obj31 is at pos3; obj32 is at pos3; obj33 is at pos3; obj41 is at pos4; obj42 is at pos4; obj43 is at pos4; obj51 is at pos5; obj52 is at pos5; obj53 is at pos5; obj61 is at pos6; obj62 is at pos6; obj63 is at pos6; obj71 is at pos7; obj72 is at pos7; obj73 is at pos7; obj81 is at pos8; obj82 is at pos8; obj83 is at pos8; obj91 is at pos9; obj92 is at pos9; obj93 is at pos9; obj101 is at pos10; obj102 is at pos10; obj103 is at pos10; obj111 is at pos11; obj112 is at pos11; obj113 is at pos11; obj121 is at pos12; obj122 is at pos12; obj123 is at pos12; obj131 is at pos13; obj132 is at pos13; obj133 is at pos13.",direct,true,covered,The item is explicitly enumerated in the original description.
init,(AT TRU11 POS11),"Initially, the trucks are positioned as follows: tru1 is at pos1; tru2 is at pos2; tru3 is at pos3; tru4 is at pos4; tru5 is at pos5; tru6 is at pos6; tru7 is at pos7; tru8 is at pos8; tru9 is at pos9; tru10 is at pos10; tru11 is at pos11; tru12 is at pos12; tru13 is at pos13.",direct,true,covered,The item is explicitly enumerated in the original description.
init,(AT OBJ111 POS11),"Initially, the packages are positioned as follows: obj11 is at pos1; obj12 is at pos1; obj13 is at pos1; obj21 is at pos2; obj22 is at pos2; obj23 is at pos2; obj31 is at pos3; obj32 is at pos3; obj33 is at pos3; obj41 is at pos4; obj42 is at pos4; obj43 is at pos4; obj51 is at pos5; obj52 is at pos5; obj53 is at pos5; obj61 is at pos6; obj62 is at pos6; obj63 is at pos6; obj71 is at pos7; obj72 is at pos7; obj73 is at pos7; obj81 is at pos8; obj82 is at pos8; obj83 is at pos8; obj91 is at pos9; obj92 is at pos9; obj93 is at pos9; obj101 is at pos10; obj102 is at pos10; obj103 is at pos10; obj111 is at pos11; obj112 is at pos11; obj113 is at pos11; obj121 is at pos12; obj122 is at pos12; obj123 is at pos12; obj131 is at pos13; obj132 is at pos13; obj133 is at pos13.",direct,true,covered,The item is explicitly enumerated in the original description.
init,(AT OBJ112 POS11),"Initially, the packages are positioned as follows: obj11 is at pos1; obj12 is at pos1; obj13 is at pos1; obj21 is at pos2; obj22 is at pos2; obj23 is at pos2; obj31 is at pos3; obj32 is at pos3; obj33 is at pos3; obj41 is at pos4; obj42 is at pos4; obj43 is at pos4; obj51 is at pos5; obj52 is at pos5; obj53 is at pos5; obj61 is at pos6; obj62 is at pos6; obj63 is at pos6; obj71 is at pos7; obj72 is at pos7; obj73 is at pos7; obj81 is at pos8; obj82 is at pos8; obj83 is at pos8; obj91 is at pos9; obj92 is at pos9; obj93 is at pos9; obj101 is at pos10; obj102 is at pos10; obj103 is at pos10; obj111 is at pos11; obj112 is at pos11; obj113 is at pos11; obj121 is at pos12; obj122 is at pos12; obj123 is at pos12; obj131 is at pos13; obj132 is at pos13; obj133 is at pos13.",direct,true,covered,The item is explicitly enumerated in the original description.
init,(AT OBJ113 POS11),"Initially, the packages are positioned as follows: obj11 is at pos1; obj12 is at pos1; obj13 is at pos1; obj21 is at pos2; obj22 is at pos2; obj23 is at pos2; obj31 is at pos3; obj32 is at pos3; obj33 is at pos3; obj41 is at pos4; obj42 is at pos4; obj43 is at pos4; obj51 is at pos5; obj52 is at pos5; obj53 is at pos5; obj61 is at pos6; obj62 is at pos6; obj63 is at pos6; obj71 is at pos7; obj72 is at pos7; obj73 is at pos7; obj81 is at pos8; obj82 is at pos8; obj83 is at pos8; obj91 is at pos9; obj92 is at pos9; obj93 is at pos9; obj101 is at pos10; obj102 is at pos10; obj103 is at pos10; obj111 is at pos11; obj112 is at pos11; obj113 is at pos11; obj121 is at pos12; obj122 is at pos12; obj123 is at pos12; obj131 is at pos13; obj132 is at pos13; obj133 is at pos13.",direct,true,covered,The item is explicitly enumerated in the original description.
init,(AT TRU12 POS12),"Initially, the trucks are positioned as follows: tru1 is at pos1; tru2 is at pos2; tru3 is at pos3; tru4 is at pos4; tru5 is at pos5; tru6 is at pos6; tru7 is at pos7; tru8 is at pos8; tru9 is at pos9; tru10 is at pos10; tru11 is at pos11; tru12 is at pos12; tru13 is at pos13.",direct,true,covered,The item is explicitly enumerated in the original description.
init,(AT OBJ121 POS12),"Initially, the packages are positioned as follows: obj11 is at pos1; obj12 is at pos1; obj13 is at pos1; obj21 is at pos2; obj22 is at pos2; obj23 is at pos2; obj31 is at pos3; obj32 is at pos3; obj33 is at pos3; obj41 is at pos4; obj42 is at pos4; obj43 is at pos4; obj51 is at pos5; obj52 is at pos5; obj53 is at pos5; obj61 is at pos6; obj62 is at pos6; obj63 is at pos6; obj71 is at pos7; obj72 is at pos7; obj73 is at pos7; obj81 is at pos8; obj82 is at pos8; obj83 is at pos8; obj91 is at pos9; obj92 is at pos9; obj93 is at pos9; obj101 is at pos10; obj102 is at pos10; obj103 is at pos10; obj111 is at pos11; obj112 is at pos11; obj113 is at pos11; obj121 is at pos12; obj122 is at pos12; obj123 is at pos12; obj131 is at pos13; obj132 is at pos13; obj133 is at pos13.",direct,true,covered,The item is explicitly enumerated in the original description.
init,(AT OBJ122 POS12),"Initially, the packages are positioned as follows: obj11 is at pos1; obj12 is at pos1; obj13 is at pos1; obj21 is at pos2; obj22 is at pos2; obj23 is at pos2; obj31 is at pos3; obj32 is at pos3; obj33 is at pos3; obj41 is at pos4; obj42 is at pos4; obj43 is at pos4; obj51 is at pos5; obj52 is at pos5; obj53 is at pos5; obj61 is at pos6; obj62 is at pos6; obj63 is at pos6; obj71 is at pos7; obj72 is at pos7; obj73 is at pos7; obj81 is at pos8; obj82 is at pos8; obj83 is at pos8; obj91 is at pos9; obj92 is at pos9; obj93 is at pos9; obj101 is at pos10; obj102 is at pos10; obj103 is at pos10; obj111 is at pos11; obj112 is at pos11; obj113 is at pos11; obj121 is at pos12; obj122 is at pos12; obj123 is at pos12; obj131 is at pos13; obj132 is at pos13; obj133 is at pos13.",direct,true,covered,The item is explicitly enumerated in the original description.
init,(AT OBJ123 POS12),"Initially, the packages are positioned as follows: obj11 is at pos1; obj12 is at pos1; obj13 is at pos1; obj21 is at pos2; obj22 is at pos2; obj23 is at pos2; obj31 is at pos3; obj32 is at pos3; obj33 is at pos3; obj41 is at pos4; obj42 is at pos4; obj43 is at pos4; obj51 is at pos5; obj52 is at pos5; obj53 is at pos5; obj61 is at pos6; obj62 is at pos6; obj63 is at pos6; obj71 is at pos7; obj72 is at pos7; obj73 is at pos7; obj81 is at pos8; obj82 is at pos8; obj83 is at pos8; obj91 is at pos9; obj92 is at pos9; obj93 is at pos9; obj101 is at pos10; obj102 is at pos10; obj103 is at pos10; obj111 is at pos11; obj112 is at pos11; obj113 is at pos11; obj121 is at pos12; obj122 is at pos12; obj123 is at pos12; obj131 is at pos13; obj132 is at pos13; obj133 is at pos13.",direct,true,covered,The item is explicitly enumerated in the original description.
init,(AT TRU13 POS13),"Initially, the trucks are positioned as follows: tru1 is at pos1; tru2 is at pos2; tru3 is at pos3; tru4 is at pos4; tru5 is at pos5; tru6 is at pos6; tru7 is at pos7; tru8 is at pos8; tru9 is at pos9; tru10 is at pos10; tru11 is at pos11; tru12 is at pos12; tru13 is at pos13.",direct,true,covered,The item is explicitly enumerated in the original description.
init,(AT OBJ131 POS13),"Initially, the packages are positioned as follows: obj11 is at pos1; obj12 is at pos1; obj13 is at pos1; obj21 is at pos2; obj22 is at pos2; obj23 is at pos2; obj31 is at pos3; obj32 is at pos3; obj33 is at pos3; obj41 is at pos4; obj42 is at pos4; obj43 is at pos4; obj51 is at pos5; obj52 is at pos5; obj53 is at pos5; obj61 is at pos6; obj62 is at pos6; obj63 is at pos6; obj71 is at pos7; obj72 is at pos7; obj73 is at pos7; obj81 is at pos8; obj82 is at pos8; obj83 is at pos8; obj91 is at pos9; obj92 is at pos9; obj93 is at pos9; obj101 is at pos10; obj102 is at pos10; obj103 is at pos10; obj111 is at pos11; obj112 is at pos11; obj113 is at pos11; obj121 is at pos12; obj122 is at pos12; obj123 is at pos12; obj131 is at pos13; obj132 is at pos13; obj133 is at pos13.",direct,true,covered,The item is explicitly enumerated in the original description.
init,(AT OBJ132 POS13),"Initially, the packages are positioned as follows: obj11 is at pos1; obj12 is at pos1; obj13 is at pos1; obj21 is at pos2; obj22 is at pos2; obj23 is at pos2; obj31 is at pos3; obj32 is at pos3; obj33 is at pos3; obj41 is at pos4; obj42 is at pos4; obj43 is at pos4; obj51 is at pos5; obj52 is at pos5; obj53 is at pos5; obj61 is at pos6; obj62 is at pos6; obj63 is at pos6; obj71 is at pos7; obj72 is at pos7; obj73 is at pos7; obj81 is at pos8; obj82 is at pos8; obj83 is at pos8; obj91 is at pos9; obj92 is at pos9; obj93 is at pos9; obj101 is at pos10; obj102 is at pos10; obj103 is at pos10; obj111 is at pos11; obj112 is at pos11; obj113 is at pos11; obj121 is at pos12; obj122 is at pos12; obj123 is at pos12; obj131 is at pos13; obj132 is at pos13; obj133 is at pos13.",direct,true,covered,The item is explicitly enumerated in the original description.
init,(AT OBJ133 POS13),"Initially, the packages are positioned as follows: obj11 is at pos1; obj12 is at pos1; obj13 is at pos1; obj21 is at pos2; obj22 is at pos2; obj23 is at pos2; obj31 is at pos3; obj32 is at pos3; obj33 is at pos3; obj41 is at pos4; obj42 is at pos4; obj43 is at pos4; obj51 is at pos5; obj52 is at pos5; obj53 is at pos5; obj61 is at pos6; obj62 is at pos6; obj63 is at pos6; obj71 is at pos7; obj72 is at pos7; obj73 is at pos7; obj81 is at pos8; obj82 is at pos8; obj83 is at pos8; obj91 is at pos9; obj92 is at pos9; obj93 is at pos9; obj101 is at pos10; obj102 is at pos10; obj103 is at pos10; obj111 is at pos11; obj112 is at pos11; obj113 is at pos11; obj121 is at pos12; obj122 is at pos12; obj123 is at pos12; obj131 is at pos13; obj132 is at pos13; obj133 is at pos13.",direct,true,covered,The item is explicitly enumerated in the original description.
init,(IN-CITY POS1 CIT1),The location-to-city relationships are: pos1 is in cit1; apt1 is in cit1; pos2 is in cit2; apt2 is in cit2; pos3 is in cit3; apt3 is in cit3; pos4 is in cit4; apt4 is in cit4; pos5 is in cit5; apt5 is in cit5; pos6 is in cit6; apt6 is in cit6; pos7 is in cit7; apt7 is in cit7; pos8 is in cit8; apt8 is in cit8; pos9 is in cit9; apt9 is in cit9; pos10 is in cit10; apt10 is in cit10; pos11 is in cit11; apt11 is in cit11; pos12 is in cit12; apt12 is in cit12; pos13 is in cit13; apt13 is in cit13.,direct,true,covered,The item is explicitly enumerated in the original description.
init,(IN-CITY APT1 CIT1),The location-to-city relationships are: pos1 is in cit1; apt1 is in cit1; pos2 is in cit2; apt2 is in cit2; pos3 is in cit3; apt3 is in cit3; pos4 is in cit4; apt4 is in cit4; pos5 is in cit5; apt5 is in cit5; pos6 is in cit6; apt6 is in cit6; pos7 is in cit7; apt7 is in cit7; pos8 is in cit8; apt8 is in cit8; pos9 is in cit9; apt9 is in cit9; pos10 is in cit10; apt10 is in cit10; pos11 is in cit11; apt11 is in cit11; pos12 is in cit12; apt12 is in cit12; pos13 is in cit13; apt13 is in cit13.,direct,true,covered,The item is explicitly enumerated in the original description.
init,(IN-CITY POS2 CIT2),The location-to-city relationships are: pos1 is in cit1; apt1 is in cit1; pos2 is in cit2; apt2 is in cit2; pos3 is in cit3; apt3 is in cit3; pos4 is in cit4; apt4 is in cit4; pos5 is in cit5; apt5 is in cit5; pos6 is in cit6; apt6 is in cit6; pos7 is in cit7; apt7 is in cit7; pos8 is in cit8; apt8 is in cit8; pos9 is in cit9; apt9 is in cit9; pos10 is in cit10; apt10 is in cit10; pos11 is in cit11; apt11 is in cit11; pos12 is in cit12; apt12 is in cit12; pos13 is in cit13; apt13 is in cit13.,direct,true,covered,The item is explicitly enumerated in the original description.
init,(IN-CITY APT2 CIT2),The location-to-city relationships are: pos1 is in cit1; apt1 is in cit1; pos2 is in cit2; apt2 is in cit2; pos3 is in cit3; apt3 is in cit3; pos4 is in cit4; apt4 is in cit4; pos5 is in cit5; apt5 is in cit5; pos6 is in cit6; apt6 is in cit6; pos7 is in cit7; apt7 is in cit7; pos8 is in cit8; apt8 is in cit8; pos9 is in cit9; apt9 is in cit9; pos10 is in cit10; apt10 is in cit10; pos11 is in cit11; apt11 is in cit11; pos12 is in cit12; apt12 is in cit12; pos13 is in cit13; apt13 is in cit13.,direct,true,covered,The item is explicitly enumerated in the original description.
init,(IN-CITY POS3 CIT3),The location-to-city relationships are: pos1 is in cit1; apt1 is in cit1; pos2 is in cit2; apt2 is in cit2; pos3 is in cit3; apt3 is in cit3; pos4 is in cit4; apt4 is in cit4; pos5 is in cit5; apt5 is in cit5; pos6 is in cit6; apt6 is in cit6; pos7 is in cit7; apt7 is in cit7; pos8 is in cit8; apt8 is in cit8; pos9 is in cit9; apt9 is in cit9; pos10 is in cit10; apt10 is in cit10; pos11 is in cit11; apt11 is in cit11; pos12 is in cit12; apt12 is in cit12; pos13 is in cit13; apt13 is in cit13.,direct,true,covered,The item is explicitly enumerated in the original description.
init,(IN-CITY APT3 CIT3),The location-to-city relationships are: pos1 is in cit1; apt1 is in cit1; pos2 is in cit2; apt2 is in cit2; pos3 is in cit3; apt3 is in cit3; pos4 is in cit4; apt4 is in cit4; pos5 is in cit5; apt5 is in cit5; pos6 is in cit6; apt6 is in cit6; pos7 is in cit7; apt7 is in cit7; pos8 is in cit8; apt8 is in cit8; pos9 is in cit9; apt9 is in cit9; pos10 is in cit10; apt10 is in cit10; pos11 is in cit11; apt11 is in cit11; pos12 is in cit12; apt12 is in cit12; pos13 is in cit13; apt13 is in cit13.,direct,true,covered,The item is explicitly enumerated in the original description.
init,(IN-CITY POS4 CIT4),The location-to-city relationships are: pos1 is in cit1; apt1 is in cit1; pos2 is in cit2; apt2 is in cit2; pos3 is in cit3; apt3 is in cit3; pos4 is in cit4; apt4 is in cit4; pos5 is in cit5; apt5 is in cit5; pos6 is in cit6; apt6 is in cit6; pos7 is in cit7; apt7 is in cit7; pos8 is in cit8; apt8 is in cit8; pos9 is in cit9; apt9 is in cit9; pos10 is in cit10; apt10 is in cit10; pos11 is in cit11; apt11 is in cit11; pos12 is in cit12; apt12 is in cit12; pos13 is in cit13; apt13 is in cit13.,direct,true,covered,The item is explicitly enumerated in the original description.
init,(IN-CITY APT4 CIT4),The location-to-city relationships are: pos1 is in cit1; apt1 is in cit1; pos2 is in cit2; apt2 is in cit2; pos3 is in cit3; apt3 is in cit3; pos4 is in cit4; apt4 is in cit4; pos5 is in cit5; apt5 is in cit5; pos6 is in cit6; apt6 is in cit6; pos7 is in cit7; apt7 is in cit7; pos8 is in cit8; apt8 is in cit8; pos9 is in cit9; apt9 is in cit9; pos10 is in cit10; apt10 is in cit10; pos11 is in cit11; apt11 is in cit11; pos12 is in cit12; apt12 is in cit12; pos13 is in cit13; apt13 is in cit13.,direct,true,covered,The item is explicitly enumerated in the original description.
init,(IN-CITY POS5 CIT5),The location-to-city relationships are: pos1 is in cit1; apt1 is in cit1; pos2 is in cit2; apt2 is in cit2; pos3 is in cit3; apt3 is in cit3; pos4 is in cit4; apt4 is in cit4; pos5 is in cit5; apt5 is in cit5; pos6 is in cit6; apt6 is in cit6; pos7 is in cit7; apt7 is in cit7; pos8 is in cit8; apt8 is in cit8; pos9 is in cit9; apt9 is in cit9; pos10 is in cit10; apt10 is in cit10; pos11 is in cit11; apt11 is in cit11; pos12 is in cit12; apt12 is in cit12; pos13 is in cit13; apt13 is in cit13.,direct,true,covered,The item is explicitly enumerated in the original description.
init,(IN-CITY APT5 CIT5),The location-to-city relationships are: pos1 is in cit1; apt1 is in cit1; pos2 is in cit2; apt2 is in cit2; pos3 is in cit3; apt3 is in cit3; pos4 is in cit4; apt4 is in cit4; pos5 is in cit5; apt5 is in cit5; pos6 is in cit6; apt6 is in cit6; pos7 is in cit7; apt7 is in cit7; pos8 is in cit8; apt8 is in cit8; pos9 is in cit9; apt9 is in cit9; pos10 is in cit10; apt10 is in cit10; pos11 is in cit11; apt11 is in cit11; pos12 is in cit12; apt12 is in cit12; pos13 is in cit13; apt13 is in cit13.,direct,true,covered,The item is explicitly enumerated in the original description.
init,(IN-CITY POS6 CIT6),The location-to-city relationships are: pos1 is in cit1; apt1 is in cit1; pos2 is in cit2; apt2 is in cit2; pos3 is in cit3; apt3 is in cit3; pos4 is in cit4; apt4 is in cit4; pos5 is in cit5; apt5 is in cit5; pos6 is in cit6; apt6 is in cit6; pos7 is in cit7; apt7 is in cit7; pos8 is in cit8; apt8 is in cit8; pos9 is in cit9; apt9 is in cit9; pos10 is in cit10; apt10 is in cit10; pos11 is in cit11; apt11 is in cit11; pos12 is in cit12; apt12 is in cit12; pos13 is in cit13; apt13 is in cit13.,direct,true,covered,The item is explicitly enumerated in the original description.
init,(IN-CITY APT6 CIT6),The location-to-city relationships are: pos1 is in cit1; apt1 is in cit1; pos2 is in cit2; apt2 is in cit2; pos3 is in cit3; apt3 is in cit3; pos4 is in cit4; apt4 is in cit4; pos5 is in cit5; apt5 is in cit5; pos6 is in cit6; apt6 is in cit6; pos7 is in cit7; apt7 is in cit7; pos8 is in cit8; apt8 is in cit8; pos9 is in cit9; apt9 is in cit9; pos10 is in cit10; apt10 is in cit10; pos11 is in cit11; apt11 is in cit11; pos12 is in cit12; apt12 is in cit12; pos13 is in cit13; apt13 is in cit13.,direct,true,covered,The item is explicitly enumerated in the original description.
init,(IN-CITY POS7 CIT7),The location-to-city relationships are: pos1 is in cit1; apt1 is in cit1; pos2 is in cit2; apt2 is in cit2; pos3 is in cit3; apt3 is in cit3; pos4 is in cit4; apt4 is in cit4; pos5 is in cit5; apt5 is in cit5; pos6 is in cit6; apt6 is in cit6; pos7 is in cit7; apt7 is in cit7; pos8 is in cit8; apt8 is in cit8; pos9 is in cit9; apt9 is in cit9; pos10 is in cit10; apt10 is in cit10; pos11 is in cit11; apt11 is in cit11; pos12 is in cit12; apt12 is in cit12; pos13 is in cit13; apt13 is in cit13.,direct,true,covered,The item is explicitly enumerated in the original description.
init,(IN-CITY APT7 CIT7),The location-to-city relationships are: pos1 is in cit1; apt1 is in cit1; pos2 is in cit2; apt2 is in cit2; pos3 is in cit3; apt3 is in cit3; pos4 is in cit4; apt4 is in cit4; pos5 is in cit5; apt5 is in cit5; pos6 is in cit6; apt6 is in cit6; pos7 is in cit7; apt7 is in cit7; pos8 is in cit8; apt8 is in cit8; pos9 is in cit9; apt9 is in cit9; pos10 is in cit10; apt10 is in cit10; pos11 is in cit11; apt11 is in cit11; pos12 is in cit12; apt12 is in cit12; pos13 is in cit13; apt13 is in cit13.,direct,true,covered,The item is explicitly enumerated in the original description.
init,(IN-CITY POS8 CIT8),The location-to-city relationships are: pos1 is in cit1; apt1 is in cit1; pos2 is in cit2; apt2 is in cit2; pos3 is in cit3; apt3 is in cit3; pos4 is in cit4; apt4 is in cit4; pos5 is in cit5; apt5 is in cit5; pos6 is in cit6; apt6 is in cit6; pos7 is in cit7; apt7 is in cit7; pos8 is in cit8; apt8 is in cit8; pos9 is in cit9; apt9 is in cit9; pos10 is in cit10; apt10 is in cit10; pos11 is in cit11; apt11 is in cit11; pos12 is in cit12; apt12 is in cit12; pos13 is in cit13; apt13 is in cit13.,direct,true,covered,The item is explicitly enumerated in the original description.
init,(IN-CITY APT8 CIT8),The location-to-city relationships are: pos1 is in cit1; apt1 is in cit1; pos2 is in cit2; apt2 is in cit2; pos3 is in cit3; apt3 is in cit3; pos4 is in cit4; apt4 is in cit4; pos5 is in cit5; apt5 is in cit5; pos6 is in cit6; apt6 is in cit6; pos7 is in cit7; apt7 is in cit7; pos8 is in cit8; apt8 is in cit8; pos9 is in cit9; apt9 is in cit9; pos10 is in cit10; apt10 is in cit10; pos11 is in cit11; apt11 is in cit11; pos12 is in cit12; apt12 is in cit12; pos13 is in cit13; apt13 is in cit13.,direct,true,covered,The item is explicitly enumerated in the original description.
init,(IN-CITY POS9 CIT9),The location-to-city relationships are: pos1 is in cit1; apt1 is in cit1; pos2 is in cit2; apt2 is in cit2; pos3 is in cit3; apt3 is in cit3; pos4 is in cit4; apt4 is in cit4; pos5 is in cit5; apt5 is in cit5; pos6 is in cit6; apt6 is in cit6; pos7 is in cit7; apt7 is in cit7; pos8 is in cit8; apt8 is in cit8; pos9 is in cit9; apt9 is in cit9; pos10 is in cit10; apt10 is in cit10; pos11 is in cit11; apt11 is in cit11; pos12 is in cit12; apt12 is in cit12; pos13 is in cit13; apt13 is in cit13.,direct,true,covered,The item is explicitly enumerated in the original description.
init,(IN-CITY APT9 CIT9),The location-to-city relationships are: pos1 is in cit1; apt1 is in cit1; pos2 is in cit2; apt2 is in cit2; pos3 is in cit3; apt3 is in cit3; pos4 is in cit4; apt4 is in cit4; pos5 is in cit5; apt5 is in cit5; pos6 is in cit6; apt6 is in cit6; pos7 is in cit7; apt7 is in cit7; pos8 is in cit8; apt8 is in cit8; pos9 is in cit9; apt9 is in cit9; pos10 is in cit10; apt10 is in cit10; pos11 is in cit11; apt11 is in cit11; pos12 is in cit12; apt12 is in cit12; pos13 is in cit13; apt13 is in cit13.,direct,true,covered,The item is explicitly enumerated in the original description.
init,(IN-CITY POS10 CIT10),The location-to-city relationships are: pos1 is in cit1; apt1 is in cit1; pos2 is in cit2; apt2 is in cit2; pos3 is in cit3; apt3 is in cit3; pos4 is in cit4; apt4 is in cit4; pos5 is in cit5; apt5 is in cit5; pos6 is in cit6; apt6 is in cit6; pos7 is in cit7; apt7 is in cit7; pos8 is in cit8; apt8 is in cit8; pos9 is in cit9; apt9 is in cit9; pos10 is in cit10; apt10 is in cit10; pos11 is in cit11; apt11 is in cit11; pos12 is in cit12; apt12 is in cit12; pos13 is in cit13; apt13 is in cit13.,direct,true,covered,The item is explicitly enumerated in the original description.
init,(IN-CITY APT10 CIT10),The location-to-city relationships are: pos1 is in cit1; apt1 is in cit1; pos2 is in cit2; apt2 is in cit2; pos3 is in cit3; apt3 is in cit3; pos4 is in cit4; apt4 is in cit4; pos5 is in cit5; apt5 is in cit5; pos6 is in cit6; apt6 is in cit6; pos7 is in cit7; apt7 is in cit7; pos8 is in cit8; apt8 is in cit8; pos9 is in cit9; apt9 is in cit9; pos10 is in cit10; apt10 is in cit10; pos11 is in cit11; apt11 is in cit11; pos12 is in cit12; apt12 is in cit12; pos13 is in cit13; apt13 is in cit13.,direct,true,covered,The item is explicitly enumerated in the original description.
init,(IN-CITY POS11 CIT11),The location-to-city relationships are: pos1 is in cit1; apt1 is in cit1; pos2 is in cit2; apt2 is in cit2; pos3 is in cit3; apt3 is in cit3; pos4 is in cit4; apt4 is in cit4; pos5 is in cit5; apt5 is in cit5; pos6 is in cit6; apt6 is in cit6; pos7 is in cit7; apt7 is in cit7; pos8 is in cit8; apt8 is in cit8; pos9 is in cit9; apt9 is in cit9; pos10 is in cit10; apt10 is in cit10; pos11 is in cit11; apt11 is in cit11; pos12 is in cit12; apt12 is in cit12; pos13 is in cit13; apt13 is in cit13.,direct,true,covered,The item is explicitly enumerated in the original description.
init,(IN-CITY APT11 CIT11),The location-to-city relationships are: pos1 is in cit1; apt1 is in cit1; pos2 is in cit2; apt2 is in cit2; pos3 is in cit3; apt3 is in cit3; pos4 is in cit4; apt4 is in cit4; pos5 is in cit5; apt5 is in cit5; pos6 is in cit6; apt6 is in cit6; pos7 is in cit7; apt7 is in cit7; pos8 is in cit8; apt8 is in cit8; pos9 is in cit9; apt9 is in cit9; pos10 is in cit10; apt10 is in cit10; pos11 is in cit11; apt11 is in cit11; pos12 is in cit12; apt12 is in cit12; pos13 is in cit13; apt13 is in cit13.,direct,true,covered,The item is explicitly enumerated in the original description.
init,(IN-CITY POS12 CIT12),The location-to-city relationships are: pos1 is in cit1; apt1 is in cit1; pos2 is in cit2; apt2 is in cit2; pos3 is in cit3; apt3 is in cit3; pos4 is in cit4; apt4 is in cit4; pos5 is in cit5; apt5 is in cit5; pos6 is in cit6; apt6 is in cit6; pos7 is in cit7; apt7 is in cit7; pos8 is in cit8; apt8 is in cit8; pos9 is in cit9; apt9 is in cit9; pos10 is in cit10; apt10 is in cit10; pos11 is in cit11; apt11 is in cit11; pos12 is in cit12; apt12 is in cit12; pos13 is in cit13; apt13 is in cit13.,direct,true,covered,The item is explicitly enumerated in the original description.
init,(IN-CITY APT12 CIT12),The location-to-city relationships are: pos1 is in cit1; apt1 is in cit1; pos2 is in cit2; apt2 is in cit2; pos3 is in cit3; apt3 is in cit3; pos4 is in cit4; apt4 is in cit4; pos5 is in cit5; apt5 is in cit5; pos6 is in cit6; apt6 is in cit6; pos7 is in cit7; apt7 is in cit7; pos8 is in cit8; apt8 is in cit8; pos9 is in cit9; apt9 is in cit9; pos10 is in cit10; apt10 is in cit10; pos11 is in cit11; apt11 is in cit11; pos12 is in cit12; apt12 is in cit12; pos13 is in cit13; apt13 is in cit13.,direct,true,covered,The item is explicitly enumerated in the original description.
init,(IN-CITY POS13 CIT13),The location-to-city relationships are: pos1 is in cit1; apt1 is in cit1; pos2 is in cit2; apt2 is in cit2; pos3 is in cit3; apt3 is in cit3; pos4 is in cit4; apt4 is in cit4; pos5 is in cit5; apt5 is in cit5; pos6 is in cit6; apt6 is in cit6; pos7 is in cit7; apt7 is in cit7; pos8 is in cit8; apt8 is in cit8; pos9 is in cit9; apt9 is in cit9; pos10 is in cit10; apt10 is in cit10; pos11 is in cit11; apt11 is in cit11; pos12 is in cit12; apt12 is in cit12; pos13 is in cit13; apt13 is in cit13.,direct,true,covered,The item is explicitly enumerated in the original description.
init,(IN-CITY APT13 CIT13),The location-to-city relationships are: pos1 is in cit1; apt1 is in cit1; pos2 is in cit2; apt2 is in cit2; pos3 is in cit3; apt3 is in cit3; pos4 is in cit4; apt4 is in cit4; pos5 is in cit5; apt5 is in cit5; pos6 is in cit6; apt6 is in cit6; pos7 is in cit7; apt7 is in cit7; pos8 is in cit8; apt8 is in cit8; pos9 is in cit9; apt9 is in cit9; pos10 is in cit10; apt10 is in cit10; pos11 is in cit11; apt11 is in cit11; pos12 is in cit12; apt12 is in cit12; pos13 is in cit13; apt13 is in cit13.,direct,true,covered,The item is explicitly enumerated in the original description.
goal,(AT OBJ83 POS13),"Initially, the packages are positioned as follows: obj11 is at pos1; obj12 is at pos1; obj13 is at pos1; obj21 is at pos2; obj22 is at pos2; obj23 is at pos2; obj31 is at pos3; obj32 is at pos3; obj33 is at pos3; obj41 is at pos4; obj42 is at pos4; obj43 is at pos4; obj51 is at pos5; obj52 is at pos5; obj53 is at pos5; obj61 is at pos6; obj62 is at pos6; obj63 is at pos6; obj71 is at pos7; obj72 is at pos7; obj73 is at pos7; obj81 is at pos8; obj82 is at pos8; obj83 is at pos8; obj91 is at pos9; obj92 is at pos9; obj93 is at pos9; obj101 is at pos10; obj102 is at pos10; obj103 is at pos10; obj111 is at pos11; obj112 is at pos11; obj113 is at pos11; obj121 is at pos12; obj122 is at pos12; obj123 is at pos12; obj131 is at pos13; obj132 is at pos13; obj133 is at pos13.",direct,true,covered,The sentence directly states this conjunctive goal atom.
goal,(AT OBJ52 POS6),"Initially, the packages are positioned as follows: obj11 is at pos1; obj12 is at pos1; obj13 is at pos1; obj21 is at pos2; obj22 is at pos2; obj23 is at pos2; obj31 is at pos3; obj32 is at pos3; obj33 is at pos3; obj41 is at pos4; obj42 is at pos4; obj43 is at pos4; obj51 is at pos5; obj52 is at pos5; obj53 is at pos5; obj61 is at pos6; obj62 is at pos6; obj63 is at pos6; obj71 is at pos7; obj72 is at pos7; obj73 is at pos7; obj81 is at pos8; obj82 is at pos8; obj83 is at pos8; obj91 is at pos9; obj92 is at pos9; obj93 is at pos9; obj101 is at pos10; obj102 is at pos10; obj103 is at pos10; obj111 is at pos11; obj112 is at pos11; obj113 is at pos11; obj121 is at pos12; obj122 is at pos12; obj123 is at pos12; obj131 is at pos13; obj132 is at pos13; obj133 is at pos13.",direct,true,covered,The sentence directly states this conjunctive goal atom.
goal,(AT OBJ33 POS5),"Initially, the packages are positioned as follows: obj11 is at pos1; obj12 is at pos1; obj13 is at pos1; obj21 is at pos2; obj22 is at pos2; obj23 is at pos2; obj31 is at pos3; obj32 is at pos3; obj33 is at pos3; obj41 is at pos4; obj42 is at pos4; obj43 is at pos4; obj51 is at pos5; obj52 is at pos5; obj53 is at pos5; obj61 is at pos6; obj62 is at pos6; obj63 is at pos6; obj71 is at pos7; obj72 is at pos7; obj73 is at pos7; obj81 is at pos8; obj82 is at pos8; obj83 is at pos8; obj91 is at pos9; obj92 is at pos9; obj93 is at pos9; obj101 is at pos10; obj102 is at pos10; obj103 is at pos10; obj111 is at pos11; obj112 is at pos11; obj113 is at pos11; obj121 is at pos12; obj122 is at pos12; obj123 is at pos12; obj131 is at pos13; obj132 is at pos13; obj133 is at pos13.",direct,true,covered,The sentence directly states this conjunctive goal atom.
goal,(AT OBJ13 APT12),The goal is for the packages to reach these destinations: obj83 must be at pos13; obj52 must be at pos6; obj33 must be at pos5; obj13 must be at apt12; obj131 must be at apt7; obj31 must be at pos4; obj92 must be at apt1; obj91 must be at pos2; obj82 must be at pos4; obj132 must be at pos4; obj63 must be at apt10; obj61 must be at apt13; obj41 must be at pos12; obj71 must be at apt2; obj53 must be at pos13; obj121 must be at pos5; obj123 must be at apt10; obj112 must be at apt12; obj42 must be at apt3; obj102 must be at pos9; obj11 must be at apt7; obj22 must be at pos4; obj111 must be at pos10; obj122 must be at apt9; obj23 must be at apt2; obj81 must be at apt4; obj43 must be at pos3; obj133 must be at pos7; obj101 must be at apt5; obj103 must be at pos12; obj62 must be at pos13; obj113 must be at apt3; obj73 must be at pos10; obj93 must be at apt13; obj32 must be at apt8; obj72 must be at pos4; obj51 must be at apt13.,direct,true,covered,The sentence directly states this conjunctive goal atom.
goal,(AT OBJ131 APT7),The goal is for the packages to reach these destinations: obj83 must be at pos13; obj52 must be at pos6; obj33 must be at pos5; obj13 must be at apt12; obj131 must be at apt7; obj31 must be at pos4; obj92 must be at apt1; obj91 must be at pos2; obj82 must be at pos4; obj132 must be at pos4; obj63 must be at apt10; obj61 must be at apt13; obj41 must be at pos12; obj71 must be at apt2; obj53 must be at pos13; obj121 must be at pos5; obj123 must be at apt10; obj112 must be at apt12; obj42 must be at apt3; obj102 must be at pos9; obj11 must be at apt7; obj22 must be at pos4; obj111 must be at pos10; obj122 must be at apt9; obj23 must be at apt2; obj81 must be at apt4; obj43 must be at pos3; obj133 must be at pos7; obj101 must be at apt5; obj103 must be at pos12; obj62 must be at pos13; obj113 must be at apt3; obj73 must be at pos10; obj93 must be at apt13; obj32 must be at apt8; obj72 must be at pos4; obj51 must be at apt13.,direct,true,covered,The sentence directly states this conjunctive goal atom.
goal,(AT OBJ31 POS4),"Initially, the packages are positioned as follows: obj11 is at pos1; obj12 is at pos1; obj13 is at pos1; obj21 is at pos2; obj22 is at pos2; obj23 is at pos2; obj31 is at pos3; obj32 is at pos3; obj33 is at pos3; obj41 is at pos4; obj42 is at pos4; obj43 is at pos4; obj51 is at pos5; obj52 is at pos5; obj53 is at pos5; obj61 is at pos6; obj62 is at pos6; obj63 is at pos6; obj71 is at pos7; obj72 is at pos7; obj73 is at pos7; obj81 is at pos8; obj82 is at pos8; obj83 is at pos8; obj91 is at pos9; obj92 is at pos9; obj93 is at pos9; obj101 is at pos10; obj102 is at pos10; obj103 is at pos10; obj111 is at pos11; obj112 is at pos11; obj113 is at pos11; obj121 is at pos12; obj122 is at pos12; obj123 is at pos12; obj131 is at pos13; obj132 is at pos13; obj133 is at pos13.",direct,true,covered,The sentence directly states this conjunctive goal atom.
goal,(AT OBJ92 APT1),The goal is for the packages to reach these destinations: obj83 must be at pos13; obj52 must be at pos6; obj33 must be at pos5; obj13 must be at apt12; obj131 must be at apt7; obj31 must be at pos4; obj92 must be at apt1; obj91 must be at pos2; obj82 must be at pos4; obj132 must be at pos4; obj63 must be at apt10; obj61 must be at apt13; obj41 must be at pos12; obj71 must be at apt2; obj53 must be at pos13; obj121 must be at pos5; obj123 must be at apt10; obj112 must be at apt12; obj42 must be at apt3; obj102 must be at pos9; obj11 must be at apt7; obj22 must be at pos4; obj111 must be at pos10; obj122 must be at apt9; obj23 must be at apt2; obj81 must be at apt4; obj43 must be at pos3; obj133 must be at pos7; obj101 must be at apt5; obj103 must be at pos12; obj62 must be at pos13; obj113 must be at apt3; obj73 must be at pos10; obj93 must be at apt13; obj32 must be at apt8; obj72 must be at pos4; obj51 must be at apt13.,direct,true,covered,The sentence directly states this conjunctive goal atom.
goal,(AT OBJ91 POS2),"Initially, the packages are positioned as follows: obj11 is at pos1; obj12 is at pos1; obj13 is at pos1; obj21 is at pos2; obj22 is at pos2; obj23 is at pos2; obj31 is at pos3; obj32 is at pos3; obj33 is at pos3; obj41 is at pos4; obj42 is at pos4; obj43 is at pos4; obj51 is at pos5; obj52 is at pos5; obj53 is at pos5; obj61 is at pos6; obj62 is at pos6; obj63 is at pos6; obj71 is at pos7; obj72 is at pos7; obj73 is at pos7; obj81 is at pos8; obj82 is at pos8; obj83 is at pos8; obj91 is at pos9; obj92 is at pos9; obj93 is at pos9; obj101 is at pos10; obj102 is at pos10; obj103 is at pos10; obj111 is at pos11; obj112 is at pos11; obj113 is at pos11; obj121 is at pos12; obj122 is at pos12; obj123 is at pos12; obj131 is at pos13; obj132 is at pos13; obj133 is at pos13.",direct,true,covered,The sentence directly states this conjunctive goal atom.
goal,(AT OBJ82 POS4),"Initially, the packages are positioned as follows: obj11 is at pos1; obj12 is at pos1; obj13 is at pos1; obj21 is at pos2; obj22 is at pos2; obj23 is at pos2; obj31 is at pos3; obj32 is at pos3; obj33 is at pos3; obj41 is at pos4; obj42 is at pos4; obj43 is at pos4; obj51 is at pos5; obj52 is at pos5; obj53 is at pos5; obj61 is at pos6; obj62 is at pos6; obj63 is at pos6; obj71 is at pos7; obj72 is at pos7; obj73 is at pos7; obj81 is at pos8; obj82 is at pos8; obj83 is at pos8; obj91 is at pos9; obj92 is at pos9; obj93 is at pos9; obj101 is at pos10; obj102 is at pos10; obj103 is at pos10; obj111 is at pos11; obj112 is at pos11; obj113 is at pos11; obj121 is at pos12; obj122 is at pos12; obj123 is at pos12; obj131 is at pos13; obj132 is at pos13; obj133 is at pos13.",direct,true,covered,The sentence directly states this conjunctive goal atom.
goal,(AT OBJ132 POS4),"Initially, the packages are positioned as follows: obj11 is at pos1; obj12 is at pos1; obj13 is at pos1; obj21 is at pos2; obj22 is at pos2; obj23 is at pos2; obj31 is at pos3; obj32 is at pos3; obj33 is at pos3; obj41 is at pos4; obj42 is at pos4; obj43 is at pos4; obj51 is at pos5; obj52 is at pos5; obj53 is at pos5; obj61 is at pos6; obj62 is at pos6; obj63 is at pos6; obj71 is at pos7; obj72 is at pos7; obj73 is at pos7; obj81 is at pos8; obj82 is at pos8; obj83 is at pos8; obj91 is at pos9; obj92 is at pos9; obj93 is at pos9; obj101 is at pos10; obj102 is at pos10; obj103 is at pos10; obj111 is at pos11; obj112 is at pos11; obj113 is at pos11; obj121 is at pos12; obj122 is at pos12; obj123 is at pos12; obj131 is at pos13; obj132 is at pos13; obj133 is at pos13.",direct,true,covered,The sentence directly states this conjunctive goal atom.
goal,(AT OBJ63 APT10),The goal is for the packages to reach these destinations: obj83 must be at pos13; obj52 must be at pos6; obj33 must be at pos5; obj13 must be at apt12; obj131 must be at apt7; obj31 must be at pos4; obj92 must be at apt1; obj91 must be at pos2; obj82 must be at pos4; obj132 must be at pos4; obj63 must be at apt10; obj61 must be at apt13; obj41 must be at pos12; obj71 must be at apt2; obj53 must be at pos13; obj121 must be at pos5; obj123 must be at apt10; obj112 must be at apt12; obj42 must be at apt3; obj102 must be at pos9; obj11 must be at apt7; obj22 must be at pos4; obj111 must be at pos10; obj122 must be at apt9; obj23 must be at apt2; obj81 must be at apt4; obj43 must be at pos3; obj133 must be at pos7; obj101 must be at apt5; obj103 must be at pos12; obj62 must be at pos13; obj113 must be at apt3; obj73 must be at pos10; obj93 must be at apt13; obj32 must be at apt8; obj72 must be at pos4; obj51 must be at apt13.,direct,true,covered,The sentence directly states this conjunctive goal atom.
goal,(AT OBJ61 APT13),The goal is for the packages to reach these destinations: obj83 must be at pos13; obj52 must be at pos6; obj33 must be at pos5; obj13 must be at apt12; obj131 must be at apt7; obj31 must be at pos4; obj92 must be at apt1; obj91 must be at pos2; obj82 must be at pos4; obj132 must be at pos4; obj63 must be at apt10; obj61 must be at apt13; obj41 must be at pos12; obj71 must be at apt2; obj53 must be at pos13; obj121 must be at pos5; obj123 must be at apt10; obj112 must be at apt12; obj42 must be at apt3; obj102 must be at pos9; obj11 must be at apt7; obj22 must be at pos4; obj111 must be at pos10; obj122 must be at apt9; obj23 must be at apt2; obj81 must be at apt4; obj43 must be at pos3; obj133 must be at pos7; obj101 must be at apt5; obj103 must be at pos12; obj62 must be at pos13; obj113 must be at apt3; obj73 must be at pos10; obj93 must be at apt13; obj32 must be at apt8; obj72 must be at pos4; obj51 must be at apt13.,direct,true,covered,The sentence directly states this conjunctive goal atom.
goal,(AT OBJ41 POS12),"Initially, the packages are positioned as follows: obj11 is at pos1; obj12 is at pos1; obj13 is at pos1; obj21 is at pos2; obj22 is at pos2; obj23 is at pos2; obj31 is at pos3; obj32 is at pos3; obj33 is at pos3; obj41 is at pos4; obj42 is at pos4; obj43 is at pos4; obj51 is at pos5; obj52 is at pos5; obj53 is at pos5; obj61 is at pos6; obj62 is at pos6; obj63 is at pos6; obj71 is at pos7; obj72 is at pos7; obj73 is at pos7; obj81 is at pos8; obj82 is at pos8; obj83 is at pos8; obj91 is at pos9; obj92 is at pos9; obj93 is at pos9; obj101 is at pos10; obj102 is at pos10; obj103 is at pos10; obj111 is at pos11; obj112 is at pos11; obj113 is at pos11; obj121 is at pos12; obj122 is at pos12; obj123 is at pos12; obj131 is at pos13; obj132 is at pos13; obj133 is at pos13.",direct,true,covered,The sentence directly states this conjunctive goal atom.
goal,(AT OBJ71 APT2),The goal is for the packages to reach these destinations: obj83 must be at pos13; obj52 must be at pos6; obj33 must be at pos5; obj13 must be at apt12; obj131 must be at apt7; obj31 must be at pos4; obj92 must be at apt1; obj91 must be at pos2; obj82 must be at pos4; obj132 must be at pos4; obj63 must be at apt10; obj61 must be at apt13; obj41 must be at pos12; obj71 must be at apt2; obj53 must be at pos13; obj121 must be at pos5; obj123 must be at apt10; obj112 must be at apt12; obj42 must be at apt3; obj102 must be at pos9; obj11 must be at apt7; obj22 must be at pos4; obj111 must be at pos10; obj122 must be at apt9; obj23 must be at apt2; obj81 must be at apt4; obj43 must be at pos3; obj133 must be at pos7; obj101 must be at apt5; obj103 must be at pos12; obj62 must be at pos13; obj113 must be at apt3; obj73 must be at pos10; obj93 must be at apt13; obj32 must be at apt8; obj72 must be at pos4; obj51 must be at apt13.,direct,true,covered,The sentence directly states this conjunctive goal atom.
goal,(AT OBJ53 POS13),"Initially, the packages are positioned as follows: obj11 is at pos1; obj12 is at pos1; obj13 is at pos1; obj21 is at pos2; obj22 is at pos2; obj23 is at pos2; obj31 is at pos3; obj32 is at pos3; obj33 is at pos3; obj41 is at pos4; obj42 is at pos4; obj43 is at pos4; obj51 is at pos5; obj52 is at pos5; obj53 is at pos5; obj61 is at pos6; obj62 is at pos6; obj63 is at pos6; obj71 is at pos7; obj72 is at pos7; obj73 is at pos7; obj81 is at pos8; obj82 is at pos8; obj83 is at pos8; obj91 is at pos9; obj92 is at pos9; obj93 is at pos9; obj101 is at pos10; obj102 is at pos10; obj103 is at pos10; obj111 is at pos11; obj112 is at pos11; obj113 is at pos11; obj121 is at pos12; obj122 is at pos12; obj123 is at pos12; obj131 is at pos13; obj132 is at pos13; obj133 is at pos13.",direct,true,covered,The sentence directly states this conjunctive goal atom.
goal,(AT OBJ121 POS5),"Initially, the packages are positioned as follows: obj11 is at pos1; obj12 is at pos1; obj13 is at pos1; obj21 is at pos2; obj22 is at pos2; obj23 is at pos2; obj31 is at pos3; obj32 is at pos3; obj33 is at pos3; obj41 is at pos4; obj42 is at pos4; obj43 is at pos4; obj51 is at pos5; obj52 is at pos5; obj53 is at pos5; obj61 is at pos6; obj62 is at pos6; obj63 is at pos6; obj71 is at pos7; obj72 is at pos7; obj73 is at pos7; obj81 is at pos8; obj82 is at pos8; obj83 is at pos8; obj91 is at pos9; obj92 is at pos9; obj93 is at pos9; obj101 is at pos10; obj102 is at pos10; obj103 is at pos10; obj111 is at pos11; obj112 is at pos11; obj113 is at pos11; obj121 is at pos12; obj122 is at pos12; obj123 is at pos12; obj131 is at pos13; obj132 is at pos13; obj133 is at pos13.",direct,true,covered,The sentence directly states this conjunctive goal atom.
goal,(AT OBJ123 APT10),The goal is for the packages to reach these destinations: obj83 must be at pos13; obj52 must be at pos6; obj33 must be at pos5; obj13 must be at apt12; obj131 must be at apt7; obj31 must be at pos4; obj92 must be at apt1; obj91 must be at pos2; obj82 must be at pos4; obj132 must be at pos4; obj63 must be at apt10; obj61 must be at apt13; obj41 must be at pos12; obj71 must be at apt2; obj53 must be at pos13; obj121 must be at pos5; obj123 must be at apt10; obj112 must be at apt12; obj42 must be at apt3; obj102 must be at pos9; obj11 must be at apt7; obj22 must be at pos4; obj111 must be at pos10; obj122 must be at apt9; obj23 must be at apt2; obj81 must be at apt4; obj43 must be at pos3; obj133 must be at pos7; obj101 must be at apt5; obj103 must be at pos12; obj62 must be at pos13; obj113 must be at apt3; obj73 must be at pos10; obj93 must be at apt13; obj32 must be at apt8; obj72 must be at pos4; obj51 must be at apt13.,direct,true,covered,The sentence directly states this conjunctive goal atom.
goal,(AT OBJ112 APT12),The goal is for the packages to reach these destinations: obj83 must be at pos13; obj52 must be at pos6; obj33 must be at pos5; obj13 must be at apt12; obj131 must be at apt7; obj31 must be at pos4; obj92 must be at apt1; obj91 must be at pos2; obj82 must be at pos4; obj132 must be at pos4; obj63 must be at apt10; obj61 must be at apt13; obj41 must be at pos12; obj71 must be at apt2; obj53 must be at pos13; obj121 must be at pos5; obj123 must be at apt10; obj112 must be at apt12; obj42 must be at apt3; obj102 must be at pos9; obj11 must be at apt7; obj22 must be at pos4; obj111 must be at pos10; obj122 must be at apt9; obj23 must be at apt2; obj81 must be at apt4; obj43 must be at pos3; obj133 must be at pos7; obj101 must be at apt5; obj103 must be at pos12; obj62 must be at pos13; obj113 must be at apt3; obj73 must be at pos10; obj93 must be at apt13; obj32 must be at apt8; obj72 must be at pos4; obj51 must be at apt13.,direct,true,covered,The sentence directly states this conjunctive goal atom.
goal,(AT OBJ42 APT3),The goal is for the packages to reach these destinations: obj83 must be at pos13; obj52 must be at pos6; obj33 must be at pos5; obj13 must be at apt12; obj131 must be at apt7; obj31 must be at pos4; obj92 must be at apt1; obj91 must be at pos2; obj82 must be at pos4; obj132 must be at pos4; obj63 must be at apt10; obj61 must be at apt13; obj41 must be at pos12; obj71 must be at apt2; obj53 must be at pos13; obj121 must be at pos5; obj123 must be at apt10; obj112 must be at apt12; obj42 must be at apt3; obj102 must be at pos9; obj11 must be at apt7; obj22 must be at pos4; obj111 must be at pos10; obj122 must be at apt9; obj23 must be at apt2; obj81 must be at apt4; obj43 must be at pos3; obj133 must be at pos7; obj101 must be at apt5; obj103 must be at pos12; obj62 must be at pos13; obj113 must be at apt3; obj73 must be at pos10; obj93 must be at apt13; obj32 must be at apt8; obj72 must be at pos4; obj51 must be at apt13.,direct,true,covered,The sentence directly states this conjunctive goal atom.
goal,(AT OBJ102 POS9),"Initially, the packages are positioned as follows: obj11 is at pos1; obj12 is at pos1; obj13 is at pos1; obj21 is at pos2; obj22 is at pos2; obj23 is at pos2; obj31 is at pos3; obj32 is at pos3; obj33 is at pos3; obj41 is at pos4; obj42 is at pos4; obj43 is at pos4; obj51 is at pos5; obj52 is at pos5; obj53 is at pos5; obj61 is at pos6; obj62 is at pos6; obj63 is at pos6; obj71 is at pos7; obj72 is at pos7; obj73 is at pos7; obj81 is at pos8; obj82 is at pos8; obj83 is at pos8; obj91 is at pos9; obj92 is at pos9; obj93 is at pos9; obj101 is at pos10; obj102 is at pos10; obj103 is at pos10; obj111 is at pos11; obj112 is at pos11; obj113 is at pos11; obj121 is at pos12; obj122 is at pos12; obj123 is at pos12; obj131 is at pos13; obj132 is at pos13; obj133 is at pos13.",direct,true,covered,The sentence directly states this conjunctive goal atom.
goal,(AT OBJ11 APT7),The goal is for the packages to reach these destinations: obj83 must be at pos13; obj52 must be at pos6; obj33 must be at pos5; obj13 must be at apt12; obj131 must be at apt7; obj31 must be at pos4; obj92 must be at apt1; obj91 must be at pos2; obj82 must be at pos4; obj132 must be at pos4; obj63 must be at apt10; obj61 must be at apt13; obj41 must be at pos12; obj71 must be at apt2; obj53 must be at pos13; obj121 must be at pos5; obj123 must be at apt10; obj112 must be at apt12; obj42 must be at apt3; obj102 must be at pos9; obj11 must be at apt7; obj22 must be at pos4; obj111 must be at pos10; obj122 must be at apt9; obj23 must be at apt2; obj81 must be at apt4; obj43 must be at pos3; obj133 must be at pos7; obj101 must be at apt5; obj103 must be at pos12; obj62 must be at pos13; obj113 must be at apt3; obj73 must be at pos10; obj93 must be at apt13; obj32 must be at apt8; obj72 must be at pos4; obj51 must be at apt13.,direct,true,covered,The sentence directly states this conjunctive goal atom.
goal,(AT OBJ22 POS4),"Initially, the packages are positioned as follows: obj11 is at pos1; obj12 is at pos1; obj13 is at pos1; obj21 is at pos2; obj22 is at pos2; obj23 is at pos2; obj31 is at pos3; obj32 is at pos3; obj33 is at pos3; obj41 is at pos4; obj42 is at pos4; obj43 is at pos4; obj51 is at pos5; obj52 is at pos5; obj53 is at pos5; obj61 is at pos6; obj62 is at pos6; obj63 is at pos6; obj71 is at pos7; obj72 is at pos7; obj73 is at pos7; obj81 is at pos8; obj82 is at pos8; obj83 is at pos8; obj91 is at pos9; obj92 is at pos9; obj93 is at pos9; obj101 is at pos10; obj102 is at pos10; obj103 is at pos10; obj111 is at pos11; obj112 is at pos11; obj113 is at pos11; obj121 is at pos12; obj122 is at pos12; obj123 is at pos12; obj131 is at pos13; obj132 is at pos13; obj133 is at pos13.",direct,true,covered,The sentence directly states this conjunctive goal atom.
goal,(AT OBJ111 POS10),"Initially, the packages are positioned as follows: obj11 is at pos1; obj12 is at pos1; obj13 is at pos1; obj21 is at pos2; obj22 is at pos2; obj23 is at pos2; obj31 is at pos3; obj32 is at pos3; obj33 is at pos3; obj41 is at pos4; obj42 is at pos4; obj43 is at pos4; obj51 is at pos5; obj52 is at pos5; obj53 is at pos5; obj61 is at pos6; obj62 is at pos6; obj63 is at pos6; obj71 is at pos7; obj72 is at pos7; obj73 is at pos7; obj81 is at pos8; obj82 is at pos8; obj83 is at pos8; obj91 is at pos9; obj92 is at pos9; obj93 is at pos9; obj101 is at pos10; obj102 is at pos10; obj103 is at pos10; obj111 is at pos11; obj112 is at pos11; obj113 is at pos11; obj121 is at pos12; obj122 is at pos12; obj123 is at pos12; obj131 is at pos13; obj132 is at pos13; obj133 is at pos13.",direct,true,covered,The sentence directly states this conjunctive goal atom.
goal,(AT OBJ122 APT9),The goal is for the packages to reach these destinations: obj83 must be at pos13; obj52 must be at pos6; obj33 must be at pos5; obj13 must be at apt12; obj131 must be at apt7; obj31 must be at pos4; obj92 must be at apt1; obj91 must be at pos2; obj82 must be at pos4; obj132 must be at pos4; obj63 must be at apt10; obj61 must be at apt13; obj41 must be at pos12; obj71 must be at apt2; obj53 must be at pos13; obj121 must be at pos5; obj123 must be at apt10; obj112 must be at apt12; obj42 must be at apt3; obj102 must be at pos9; obj11 must be at apt7; obj22 must be at pos4; obj111 must be at pos10; obj122 must be at apt9; obj23 must be at apt2; obj81 must be at apt4; obj43 must be at pos3; obj133 must be at pos7; obj101 must be at apt5; obj103 must be at pos12; obj62 must be at pos13; obj113 must be at apt3; obj73 must be at pos10; obj93 must be at apt13; obj32 must be at apt8; obj72 must be at pos4; obj51 must be at apt13.,direct,true,covered,The sentence directly states this conjunctive goal atom.
goal,(AT OBJ23 APT2),The goal is for the packages to reach these destinations: obj83 must be at pos13; obj52 must be at pos6; obj33 must be at pos5; obj13 must be at apt12; obj131 must be at apt7; obj31 must be at pos4; obj92 must be at apt1; obj91 must be at pos2; obj82 must be at pos4; obj132 must be at pos4; obj63 must be at apt10; obj61 must be at apt13; obj41 must be at pos12; obj71 must be at apt2; obj53 must be at pos13; obj121 must be at pos5; obj123 must be at apt10; obj112 must be at apt12; obj42 must be at apt3; obj102 must be at pos9; obj11 must be at apt7; obj22 must be at pos4; obj111 must be at pos10; obj122 must be at apt9; obj23 must be at apt2; obj81 must be at apt4; obj43 must be at pos3; obj133 must be at pos7; obj101 must be at apt5; obj103 must be at pos12; obj62 must be at pos13; obj113 must be at apt3; obj73 must be at pos10; obj93 must be at apt13; obj32 must be at apt8; obj72 must be at pos4; obj51 must be at apt13.,direct,true,covered,The sentence directly states this conjunctive goal atom.
goal,(AT OBJ81 APT4),The goal is for the packages to reach these destinations: obj83 must be at pos13; obj52 must be at pos6; obj33 must be at pos5; obj13 must be at apt12; obj131 must be at apt7; obj31 must be at pos4; obj92 must be at apt1; obj91 must be at pos2; obj82 must be at pos4; obj132 must be at pos4; obj63 must be at apt10; obj61 must be at apt13; obj41 must be at pos12; obj71 must be at apt2; obj53 must be at pos13; obj121 must be at pos5; obj123 must be at apt10; obj112 must be at apt12; obj42 must be at apt3; obj102 must be at pos9; obj11 must be at apt7; obj22 must be at pos4; obj111 must be at pos10; obj122 must be at apt9; obj23 must be at apt2; obj81 must be at apt4; obj43 must be at pos3; obj133 must be at pos7; obj101 must be at apt5; obj103 must be at pos12; obj62 must be at pos13; obj113 must be at apt3; obj73 must be at pos10; obj93 must be at apt13; obj32 must be at apt8; obj72 must be at pos4; obj51 must be at apt13.,direct,true,covered,The sentence directly states this conjunctive goal atom.
goal,(AT OBJ43 POS3),"Initially, the packages are positioned as follows: obj11 is at pos1; obj12 is at pos1; obj13 is at pos1; obj21 is at pos2; obj22 is at pos2; obj23 is at pos2; obj31 is at pos3; obj32 is at pos3; obj33 is at pos3; obj41 is at pos4; obj42 is at pos4; obj43 is at pos4; obj51 is at pos5; obj52 is at pos5; obj53 is at pos5; obj61 is at pos6; obj62 is at pos6; obj63 is at pos6; obj71 is at pos7; obj72 is at pos7; obj73 is at pos7; obj81 is at pos8; obj82 is at pos8; obj83 is at pos8; obj91 is at pos9; obj92 is at pos9; obj93 is at pos9; obj101 is at pos10; obj102 is at pos10; obj103 is at pos10; obj111 is at pos11; obj112 is at pos11; obj113 is at pos11; obj121 is at pos12; obj122 is at pos12; obj123 is at pos12; obj131 is at pos13; obj132 is at pos13; obj133 is at pos13.",direct,true,covered,The sentence directly states this conjunctive goal atom.
goal,(AT OBJ133 POS7),"Initially, the packages are positioned as follows: obj11 is at pos1; obj12 is at pos1; obj13 is at pos1; obj21 is at pos2; obj22 is at pos2; obj23 is at pos2; obj31 is at pos3; obj32 is at pos3; obj33 is at pos3; obj41 is at pos4; obj42 is at pos4; obj43 is at pos4; obj51 is at pos5; obj52 is at pos5; obj53 is at pos5; obj61 is at pos6; obj62 is at pos6; obj63 is at pos6; obj71 is at pos7; obj72 is at pos7; obj73 is at pos7; obj81 is at pos8; obj82 is at pos8; obj83 is at pos8; obj91 is at pos9; obj92 is at pos9; obj93 is at pos9; obj101 is at pos10; obj102 is at pos10; obj103 is at pos10; obj111 is at pos11; obj112 is at pos11; obj113 is at pos11; obj121 is at pos12; obj122 is at pos12; obj123 is at pos12; obj131 is at pos13; obj132 is at pos13; obj133 is at pos13.",direct,true,covered,The sentence directly states this conjunctive goal atom.
goal,(AT OBJ101 APT5),The goal is for the packages to reach these destinations: obj83 must be at pos13; obj52 must be at pos6; obj33 must be at pos5; obj13 must be at apt12; obj131 must be at apt7; obj31 must be at pos4; obj92 must be at apt1; obj91 must be at pos2; obj82 must be at pos4; obj132 must be at pos4; obj63 must be at apt10; obj61 must be at apt13; obj41 must be at pos12; obj71 must be at apt2; obj53 must be at pos13; obj121 must be at pos5; obj123 must be at apt10; obj112 must be at apt12; obj42 must be at apt3; obj102 must be at pos9; obj11 must be at apt7; obj22 must be at pos4; obj111 must be at pos10; obj122 must be at apt9; obj23 must be at apt2; obj81 must be at apt4; obj43 must be at pos3; obj133 must be at pos7; obj101 must be at apt5; obj103 must be at pos12; obj62 must be at pos13; obj113 must be at apt3; obj73 must be at pos10; obj93 must be at apt13; obj32 must be at apt8; obj72 must be at pos4; obj51 must be at apt13.,direct,true,covered,The sentence directly states this conjunctive goal atom.
goal,(AT OBJ103 POS12),"Initially, the packages are positioned as follows: obj11 is at pos1; obj12 is at pos1; obj13 is at pos1; obj21 is at pos2; obj22 is at pos2; obj23 is at pos2; obj31 is at pos3; obj32 is at pos3; obj33 is at pos3; obj41 is at pos4; obj42 is at pos4; obj43 is at pos4; obj51 is at pos5; obj52 is at pos5; obj53 is at pos5; obj61 is at pos6; obj62 is at pos6; obj63 is at pos6; obj71 is at pos7; obj72 is at pos7; obj73 is at pos7; obj81 is at pos8; obj82 is at pos8; obj83 is at pos8; obj91 is at pos9; obj92 is at pos9; obj93 is at pos9; obj101 is at pos10; obj102 is at pos10; obj103 is at pos10; obj111 is at pos11; obj112 is at pos11; obj113 is at pos11; obj121 is at pos12; obj122 is at pos12; obj123 is at pos12; obj131 is at pos13; obj132 is at pos13; obj133 is at pos13.",direct,true,covered,The sentence directly states this conjunctive goal atom.
goal,(AT OBJ62 POS13),"Initially, the packages are positioned as follows: obj11 is at pos1; obj12 is at pos1; obj13 is at pos1; obj21 is at pos2; obj22 is at pos2; obj23 is at pos2; obj31 is at pos3; obj32 is at pos3; obj33 is at pos3; obj41 is at pos4; obj42 is at pos4; obj43 is at pos4; obj51 is at pos5; obj52 is at pos5; obj53 is at pos5; obj61 is at pos6; obj62 is at pos6; obj63 is at pos6; obj71 is at pos7; obj72 is at pos7; obj73 is at pos7; obj81 is at pos8; obj82 is at pos8; obj83 is at pos8; obj91 is at pos9; obj92 is at pos9; obj93 is at pos9; obj101 is at pos10; obj102 is at pos10; obj103 is at pos10; obj111 is at pos11; obj112 is at pos11; obj113 is at pos11; obj121 is at pos12; obj122 is at pos12; obj123 is at pos12; obj131 is at pos13; obj132 is at pos13; obj133 is at pos13.",direct,true,covered,The sentence directly states this conjunctive goal atom.
goal,(AT OBJ113 APT3),The goal is for the packages to reach these destinations: obj83 must be at pos13; obj52 must be at pos6; obj33 must be at pos5; obj13 must be at apt12; obj131 must be at apt7; obj31 must be at pos4; obj92 must be at apt1; obj91 must be at pos2; obj82 must be at pos4; obj132 must be at pos4; obj63 must be at apt10; obj61 must be at apt13; obj41 must be at pos12; obj71 must be at apt2; obj53 must be at pos13; obj121 must be at pos5; obj123 must be at apt10; obj112 must be at apt12; obj42 must be at apt3; obj102 must be at pos9; obj11 must be at apt7; obj22 must be at pos4; obj111 must be at pos10; obj122 must be at apt9; obj23 must be at apt2; obj81 must be at apt4; obj43 must be at pos3; obj133 must be at pos7; obj101 must be at apt5; obj103 must be at pos12; obj62 must be at pos13; obj113 must be at apt3; obj73 must be at pos10; obj93 must be at apt13; obj32 must be at apt8; obj72 must be at pos4; obj51 must be at apt13.,direct,true,covered,The sentence directly states this conjunctive goal atom.
goal,(AT OBJ73 POS10),"Initially, the packages are positioned as follows: obj11 is at pos1; obj12 is at pos1; obj13 is at pos1; obj21 is at pos2; obj22 is at pos2; obj23 is at pos2; obj31 is at pos3; obj32 is at pos3; obj33 is at pos3; obj41 is at pos4; obj42 is at pos4; obj43 is at pos4; obj51 is at pos5; obj52 is at pos5; obj53 is at pos5; obj61 is at pos6; obj62 is at pos6; obj63 is at pos6; obj71 is at pos7; obj72 is at pos7; obj73 is at pos7; obj81 is at pos8; obj82 is at pos8; obj83 is at pos8; obj91 is at pos9; obj92 is at pos9; obj93 is at pos9; obj101 is at pos10; obj102 is at pos10; obj103 is at pos10; obj111 is at pos11; obj112 is at pos11; obj113 is at pos11; obj121 is at pos12; obj122 is at pos12; obj123 is at pos12; obj131 is at pos13; obj132 is at pos13; obj133 is at pos13.",direct,true,covered,The sentence directly states this conjunctive goal atom.
goal,(AT OBJ93 APT13),The goal is for the packages to reach these destinations: obj83 must be at pos13; obj52 must be at pos6; obj33 must be at pos5; obj13 must be at apt12; obj131 must be at apt7; obj31 must be at pos4; obj92 must be at apt1; obj91 must be at pos2; obj82 must be at pos4; obj132 must be at pos4; obj63 must be at apt10; obj61 must be at apt13; obj41 must be at pos12; obj71 must be at apt2; obj53 must be at pos13; obj121 must be at pos5; obj123 must be at apt10; obj112 must be at apt12; obj42 must be at apt3; obj102 must be at pos9; obj11 must be at apt7; obj22 must be at pos4; obj111 must be at pos10; obj122 must be at apt9; obj23 must be at apt2; obj81 must be at apt4; obj43 must be at pos3; obj133 must be at pos7; obj101 must be at apt5; obj103 must be at pos12; obj62 must be at pos13; obj113 must be at apt3; obj73 must be at pos10; obj93 must be at apt13; obj32 must be at apt8; obj72 must be at pos4; obj51 must be at apt13.,direct,true,covered,The sentence directly states this conjunctive goal atom.
goal,(AT OBJ32 APT8),The goal is for the packages to reach these destinations: obj83 must be at pos13; obj52 must be at pos6; obj33 must be at pos5; obj13 must be at apt12; obj131 must be at apt7; obj31 must be at pos4; obj92 must be at apt1; obj91 must be at pos2; obj82 must be at pos4; obj132 must be at pos4; obj63 must be at apt10; obj61 must be at apt13; obj41 must be at pos12; obj71 must be at apt2; obj53 must be at pos13; obj121 must be at pos5; obj123 must be at apt10; obj112 must be at apt12; obj42 must be at apt3; obj102 must be at pos9; obj11 must be at apt7; obj22 must be at pos4; obj111 must be at pos10; obj122 must be at apt9; obj23 must be at apt2; obj81 must be at apt4; obj43 must be at pos3; obj133 must be at pos7; obj101 must be at apt5; obj103 must be at pos12; obj62 must be at pos13; obj113 must be at apt3; obj73 must be at pos10; obj93 must be at apt13; obj32 must be at apt8; obj72 must be at pos4; obj51 must be at apt13.,direct,true,covered,The sentence directly states this conjunctive goal atom.
goal,(AT OBJ72 POS4),"Initially, the packages are positioned as follows: obj11 is at pos1; obj12 is at pos1; obj13 is at pos1; obj21 is at pos2; obj22 is at pos2; obj23 is at pos2; obj31 is at pos3; obj32 is at pos3; obj33 is at pos3; obj41 is at pos4; obj42 is at pos4; obj43 is at pos4; obj51 is at pos5; obj52 is at pos5; obj53 is at pos5; obj61 is at pos6; obj62 is at pos6; obj63 is at pos6; obj71 is at pos7; obj72 is at pos7; obj73 is at pos7; obj81 is at pos8; obj82 is at pos8; obj83 is at pos8; obj91 is at pos9; obj92 is at pos9; obj93 is at pos9; obj101 is at pos10; obj102 is at pos10; obj103 is at pos10; obj111 is at pos11; obj112 is at pos11; obj113 is at pos11; obj121 is at pos12; obj122 is at pos12; obj123 is at pos12; obj131 is at pos13; obj132 is at pos13; obj133 is at pos13.",direct,true,covered,The sentence directly states this conjunctive goal atom.
goal,(AT OBJ51 APT13),The goal is for the packages to reach these destinations: obj83 must be at pos13; obj52 must be at pos6; obj33 must be at pos5; obj13 must be at apt12; obj131 must be at apt7; obj31 must be at pos4; obj92 must be at apt1; obj91 must be at pos2; obj82 must be at pos4; obj132 must be at pos4; obj63 must be at apt10; obj61 must be at apt13; obj41 must be at pos12; obj71 must be at apt2; obj53 must be at pos13; obj121 must be at pos5; obj123 must be at apt10; obj112 must be at apt12; obj42 must be at apt3; obj102 must be at pos9; obj11 must be at apt7; obj22 must be at pos4; obj111 must be at pos10; obj122 must be at apt9; obj23 must be at apt2; obj81 must be at apt4; obj43 must be at pos3; obj133 must be at pos7; obj101 must be at apt5; obj103 must be at pos12; obj62 must be at pos13; obj113 must be at apt3; obj73 must be at pos10; obj93 must be at apt13; obj32 must be at apt8; obj72 must be at pos4; obj51 must be at apt13.,direct,true,covered,The sentence directly states this conjunctive goal atom.

