section,pddl_item,evidence,evidence_kind,unique,status,notes
objects,APN4,"Additionally, there are four airplanes, apn1 through apn4, which are stationed at specific airports for initial setup.",deterministic_rule,true,covered,The finite range apn1 through apn4 includes exactly this airplane.
objects,APT13,"Initially, for each integer i from 1 through 13, there are exactly three packages whose names are formed by concatenating obj, i, and each of 1, 2, and 3; one truck named by concatenating tru and i; one city named by concatenating cit and i; and two locations named by concatenating pos and i and apt and i, with the latter also being an airport.",deterministic_rule,true,covered,The bounded construction rule uniquely yields this object label and type.
objects,POS13,"Initially, for each integer i from 1 through 13, there are exactly three packages whose names are formed by concatenating obj, i, and each of 1, 2, and 3; one truck named by concatenating tru and i; one city named by concatenating cit and i; and two locations named by concatenating pos and i and apt and i, with the latter also being an airport.",deterministic_rule,true,covered,The bounded construction rule uniquely yields this object label and type.
objects,CIT13,"Initially, for each integer i from 1 through 13, there are exactly three packages whose names are formed by concatenating obj, i, and each of 1, 2, and 3; one truck named by concatenating tru and i; one city named by concatenating cit and i; and two locations named by concatenating pos and i and apt and i, with the latter also being an airport.",deterministic_rule,true,covered,The bounded construction rule uniquely yields this object label and type.
objects,TRU13,"Initially, for each integer i from 1 through 13, there are exactly three packages whose names are formed by concatenating obj, i, and each of 1, 2, and 3; one truck named by concatenating tru and i; one city named by concatenating cit and i; and two locations named by concatenating pos and i and apt and i, with the latter also being an airport.",deterministic_rule,true,covered,The bounded construction rule uniquely yields this object label and type.
objects,OBJ133,"Initially, for each integer i from 1 through 13, there are exactly three packages whose names are formed by concatenating obj, i, and each of 1, 2, and 3; one truck named by concatenating tru and i; one city named by concatenating cit and i; and two locations named by concatenating pos and i and apt and i, with the latter also being an airport.",deterministic_rule,true,covered,The bounded construction rule uniquely yields this object label and type.
objects,OBJ132,"Initially, for each integer i from 1 through 13, there are exactly three packages whose names are formed by concatenating obj, i, and each of 1, 2, and 3; one truck named by concatenating tru and i; one city named by concatenating cit and i; and two locations named by concatenating pos and i and apt and i, with the latter also being an airport.",deterministic_rule,true,covered,The bounded construction rule uniquely yields this object label and type.
objects,OBJ131,"Initially, for each integer i from 1 through 13, there are exactly three packages whose names are formed by concatenating obj, i, and each of 1, 2, and 3; one truck named by concatenating tru and i; one city named by concatenating cit and i; and two locations named by concatenating pos and i and apt and i, with the latter also being an airport.",deterministic_rule,true,covered,The bounded construction rule uniquely yields this object label and type.
objects,APT12,"Initially, for each integer i from 1 through 13, there are exactly three packages whose names are formed by concatenating obj, i, and each of 1, 2, and 3; one truck named by concatenating tru and i; one city named by concatenating cit and i; and two locations named by concatenating pos and i and apt and i, with the latter also being an airport.",deterministic_rule,true,covered,The bounded construction rule uniquely yields this object label and type.
objects,POS12,"Initially, for each integer i from 1 through 13, there are exactly three packages whose names are formed by concatenating obj, i, and each of 1, 2, and 3; one truck named by concatenating tru and i; one city named by concatenating cit and i; and two locations named by concatenating pos and i and apt and i, with the latter also being an airport.",deterministic_rule,true,covered,The bounded construction rule uniquely yields this object label and type.
objects,CIT12,"Initially, for each integer i from 1 through 13, there are exactly three packages whose names are formed by concatenating obj, i, and each of 1, 2, and 3; one truck named by concatenating tru and i; one city named by concatenating cit and i; and two locations named by concatenating pos and i and apt and i, with the latter also being an airport.",deterministic_rule,true,covered,The bounded construction rule uniquely yields this object label and type.
objects,TRU12,"Initially, for each integer i from 1 through 13, there are exactly three packages whose names are formed by concatenating obj, i, and each of 1, 2, and 3; one truck named by concatenating tru and i; one city named by concatenating cit and i; and two locations named by concatenating pos and i and apt and i, with the latter also being an airport.",deterministic_rule,true,covered,The bounded construction rule uniquely yields this object label and type.
objects,OBJ123,"Initially, for each integer i from 1 through 13, there are exactly three packages whose names are formed by concatenating obj, i, and each of 1, 2, and 3; one truck named by concatenating tru and i; one city named by concatenating cit and i; and two locations named by concatenating pos and i and apt and i, with the latter also being an airport.",deterministic_rule,true,covered,The bounded construction rule uniquely yields this object label and type.
objects,OBJ122,"Initially, for each integer i from 1 through 13, there are exactly three packages whose names are formed by concatenating obj, i, and each of 1, 2, and 3; one truck named by concatenating tru and i; one city named by concatenating cit and i; and two locations named by concatenating pos and i and apt and i, with the latter also being an airport.",deterministic_rule,true,covered,The bounded construction rule uniquely yields this object label and type.
objects,OBJ121,"Initially, for each integer i from 1 through 13, there are exactly three packages whose names are formed by concatenating obj, i, and each of 1, 2, and 3; one truck named by concatenating tru and i; one city named by concatenating cit and i; and two locations named by concatenating pos and i and apt and i, with the latter also being an airport.",deterministic_rule,true,covered,The bounded construction rule uniquely yields this object label and type.
objects,APT11,"Initially, for each integer i from 1 through 13, there are exactly three packages whose names are formed by concatenating obj, i, and each of 1, 2, and 3; one truck named by concatenating tru and i; one city named by concatenating cit and i; and two locations named by concatenating pos and i and apt and i, with the latter also being an airport.",deterministic_rule,true,covered,The bounded construction rule uniquely yields this object label and type.
objects,POS11,"Initially, for each integer i from 1 through 13, there are exactly three packages whose names are formed by concatenating obj, i, and each of 1, 2, and 3; one truck named by concatenating tru and i; one city named by concatenating cit and i; and two locations named by concatenating pos and i and apt and i, with the latter also being an airport.",deterministic_rule,true,covered,The bounded construction rule uniquely yields this object label and type.
objects,CIT11,"Initially, for each integer i from 1 through 13, there are exactly three packages whose names are formed by concatenating obj, i, and each of 1, 2, and 3; one truck named by concatenating tru and i; one city named by concatenating cit and i; and two locations named by concatenating pos and i and apt and i, with the latter also being an airport.",deterministic_rule,true,covered,The bounded construction rule uniquely yields this object label and type.
objects,TRU11,"Initially, for each integer i from 1 through 13, there are exactly three packages whose names are formed by concatenating obj, i, and each of 1, 2, and 3; one truck named by concatenating tru and i; one city named by concatenating cit and i; and two locations named by concatenating pos and i and apt and i, with the latter also being an airport.",deterministic_rule,true,covered,The bounded construction rule uniquely yields this object label and type.
objects,OBJ113,"Initially, for each integer i from 1 through 13, there are exactly three packages whose names are formed by concatenating obj, i, and each of 1, 2, and 3; one truck named by concatenating tru and i; one city named by concatenating cit and i; and two locations named by concatenating pos and i and apt and i, with the latter also being an airport.",deterministic_rule,true,covered,The bounded construction rule uniquely yields this object label and type.
objects,OBJ112,"Initially, for each integer i from 1 through 13, there are exactly three packages whose names are formed by concatenating obj, i, and each of 1, 2, and 3; one truck named by concatenating tru and i; one city named by concatenating cit and i; and two locations named by concatenating pos and i and apt and i, with the latter also being an airport.",deterministic_rule,true,covered,The bounded construction rule uniquely yields this object label and type.
objects,OBJ111,"Initially, for each integer i from 1 through 13, there are exactly three packages whose names are formed by concatenating obj, i, and each of 1, 2, and 3; one truck named by concatenating tru and i; one city named by concatenating cit and i; and two locations named by concatenating pos and i and apt and i, with the latter also being an airport.",deterministic_rule,true,covered,The bounded construction rule uniquely yields this object label and type.
objects,APT10,"Initially, for each integer i from 1 through 13, there are exactly three packages whose names are formed by concatenating obj, i, and each of 1, 2, and 3; one truck named by concatenating tru and i; one city named by concatenating cit and i; and two locations named by concatenating pos and i and apt and i, with the latter also being an airport.",deterministic_rule,true,covered,The bounded construction rule uniquely yields this object label and type.
objects,POS10,"Initially, for each integer i from 1 through 13, there are exactly three packages whose names are formed by concatenating obj, i, and each of 1, 2, and 3; one truck named by concatenating tru and i; one city named by concatenating cit and i; and two locations named by concatenating pos and i and apt and i, with the latter also being an airport.",deterministic_rule,true,covered,The bounded construction rule uniquely yields this object label and type.
objects,CIT10,"Initially, for each integer i from 1 through 13, there are exactly three packages whose names are formed by concatenating obj, i, and each of 1, 2, and 3; one truck named by concatenating tru and i; one city named by concatenating cit and i; and two locations named by concatenating pos and i and apt and i, with the latter also being an airport.",deterministic_rule,true,covered,The bounded construction rule uniquely yields this object label and type.
objects,TRU10,"Initially, for each integer i from 1 through 13, there are exactly three packages whose names are formed by concatenating obj, i, and each of 1, 2, and 3; one truck named by concatenating tru and i; one city named by concatenating cit and i; and two locations named by concatenating pos and i and apt and i, with the latter also being an airport.",deterministic_rule,true,covered,The bounded construction rule uniquely yields this object label and type.
objects,OBJ103,"Initially, for each integer i from 1 through 13, there are exactly three packages whose names are formed by concatenating obj, i, and each of 1, 2, and 3; one truck named by concatenating tru and i; one city named by concatenating cit and i; and two locations named by concatenating pos and i and apt and i, with the latter also being an airport.",deterministic_rule,true,covered,The bounded construction rule uniquely yields this object label and type.
objects,OBJ102,"Initially, for each integer i from 1 through 13, there are exactly three packages whose names are formed by concatenating obj, i, and each of 1, 2, and 3; one truck named by concatenating tru and i; one city named by concatenating cit and i; and two locations named by concatenating pos and i and apt and i, with the latter also being an airport.",deterministic_rule,true,covered,The bounded construction rule uniquely yields this object label and type.
objects,OBJ101,"Initially, for each integer i from 1 through 13, there are exactly three packages whose names are formed by concatenating obj, i, and each of 1, 2, and 3; one truck named by concatenating tru and i; one city named by concatenating cit and i; and two locations named by concatenating pos and i and apt and i, with the latter also being an airport.",deterministic_rule,true,covered,The bounded construction rule uniquely yields this object label and type.
objects,APN3,"Additionally, there are four airplanes, apn1 through apn4, which are stationed at specific airports for initial setup.",deterministic_rule,true,covered,The finite range apn1 through apn4 includes exactly this airplane.
objects,APT9,"Initially, for each integer i from 1 through 13, there are exactly three packages whose names are formed by concatenating obj, i, and each of 1, 2, and 3; one truck named by concatenating tru and i; one city named by concatenating cit and i; and two locations named by concatenating pos and i and apt and i, with the latter also being an airport.",deterministic_rule,true,covered,The bounded construction rule uniquely yields this object label and type.
objects,POS9,"Initially, for each integer i from 1 through 13, there are exactly three packages whose names are formed by concatenating obj, i, and each of 1, 2, and 3; one truck named by concatenating tru and i; one city named by concatenating cit and i; and two locations named by concatenating pos and i and apt and i, with the latter also being an airport.",deterministic_rule,true,covered,The bounded construction rule uniquely yields this object label and type.
objects,CIT9,"Initially, for each integer i from 1 through 13, there are exactly three packages whose names are formed by concatenating obj, i, and each of 1, 2, and 3; one truck named by concatenating tru and i; one city named by concatenating cit and i; and two locations named by concatenating pos and i and apt and i, with the latter also being an airport.",deterministic_rule,true,covered,The bounded construction rule uniquely yields this object label and type.
objects,TRU9,"Initially, for each integer i from 1 through 13, there are exactly three packages whose names are formed by concatenating obj, i, and each of 1, 2, and 3; one truck named by concatenating tru and i; one city named by concatenating cit and i; and two locations named by concatenating pos and i and apt and i, with the latter also being an airport.",deterministic_rule,true,covered,The bounded construction rule uniquely yields this object label and type.
objects,OBJ93,"Initially, for each integer i from 1 through 13, there are exactly three packages whose names are formed by concatenating obj, i, and each of 1, 2, and 3; one truck named by concatenating tru and i; one city named by concatenating cit and i; and two locations named by concatenating pos and i and apt and i, with the latter also being an airport.",deterministic_rule,true,covered,The bounded construction rule uniquely yields this object label and type.
objects,OBJ92,"Initially, for each integer i from 1 through 13, there are exactly three packages whose names are formed by concatenating obj, i, and each of 1, 2, and 3; one truck named by concatenating tru and i; one city named by concatenating cit and i; and two locations named by concatenating pos and i and apt and i, with the latter also being an airport.",deterministic_rule,true,covered,The bounded construction rule uniquely yields this object label and type.
objects,OBJ91,"Initially, for each integer i from 1 through 13, there are exactly three packages whose names are formed by concatenating obj, i, and each of 1, 2, and 3; one truck named by concatenating tru and i; one city named by concatenating cit and i; and two locations named by concatenating pos and i and apt and i, with the latter also being an airport.",deterministic_rule,true,covered,The bounded construction rule uniquely yields this object label and type.
objects,APT8,"Initially, for each integer i from 1 through 13, there are exactly three packages whose names are formed by concatenating obj, i, and each of 1, 2, and 3; one truck named by concatenating tru and i; one city named by concatenating cit and i; and two locations named by concatenating pos and i and apt and i, with the latter also being an airport.",deterministic_rule,true,covered,The bounded construction rule uniquely yields this object label and type.
objects,POS8,"Initially, for each integer i from 1 through 13, there are exactly three packages whose names are formed by concatenating obj, i, and each of 1, 2, and 3; one truck named by concatenating tru and i; one city named by concatenating cit and i; and two locations named by concatenating pos and i and apt and i, with the latter also being an airport.",deterministic_rule,true,covered,The bounded construction rule uniquely yields this object label and type.
objects,CIT8,"Initially, for each integer i from 1 through 13, there are exactly three packages whose names are formed by concatenating obj, i, and each of 1, 2, and 3; one truck named by concatenating tru and i; one city named by concatenating cit and i; and two locations named by concatenating pos and i and apt and i, with the latter also being an airport.",deterministic_rule,true,covered,The bounded construction rule uniquely yields this object label and type.
objects,TRU8,"Initially, for each integer i from 1 through 13, there are exactly three packages whose names are formed by concatenating obj, i, and each of 1, 2, and 3; one truck named by concatenating tru and i; one city named by concatenating cit and i; and two locations named by concatenating pos and i and apt and i, with the latter also being an airport.",deterministic_rule,true,covered,The bounded construction rule uniquely yields this object label and type.
objects,OBJ83,"Initially, for each integer i from 1 through 13, there are exactly three packages whose names are formed by concatenating obj, i, and each of 1, 2, and 3; one truck named by concatenating tru and i; one city named by concatenating cit and i; and two locations named by concatenating pos and i and apt and i, with the latter also being an airport.",deterministic_rule,true,covered,The bounded construction rule uniquely yields this object label and type.
objects,OBJ82,"Initially, for each integer i from 1 through 13, there are exactly three packages whose names are formed by concatenating obj, i, and each of 1, 2, and 3; one truck named by concatenating tru and i; one city named by concatenating cit and i; and two locations named by concatenating pos and i and apt and i, with the latter also being an airport.",deterministic_rule,true,covered,The bounded construction rule uniquely yields this object label and type.
objects,OBJ81,"Initially, for each integer i from 1 through 13, there are exactly three packages whose names are formed by concatenating obj, i, and each of 1, 2, and 3; one truck named by concatenating tru and i; one city named by concatenating cit and i; and two locations named by concatenating pos and i and apt and i, with the latter also being an airport.",deterministic_rule,true,covered,The bounded construction rule uniquely yields this object label and type.
objects,APT7,"Initially, for each integer i from 1 through 13, there are exactly three packages whose names are formed by concatenating obj, i, and each of 1, 2, and 3; one truck named by concatenating tru and i; one city named by concatenating cit and i; and two locations named by concatenating pos and i and apt and i, with the latter also being an airport.",deterministic_rule,true,covered,The bounded construction rule uniquely yields this object label and type.
objects,POS7,"Initially, for each integer i from 1 through 13, there are exactly three packages whose names are formed by concatenating obj, i, and each of 1, 2, and 3; one truck named by concatenating tru and i; one city named by concatenating cit and i; and two locations named by concatenating pos and i and apt and i, with the latter also being an airport.",deterministic_rule,true,covered,The bounded construction rule uniquely yields this object label and type.
objects,CIT7,"Initially, for each integer i from 1 through 13, there are exactly three packages whose names are formed by concatenating obj, i, and each of 1, 2, and 3; one truck named by concatenating tru and i; one city named by concatenating cit and i; and two locations named by concatenating pos and i and apt and i, with the latter also being an airport.",deterministic_rule,true,covered,The bounded construction rule uniquely yields this object label and type.
objects,TRU7,"Initially, for each integer i from 1 through 13, there are exactly three packages whose names are formed by concatenating obj, i, and each of 1, 2, and 3; one truck named by concatenating tru and i; one city named by concatenating cit and i; and two locations named by concatenating pos and i and apt and i, with the latter also being an airport.",deterministic_rule,true,covered,The bounded construction rule uniquely yields this object label and type.
objects,OBJ73,"Initially, for each integer i from 1 through 13, there are exactly three packages whose names are formed by concatenating obj, i, and each of 1, 2, and 3; one truck named by concatenating tru and i; one city named by concatenating cit and i; and two locations named by concatenating pos and i and apt and i, with the latter also being an airport.",deterministic_rule,true,covered,The bounded construction rule uniquely yields this object label and type.
objects,OBJ72,"Initially, for each integer i from 1 through 13, there are exactly three packages whose names are formed by concatenating obj, i, and each of 1, 2, and 3; one truck named by concatenating tru and i; one city named by concatenating cit and i; and two locations named by concatenating pos and i and apt and i, with the latter also being an airport.",deterministic_rule,true,covered,The bounded construction rule uniquely yields this object label and type.
objects,OBJ71,"Initially, for each integer i from 1 through 13, there are exactly three packages whose names are formed by concatenating obj, i, and each of 1, 2, and 3; one truck named by concatenating tru and i; one city named by concatenating cit and i; and two locations named by concatenating pos and i and apt and i, with the latter also being an airport.",deterministic_rule,true,covered,The bounded construction rule uniquely yields this object label and type.
objects,APT6,"Initially, for each integer i from 1 through 13, there are exactly three packages whose names are formed by concatenating obj, i, and each of 1, 2, and 3; one truck named by concatenating tru and i; one city named by concatenating cit and i; and two locations named by concatenating pos and i and apt and i, with the latter also being an airport.",deterministic_rule,true,covered,The bounded construction rule uniquely yields this object label and type.
objects,POS6,"Initially, for each integer i from 1 through 13, there are exactly three packages whose names are formed by concatenating obj, i, and each of 1, 2, and 3; one truck named by concatenating tru and i; one city named by concatenating cit and i; and two locations named by concatenating pos and i and apt and i, with the latter also being an airport.",deterministic_rule,true,covered,The bounded construction rule uniquely yields this object label and type.
objects,CIT6,"Initially, for each integer i from 1 through 13, there are exactly three packages whose names are formed by concatenating obj, i, and each of 1, 2, and 3; one truck named by concatenating tru and i; one city named by concatenating cit and i; and two locations named by concatenating pos and i and apt and i, with the latter also being an airport.",deterministic_rule,true,covered,The bounded construction rule uniquely yields this object label and type.
objects,TRU6,"Initially, for each integer i from 1 through 13, there are exactly three packages whose names are formed by concatenating obj, i, and each of 1, 2, and 3; one truck named by concatenating tru and i; one city named by concatenating cit and i; and two locations named by concatenating pos and i and apt and i, with the latter also being an airport.",deterministic_rule,true,covered,The bounded construction rule uniquely yields this object label and type.
objects,OBJ63,"Initially, for each integer i from 1 through 13, there are exactly three packages whose names are formed by concatenating obj, i, and each of 1, 2, and 3; one truck named by concatenating tru and i; one city named by concatenating cit and i; and two locations named by concatenating pos and i and apt and i, with the latter also being an airport.",deterministic_rule,true,covered,The bounded construction rule uniquely yields this object label and type.
objects,OBJ62,"Initially, for each integer i from 1 through 13, there are exactly three packages whose names are formed by concatenating obj, i, and each of 1, 2, and 3; one truck named by concatenating tru and i; one city named by concatenating cit and i; and two locations named by concatenating pos and i and apt and i, with the latter also being an airport.",deterministic_rule,true,covered,The bounded construction rule uniquely yields this object label and type.
objects,OBJ61,"Initially, for each integer i from 1 through 13, there are exactly three packages whose names are formed by concatenating obj, i, and each of 1, 2, and 3; one truck named by concatenating tru and i; one city named by concatenating cit and i; and two locations named by concatenating pos and i and apt and i, with the latter also being an airport.",deterministic_rule,true,covered,The bounded construction rule uniquely yields this object label and type.
objects,APN2,"Additionally, there are four airplanes, apn1 through apn4, which are stationed at specific airports for initial setup.",deterministic_rule,true,covered,The finite range apn1 through apn4 includes exactly this airplane.
objects,APT5,"Initially, for each integer i from 1 through 13, there are exactly three packages whose names are formed by concatenating obj, i, and each of 1, 2, and 3; one truck named by concatenating tru and i; one city named by concatenating cit and i; and two locations named by concatenating pos and i and apt and i, with the latter also being an airport.",deterministic_rule,true,covered,The bounded construction rule uniquely yields this object label and type.
objects,POS5,"Initially, for each integer i from 1 through 13, there are exactly three packages whose names are formed by concatenating obj, i, and each of 1, 2, and 3; one truck named by concatenating tru and i; one city named by concatenating cit and i; and two locations named by concatenating pos and i and apt and i, with the latter also being an airport.",deterministic_rule,true,covered,The bounded construction rule uniquely yields this object label and type.
objects,CIT5,"Initially, for each integer i from 1 through 13, there are exactly three packages whose names are formed by concatenating obj, i, and each of 1, 2, and 3; one truck named by concatenating tru and i; one city named by concatenating cit and i; and two locations named by concatenating pos and i and apt and i, with the latter also being an airport.",deterministic_rule,true,covered,The bounded construction rule uniquely yields this object label and type.
objects,TRU5,"Initially, for each integer i from 1 through 13, there are exactly three packages whose names are formed by concatenating obj, i, and each of 1, 2, and 3; one truck named by concatenating tru and i; one city named by concatenating cit and i; and two locations named by concatenating pos and i and apt and i, with the latter also being an airport.",deterministic_rule,true,covered,The bounded construction rule uniquely yields this object label and type.
objects,OBJ53,"Initially, for each integer i from 1 through 13, there are exactly three packages whose names are formed by concatenating obj, i, and each of 1, 2, and 3; one truck named by concatenating tru and i; one city named by concatenating cit and i; and two locations named by concatenating pos and i and apt and i, with the latter also being an airport.",deterministic_rule,true,covered,The bounded construction rule uniquely yields this object label and type.
objects,OBJ52,"Initially, for each integer i from 1 through 13, there are exactly three packages whose names are formed by concatenating obj, i, and each of 1, 2, and 3; one truck named by concatenating tru and i; one city named by concatenating cit and i; and two locations named by concatenating pos and i and apt and i, with the latter also being an airport.",deterministic_rule,true,covered,The bounded construction rule uniquely yields this object label and type.
objects,OBJ51,"Initially, for each integer i from 1 through 13, there are exactly three packages whose names are formed by concatenating obj, i, and each of 1, 2, and 3; one truck named by concatenating tru and i; one city named by concatenating cit and i; and two locations named by concatenating pos and i and apt and i, with the latter also being an airport.",deterministic_rule,true,covered,The bounded construction rule uniquely yields this object label and type.
objects,APT4,"Initially, for each integer i from 1 through 13, there are exactly three packages whose names are formed by concatenating obj, i, and each of 1, 2, and 3; one truck named by concatenating tru and i; one city named by concatenating cit and i; and two locations named by concatenating pos and i and apt and i, with the latter also being an airport.",deterministic_rule,true,covered,The bounded construction rule uniquely yields this object label and type.
objects,POS4,"Initially, for each integer i from 1 through 13, there are exactly three packages whose names are formed by concatenating obj, i, and each of 1, 2, and 3; one truck named by concatenating tru and i; one city named by concatenating cit and i; and two locations named by concatenating pos and i and apt and i, with the latter also being an airport.",deterministic_rule,true,covered,The bounded construction rule uniquely yields this object label and type.
objects,CIT4,"Initially, for each integer i from 1 through 13, there are exactly three packages whose names are formed by concatenating obj, i, and each of 1, 2, and 3; one truck named by concatenating tru and i; one city named by concatenating cit and i; and two locations named by concatenating pos and i and apt and i, with the latter also being an airport.",deterministic_rule,true,covered,The bounded construction rule uniquely yields this object label and type.
objects,TRU4,"Initially, for each integer i from 1 through 13, there are exactly three packages whose names are formed by concatenating obj, i, and each of 1, 2, and 3; one truck named by concatenating tru and i; one city named by concatenating cit and i; and two locations named by concatenating pos and i and apt and i, with the latter also being an airport.",deterministic_rule,true,covered,The bounded construction rule uniquely yields this object label and type.
objects,OBJ43,"Initially, for each integer i from 1 through 13, there are exactly three packages whose names are formed by concatenating obj, i, and each of 1, 2, and 3; one truck named by concatenating tru and i; one city named by concatenating cit and i; and two locations named by concatenating pos and i and apt and i, with the latter also being an airport.",deterministic_rule,true,covered,The bounded construction rule uniquely yields this object label and type.
objects,OBJ42,"Initially, for each integer i from 1 through 13, there are exactly three packages whose names are formed by concatenating obj, i, and each of 1, 2, and 3; one truck named by concatenating tru and i; one city named by concatenating cit and i; and two locations named by concatenating pos and i and apt and i, with the latter also being an airport.",deterministic_rule,true,covered,The bounded construction rule uniquely yields this object label and type.
objects,OBJ41,"Initially, for each integer i from 1 through 13, there are exactly three packages whose names are formed by concatenating obj, i, and each of 1, 2, and 3; one truck named by concatenating tru and i; one city named by concatenating cit and i; and two locations named by concatenating pos and i and apt and i, with the latter also being an airport.",deterministic_rule,true,covered,The bounded construction rule uniquely yields this object label and type.
objects,APT3,"Initially, for each integer i from 1 through 13, there are exactly three packages whose names are formed by concatenating obj, i, and each of 1, 2, and 3; one truck named by concatenating tru and i; one city named by concatenating cit and i; and two locations named by concatenating pos and i and apt and i, with the latter also being an airport.",deterministic_rule,true,covered,The bounded construction rule uniquely yields this object label and type.
objects,POS3,"Initially, for each integer i from 1 through 13, there are exactly three packages whose names are formed by concatenating obj, i, and each of 1, 2, and 3; one truck named by concatenating tru and i; one city named by concatenating cit and i; and two locations named by concatenating pos and i and apt and i, with the latter also being an airport.",deterministic_rule,true,covered,The bounded construction rule uniquely yields this object label and type.
objects,CIT3,"Initially, for each integer i from 1 through 13, there are exactly three packages whose names are formed by concatenating obj, i, and each of 1, 2, and 3; one truck named by concatenating tru and i; one city named by concatenating cit and i; and two locations named by concatenating pos and i and apt and i, with the latter also being an airport.",deterministic_rule,true,covered,The bounded construction rule uniquely yields this object label and type.
objects,TRU3,"Initially, for each integer i from 1 through 13, there are exactly three packages whose names are formed by concatenating obj, i, and each of 1, 2, and 3; one truck named by concatenating tru and i; one city named by concatenating cit and i; and two locations named by concatenating pos and i and apt and i, with the latter also being an airport.",deterministic_rule,true,covered,The bounded construction rule uniquely yields this object label and type.
objects,OBJ33,"Initially, for each integer i from 1 through 13, there are exactly three packages whose names are formed by concatenating obj, i, and each of 1, 2, and 3; one truck named by concatenating tru and i; one city named by concatenating cit and i; and two locations named by concatenating pos and i and apt and i, with the latter also being an airport.",deterministic_rule,true,covered,The bounded construction rule uniquely yields this object label and type.
objects,OBJ32,"Initially, for each integer i from 1 through 13, there are exactly three packages whose names are formed by concatenating obj, i, and each of 1, 2, and 3; one truck named by concatenating tru and i; one city named by concatenating cit and i; and two locations named by concatenating pos and i and apt and i, with the latter also being an airport.",deterministic_rule,true,covered,The bounded construction rule uniquely yields this object label and type.
objects,OBJ31,"Initially, for each integer i from 1 through 13, there are exactly three packages whose names are formed by concatenating obj, i, and each of 1, 2, and 3; one truck named by concatenating tru and i; one city named by concatenating cit and i; and two locations named by concatenating pos and i and apt and i, with the latter also being an airport.",deterministic_rule,true,covered,The bounded construction rule uniquely yields this object label and type.
objects,APT2,"Initially, for each integer i from 1 through 13, there are exactly three packages whose names are formed by concatenating obj, i, and each of 1, 2, and 3; one truck named by concatenating tru and i; one city named by concatenating cit and i; and two locations named by concatenating pos and i and apt and i, with the latter also being an airport.",deterministic_rule,true,covered,The bounded construction rule uniquely yields this object label and type.
objects,POS2,"Initially, for each integer i from 1 through 13, there are exactly three packages whose names are formed by concatenating obj, i, and each of 1, 2, and 3; one truck named by concatenating tru and i; one city named by concatenating cit and i; and two locations named by concatenating pos and i and apt and i, with the latter also being an airport.",deterministic_rule,true,covered,The bounded construction rule uniquely yields this object label and type.
objects,CIT2,"Initially, for each integer i from 1 through 13, there are exactly three packages whose names are formed by concatenating obj, i, and each of 1, 2, and 3; one truck named by concatenating tru and i; one city named by concatenating cit and i; and two locations named by concatenating pos and i and apt and i, with the latter also being an airport.",deterministic_rule,true,covered,The bounded construction rule uniquely yields this object label and type.
objects,TRU2,"Initially, for each integer i from 1 through 13, there are exactly three packages whose names are formed by concatenating obj, i, and each of 1, 2, and 3; one truck named by concatenating tru and i; one city named by concatenating cit and i; and two locations named by concatenating pos and i and apt and i, with the latter also being an airport.",deterministic_rule,true,covered,The bounded construction rule uniquely yields this object label and type.
objects,OBJ23,"Initially, for each integer i from 1 through 13, there are exactly three packages whose names are formed by concatenating obj, i, and each of 1, 2, and 3; one truck named by concatenating tru and i; one city named by concatenating cit and i; and two locations named by concatenating pos and i and apt and i, with the latter also being an airport.",deterministic_rule,true,covered,The bounded construction rule uniquely yields this object label and type.
objects,OBJ22,"Initially, for each integer i from 1 through 13, there are exactly three packages whose names are formed by concatenating obj, i, and each of 1, 2, and 3; one truck named by concatenating tru and i; one city named by concatenating cit and i; and two locations named by concatenating pos and i and apt and i, with the latter also being an airport.",deterministic_rule,true,covered,The bounded construction rule uniquely yields this object label and type.
objects,OBJ21,"Initially, for each integer i from 1 through 13, there are exactly three packages whose names are formed by concatenating obj, i, and each of 1, 2, and 3; one truck named by concatenating tru and i; one city named by concatenating cit and i; and two locations named by concatenating pos and i and apt and i, with the latter also being an airport.",deterministic_rule,true,covered,The bounded construction rule uniquely yields this object label and type.
objects,APN1,"Additionally, there are four airplanes, apn1 through apn4, which are stationed at specific airports for initial setup.",deterministic_rule,true,covered,The finite range apn1 through apn4 includes exactly this airplane.
objects,APT1,"Initially, for each integer i from 1 through 13, there are exactly three packages whose names are formed by concatenating obj, i, and each of 1, 2, and 3; one truck named by concatenating tru and i; one city named by concatenating cit and i; and two locations named by concatenating pos and i and apt and i, with the latter also being an airport.",deterministic_rule,true,covered,The bounded construction rule uniquely yields this object label and type.
objects,POS1,"Initially, for each integer i from 1 through 13, there are exactly three packages whose names are formed by concatenating obj, i, and each of 1, 2, and 3; one truck named by concatenating tru and i; one city named by concatenating cit and i; and two locations named by concatenating pos and i and apt and i, with the latter also being an airport.",deterministic_rule,true,covered,The bounded construction rule uniquely yields this object label and type.
objects,CIT1,"Initially, for each integer i from 1 through 13, there are exactly three packages whose names are formed by concatenating obj, i, and each of 1, 2, and 3; one truck named by concatenating tru and i; one city named by concatenating cit and i; and two locations named by concatenating pos and i and apt and i, with the latter also being an airport.",deterministic_rule,true,covered,The bounded construction rule uniquely yields this object label and type.
objects,TRU1,"Initially, for each integer i from 1 through 13, there are exactly three packages whose names are formed by concatenating obj, i, and each of 1, 2, and 3; one truck named by concatenating tru and i; one city named by concatenating cit and i; and two locations named by concatenating pos and i and apt and i, with the latter also being an airport.",deterministic_rule,true,covered,The bounded construction rule uniquely yields this object label and type.
objects,OBJ13,"Initially, for each integer i from 1 through 13, there are exactly three packages whose names are formed by concatenating obj, i, and each of 1, 2, and 3; one truck named by concatenating tru and i; one city named by concatenating cit and i; and two locations named by concatenating pos and i and apt and i, with the latter also being an airport.",deterministic_rule,true,covered,The bounded construction rule uniquely yields this object label and type.
objects,OBJ12,"Initially, for each integer i from 1 through 13, there are exactly three packages whose names are formed by concatenating obj, i, and each of 1, 2, and 3; one truck named by concatenating tru and i; one city named by concatenating cit and i; and two locations named by concatenating pos and i and apt and i, with the latter also being an airport.",deterministic_rule,true,covered,The bounded construction rule uniquely yields this object label and type.
objects,OBJ11,"Initially, for each integer i from 1 through 13, there are exactly three packages whose names are formed by concatenating obj, i, and each of 1, 2, and 3; one truck named by concatenating tru and i; one city named by concatenating cit and i; and two locations named by concatenating pos and i and apt and i, with the latter also being an airport.",deterministic_rule,true,covered,The bounded construction rule uniquely yields this object label and type.
init,(PACKAGE OBJ11),"Initially, for each integer i from 1 through 13, there are exactly three packages whose names are formed by concatenating obj, i, and each of 1, 2, and 3; one truck named by concatenating tru and i; one city named by concatenating cit and i; and two locations named by concatenating pos and i and apt and i, with the latter also being an airport.",deterministic_rule,true,covered,The bounded inventory rule expands uniquely to this unary type atom.
init,(PACKAGE OBJ12),"Initially, for each integer i from 1 through 13, there are exactly three packages whose names are formed by concatenating obj, i, and each of 1, 2, and 3; one truck named by concatenating tru and i; one city named by concatenating cit and i; and two locations named by concatenating pos and i and apt and i, with the latter also being an airport.",deterministic_rule,true,covered,The bounded inventory rule expands uniquely to this unary type atom.
init,(PACKAGE OBJ13),"Initially, for each integer i from 1 through 13, there are exactly three packages whose names are formed by concatenating obj, i, and each of 1, 2, and 3; one truck named by concatenating tru and i; one city named by concatenating cit and i; and two locations named by concatenating pos and i and apt and i, with the latter also being an airport.",deterministic_rule,true,covered,The bounded inventory rule expands uniquely to this unary type atom.
init,(PACKAGE OBJ21),"Initially, for each integer i from 1 through 13, there are exactly three packages whose names are formed by concatenating obj, i, and each of 1, 2, and 3; one truck named by concatenating tru and i; one city named by concatenating cit and i; and two locations named by concatenating pos and i and apt and i, with the latter also being an airport.",deterministic_rule,true,covered,The bounded inventory rule expands uniquely to this unary type atom.
init,(PACKAGE OBJ22),"Initially, for each integer i from 1 through 13, there are exactly three packages whose names are formed by concatenating obj, i, and each of 1, 2, and 3; one truck named by concatenating tru and i; one city named by concatenating cit and i; and two locations named by concatenating pos and i and apt and i, with the latter also being an airport.",deterministic_rule,true,covered,The bounded inventory rule expands uniquely to this unary type atom.
init,(PACKAGE OBJ23),"Initially, for each integer i from 1 through 13, there are exactly three packages whose names are formed by concatenating obj, i, and each of 1, 2, and 3; one truck named by concatenating tru and i; one city named by concatenating cit and i; and two locations named by concatenating pos and i and apt and i, with the latter also being an airport.",deterministic_rule,true,covered,The bounded inventory rule expands uniquely to this unary type atom.
init,(PACKAGE OBJ31),"Initially, for each integer i from 1 through 13, there are exactly three packages whose names are formed by concatenating obj, i, and each of 1, 2, and 3; one truck named by concatenating tru and i; one city named by concatenating cit and i; and two locations named by concatenating pos and i and apt and i, with the latter also being an airport.",deterministic_rule,true,covered,The bounded inventory rule expands uniquely to this unary type atom.
init,(PACKAGE OBJ32),"Initially, for each integer i from 1 through 13, there are exactly three packages whose names are formed by concatenating obj, i, and each of 1, 2, and 3; one truck named by concatenating tru and i; one city named by concatenating cit and i; and two locations named by concatenating pos and i and apt and i, with the latter also being an airport.",deterministic_rule,true,covered,The bounded inventory rule expands uniquely to this unary type atom.
init,(PACKAGE OBJ33),"Initially, for each integer i from 1 through 13, there are exactly three packages whose names are formed by concatenating obj, i, and each of 1, 2, and 3; one truck named by concatenating tru and i; one city named by concatenating cit and i; and two locations named by concatenating pos and i and apt and i, with the latter also being an airport.",deterministic_rule,true,covered,The bounded inventory rule expands uniquely to this unary type atom.
init,(PACKAGE OBJ41),"Initially, for each integer i from 1 through 13, there are exactly three packages whose names are formed by concatenating obj, i, and each of 1, 2, and 3; one truck named by concatenating tru and i; one city named by concatenating cit and i; and two locations named by concatenating pos and i and apt and i, with the latter also being an airport.",deterministic_rule,true,covered,The bounded inventory rule expands uniquely to this unary type atom.
init,(PACKAGE OBJ42),"Initially, for each integer i from 1 through 13, there are exactly three packages whose names are formed by concatenating obj, i, and each of 1, 2, and 3; one truck named by concatenating tru and i; one city named by concatenating cit and i; and two locations named by concatenating pos and i and apt and i, with the latter also being an airport.",deterministic_rule,true,covered,The bounded inventory rule expands uniquely to this unary type atom.
init,(PACKAGE OBJ43),"Initially, for each integer i from 1 through 13, there are exactly three packages whose names are formed by concatenating obj, i, and each of 1, 2, and 3; one truck named by concatenating tru and i; one city named by concatenating cit and i; and two locations named by concatenating pos and i and apt and i, with the latter also being an airport.",deterministic_rule,true,covered,The bounded inventory rule expands uniquely to this unary type atom.
init,(PACKAGE OBJ51),"Initially, for each integer i from 1 through 13, there are exactly three packages whose names are formed by concatenating obj, i, and each of 1, 2, and 3; one truck named by concatenating tru and i; one city named by concatenating cit and i; and two locations named by concatenating pos and i and apt and i, with the latter also being an airport.",deterministic_rule,true,covered,The bounded inventory rule expands uniquely to this unary type atom.
init,(PACKAGE OBJ52),"Initially, for each integer i from 1 through 13, there are exactly three packages whose names are formed by concatenating obj, i, and each of 1, 2, and 3; one truck named by concatenating tru and i; one city named by concatenating cit and i; and two locations named by concatenating pos and i and apt and i, with the latter also being an airport.",deterministic_rule,true,covered,The bounded inventory rule expands uniquely to this unary type atom.
init,(PACKAGE OBJ53),"Initially, for each integer i from 1 through 13, there are exactly three packages whose names are formed by concatenating obj, i, and each of 1, 2, and 3; one truck named by concatenating tru and i; one city named by concatenating cit and i; and two locations named by concatenating pos and i and apt and i, with the latter also being an airport.",deterministic_rule,true,covered,The bounded inventory rule expands uniquely to this unary type atom.
init,(PACKAGE OBJ61),"Initially, for each integer i from 1 through 13, there are exactly three packages whose names are formed by concatenating obj, i, and each of 1, 2, and 3; one truck named by concatenating tru and i; one city named by concatenating cit and i; and two locations named by concatenating pos and i and apt and i, with the latter also being an airport.",deterministic_rule,true,covered,The bounded inventory rule expands uniquely to this unary type atom.
init,(PACKAGE OBJ62),"Initially, for each integer i from 1 through 13, there are exactly three packages whose names are formed by concatenating obj, i, and each of 1, 2, and 3; one truck named by concatenating tru and i; one city named by concatenating cit and i; and two locations named by concatenating pos and i and apt and i, with the latter also being an airport.",deterministic_rule,true,covered,The bounded inventory rule expands uniquely to this unary type atom.
init,(PACKAGE OBJ63),"Initially, for each integer i from 1 through 13, there are exactly three packages whose names are formed by concatenating obj, i, and each of 1, 2, and 3; one truck named by concatenating tru and i; one city named by concatenating cit and i; and two locations named by concatenating pos and i and apt and i, with the latter also being an airport.",deterministic_rule,true,covered,The bounded inventory rule expands uniquely to this unary type atom.
init,(PACKAGE OBJ71),"Initially, for each integer i from 1 through 13, there are exactly three packages whose names are formed by concatenating obj, i, and each of 1, 2, and 3; one truck named by concatenating tru and i; one city named by concatenating cit and i; and two locations named by concatenating pos and i and apt and i, with the latter also being an airport.",deterministic_rule,true,covered,The bounded inventory rule expands uniquely to this unary type atom.
init,(PACKAGE OBJ72),"Initially, for each integer i from 1 through 13, there are exactly three packages whose names are formed by concatenating obj, i, and each of 1, 2, and 3; one truck named by concatenating tru and i; one city named by concatenating cit and i; and two locations named by concatenating pos and i and apt and i, with the latter also being an airport.",deterministic_rule,true,covered,The bounded inventory rule expands uniquely to this unary type atom.
init,(PACKAGE OBJ73),"Initially, for each integer i from 1 through 13, there are exactly three packages whose names are formed by concatenating obj, i, and each of 1, 2, and 3; one truck named by concatenating tru and i; one city named by concatenating cit and i; and two locations named by concatenating pos and i and apt and i, with the latter also being an airport.",deterministic_rule,true,covered,The bounded inventory rule expands uniquely to this unary type atom.
init,(PACKAGE OBJ81),"Initially, for each integer i from 1 through 13, there are exactly three packages whose names are formed by concatenating obj, i, and each of 1, 2, and 3; one truck named by concatenating tru and i; one city named by concatenating cit and i; and two locations named by concatenating pos and i and apt and i, with the latter also being an airport.",deterministic_rule,true,covered,The bounded inventory rule expands uniquely to this unary type atom.
init,(PACKAGE OBJ82),"Initially, for each integer i from 1 through 13, there are exactly three packages whose names are formed by concatenating obj, i, and each of 1, 2, and 3; one truck named by concatenating tru and i; one city named by concatenating cit and i; and two locations named by concatenating pos and i and apt and i, with the latter also being an airport.",deterministic_rule,true,covered,The bounded inventory rule expands uniquely to this unary type atom.
init,(PACKAGE OBJ83),"Initially, for each integer i from 1 through 13, there are exactly three packages whose names are formed by concatenating obj, i, and each of 1, 2, and 3; one truck named by concatenating tru and i; one city named by concatenating cit and i; and two locations named by concatenating pos and i and apt and i, with the latter also being an airport.",deterministic_rule,true,covered,The bounded inventory rule expands uniquely to this unary type atom.
init,(PACKAGE OBJ91),"Initially, for each integer i from 1 through 13, there are exactly three packages whose names are formed by concatenating obj, i, and each of 1, 2, and 3; one truck named by concatenating tru and i; one city named by concatenating cit and i; and two locations named by concatenating pos and i and apt and i, with the latter also being an airport.",deterministic_rule,true,covered,The bounded inventory rule expands uniquely to this unary type atom.
init,(PACKAGE OBJ92),"Initially, for each integer i from 1 through 13, there are exactly three packages whose names are formed by concatenating obj, i, and each of 1, 2, and 3; one truck named by concatenating tru and i; one city named by concatenating cit and i; and two locations named by concatenating pos and i and apt and i, with the latter also being an airport.",deterministic_rule,true,covered,The bounded inventory rule expands uniquely to this unary type atom.
init,(PACKAGE OBJ93),"Initially, for each integer i from 1 through 13, there are exactly three packages whose names are formed by concatenating obj, i, and each of 1, 2, and 3; one truck named by concatenating tru and i; one city named by concatenating cit and i; and two locations named by concatenating pos and i and apt and i, with the latter also being an airport.",deterministic_rule,true,covered,The bounded inventory rule expands uniquely to this unary type atom.
init,(PACKAGE OBJ101),"Initially, for each integer i from 1 through 13, there are exactly three packages whose names are formed by concatenating obj, i, and each of 1, 2, and 3; one truck named by concatenating tru and i; one city named by concatenating cit and i; and two locations named by concatenating pos and i and apt and i, with the latter also being an airport.",deterministic_rule,true,covered,The bounded inventory rule expands uniquely to this unary type atom.
init,(PACKAGE OBJ102),"Initially, for each integer i from 1 through 13, there are exactly three packages whose names are formed by concatenating obj, i, and each of 1, 2, and 3; one truck named by concatenating tru and i; one city named by concatenating cit and i; and two locations named by concatenating pos and i and apt and i, with the latter also being an airport.",deterministic_rule,true,covered,The bounded inventory rule expands uniquely to this unary type atom.
init,(PACKAGE OBJ103),"Initially, for each integer i from 1 through 13, there are exactly three packages whose names are formed by concatenating obj, i, and each of 1, 2, and 3; one truck named by concatenating tru and i; one city named by concatenating cit and i; and two locations named by concatenating pos and i and apt and i, with the latter also being an airport.",deterministic_rule,true,covered,The bounded inventory rule expands uniquely to this unary type atom.
init,(PACKAGE OBJ111),"Initially, for each integer i from 1 through 13, there are exactly three packages whose names are formed by concatenating obj, i, and each of 1, 2, and 3; one truck named by concatenating tru and i; one city named by concatenating cit and i; and two locations named by concatenating pos and i and apt and i, with the latter also being an airport.",deterministic_rule,true,covered,The bounded inventory rule expands uniquely to this unary type atom.
init,(PACKAGE OBJ112),"Initially, for each integer i from 1 through 13, there are exactly three packages whose names are formed by concatenating obj, i, and each of 1, 2, and 3; one truck named by concatenating tru and i; one city named by concatenating cit and i; and two locations named by concatenating pos and i and apt and i, with the latter also being an airport.",deterministic_rule,true,covered,The bounded inventory rule expands uniquely to this unary type atom.
init,(PACKAGE OBJ113),"Initially, for each integer i from 1 through 13, there are exactly three packages whose names are formed by concatenating obj, i, and each of 1, 2, and 3; one truck named by concatenating tru and i; one city named by concatenating cit and i; and two locations named by concatenating pos and i and apt and i, with the latter also being an airport.",deterministic_rule,true,covered,The bounded inventory rule expands uniquely to this unary type atom.
init,(PACKAGE OBJ121),"Initially, for each integer i from 1 through 13, there are exactly three packages whose names are formed by concatenating obj, i, and each of 1, 2, and 3; one truck named by concatenating tru and i; one city named by concatenating cit and i; and two locations named by concatenating pos and i and apt and i, with the latter also being an airport.",deterministic_rule,true,covered,The bounded inventory rule expands uniquely to this unary type atom.
init,(PACKAGE OBJ122),"Initially, for each integer i from 1 through 13, there are exactly three packages whose names are formed by concatenating obj, i, and each of 1, 2, and 3; one truck named by concatenating tru and i; one city named by concatenating cit and i; and two locations named by concatenating pos and i and apt and i, with the latter also being an airport.",deterministic_rule,true,covered,The bounded inventory rule expands uniquely to this unary type atom.
init,(PACKAGE OBJ123),"Initially, for each integer i from 1 through 13, there are exactly three packages whose names are formed by concatenating obj, i, and each of 1, 2, and 3; one truck named by concatenating tru and i; one city named by concatenating cit and i; and two locations named by concatenating pos and i and apt and i, with the latter also being an airport.",deterministic_rule,true,covered,The bounded inventory rule expands uniquely to this unary type atom.
init,(PACKAGE OBJ131),"Initially, for each integer i from 1 through 13, there are exactly three packages whose names are formed by concatenating obj, i, and each of 1, 2, and 3; one truck named by concatenating tru and i; one city named by concatenating cit and i; and two locations named by concatenating pos and i and apt and i, with the latter also being an airport.",deterministic_rule,true,covered,The bounded inventory rule expands uniquely to this unary type atom.
init,(PACKAGE OBJ132),"Initially, for each integer i from 1 through 13, there are exactly three packages whose names are formed by concatenating obj, i, and each of 1, 2, and 3; one truck named by concatenating tru and i; one city named by concatenating cit and i; and two locations named by concatenating pos and i and apt and i, with the latter also being an airport.",deterministic_rule,true,covered,The bounded inventory rule expands uniquely to this unary type atom.
init,(PACKAGE OBJ133),"Initially, for each integer i from 1 through 13, there are exactly three packages whose names are formed by concatenating obj, i, and each of 1, 2, and 3; one truck named by concatenating tru and i; one city named by concatenating cit and i; and two locations named by concatenating pos and i and apt and i, with the latter also being an airport.",deterministic_rule,true,covered,The bounded inventory rule expands uniquely to this unary type atom.
init,(TRUCK TRU1),"Initially, for each integer i from 1 through 13, there are exactly three packages whose names are formed by concatenating obj, i, and each of 1, 2, and 3; one truck named by concatenating tru and i; one city named by concatenating cit and i; and two locations named by concatenating pos and i and apt and i, with the latter also being an airport.",deterministic_rule,true,covered,The bounded inventory rule expands uniquely to this unary type atom.
init,(TRUCK TRU2),"Initially, for each integer i from 1 through 13, there are exactly three packages whose names are formed by concatenating obj, i, and each of 1, 2, and 3; one truck named by concatenating tru and i; one city named by concatenating cit and i; and two locations named by concatenating pos and i and apt and i, with the latter also being an airport.",deterministic_rule,true,covered,The bounded inventory rule expands uniquely to this unary type atom.
init,(TRUCK TRU3),"Initially, for each integer i from 1 through 13, there are exactly three packages whose names are formed by concatenating obj, i, and each of 1, 2, and 3; one truck named by concatenating tru and i; one city named by concatenating cit and i; and two locations named by concatenating pos and i and apt and i, with the latter also being an airport.",deterministic_rule,true,covered,The bounded inventory rule expands uniquely to this unary type atom.
init,(TRUCK TRU4),"Initially, for each integer i from 1 through 13, there are exactly three packages whose names are formed by concatenating obj, i, and each of 1, 2, and 3; one truck named by concatenating tru and i; one city named by concatenating cit and i; and two locations named by concatenating pos and i and apt and i, with the latter also being an airport.",deterministic_rule,true,covered,The bounded inventory rule expands uniquely to this unary type atom.
init,(TRUCK TRU5),"Initially, for each integer i from 1 through 13, there are exactly three packages whose names are formed by concatenating obj, i, and each of 1, 2, and 3; one truck named by concatenating tru and i; one city named by concatenating cit and i; and two locations named by concatenating pos and i and apt and i, with the latter also being an airport.",deterministic_rule,true,covered,The bounded inventory rule expands uniquely to this unary type atom.
init,(TRUCK TRU6),"Initially, for each integer i from 1 through 13, there are exactly three packages whose names are formed by concatenating obj, i, and each of 1, 2, and 3; one truck named by concatenating tru and i; one city named by concatenating cit and i; and two locations named by concatenating pos and i and apt and i, with the latter also being an airport.",deterministic_rule,true,covered,The bounded inventory rule expands uniquely to this unary type atom.
init,(TRUCK TRU7),"Initially, for each integer i from 1 through 13, there are exactly three packages whose names are formed by concatenating obj, i, and each of 1, 2, and 3; one truck named by concatenating tru and i; one city named by concatenating cit and i; and two locations named by concatenating pos and i and apt and i, with the latter also being an airport.",deterministic_rule,true,covered,The bounded inventory rule expands uniquely to this unary type atom.
init,(TRUCK TRU8),"Initially, for each integer i from 1 through 13, there are exactly three packages whose names are formed by concatenating obj, i, and each of 1, 2, and 3; one truck named by concatenating tru and i; one city named by concatenating cit and i; and two locations named by concatenating pos and i and apt and i, with the latter also being an airport.",deterministic_rule,true,covered,The bounded inventory rule expands uniquely to this unary type atom.
init,(TRUCK TRU9),"Initially, for each integer i from 1 through 13, there are exactly three packages whose names are formed by concatenating obj, i, and each of 1, 2, and 3; one truck named by concatenating tru and i; one city named by concatenating cit and i; and two locations named by concatenating pos and i and apt and i, with the latter also being an airport.",deterministic_rule,true,covered,The bounded inventory rule expands uniquely to this unary type atom.
init,(TRUCK TRU10),"Initially, for each integer i from 1 through 13, there are exactly three packages whose names are formed by concatenating obj, i, and each of 1, 2, and 3; one truck named by concatenating tru and i; one city named by concatenating cit and i; and two locations named by concatenating pos and i and apt and i, with the latter also being an airport.",deterministic_rule,true,covered,The bounded inventory rule expands uniquely to this unary type atom.
init,(TRUCK TRU11),"Initially, for each integer i from 1 through 13, there are exactly three packages whose names are formed by concatenating obj, i, and each of 1, 2, and 3; one truck named by concatenating tru and i; one city named by concatenating cit and i; and two locations named by concatenating pos and i and apt and i, with the latter also being an airport.",deterministic_rule,true,covered,The bounded inventory rule expands uniquely to this unary type atom.
init,(TRUCK TRU12),"Initially, for each integer i from 1 through 13, there are exactly three packages whose names are formed by concatenating obj, i, and each of 1, 2, and 3; one truck named by concatenating tru and i; one city named by concatenating cit and i; and two locations named by concatenating pos and i and apt and i, with the latter also being an airport.",deterministic_rule,true,covered,The bounded inventory rule expands uniquely to this unary type atom.
init,(TRUCK TRU13),"Initially, for each integer i from 1 through 13, there are exactly three packages whose names are formed by concatenating obj, i, and each of 1, 2, and 3; one truck named by concatenating tru and i; one city named by concatenating cit and i; and two locations named by concatenating pos and i and apt and i, with the latter also being an airport.",deterministic_rule,true,covered,The bounded inventory rule expands uniquely to this unary type atom.
init,(CITY CIT1),"Initially, for each integer i from 1 through 13, there are exactly three packages whose names are formed by concatenating obj, i, and each of 1, 2, and 3; one truck named by concatenating tru and i; one city named by concatenating cit and i; and two locations named by concatenating pos and i and apt and i, with the latter also being an airport.",deterministic_rule,true,covered,The bounded inventory rule expands uniquely to this unary type atom.
init,(CITY CIT2),"Initially, for each integer i from 1 through 13, there are exactly three packages whose names are formed by concatenating obj, i, and each of 1, 2, and 3; one truck named by concatenating tru and i; one city named by concatenating cit and i; and two locations named by concatenating pos and i and apt and i, with the latter also being an airport.",deterministic_rule,true,covered,The bounded inventory rule expands uniquely to this unary type atom.
init,(CITY CIT3),"Initially, for each integer i from 1 through 13, there are exactly three packages whose names are formed by concatenating obj, i, and each of 1, 2, and 3; one truck named by concatenating tru and i; one city named by concatenating cit and i; and two locations named by concatenating pos and i and apt and i, with the latter also being an airport.",deterministic_rule,true,covered,The bounded inventory rule expands uniquely to this unary type atom.
init,(CITY CIT4),"Initially, for each integer i from 1 through 13, there are exactly three packages whose names are formed by concatenating obj, i, and each of 1, 2, and 3; one truck named by concatenating tru and i; one city named by concatenating cit and i; and two locations named by concatenating pos and i and apt and i, with the latter also being an airport.",deterministic_rule,true,covered,The bounded inventory rule expands uniquely to this unary type atom.
init,(CITY CIT5),"Initially, for each integer i from 1 through 13, there are exactly three packages whose names are formed by concatenating obj, i, and each of 1, 2, and 3; one truck named by concatenating tru and i; one city named by concatenating cit and i; and two locations named by concatenating pos and i and apt and i, with the latter also being an airport.",deterministic_rule,true,covered,The bounded inventory rule expands uniquely to this unary type atom.
init,(CITY CIT6),"Initially, for each integer i from 1 through 13, there are exactly three packages whose names are formed by concatenating obj, i, and each of 1, 2, and 3; one truck named by concatenating tru and i; one city named by concatenating cit and i; and two locations named by concatenating pos and i and apt and i, with the latter also being an airport.",deterministic_rule,true,covered,The bounded inventory rule expands uniquely to this unary type atom.
init,(CITY CIT7),"Initially, for each integer i from 1 through 13, there are exactly three packages whose names are formed by concatenating obj, i, and each of 1, 2, and 3; one truck named by concatenating tru and i; one city named by concatenating cit and i; and two locations named by concatenating pos and i and apt and i, with the latter also being an airport.",deterministic_rule,true,covered,The bounded inventory rule expands uniquely to this unary type atom.
init,(CITY CIT8),"Initially, for each integer i from 1 through 13, there are exactly three packages whose names are formed by concatenating obj, i, and each of 1, 2, and 3; one truck named by concatenating tru and i; one city named by concatenating cit and i; and two locations named by concatenating pos and i and apt and i, with the latter also being an airport.",deterministic_rule,true,covered,The bounded inventory rule expands uniquely to this unary type atom.
init,(CITY CIT9),"Initially, for each integer i from 1 through 13, there are exactly three packages whose names are formed by concatenating obj, i, and each of 1, 2, and 3; one truck named by concatenating tru and i; one city named by concatenating cit and i; and two locations named by concatenating pos and i and apt and i, with the latter also being an airport.",deterministic_rule,true,covered,The bounded inventory rule expands uniquely to this unary type atom.
init,(CITY CIT10),"Initially, for each integer i from 1 through 13, there are exactly three packages whose names are formed by concatenating obj, i, and each of 1, 2, and 3; one truck named by concatenating tru and i; one city named by concatenating cit and i; and two locations named by concatenating pos and i and apt and i, with the latter also being an airport.",deterministic_rule,true,covered,The bounded inventory rule expands uniquely to this unary type atom.
init,(CITY CIT11),"Initially, for each integer i from 1 through 13, there are exactly three packages whose names are formed by concatenating obj, i, and each of 1, 2, and 3; one truck named by concatenating tru and i; one city named by concatenating cit and i; and two locations named by concatenating pos and i and apt and i, with the latter also being an airport.",deterministic_rule,true,covered,The bounded inventory rule expands uniquely to this unary type atom.
init,(CITY CIT12),"Initially, for each integer i from 1 through 13, there are exactly three packages whose names are formed by concatenating obj, i, and each of 1, 2, and 3; one truck named by concatenating tru and i; one city named by concatenating cit and i; and two locations named by concatenating pos and i and apt and i, with the latter also being an airport.",deterministic_rule,true,covered,The bounded inventory rule expands uniquely to this unary type atom.
init,(CITY CIT13),"Initially, for each integer i from 1 through 13, there are exactly three packages whose names are formed by concatenating obj, i, and each of 1, 2, and 3; one truck named by concatenating tru and i; one city named by concatenating cit and i; and two locations named by concatenating pos and i and apt and i, with the latter also being an airport.",deterministic_rule,true,covered,The bounded inventory rule expands uniquely to this unary type atom.
init,(LOCATION POS1),"Initially, for each integer i from 1 through 13, there are exactly three packages whose names are formed by concatenating obj, i, and each of 1, 2, and 3; one truck named by concatenating tru and i; one city named by concatenating cit and i; and two locations named by concatenating pos and i and apt and i, with the latter also being an airport.",deterministic_rule,true,covered,The bounded inventory rule expands uniquely to this unary type atom.
init,(LOCATION APT1),"Initially, for each integer i from 1 through 13, there are exactly three packages whose names are formed by concatenating obj, i, and each of 1, 2, and 3; one truck named by concatenating tru and i; one city named by concatenating cit and i; and two locations named by concatenating pos and i and apt and i, with the latter also being an airport.",deterministic_rule,true,covered,The bounded inventory rule expands uniquely to this unary type atom.
init,(LOCATION POS2),"Initially, for each integer i from 1 through 13, there are exactly three packages whose names are formed by concatenating obj, i, and each of 1, 2, and 3; one truck named by concatenating tru and i; one city named by concatenating cit and i; and two locations named by concatenating pos and i and apt and i, with the latter also being an airport.",deterministic_rule,true,covered,The bounded inventory rule expands uniquely to this unary type atom.
init,(LOCATION APT2),"Initially, for each integer i from 1 through 13, there are exactly three packages whose names are formed by concatenating obj, i, and each of 1, 2, and 3; one truck named by concatenating tru and i; one city named by concatenating cit and i; and two locations named by concatenating pos and i and apt and i, with the latter also being an airport.",deterministic_rule,true,covered,The bounded inventory rule expands uniquely to this unary type atom.
init,(LOCATION POS3),"Initially, for each integer i from 1 through 13, there are exactly three packages whose names are formed by concatenating obj, i, and each of 1, 2, and 3; one truck named by concatenating tru and i; one city named by concatenating cit and i; and two locations named by concatenating pos and i and apt and i, with the latter also being an airport.",deterministic_rule,true,covered,The bounded inventory rule expands uniquely to this unary type atom.
init,(LOCATION APT3),"Initially, for each integer i from 1 through 13, there are exactly three packages whose names are formed by concatenating obj, i, and each of 1, 2, and 3; one truck named by concatenating tru and i; one city named by concatenating cit and i; and two locations named by concatenating pos and i and apt and i, with the latter also being an airport.",deterministic_rule,true,covered,The bounded inventory rule expands uniquely to this unary type atom.
init,(LOCATION POS4),"Initially, for each integer i from 1 through 13, there are exactly three packages whose names are formed by concatenating obj, i, and each of 1, 2, and 3; one truck named by concatenating tru and i; one city named by concatenating cit and i; and two locations named by concatenating pos and i and apt and i, with the latter also being an airport.",deterministic_rule,true,covered,The bounded inventory rule expands uniquely to this unary type atom.
init,(LOCATION APT4),"Initially, for each integer i from 1 through 13, there are exactly three packages whose names are formed by concatenating obj, i, and each of 1, 2, and 3; one truck named by concatenating tru and i; one city named by concatenating cit and i; and two locations named by concatenating pos and i and apt and i, with the latter also being an airport.",deterministic_rule,true,covered,The bounded inventory rule expands uniquely to this unary type atom.
init,(LOCATION POS5),"Initially, for each integer i from 1 through 13, there are exactly three packages whose names are formed by concatenating obj, i, and each of 1, 2, and 3; one truck named by concatenating tru and i; one city named by concatenating cit and i; and two locations named by concatenating pos and i and apt and i, with the latter also being an airport.",deterministic_rule,true,covered,The bounded inventory rule expands uniquely to this unary type atom.
init,(LOCATION APT5),"Initially, for each integer i from 1 through 13, there are exactly three packages whose names are formed by concatenating obj, i, and each of 1, 2, and 3; one truck named by concatenating tru and i; one city named by concatenating cit and i; and two locations named by concatenating pos and i and apt and i, with the latter also being an airport.",deterministic_rule,true,covered,The bounded inventory rule expands uniquely to this unary type atom.
init,(LOCATION POS6),"Initially, for each integer i from 1 through 13, there are exactly three packages whose names are formed by concatenating obj, i, and each of 1, 2, and 3; one truck named by concatenating tru and i; one city named by concatenating cit and i; and two locations named by concatenating pos and i and apt and i, with the latter also being an airport.",deterministic_rule,true,covered,The bounded inventory rule expands uniquely to this unary type atom.
init,(LOCATION APT6),"Initially, for each integer i from 1 through 13, there are exactly three packages whose names are formed by concatenating obj, i, and each of 1, 2, and 3; one truck named by concatenating tru and i; one city named by concatenating cit and i; and two locations named by concatenating pos and i and apt and i, with the latter also being an airport.",deterministic_rule,true,covered,The bounded inventory rule expands uniquely to this unary type atom.
init,(LOCATION POS7),"Initially, for each integer i from 1 through 13, there are exactly three packages whose names are formed by concatenating obj, i, and each of 1, 2, and 3; one truck named by concatenating tru and i; one city named by concatenating cit and i; and two locations named by concatenating pos and i and apt and i, with the latter also being an airport.",deterministic_rule,true,covered,The bounded inventory rule expands uniquely to this unary type atom.
init,(LOCATION APT7),"Initially, for each integer i from 1 through 13, there are exactly three packages whose names are formed by concatenating obj, i, and each of 1, 2, and 3; one truck named by concatenating tru and i; one city named by concatenating cit and i; and two locations named by concatenating pos and i and apt and i, with the latter also being an airport.",deterministic_rule,true,covered,The bounded inventory rule expands uniquely to this unary type atom.
init,(LOCATION POS8),"Initially, for each integer i from 1 through 13, there are exactly three packages whose names are formed by concatenating obj, i, and each of 1, 2, and 3; one truck named by concatenating tru and i; one city named by concatenating cit and i; and two locations named by concatenating pos and i and apt and i, with the latter also being an airport.",deterministic_rule,true,covered,The bounded inventory rule expands uniquely to this unary type atom.
init,(LOCATION APT8),"Initially, for each integer i from 1 through 13, there are exactly three packages whose names are formed by concatenating obj, i, and each of 1, 2, and 3; one truck named by concatenating tru and i; one city named by concatenating cit and i; and two locations named by concatenating pos and i and apt and i, with the latter also being an airport.",deterministic_rule,true,covered,The bounded inventory rule expands uniquely to this unary type atom.
init,(LOCATION POS9),"Initially, for each integer i from 1 through 13, there are exactly three packages whose names are formed by concatenating obj, i, and each of 1, 2, and 3; one truck named by concatenating tru and i; one city named by concatenating cit and i; and two locations named by concatenating pos and i and apt and i, with the latter also being an airport.",deterministic_rule,true,covered,The bounded inventory rule expands uniquely to this unary type atom.
init,(LOCATION APT9),"Initially, for each integer i from 1 through 13, there are exactly three packages whose names are formed by concatenating obj, i, and each of 1, 2, and 3; one truck named by concatenating tru and i; one city named by concatenating cit and i; and two locations named by concatenating pos and i and apt and i, with the latter also being an airport.",deterministic_rule,true,covered,The bounded inventory rule expands uniquely to this unary type atom.
init,(LOCATION POS10),"Initially, for each integer i from 1 through 13, there are exactly three packages whose names are formed by concatenating obj, i, and each of 1, 2, and 3; one truck named by concatenating tru and i; one city named by concatenating cit and i; and two locations named by concatenating pos and i and apt and i, with the latter also being an airport.",deterministic_rule,true,covered,The bounded inventory rule expands uniquely to this unary type atom.
init,(LOCATION APT10),"Initially, for each integer i from 1 through 13, there are exactly three packages whose names are formed by concatenating obj, i, and each of 1, 2, and 3; one truck named by concatenating tru and i; one city named by concatenating cit and i; and two locations named by concatenating pos and i and apt and i, with the latter also being an airport.",deterministic_rule,true,covered,The bounded inventory rule expands uniquely to this unary type atom.
init,(LOCATION POS11),"Initially, for each integer i from 1 through 13, there are exactly three packages whose names are formed by concatenating obj, i, and each of 1, 2, and 3; one truck named by concatenating tru and i; one city named by concatenating cit and i; and two locations named by concatenating pos and i and apt and i, with the latter also being an airport.",deterministic_rule,true,covered,The bounded inventory rule expands uniquely to this unary type atom.
init,(LOCATION APT11),"Initially, for each integer i from 1 through 13, there are exactly three packages whose names are formed by concatenating obj, i, and each of 1, 2, and 3; one truck named by concatenating tru and i; one city named by concatenating cit and i; and two locations named by concatenating pos and i and apt and i, with the latter also being an airport.",deterministic_rule,true,covered,The bounded inventory rule expands uniquely to this unary type atom.
init,(LOCATION POS12),"Initially, for each integer i from 1 through 13, there are exactly three packages whose names are formed by concatenating obj, i, and each of 1, 2, and 3; one truck named by concatenating tru and i; one city named by concatenating cit and i; and two locations named by concatenating pos and i and apt and i, with the latter also being an airport.",deterministic_rule,true,covered,The bounded inventory rule expands uniquely to this unary type atom.
init,(LOCATION APT12),"Initially, for each integer i from 1 through 13, there are exactly three packages whose names are formed by concatenating obj, i, and each of 1, 2, and 3; one truck named by concatenating tru and i; one city named by concatenating cit and i; and two locations named by concatenating pos and i and apt and i, with the latter also being an airport.",deterministic_rule,true,covered,The bounded inventory rule expands uniquely to this unary type atom.
init,(LOCATION POS13),"Initially, for each integer i from 1 through 13, there are exactly three packages whose names are formed by concatenating obj, i, and each of 1, 2, and 3; one truck named by concatenating tru and i; one city named by concatenating cit and i; and two locations named by concatenating pos and i and apt and i, with the latter also being an airport.",deterministic_rule,true,covered,The bounded inventory rule expands uniquely to this unary type atom.
init,(LOCATION APT13),"Initially, for each integer i from 1 through 13, there are exactly three packages whose names are formed by concatenating obj, i, and each of 1, 2, and 3; one truck named by concatenating tru and i; one city named by concatenating cit and i; and two locations named by concatenating pos and i and apt and i, with the latter also being an airport.",deterministic_rule,true,covered,The bounded inventory rule expands uniquely to this unary type atom.
init,(AIRPORT APT1),"Initially, for each integer i from 1 through 13, there are exactly three packages whose names are formed by concatenating obj, i, and each of 1, 2, and 3; one truck named by concatenating tru and i; one city named by concatenating cit and i; and two locations named by concatenating pos and i and apt and i, with the latter also being an airport.",deterministic_rule,true,covered,The bounded inventory rule expands uniquely to this unary type atom.
init,(AIRPORT APT2),"Initially, for each integer i from 1 through 13, there are exactly three packages whose names are formed by concatenating obj, i, and each of 1, 2, and 3; one truck named by concatenating tru and i; one city named by concatenating cit and i; and two locations named by concatenating pos and i and apt and i, with the latter also being an airport.",deterministic_rule,true,covered,The bounded inventory rule expands uniquely to this unary type atom.
init,(AIRPORT APT3),"Initially, for each integer i from 1 through 13, there are exactly three packages whose names are formed by concatenating obj, i, and each of 1, 2, and 3; one truck named by concatenating tru and i; one city named by concatenating cit and i; and two locations named by concatenating pos and i and apt and i, with the latter also being an airport.",deterministic_rule,true,covered,The bounded inventory rule expands uniquely to this unary type atom.
init,(AIRPORT APT4),"Initially, for each integer i from 1 through 13, there are exactly three packages whose names are formed by concatenating obj, i, and each of 1, 2, and 3; one truck named by concatenating tru and i; one city named by concatenating cit and i; and two locations named by concatenating pos and i and apt and i, with the latter also being an airport.",deterministic_rule,true,covered,The bounded inventory rule expands uniquely to this unary type atom.
init,(AIRPORT APT5),"Initially, for each integer i from 1 through 13, there are exactly three packages whose names are formed by concatenating obj, i, and each of 1, 2, and 3; one truck named by concatenating tru and i; one city named by concatenating cit and i; and two locations named by concatenating pos and i and apt and i, with the latter also being an airport.",deterministic_rule,true,covered,The bounded inventory rule expands uniquely to this unary type atom.
init,(AIRPORT APT6),"Initially, for each integer i from 1 through 13, there are exactly three packages whose names are formed by concatenating obj, i, and each of 1, 2, and 3; one truck named by concatenating tru and i; one city named by concatenating cit and i; and two locations named by concatenating pos and i and apt and i, with the latter also being an airport.",deterministic_rule,true,covered,The bounded inventory rule expands uniquely to this unary type atom.
init,(AIRPORT APT7),"Initially, for each integer i from 1 through 13, there are exactly three packages whose names are formed by concatenating obj, i, and each of 1, 2, and 3; one truck named by concatenating tru and i; one city named by concatenating cit and i; and two locations named by concatenating pos and i and apt and i, with the latter also being an airport.",deterministic_rule,true,covered,The bounded inventory rule expands uniquely to this unary type atom.
init,(AIRPORT APT8),"Initially, for each integer i from 1 through 13, there are exactly three packages whose names are formed by concatenating obj, i, and each of 1, 2, and 3; one truck named by concatenating tru and i; one city named by concatenating cit and i; and two locations named by concatenating pos and i and apt and i, with the latter also being an airport.",deterministic_rule,true,covered,The bounded inventory rule expands uniquely to this unary type atom.
init,(AIRPORT APT9),"Initially, for each integer i from 1 through 13, there are exactly three packages whose names are formed by concatenating obj, i, and each of 1, 2, and 3; one truck named by concatenating tru and i; one city named by concatenating cit and i; and two locations named by concatenating pos and i and apt and i, with the latter also being an airport.",deterministic_rule,true,covered,The bounded inventory rule expands uniquely to this unary type atom.
init,(AIRPORT APT10),"Initially, for each integer i from 1 through 13, there are exactly three packages whose names are formed by concatenating obj, i, and each of 1, 2, and 3; one truck named by concatenating tru and i; one city named by concatenating cit and i; and two locations named by concatenating pos and i and apt and i, with the latter also being an airport.",deterministic_rule,true,covered,The bounded inventory rule expands uniquely to this unary type atom.
init,(AIRPORT APT11),"Initially, for each integer i from 1 through 13, there are exactly three packages whose names are formed by concatenating obj, i, and each of 1, 2, and 3; one truck named by concatenating tru and i; one city named by concatenating cit and i; and two locations named by concatenating pos and i and apt and i, with the latter also being an airport.",deterministic_rule,true,covered,The bounded inventory rule expands uniquely to this unary type atom.
init,(AIRPORT APT12),"Initially, for each integer i from 1 through 13, there are exactly three packages whose names are formed by concatenating obj, i, and each of 1, 2, and 3; one truck named by concatenating tru and i; one city named by concatenating cit and i; and two locations named by concatenating pos and i and apt and i, with the latter also being an airport.",deterministic_rule,true,covered,The bounded inventory rule expands uniquely to this unary type atom.
init,(AIRPORT APT13),"Initially, for each integer i from 1 through 13, there are exactly three packages whose names are formed by concatenating obj, i, and each of 1, 2, and 3; one truck named by concatenating tru and i; one city named by concatenating cit and i; and two locations named by concatenating pos and i and apt and i, with the latter also being an airport.",deterministic_rule,true,covered,The bounded inventory rule expands uniquely to this unary type atom.
init,(AIRPLANE APN1),"Additionally, there are four airplanes, apn1 through apn4, which are stationed at specific airports for initial setup.",deterministic_rule,true,covered,The finite range uniquely yields this airplane type atom.
init,(AIRPLANE APN2),"Additionally, there are four airplanes, apn1 through apn4, which are stationed at specific airports for initial setup.",deterministic_rule,true,covered,The finite range uniquely yields this airplane type atom.
init,(AIRPLANE APN3),"Additionally, there are four airplanes, apn1 through apn4, which are stationed at specific airports for initial setup.",deterministic_rule,true,covered,The finite range uniquely yields this airplane type atom.
init,(AIRPLANE APN4),"Additionally, there are four airplanes, apn1 through apn4, which are stationed at specific airports for initial setup.",deterministic_rule,true,covered,The finite range uniquely yields this airplane type atom.
init,(AT APN1 APT12),"Specifically, apn1 is positioned at apt12, apn2 at apt7, apn3 at apt1, and apn4 at apt2.",direct,true,covered,The sentence directly states this airplane's initial airport.
init,(AT APN2 APT7),"Specifically, apn1 is positioned at apt12, apn2 at apt7, apn3 at apt1, and apn4 at apt2.",direct,true,covered,The sentence directly states this airplane's initial airport.
init,(AT APN3 APT1),"Specifically, apn1 is positioned at apt12, apn2 at apt7, apn3 at apt1, and apn4 at apt2.",direct,true,covered,The sentence directly states this airplane's initial airport.
init,(AT APN4 APT2),"Specifically, apn1 is positioned at apt12, apn2 at apt7, apn3 at apt1, and apn4 at apt2.",direct,true,covered,The sentence directly states this airplane's initial airport.
init,(AT TRU1 POS1),"For each integer i from 1 through 13, the truck named by concatenating tru and i and the three packages named by concatenating obj, i, and each of 1, 2, and 3 are all initially located at the position named by concatenating pos and the same i.",deterministic_rule,true,covered,The bounded shared-index rule expands uniquely to this initial at atom.
init,(AT OBJ11 POS1),"For each integer i from 1 through 13, the truck named by concatenating tru and i and the three packages named by concatenating obj, i, and each of 1, 2, and 3 are all initially located at the position named by concatenating pos and the same i.",deterministic_rule,true,covered,The bounded shared-index rule expands uniquely to this initial at atom.
init,(AT OBJ12 POS1),"For each integer i from 1 through 13, the truck named by concatenating tru and i and the three packages named by concatenating obj, i, and each of 1, 2, and 3 are all initially located at the position named by concatenating pos and the same i.",deterministic_rule,true,covered,The bounded shared-index rule expands uniquely to this initial at atom.
init,(AT OBJ13 POS1),"For each integer i from 1 through 13, the truck named by concatenating tru and i and the three packages named by concatenating obj, i, and each of 1, 2, and 3 are all initially located at the position named by concatenating pos and the same i.",deterministic_rule,true,covered,The bounded shared-index rule expands uniquely to this initial at atom.
init,(AT TRU2 POS2),"For each integer i from 1 through 13, the truck named by concatenating tru and i and the three packages named by concatenating obj, i, and each of 1, 2, and 3 are all initially located at the position named by concatenating pos and the same i.",deterministic_rule,true,covered,The bounded shared-index rule expands uniquely to this initial at atom.
init,(AT OBJ21 POS2),"For each integer i from 1 through 13, the truck named by concatenating tru and i and the three packages named by concatenating obj, i, and each of 1, 2, and 3 are all initially located at the position named by concatenating pos and the same i.",deterministic_rule,true,covered,The bounded shared-index rule expands uniquely to this initial at atom.
init,(AT OBJ22 POS2),"For each integer i from 1 through 13, the truck named by concatenating tru and i and the three packages named by concatenating obj, i, and each of 1, 2, and 3 are all initially located at the position named by concatenating pos and the same i.",deterministic_rule,true,covered,The bounded shared-index rule expands uniquely to this initial at atom.
init,(AT OBJ23 POS2),"For each integer i from 1 through 13, the truck named by concatenating tru and i and the three packages named by concatenating obj, i, and each of 1, 2, and 3 are all initially located at the position named by concatenating pos and the same i.",deterministic_rule,true,covered,The bounded shared-index rule expands uniquely to this initial at atom.
init,(AT TRU3 POS3),"For each integer i from 1 through 13, the truck named by concatenating tru and i and the three packages named by concatenating obj, i, and each of 1, 2, and 3 are all initially located at the position named by concatenating pos and the same i.",deterministic_rule,true,covered,The bounded shared-index rule expands uniquely to this initial at atom.
init,(AT OBJ31 POS3),"For each integer i from 1 through 13, the truck named by concatenating tru and i and the three packages named by concatenating obj, i, and each of 1, 2, and 3 are all initially located at the position named by concatenating pos and the same i.",deterministic_rule,true,covered,The bounded shared-index rule expands uniquely to this initial at atom.
init,(AT OBJ32 POS3),"For each integer i from 1 through 13, the truck named by concatenating tru and i and the three packages named by concatenating obj, i, and each of 1, 2, and 3 are all initially located at the position named by concatenating pos and the same i.",deterministic_rule,true,covered,The bounded shared-index rule expands uniquely to this initial at atom.
init,(AT OBJ33 POS3),"For each integer i from 1 through 13, the truck named by concatenating tru and i and the three packages named by concatenating obj, i, and each of 1, 2, and 3 are all initially located at the position named by concatenating pos and the same i.",deterministic_rule,true,covered,The bounded shared-index rule expands uniquely to this initial at atom.
init,(AT TRU4 POS4),"For each integer i from 1 through 13, the truck named by concatenating tru and i and the three packages named by concatenating obj, i, and each of 1, 2, and 3 are all initially located at the position named by concatenating pos and the same i.",deterministic_rule,true,covered,The bounded shared-index rule expands uniquely to this initial at atom.
init,(AT OBJ41 POS4),"For each integer i from 1 through 13, the truck named by concatenating tru and i and the three packages named by concatenating obj, i, and each of 1, 2, and 3 are all initially located at the position named by concatenating pos and the same i.",deterministic_rule,true,covered,The bounded shared-index rule expands uniquely to this initial at atom.
init,(AT OBJ42 POS4),"For each integer i from 1 through 13, the truck named by concatenating tru and i and the three packages named by concatenating obj, i, and each of 1, 2, and 3 are all initially located at the position named by concatenating pos and the same i.",deterministic_rule,true,covered,The bounded shared-index rule expands uniquely to this initial at atom.
init,(AT OBJ43 POS4),"For each integer i from 1 through 13, the truck named by concatenating tru and i and the three packages named by concatenating obj, i, and each of 1, 2, and 3 are all initially located at the position named by concatenating pos and the same i.",deterministic_rule,true,covered,The bounded shared-index rule expands uniquely to this initial at atom.
init,(AT TRU5 POS5),"For each integer i from 1 through 13, the truck named by concatenating tru and i and the three packages named by concatenating obj, i, and each of 1, 2, and 3 are all initially located at the position named by concatenating pos and the same i.",deterministic_rule,true,covered,The bounded shared-index rule expands uniquely to this initial at atom.
init,(AT OBJ51 POS5),"For each integer i from 1 through 13, the truck named by concatenating tru and i and the three packages named by concatenating obj, i, and each of 1, 2, and 3 are all initially located at the position named by concatenating pos and the same i.",deterministic_rule,true,covered,The bounded shared-index rule expands uniquely to this initial at atom.
init,(AT OBJ52 POS5),"For each integer i from 1 through 13, the truck named by concatenating tru and i and the three packages named by concatenating obj, i, and each of 1, 2, and 3 are all initially located at the position named by concatenating pos and the same i.",deterministic_rule,true,covered,The bounded shared-index rule expands uniquely to this initial at atom.
init,(AT OBJ53 POS5),"For each integer i from 1 through 13, the truck named by concatenating tru and i and the three packages named by concatenating obj, i, and each of 1, 2, and 3 are all initially located at the position named by concatenating pos and the same i.",deterministic_rule,true,covered,The bounded shared-index rule expands uniquely to this initial at atom.
init,(AT TRU6 POS6),"For each integer i from 1 through 13, the truck named by concatenating tru and i and the three packages named by concatenating obj, i, and each of 1, 2, and 3 are all initially located at the position named by concatenating pos and the same i.",deterministic_rule,true,covered,The bounded shared-index rule expands uniquely to this initial at atom.
init,(AT OBJ61 POS6),"For each integer i from 1 through 13, the truck named by concatenating tru and i and the three packages named by concatenating obj, i, and each of 1, 2, and 3 are all initially located at the position named by concatenating pos and the same i.",deterministic_rule,true,covered,The bounded shared-index rule expands uniquely to this initial at atom.
init,(AT OBJ62 POS6),"For each integer i from 1 through 13, the truck named by concatenating tru and i and the three packages named by concatenating obj, i, and each of 1, 2, and 3 are all initially located at the position named by concatenating pos and the same i.",deterministic_rule,true,covered,The bounded shared-index rule expands uniquely to this initial at atom.
init,(AT OBJ63 POS6),"For each integer i from 1 through 13, the truck named by concatenating tru and i and the three packages named by concatenating obj, i, and each of 1, 2, and 3 are all initially located at the position named by concatenating pos and the same i.",deterministic_rule,true,covered,The bounded shared-index rule expands uniquely to this initial at atom.
init,(AT TRU7 POS7),"For each integer i from 1 through 13, the truck named by concatenating tru and i and the three packages named by concatenating obj, i, and each of 1, 2, and 3 are all initially located at the position named by concatenating pos and the same i.",deterministic_rule,true,covered,The bounded shared-index rule expands uniquely to this initial at atom.
init,(AT OBJ71 POS7),"For each integer i from 1 through 13, the truck named by concatenating tru and i and the three packages named by concatenating obj, i, and each of 1, 2, and 3 are all initially located at the position named by concatenating pos and the same i.",deterministic_rule,true,covered,The bounded shared-index rule expands uniquely to this initial at atom.
init,(AT OBJ72 POS7),"For each integer i from 1 through 13, the truck named by concatenating tru and i and the three packages named by concatenating obj, i, and each of 1, 2, and 3 are all initially located at the position named by concatenating pos and the same i.",deterministic_rule,true,covered,The bounded shared-index rule expands uniquely to this initial at atom.
init,(AT OBJ73 POS7),"For each integer i from 1 through 13, the truck named by concatenating tru and i and the three packages named by concatenating obj, i, and each of 1, 2, and 3 are all initially located at the position named by concatenating pos and the same i.",deterministic_rule,true,covered,The bounded shared-index rule expands uniquely to this initial at atom.
init,(AT TRU8 POS8),"For each integer i from 1 through 13, the truck named by concatenating tru and i and the three packages named by concatenating obj, i, and each of 1, 2, and 3 are all initially located at the position named by concatenating pos and the same i.",deterministic_rule,true,covered,The bounded shared-index rule expands uniquely to this initial at atom.
init,(AT OBJ81 POS8),"For each integer i from 1 through 13, the truck named by concatenating tru and i and the three packages named by concatenating obj, i, and each of 1, 2, and 3 are all initially located at the position named by concatenating pos and the same i.",deterministic_rule,true,covered,The bounded shared-index rule expands uniquely to this initial at atom.
init,(AT OBJ82 POS8),"For each integer i from 1 through 13, the truck named by concatenating tru and i and the three packages named by concatenating obj, i, and each of 1, 2, and 3 are all initially located at the position named by concatenating pos and the same i.",deterministic_rule,true,covered,The bounded shared-index rule expands uniquely to this initial at atom.
init,(AT OBJ83 POS8),"For each integer i from 1 through 13, the truck named by concatenating tru and i and the three packages named by concatenating obj, i, and each of 1, 2, and 3 are all initially located at the position named by concatenating pos and the same i.",deterministic_rule,true,covered,The bounded shared-index rule expands uniquely to this initial at atom.
init,(AT TRU9 POS9),"For each integer i from 1 through 13, the truck named by concatenating tru and i and the three packages named by concatenating obj, i, and each of 1, 2, and 3 are all initially located at the position named by concatenating pos and the same i.",deterministic_rule,true,covered,The bounded shared-index rule expands uniquely to this initial at atom.
init,(AT OBJ91 POS9),"For each integer i from 1 through 13, the truck named by concatenating tru and i and the three packages named by concatenating obj, i, and each of 1, 2, and 3 are all initially located at the position named by concatenating pos and the same i.",deterministic_rule,true,covered,The bounded shared-index rule expands uniquely to this initial at atom.
init,(AT OBJ92 POS9),"For each integer i from 1 through 13, the truck named by concatenating tru and i and the three packages named by concatenating obj, i, and each of 1, 2, and 3 are all initially located at the position named by concatenating pos and the same i.",deterministic_rule,true,covered,The bounded shared-index rule expands uniquely to this initial at atom.
init,(AT OBJ93 POS9),"For each integer i from 1 through 13, the truck named by concatenating tru and i and the three packages named by concatenating obj, i, and each of 1, 2, and 3 are all initially located at the position named by concatenating pos and the same i.",deterministic_rule,true,covered,The bounded shared-index rule expands uniquely to this initial at atom.
init,(AT TRU10 POS10),"For each integer i from 1 through 13, the truck named by concatenating tru and i and the three packages named by concatenating obj, i, and each of 1, 2, and 3 are all initially located at the position named by concatenating pos and the same i.",deterministic_rule,true,covered,The bounded shared-index rule expands uniquely to this initial at atom.
init,(AT OBJ101 POS10),"For each integer i from 1 through 13, the truck named by concatenating tru and i and the three packages named by concatenating obj, i, and each of 1, 2, and 3 are all initially located at the position named by concatenating pos and the same i.",deterministic_rule,true,covered,The bounded shared-index rule expands uniquely to this initial at atom.
init,(AT OBJ102 POS10),"For each integer i from 1 through 13, the truck named by concatenating tru and i and the three packages named by concatenating obj, i, and each of 1, 2, and 3 are all initially located at the position named by concatenating pos and the same i.",deterministic_rule,true,covered,The bounded shared-index rule expands uniquely to this initial at atom.
init,(AT OBJ103 POS10),"For each integer i from 1 through 13, the truck named by concatenating tru and i and the three packages named by concatenating obj, i, and each of 1, 2, and 3 are all initially located at the position named by concatenating pos and the same i.",deterministic_rule,true,covered,The bounded shared-index rule expands uniquely to this initial at atom.
init,(AT TRU11 POS11),"For each integer i from 1 through 13, the truck named by concatenating tru and i and the three packages named by concatenating obj, i, and each of 1, 2, and 3 are all initially located at the position named by concatenating pos and the same i.",deterministic_rule,true,covered,The bounded shared-index rule expands uniquely to this initial at atom.
init,(AT OBJ111 POS11),"For each integer i from 1 through 13, the truck named by concatenating tru and i and the three packages named by concatenating obj, i, and each of 1, 2, and 3 are all initially located at the position named by concatenating pos and the same i.",deterministic_rule,true,covered,The bounded shared-index rule expands uniquely to this initial at atom.
init,(AT OBJ112 POS11),"For each integer i from 1 through 13, the truck named by concatenating tru and i and the three packages named by concatenating obj, i, and each of 1, 2, and 3 are all initially located at the position named by concatenating pos and the same i.",deterministic_rule,true,covered,The bounded shared-index rule expands uniquely to this initial at atom.
init,(AT OBJ113 POS11),"For each integer i from 1 through 13, the truck named by concatenating tru and i and the three packages named by concatenating obj, i, and each of 1, 2, and 3 are all initially located at the position named by concatenating pos and the same i.",deterministic_rule,true,covered,The bounded shared-index rule expands uniquely to this initial at atom.
init,(AT TRU12 POS12),"For each integer i from 1 through 13, the truck named by concatenating tru and i and the three packages named by concatenating obj, i, and each of 1, 2, and 3 are all initially located at the position named by concatenating pos and the same i.",deterministic_rule,true,covered,The bounded shared-index rule expands uniquely to this initial at atom.
init,(AT OBJ121 POS12),"For each integer i from 1 through 13, the truck named by concatenating tru and i and the three packages named by concatenating obj, i, and each of 1, 2, and 3 are all initially located at the position named by concatenating pos and the same i.",deterministic_rule,true,covered,The bounded shared-index rule expands uniquely to this initial at atom.
init,(AT OBJ122 POS12),"For each integer i from 1 through 13, the truck named by concatenating tru and i and the three packages named by concatenating obj, i, and each of 1, 2, and 3 are all initially located at the position named by concatenating pos and the same i.",deterministic_rule,true,covered,The bounded shared-index rule expands uniquely to this initial at atom.
init,(AT OBJ123 POS12),"For each integer i from 1 through 13, the truck named by concatenating tru and i and the three packages named by concatenating obj, i, and each of 1, 2, and 3 are all initially located at the position named by concatenating pos and the same i.",deterministic_rule,true,covered,The bounded shared-index rule expands uniquely to this initial at atom.
init,(AT TRU13 POS13),"For each integer i from 1 through 13, the truck named by concatenating tru and i and the three packages named by concatenating obj, i, and each of 1, 2, and 3 are all initially located at the position named by concatenating pos and the same i.",deterministic_rule,true,covered,The bounded shared-index rule expands uniquely to this initial at atom.
init,(AT OBJ131 POS13),"For each integer i from 1 through 13, the truck named by concatenating tru and i and the three packages named by concatenating obj, i, and each of 1, 2, and 3 are all initially located at the position named by concatenating pos and the same i.",deterministic_rule,true,covered,The bounded shared-index rule expands uniquely to this initial at atom.
init,(AT OBJ132 POS13),"For each integer i from 1 through 13, the truck named by concatenating tru and i and the three packages named by concatenating obj, i, and each of 1, 2, and 3 are all initially located at the position named by concatenating pos and the same i.",deterministic_rule,true,covered,The bounded shared-index rule expands uniquely to this initial at atom.
init,(AT OBJ133 POS13),"For each integer i from 1 through 13, the truck named by concatenating tru and i and the three packages named by concatenating obj, i, and each of 1, 2, and 3 are all initially located at the position named by concatenating pos and the same i.",deterministic_rule,true,covered,The bounded shared-index rule expands uniquely to this initial at atom.
init,(IN-CITY POS1 CIT1),"For each integer i from 1 through 13, the position named by concatenating pos and i and the airport named by concatenating apt and the same i are both within the city named by concatenating cit and i.",deterministic_rule,true,covered,The bounded shared-index rule expands uniquely to this in-city atom.
init,(IN-CITY APT1 CIT1),"For each integer i from 1 through 13, the position named by concatenating pos and i and the airport named by concatenating apt and the same i are both within the city named by concatenating cit and i.",deterministic_rule,true,covered,The bounded shared-index rule expands uniquely to this in-city atom.
init,(IN-CITY POS2 CIT2),"For each integer i from 1 through 13, the position named by concatenating pos and i and the airport named by concatenating apt and the same i are both within the city named by concatenating cit and i.",deterministic_rule,true,covered,The bounded shared-index rule expands uniquely to this in-city atom.
init,(IN-CITY APT2 CIT2),"For each integer i from 1 through 13, the position named by concatenating pos and i and the airport named by concatenating apt and the same i are both within the city named by concatenating cit and i.",deterministic_rule,true,covered,The bounded shared-index rule expands uniquely to this in-city atom.
init,(IN-CITY POS3 CIT3),"For each integer i from 1 through 13, the position named by concatenating pos and i and the airport named by concatenating apt and the same i are both within the city named by concatenating cit and i.",deterministic_rule,true,covered,The bounded shared-index rule expands uniquely to this in-city atom.
init,(IN-CITY APT3 CIT3),"For each integer i from 1 through 13, the position named by concatenating pos and i and the airport named by concatenating apt and the same i are both within the city named by concatenating cit and i.",deterministic_rule,true,covered,The bounded shared-index rule expands uniquely to this in-city atom.
init,(IN-CITY POS4 CIT4),"For each integer i from 1 through 13, the position named by concatenating pos and i and the airport named by concatenating apt and the same i are both within the city named by concatenating cit and i.",deterministic_rule,true,covered,The bounded shared-index rule expands uniquely to this in-city atom.
init,(IN-CITY APT4 CIT4),"For each integer i from 1 through 13, the position named by concatenating pos and i and the airport named by concatenating apt and the same i are both within the city named by concatenating cit and i.",deterministic_rule,true,covered,The bounded shared-index rule expands uniquely to this in-city atom.
init,(IN-CITY POS5 CIT5),"For each integer i from 1 through 13, the position named by concatenating pos and i and the airport named by concatenating apt and the same i are both within the city named by concatenating cit and i.",deterministic_rule,true,covered,The bounded shared-index rule expands uniquely to this in-city atom.
init,(IN-CITY APT5 CIT5),"For each integer i from 1 through 13, the position named by concatenating pos and i and the airport named by concatenating apt and the same i are both within the city named by concatenating cit and i.",deterministic_rule,true,covered,The bounded shared-index rule expands uniquely to this in-city atom.
init,(IN-CITY POS6 CIT6),"For each integer i from 1 through 13, the position named by concatenating pos and i and the airport named by concatenating apt and the same i are both within the city named by concatenating cit and i.",deterministic_rule,true,covered,The bounded shared-index rule expands uniquely to this in-city atom.
init,(IN-CITY APT6 CIT6),"For each integer i from 1 through 13, the position named by concatenating pos and i and the airport named by concatenating apt and the same i are both within the city named by concatenating cit and i.",deterministic_rule,true,covered,The bounded shared-index rule expands uniquely to this in-city atom.
init,(IN-CITY POS7 CIT7),"For each integer i from 1 through 13, the position named by concatenating pos and i and the airport named by concatenating apt and the same i are both within the city named by concatenating cit and i.",deterministic_rule,true,covered,The bounded shared-index rule expands uniquely to this in-city atom.
init,(IN-CITY APT7 CIT7),"For each integer i from 1 through 13, the position named by concatenating pos and i and the airport named by concatenating apt and the same i are both within the city named by concatenating cit and i.",deterministic_rule,true,covered,The bounded shared-index rule expands uniquely to this in-city atom.
init,(IN-CITY POS8 CIT8),"For each integer i from 1 through 13, the position named by concatenating pos and i and the airport named by concatenating apt and the same i are both within the city named by concatenating cit and i.",deterministic_rule,true,covered,The bounded shared-index rule expands uniquely to this in-city atom.
init,(IN-CITY APT8 CIT8),"For each integer i from 1 through 13, the position named by concatenating pos and i and the airport named by concatenating apt and the same i are both within the city named by concatenating cit and i.",deterministic_rule,true,covered,The bounded shared-index rule expands uniquely to this in-city atom.
init,(IN-CITY POS9 CIT9),"For each integer i from 1 through 13, the position named by concatenating pos and i and the airport named by concatenating apt and the same i are both within the city named by concatenating cit and i.",deterministic_rule,true,covered,The bounded shared-index rule expands uniquely to this in-city atom.
init,(IN-CITY APT9 CIT9),"For each integer i from 1 through 13, the position named by concatenating pos and i and the airport named by concatenating apt and the same i are both within the city named by concatenating cit and i.",deterministic_rule,true,covered,The bounded shared-index rule expands uniquely to this in-city atom.
init,(IN-CITY POS10 CIT10),"For each integer i from 1 through 13, the position named by concatenating pos and i and the airport named by concatenating apt and the same i are both within the city named by concatenating cit and i.",deterministic_rule,true,covered,The bounded shared-index rule expands uniquely to this in-city atom.
init,(IN-CITY APT10 CIT10),"For each integer i from 1 through 13, the position named by concatenating pos and i and the airport named by concatenating apt and the same i are both within the city named by concatenating cit and i.",deterministic_rule,true,covered,The bounded shared-index rule expands uniquely to this in-city atom.
init,(IN-CITY POS11 CIT11),"For each integer i from 1 through 13, the position named by concatenating pos and i and the airport named by concatenating apt and the same i are both within the city named by concatenating cit and i.",deterministic_rule,true,covered,The bounded shared-index rule expands uniquely to this in-city atom.
init,(IN-CITY APT11 CIT11),"For each integer i from 1 through 13, the position named by concatenating pos and i and the airport named by concatenating apt and the same i are both within the city named by concatenating cit and i.",deterministic_rule,true,covered,The bounded shared-index rule expands uniquely to this in-city atom.
init,(IN-CITY POS12 CIT12),"For each integer i from 1 through 13, the position named by concatenating pos and i and the airport named by concatenating apt and the same i are both within the city named by concatenating cit and i.",deterministic_rule,true,covered,The bounded shared-index rule expands uniquely to this in-city atom.
init,(IN-CITY APT12 CIT12),"For each integer i from 1 through 13, the position named by concatenating pos and i and the airport named by concatenating apt and the same i are both within the city named by concatenating cit and i.",deterministic_rule,true,covered,The bounded shared-index rule expands uniquely to this in-city atom.
init,(IN-CITY POS13 CIT13),"For each integer i from 1 through 13, the position named by concatenating pos and i and the airport named by concatenating apt and the same i are both within the city named by concatenating cit and i.",deterministic_rule,true,covered,The bounded shared-index rule expands uniquely to this in-city atom.
init,(IN-CITY APT13 CIT13),"For each integer i from 1 through 13, the position named by concatenating pos and i and the airport named by concatenating apt and the same i are both within the city named by concatenating cit and i.",deterministic_rule,true,covered,The bounded shared-index rule expands uniquely to this in-city atom.
goal,(AT OBJ123 APT6),"Notably, obj123 should arrive at apt6, obj23 needs to be moved to pos6, and obj121 should find its destination at pos2.",direct,true,covered,The sentence directly states this conjunctive goal atom.
goal,(AT OBJ23 POS6),"Notably, obj123 should arrive at apt6, obj23 needs to be moved to pos6, and obj121 should find its destination at pos2.",direct,true,covered,The sentence directly states this conjunctive goal atom.
goal,(AT OBJ121 POS2),"Notably, obj123 should arrive at apt6, obj23 needs to be moved to pos6, and obj121 should find its destination at pos2.",direct,true,covered,The sentence directly states this conjunctive goal atom.
goal,(AT OBJ101 APT8),"Similarly, obj101 is to be transported to apt8, obj113 to pos6, and obj21 to apt8.",direct,true,covered,The sentence directly states this conjunctive goal atom.
goal,(AT OBJ113 POS6),"Similarly, obj101 is to be transported to apt8, obj113 to pos6, and obj21 to apt8.",direct,true,covered,The sentence directly states this conjunctive goal atom.
goal,(AT OBJ21 APT8),"Similarly, obj101 is to be transported to apt8, obj113 to pos6, and obj21 to apt8.",direct,true,covered,The sentence directly states this conjunctive goal atom.
goal,(AT OBJ132 APT5),"Additionally, obj132 is destined for apt5, while obj13 should remain at pos1, and obj62 must be relocated to pos12.",direct,true,covered,The sentence directly states this conjunctive goal atom.
goal,(AT OBJ13 POS1),"Additionally, obj132 is destined for apt5, while obj13 should remain at pos1, and obj62 must be relocated to pos12.",direct,true,covered,The sentence directly states this conjunctive goal atom.
goal,(AT OBJ62 POS12),"Additionally, obj132 is destined for apt5, while obj13 should remain at pos1, and obj62 must be relocated to pos12.",direct,true,covered,The sentence directly states this conjunctive goal atom.
goal,(AT OBJ63 APT6),"Moreover, obj63 will be at apt6, while obj133 stays at pos1, and obj33 is to be transferred to apt7.",direct,true,covered,The sentence directly states this conjunctive goal atom.
goal,(AT OBJ133 POS1),"Moreover, obj63 will be at apt6, while obj133 stays at pos1, and obj33 is to be transferred to apt7.",direct,true,covered,The sentence directly states this conjunctive goal atom.
goal,(AT OBJ33 APT7),"Moreover, obj63 will be at apt6, while obj133 stays at pos1, and obj33 is to be transferred to apt7.",direct,true,covered,The sentence directly states this conjunctive goal atom.
goal,(AT OBJ22 APT4),"Further movements include obj22 reaching apt4, obj92 going to pos6, and obj111 required at pos2.",direct,true,covered,The sentence directly states this conjunctive goal atom.
goal,(AT OBJ92 POS6),"Further movements include obj22 reaching apt4, obj92 going to pos6, and obj111 required at pos2.",direct,true,covered,The sentence directly states this conjunctive goal atom.
goal,(AT OBJ111 POS2),"Further movements include obj22 reaching apt4, obj92 going to pos6, and obj111 required at pos2.",direct,true,covered,The sentence directly states this conjunctive goal atom.
goal,(AT OBJ42 POS9),"obj42 should be moved to pos9, obj52 needs repositioning at pos11, while obj53 is headed to apt9.",direct,true,covered,The sentence directly states this conjunctive goal atom.
goal,(AT OBJ52 POS11),"obj42 should be moved to pos9, obj52 needs repositioning at pos11, while obj53 is headed to apt9.",direct,true,covered,The sentence directly states this conjunctive goal atom.
goal,(AT OBJ53 APT9),"obj42 should be moved to pos9, obj52 needs repositioning at pos11, while obj53 is headed to apt9.",direct,true,covered,The sentence directly states this conjunctive goal atom.
goal,(AT OBJ122 APT11),"The placement of obj122 is targeted at apt11, and obj82 should be at pos8.",direct,true,covered,The sentence directly states this conjunctive goal atom.
goal,(AT OBJ82 POS8),"The placement of obj122 is targeted at apt11, and obj82 should be at pos8.",direct,true,covered,The sentence directly states this conjunctive goal atom.
goal,(AT OBJ81 APT6),"Meanwhile, obj81 will be transferred to apt6, obj93 must end up at pos13, and obj73 is assigned to pos8.",direct,true,covered,The sentence directly states this conjunctive goal atom.
goal,(AT OBJ93 POS13),"Meanwhile, obj81 will be transferred to apt6, obj93 must end up at pos13, and obj73 is assigned to pos8.",direct,true,covered,The sentence directly states this conjunctive goal atom.
goal,(AT OBJ73 POS8),"Meanwhile, obj81 will be transferred to apt6, obj93 must end up at pos13, and obj73 is assigned to pos8.",direct,true,covered,The sentence directly states this conjunctive goal atom.
goal,(AT OBJ83 POS4),"Moreover, obj83 is designated for pos4, obj72 to apt11, and obj31 to apt7.",direct,true,covered,The sentence directly states this conjunctive goal atom.
goal,(AT OBJ72 APT11),"Moreover, obj83 is designated for pos4, obj72 to apt11, and obj31 to apt7.",direct,true,covered,The sentence directly states this conjunctive goal atom.
goal,(AT OBJ31 APT7),"Moreover, obj83 is designated for pos4, obj72 to apt11, and obj31 to apt7.",direct,true,covered,The sentence directly states this conjunctive goal atom.
goal,(AT OBJ91 POS9),"Necessary relocations continue with obj91 at pos9, obj61 at apt7, and obj43 to pos6.",direct,true,covered,The sentence directly states this conjunctive goal atom.
goal,(AT OBJ61 APT7),"Necessary relocations continue with obj91 at pos9, obj61 at apt7, and obj43 to pos6.",direct,true,covered,The sentence directly states this conjunctive goal atom.
goal,(AT OBJ43 POS6),"Necessary relocations continue with obj91 at pos9, obj61 at apt7, and obj43 to pos6.",direct,true,covered,The sentence directly states this conjunctive goal atom.
goal,(AT OBJ51 APT10),"Furthermore, obj51 will be situated at apt10, obj41 at apt4, and obj103 at apt12.",direct,true,covered,The sentence directly states this conjunctive goal atom.
goal,(AT OBJ41 APT4),"Furthermore, obj51 will be situated at apt10, obj41 at apt4, and obj103 at apt12.",direct,true,covered,The sentence directly states this conjunctive goal atom.
goal,(AT OBJ103 APT12),"Furthermore, obj51 will be situated at apt10, obj41 at apt4, and obj103 at apt12.",direct,true,covered,The sentence directly states this conjunctive goal atom.
goal,(AT OBJ32 POS5),"On the other, obj32 needs to reach pos5, obj112 is set for pos2, and obj131 moves to pos11.",direct,true,covered,The sentence directly states this conjunctive goal atom.
goal,(AT OBJ112 POS2),"On the other, obj32 needs to reach pos5, obj112 is set for pos2, and obj131 moves to pos11.",direct,true,covered,The sentence directly states this conjunctive goal atom.
goal,(AT OBJ131 POS11),"On the other, obj32 needs to reach pos5, obj112 is set for pos2, and obj131 moves to pos11.",direct,true,covered,The sentence directly states this conjunctive goal atom.
goal,(AT OBJ12 APT1),"The placement of obj122 is targeted at apt11, and obj82 should be at pos8.",direct,true,covered,The sentence directly states this conjunctive goal atom.
goal,(AT OBJ11 POS4),"Finally, we expect obj12 to reach apt1, obj11 to stay at pos4, and obj71 to be placed at pos10.",direct,true,covered,The sentence directly states this conjunctive goal atom.
goal,(AT OBJ71 POS10),"Finally, we expect obj12 to reach apt1, obj11 to stay at pos4, and obj71 to be placed at pos10.",direct,true,covered,The sentence directly states this conjunctive goal atom.

