section,pddl_item,evidence,evidence_kind,unique,status,notes
objects,package9,"In the Logistics game, we start with the following initial conditions: We have nine packages labeled package1 through package9. There are 14 cities named city1 to city14, each with specific locations, numbered location1 and location2, as well as an airport, which is referred to as location3. Furthermore, there are 14 trucks labeled truck1 to truck14, and four airplanes labeled plane1 to plane4.",deterministic_rule,true,covered,The bounded named range or explicit vehicle count uniquely includes this object.
objects,package8,"In the Logistics game, we start with the following initial conditions: We have nine packages labeled package1 through package9. There are 14 cities named city1 to city14, each with specific locations, numbered location1 and location2, as well as an airport, which is referred to as location3. Furthermore, there are 14 trucks labeled truck1 to truck14, and four airplanes labeled plane1 to plane4.",deterministic_rule,true,covered,The bounded named range or explicit vehicle count uniquely includes this object.
objects,package7,"In the Logistics game, we start with the following initial conditions: We have nine packages labeled package1 through package9. There are 14 cities named city1 to city14, each with specific locations, numbered location1 and location2, as well as an airport, which is referred to as location3. Furthermore, there are 14 trucks labeled truck1 to truck14, and four airplanes labeled plane1 to plane4.",deterministic_rule,true,covered,The bounded named range or explicit vehicle count uniquely includes this object.
objects,package6,"In the Logistics game, we start with the following initial conditions: We have nine packages labeled package1 through package9. There are 14 cities named city1 to city14, each with specific locations, numbered location1 and location2, as well as an airport, which is referred to as location3. Furthermore, there are 14 trucks labeled truck1 to truck14, and four airplanes labeled plane1 to plane4.",deterministic_rule,true,covered,The bounded named range or explicit vehicle count uniquely includes this object.
objects,package5,"In the Logistics game, we start with the following initial conditions: We have nine packages labeled package1 through package9. There are 14 cities named city1 to city14, each with specific locations, numbered location1 and location2, as well as an airport, which is referred to as location3. Furthermore, there are 14 trucks labeled truck1 to truck14, and four airplanes labeled plane1 to plane4.",deterministic_rule,true,covered,The bounded named range or explicit vehicle count uniquely includes this object.
objects,package4,"In the Logistics game, we start with the following initial conditions: We have nine packages labeled package1 through package9. There are 14 cities named city1 to city14, each with specific locations, numbered location1 and location2, as well as an airport, which is referred to as location3. Furthermore, there are 14 trucks labeled truck1 to truck14, and four airplanes labeled plane1 to plane4.",deterministic_rule,true,covered,The bounded named range or explicit vehicle count uniquely includes this object.
objects,package3,"In the Logistics game, we start with the following initial conditions: We have nine packages labeled package1 through package9. There are 14 cities named city1 to city14, each with specific locations, numbered location1 and location2, as well as an airport, which is referred to as location3. Furthermore, there are 14 trucks labeled truck1 to truck14, and four airplanes labeled plane1 to plane4.",deterministic_rule,true,covered,The bounded named range or explicit vehicle count uniquely includes this object.
objects,package2,"In the Logistics game, we start with the following initial conditions: We have nine packages labeled package1 through package9. There are 14 cities named city1 to city14, each with specific locations, numbered location1 and location2, as well as an airport, which is referred to as location3. Furthermore, there are 14 trucks labeled truck1 to truck14, and four airplanes labeled plane1 to plane4.",deterministic_rule,true,covered,The bounded named range or explicit vehicle count uniquely includes this object.
objects,package1,"In the Logistics game, we start with the following initial conditions: We have nine packages labeled package1 through package9. There are 14 cities named city1 to city14, each with specific locations, numbered location1 and location2, as well as an airport, which is referred to as location3. Furthermore, there are 14 trucks labeled truck1 to truck14, and four airplanes labeled plane1 to plane4.",deterministic_rule,true,covered,The bounded named range or explicit vehicle count uniquely includes this object.
objects,city14,"In the Logistics game, we start with the following initial conditions: We have nine packages labeled package1 through package9. There are 14 cities named city1 to city14, each with specific locations, numbered location1 and location2, as well as an airport, which is referred to as location3. Furthermore, there are 14 trucks labeled truck1 to truck14, and four airplanes labeled plane1 to plane4.",deterministic_rule,true,covered,The bounded named range or explicit vehicle count uniquely includes this object.
objects,city13,"In the Logistics game, we start with the following initial conditions: We have nine packages labeled package1 through package9. There are 14 cities named city1 to city14, each with specific locations, numbered location1 and location2, as well as an airport, which is referred to as location3. Furthermore, there are 14 trucks labeled truck1 to truck14, and four airplanes labeled plane1 to plane4.",deterministic_rule,true,covered,The bounded named range or explicit vehicle count uniquely includes this object.
objects,city12,"In the Logistics game, we start with the following initial conditions: We have nine packages labeled package1 through package9. There are 14 cities named city1 to city14, each with specific locations, numbered location1 and location2, as well as an airport, which is referred to as location3. Furthermore, there are 14 trucks labeled truck1 to truck14, and four airplanes labeled plane1 to plane4.",deterministic_rule,true,covered,The bounded named range or explicit vehicle count uniquely includes this object.
objects,city11,"In the Logistics game, we start with the following initial conditions: We have nine packages labeled package1 through package9. There are 14 cities named city1 to city14, each with specific locations, numbered location1 and location2, as well as an airport, which is referred to as location3. Furthermore, there are 14 trucks labeled truck1 to truck14, and four airplanes labeled plane1 to plane4.",deterministic_rule,true,covered,The bounded named range or explicit vehicle count uniquely includes this object.
objects,city10,"In the Logistics game, we start with the following initial conditions: We have nine packages labeled package1 through package9. There are 14 cities named city1 to city14, each with specific locations, numbered location1 and location2, as well as an airport, which is referred to as location3. Furthermore, there are 14 trucks labeled truck1 to truck14, and four airplanes labeled plane1 to plane4.",deterministic_rule,true,covered,The bounded named range or explicit vehicle count uniquely includes this object.
objects,city9,"In the Logistics game, we start with the following initial conditions: We have nine packages labeled package1 through package9. There are 14 cities named city1 to city14, each with specific locations, numbered location1 and location2, as well as an airport, which is referred to as location3. Furthermore, there are 14 trucks labeled truck1 to truck14, and four airplanes labeled plane1 to plane4.",deterministic_rule,true,covered,The bounded named range or explicit vehicle count uniquely includes this object.
objects,city8,"In the Logistics game, we start with the following initial conditions: We have nine packages labeled package1 through package9. There are 14 cities named city1 to city14, each with specific locations, numbered location1 and location2, as well as an airport, which is referred to as location3. Furthermore, there are 14 trucks labeled truck1 to truck14, and four airplanes labeled plane1 to plane4.",deterministic_rule,true,covered,The bounded named range or explicit vehicle count uniquely includes this object.
objects,city7,"In the Logistics game, we start with the following initial conditions: We have nine packages labeled package1 through package9. There are 14 cities named city1 to city14, each with specific locations, numbered location1 and location2, as well as an airport, which is referred to as location3. Furthermore, there are 14 trucks labeled truck1 to truck14, and four airplanes labeled plane1 to plane4.",deterministic_rule,true,covered,The bounded named range or explicit vehicle count uniquely includes this object.
objects,city6,"In the Logistics game, we start with the following initial conditions: We have nine packages labeled package1 through package9. There are 14 cities named city1 to city14, each with specific locations, numbered location1 and location2, as well as an airport, which is referred to as location3. Furthermore, there are 14 trucks labeled truck1 to truck14, and four airplanes labeled plane1 to plane4.",deterministic_rule,true,covered,The bounded named range or explicit vehicle count uniquely includes this object.
objects,city5,"In the Logistics game, we start with the following initial conditions: We have nine packages labeled package1 through package9. There are 14 cities named city1 to city14, each with specific locations, numbered location1 and location2, as well as an airport, which is referred to as location3. Furthermore, there are 14 trucks labeled truck1 to truck14, and four airplanes labeled plane1 to plane4.",deterministic_rule,true,covered,The bounded named range or explicit vehicle count uniquely includes this object.
objects,city4,"In the Logistics game, we start with the following initial conditions: We have nine packages labeled package1 through package9. There are 14 cities named city1 to city14, each with specific locations, numbered location1 and location2, as well as an airport, which is referred to as location3. Furthermore, there are 14 trucks labeled truck1 to truck14, and four airplanes labeled plane1 to plane4.",deterministic_rule,true,covered,The bounded named range or explicit vehicle count uniquely includes this object.
objects,city3,"In the Logistics game, we start with the following initial conditions: We have nine packages labeled package1 through package9. There are 14 cities named city1 to city14, each with specific locations, numbered location1 and location2, as well as an airport, which is referred to as location3. Furthermore, there are 14 trucks labeled truck1 to truck14, and four airplanes labeled plane1 to plane4.",deterministic_rule,true,covered,The bounded named range or explicit vehicle count uniquely includes this object.
objects,city2,"In the Logistics game, we start with the following initial conditions: We have nine packages labeled package1 through package9. There are 14 cities named city1 to city14, each with specific locations, numbered location1 and location2, as well as an airport, which is referred to as location3. Furthermore, there are 14 trucks labeled truck1 to truck14, and four airplanes labeled plane1 to plane4.",deterministic_rule,true,covered,The bounded named range or explicit vehicle count uniquely includes this object.
objects,city1,"In the Logistics game, we start with the following initial conditions: We have nine packages labeled package1 through package9. There are 14 cities named city1 to city14, each with specific locations, numbered location1 and location2, as well as an airport, which is referred to as location3. Furthermore, there are 14 trucks labeled truck1 to truck14, and four airplanes labeled plane1 to plane4.",deterministic_rule,true,covered,The bounded named range or explicit vehicle count uniquely includes this object.
objects,truck14,"In the Logistics game, we start with the following initial conditions: We have nine packages labeled package1 through package9. There are 14 cities named city1 to city14, each with specific locations, numbered location1 and location2, as well as an airport, which is referred to as location3. Furthermore, there are 14 trucks labeled truck1 to truck14, and four airplanes labeled plane1 to plane4.",deterministic_rule,true,covered,The bounded named range or explicit vehicle count uniquely includes this object.
objects,truck13,"In the Logistics game, we start with the following initial conditions: We have nine packages labeled package1 through package9. There are 14 cities named city1 to city14, each with specific locations, numbered location1 and location2, as well as an airport, which is referred to as location3. Furthermore, there are 14 trucks labeled truck1 to truck14, and four airplanes labeled plane1 to plane4.",deterministic_rule,true,covered,The bounded named range or explicit vehicle count uniquely includes this object.
objects,truck12,"In the Logistics game, we start with the following initial conditions: We have nine packages labeled package1 through package9. There are 14 cities named city1 to city14, each with specific locations, numbered location1 and location2, as well as an airport, which is referred to as location3. Furthermore, there are 14 trucks labeled truck1 to truck14, and four airplanes labeled plane1 to plane4.",deterministic_rule,true,covered,The bounded named range or explicit vehicle count uniquely includes this object.
objects,truck11,"In the Logistics game, we start with the following initial conditions: We have nine packages labeled package1 through package9. There are 14 cities named city1 to city14, each with specific locations, numbered location1 and location2, as well as an airport, which is referred to as location3. Furthermore, there are 14 trucks labeled truck1 to truck14, and four airplanes labeled plane1 to plane4.",deterministic_rule,true,covered,The bounded named range or explicit vehicle count uniquely includes this object.
objects,truck10,"In the Logistics game, we start with the following initial conditions: We have nine packages labeled package1 through package9. There are 14 cities named city1 to city14, each with specific locations, numbered location1 and location2, as well as an airport, which is referred to as location3. Furthermore, there are 14 trucks labeled truck1 to truck14, and four airplanes labeled plane1 to plane4.",deterministic_rule,true,covered,The bounded named range or explicit vehicle count uniquely includes this object.
objects,truck9,"In the Logistics game, we start with the following initial conditions: We have nine packages labeled package1 through package9. There are 14 cities named city1 to city14, each with specific locations, numbered location1 and location2, as well as an airport, which is referred to as location3. Furthermore, there are 14 trucks labeled truck1 to truck14, and four airplanes labeled plane1 to plane4.",deterministic_rule,true,covered,The bounded named range or explicit vehicle count uniquely includes this object.
objects,truck8,"In the Logistics game, we start with the following initial conditions: We have nine packages labeled package1 through package9. There are 14 cities named city1 to city14, each with specific locations, numbered location1 and location2, as well as an airport, which is referred to as location3. Furthermore, there are 14 trucks labeled truck1 to truck14, and four airplanes labeled plane1 to plane4.",deterministic_rule,true,covered,The bounded named range or explicit vehicle count uniquely includes this object.
objects,truck7,"In the Logistics game, we start with the following initial conditions: We have nine packages labeled package1 through package9. There are 14 cities named city1 to city14, each with specific locations, numbered location1 and location2, as well as an airport, which is referred to as location3. Furthermore, there are 14 trucks labeled truck1 to truck14, and four airplanes labeled plane1 to plane4.",deterministic_rule,true,covered,The bounded named range or explicit vehicle count uniquely includes this object.
objects,truck6,"In the Logistics game, we start with the following initial conditions: We have nine packages labeled package1 through package9. There are 14 cities named city1 to city14, each with specific locations, numbered location1 and location2, as well as an airport, which is referred to as location3. Furthermore, there are 14 trucks labeled truck1 to truck14, and four airplanes labeled plane1 to plane4.",deterministic_rule,true,covered,The bounded named range or explicit vehicle count uniquely includes this object.
objects,truck5,"In the Logistics game, we start with the following initial conditions: We have nine packages labeled package1 through package9. There are 14 cities named city1 to city14, each with specific locations, numbered location1 and location2, as well as an airport, which is referred to as location3. Furthermore, there are 14 trucks labeled truck1 to truck14, and four airplanes labeled plane1 to plane4.",deterministic_rule,true,covered,The bounded named range or explicit vehicle count uniquely includes this object.
objects,truck4,"In the Logistics game, we start with the following initial conditions: We have nine packages labeled package1 through package9. There are 14 cities named city1 to city14, each with specific locations, numbered location1 and location2, as well as an airport, which is referred to as location3. Furthermore, there are 14 trucks labeled truck1 to truck14, and four airplanes labeled plane1 to plane4.",deterministic_rule,true,covered,The bounded named range or explicit vehicle count uniquely includes this object.
objects,truck3,"In the Logistics game, we start with the following initial conditions: We have nine packages labeled package1 through package9. There are 14 cities named city1 to city14, each with specific locations, numbered location1 and location2, as well as an airport, which is referred to as location3. Furthermore, there are 14 trucks labeled truck1 to truck14, and four airplanes labeled plane1 to plane4.",deterministic_rule,true,covered,The bounded named range or explicit vehicle count uniquely includes this object.
objects,truck2,"In the Logistics game, we start with the following initial conditions: We have nine packages labeled package1 through package9. There are 14 cities named city1 to city14, each with specific locations, numbered location1 and location2, as well as an airport, which is referred to as location3. Furthermore, there are 14 trucks labeled truck1 to truck14, and four airplanes labeled plane1 to plane4.",deterministic_rule,true,covered,The bounded named range or explicit vehicle count uniquely includes this object.
objects,truck1,"In the Logistics game, we start with the following initial conditions: We have nine packages labeled package1 through package9. There are 14 cities named city1 to city14, each with specific locations, numbered location1 and location2, as well as an airport, which is referred to as location3. Furthermore, there are 14 trucks labeled truck1 to truck14, and four airplanes labeled plane1 to plane4.",deterministic_rule,true,covered,The bounded named range or explicit vehicle count uniquely includes this object.
objects,plane4,"In the Logistics game, we start with the following initial conditions: We have nine packages labeled package1 through package9. There are 14 cities named city1 to city14, each with specific locations, numbered location1 and location2, as well as an airport, which is referred to as location3. Furthermore, there are 14 trucks labeled truck1 to truck14, and four airplanes labeled plane1 to plane4.",deterministic_rule,true,covered,The bounded named range or explicit vehicle count uniquely includes this object.
objects,plane3,"In the Logistics game, we start with the following initial conditions: We have nine packages labeled package1 through package9. There are 14 cities named city1 to city14, each with specific locations, numbered location1 and location2, as well as an airport, which is referred to as location3. Furthermore, there are 14 trucks labeled truck1 to truck14, and four airplanes labeled plane1 to plane4.",deterministic_rule,true,covered,The bounded named range or explicit vehicle count uniquely includes this object.
objects,plane2,"In the Logistics game, we start with the following initial conditions: We have nine packages labeled package1 through package9. There are 14 cities named city1 to city14, each with specific locations, numbered location1 and location2, as well as an airport, which is referred to as location3. Furthermore, there are 14 trucks labeled truck1 to truck14, and four airplanes labeled plane1 to plane4.",deterministic_rule,true,covered,The bounded named range or explicit vehicle count uniquely includes this object.
objects,plane1,"In the Logistics game, we start with the following initial conditions: We have nine packages labeled package1 through package9. There are 14 cities named city1 to city14, each with specific locations, numbered location1 and location2, as well as an airport, which is referred to as location3. Furthermore, there are 14 trucks labeled truck1 to truck14, and four airplanes labeled plane1 to plane4.",deterministic_rule,true,covered,The bounded named range or explicit vehicle count uniquely includes this object.
objects,city14-2,"In the Logistics game, we start with the following initial conditions: We have nine packages labeled package1 through package9. There are 14 cities named city1 to city14, each with specific locations, numbered location1 and location2, as well as an airport, which is referred to as location3. Furthermore, there are 14 trucks labeled truck1 to truck14, and four airplanes labeled plane1 to plane4.",deterministic_rule,true,covered,"For the city prefix N=1..14, location suffix 1, 2, or 3 constructs exactly this location object."
objects,city14-1,"In the Logistics game, we start with the following initial conditions: We have nine packages labeled package1 through package9. There are 14 cities named city1 to city14, each with specific locations, numbered location1 and location2, as well as an airport, which is referred to as location3. Furthermore, there are 14 trucks labeled truck1 to truck14, and four airplanes labeled plane1 to plane4.",deterministic_rule,true,covered,"For the city prefix N=1..14, location suffix 1, 2, or 3 constructs exactly this location object."
objects,city13-2,"In the Logistics game, we start with the following initial conditions: We have nine packages labeled package1 through package9. There are 14 cities named city1 to city14, each with specific locations, numbered location1 and location2, as well as an airport, which is referred to as location3. Furthermore, there are 14 trucks labeled truck1 to truck14, and four airplanes labeled plane1 to plane4.",deterministic_rule,true,covered,"For the city prefix N=1..14, location suffix 1, 2, or 3 constructs exactly this location object."
objects,city13-1,"In the Logistics game, we start with the following initial conditions: We have nine packages labeled package1 through package9. There are 14 cities named city1 to city14, each with specific locations, numbered location1 and location2, as well as an airport, which is referred to as location3. Furthermore, there are 14 trucks labeled truck1 to truck14, and four airplanes labeled plane1 to plane4.",deterministic_rule,true,covered,"For the city prefix N=1..14, location suffix 1, 2, or 3 constructs exactly this location object."
objects,city12-2,"In the Logistics game, we start with the following initial conditions: We have nine packages labeled package1 through package9. There are 14 cities named city1 to city14, each with specific locations, numbered location1 and location2, as well as an airport, which is referred to as location3. Furthermore, there are 14 trucks labeled truck1 to truck14, and four airplanes labeled plane1 to plane4.",deterministic_rule,true,covered,"For the city prefix N=1..14, location suffix 1, 2, or 3 constructs exactly this location object."
objects,city12-1,"In the Logistics game, we start with the following initial conditions: We have nine packages labeled package1 through package9. There are 14 cities named city1 to city14, each with specific locations, numbered location1 and location2, as well as an airport, which is referred to as location3. Furthermore, there are 14 trucks labeled truck1 to truck14, and four airplanes labeled plane1 to plane4.",deterministic_rule,true,covered,"For the city prefix N=1..14, location suffix 1, 2, or 3 constructs exactly this location object."
objects,city11-2,"In the Logistics game, we start with the following initial conditions: We have nine packages labeled package1 through package9. There are 14 cities named city1 to city14, each with specific locations, numbered location1 and location2, as well as an airport, which is referred to as location3. Furthermore, there are 14 trucks labeled truck1 to truck14, and four airplanes labeled plane1 to plane4.",deterministic_rule,true,covered,"For the city prefix N=1..14, location suffix 1, 2, or 3 constructs exactly this location object."
objects,city11-1,"In the Logistics game, we start with the following initial conditions: We have nine packages labeled package1 through package9. There are 14 cities named city1 to city14, each with specific locations, numbered location1 and location2, as well as an airport, which is referred to as location3. Furthermore, there are 14 trucks labeled truck1 to truck14, and four airplanes labeled plane1 to plane4.",deterministic_rule,true,covered,"For the city prefix N=1..14, location suffix 1, 2, or 3 constructs exactly this location object."
objects,city10-2,"In the Logistics game, we start with the following initial conditions: We have nine packages labeled package1 through package9. There are 14 cities named city1 to city14, each with specific locations, numbered location1 and location2, as well as an airport, which is referred to as location3. Furthermore, there are 14 trucks labeled truck1 to truck14, and four airplanes labeled plane1 to plane4.",deterministic_rule,true,covered,"For the city prefix N=1..14, location suffix 1, 2, or 3 constructs exactly this location object."
objects,city10-1,"In the Logistics game, we start with the following initial conditions: We have nine packages labeled package1 through package9. There are 14 cities named city1 to city14, each with specific locations, numbered location1 and location2, as well as an airport, which is referred to as location3. Furthermore, there are 14 trucks labeled truck1 to truck14, and four airplanes labeled plane1 to plane4.",deterministic_rule,true,covered,"For the city prefix N=1..14, location suffix 1, 2, or 3 constructs exactly this location object."
objects,city9-2,"In the Logistics game, we start with the following initial conditions: We have nine packages labeled package1 through package9. There are 14 cities named city1 to city14, each with specific locations, numbered location1 and location2, as well as an airport, which is referred to as location3. Furthermore, there are 14 trucks labeled truck1 to truck14, and four airplanes labeled plane1 to plane4.",deterministic_rule,true,covered,"For the city prefix N=1..14, location suffix 1, 2, or 3 constructs exactly this location object."
objects,city9-1,"In the Logistics game, we start with the following initial conditions: We have nine packages labeled package1 through package9. There are 14 cities named city1 to city14, each with specific locations, numbered location1 and location2, as well as an airport, which is referred to as location3. Furthermore, there are 14 trucks labeled truck1 to truck14, and four airplanes labeled plane1 to plane4.",deterministic_rule,true,covered,"For the city prefix N=1..14, location suffix 1, 2, or 3 constructs exactly this location object."
objects,city8-2,"In the Logistics game, we start with the following initial conditions: We have nine packages labeled package1 through package9. There are 14 cities named city1 to city14, each with specific locations, numbered location1 and location2, as well as an airport, which is referred to as location3. Furthermore, there are 14 trucks labeled truck1 to truck14, and four airplanes labeled plane1 to plane4.",deterministic_rule,true,covered,"For the city prefix N=1..14, location suffix 1, 2, or 3 constructs exactly this location object."
objects,city8-1,"In the Logistics game, we start with the following initial conditions: We have nine packages labeled package1 through package9. There are 14 cities named city1 to city14, each with specific locations, numbered location1 and location2, as well as an airport, which is referred to as location3. Furthermore, there are 14 trucks labeled truck1 to truck14, and four airplanes labeled plane1 to plane4.",deterministic_rule,true,covered,"For the city prefix N=1..14, location suffix 1, 2, or 3 constructs exactly this location object."
objects,city7-2,"In the Logistics game, we start with the following initial conditions: We have nine packages labeled package1 through package9. There are 14 cities named city1 to city14, each with specific locations, numbered location1 and location2, as well as an airport, which is referred to as location3. Furthermore, there are 14 trucks labeled truck1 to truck14, and four airplanes labeled plane1 to plane4.",deterministic_rule,true,covered,"For the city prefix N=1..14, location suffix 1, 2, or 3 constructs exactly this location object."
objects,city7-1,"In the Logistics game, we start with the following initial conditions: We have nine packages labeled package1 through package9. There are 14 cities named city1 to city14, each with specific locations, numbered location1 and location2, as well as an airport, which is referred to as location3. Furthermore, there are 14 trucks labeled truck1 to truck14, and four airplanes labeled plane1 to plane4.",deterministic_rule,true,covered,"For the city prefix N=1..14, location suffix 1, 2, or 3 constructs exactly this location object."
objects,city6-2,"In the Logistics game, we start with the following initial conditions: We have nine packages labeled package1 through package9. There are 14 cities named city1 to city14, each with specific locations, numbered location1 and location2, as well as an airport, which is referred to as location3. Furthermore, there are 14 trucks labeled truck1 to truck14, and four airplanes labeled plane1 to plane4.",deterministic_rule,true,covered,"For the city prefix N=1..14, location suffix 1, 2, or 3 constructs exactly this location object."
objects,city6-1,"In the Logistics game, we start with the following initial conditions: We have nine packages labeled package1 through package9. There are 14 cities named city1 to city14, each with specific locations, numbered location1 and location2, as well as an airport, which is referred to as location3. Furthermore, there are 14 trucks labeled truck1 to truck14, and four airplanes labeled plane1 to plane4.",deterministic_rule,true,covered,"For the city prefix N=1..14, location suffix 1, 2, or 3 constructs exactly this location object."
objects,city5-2,"In the Logistics game, we start with the following initial conditions: We have nine packages labeled package1 through package9. There are 14 cities named city1 to city14, each with specific locations, numbered location1 and location2, as well as an airport, which is referred to as location3. Furthermore, there are 14 trucks labeled truck1 to truck14, and four airplanes labeled plane1 to plane4.",deterministic_rule,true,covered,"For the city prefix N=1..14, location suffix 1, 2, or 3 constructs exactly this location object."
objects,city5-1,"In the Logistics game, we start with the following initial conditions: We have nine packages labeled package1 through package9. There are 14 cities named city1 to city14, each with specific locations, numbered location1 and location2, as well as an airport, which is referred to as location3. Furthermore, there are 14 trucks labeled truck1 to truck14, and four airplanes labeled plane1 to plane4.",deterministic_rule,true,covered,"For the city prefix N=1..14, location suffix 1, 2, or 3 constructs exactly this location object."
objects,city4-2,"In the Logistics game, we start with the following initial conditions: We have nine packages labeled package1 through package9. There are 14 cities named city1 to city14, each with specific locations, numbered location1 and location2, as well as an airport, which is referred to as location3. Furthermore, there are 14 trucks labeled truck1 to truck14, and four airplanes labeled plane1 to plane4.",deterministic_rule,true,covered,"For the city prefix N=1..14, location suffix 1, 2, or 3 constructs exactly this location object."
objects,city4-1,"In the Logistics game, we start with the following initial conditions: We have nine packages labeled package1 through package9. There are 14 cities named city1 to city14, each with specific locations, numbered location1 and location2, as well as an airport, which is referred to as location3. Furthermore, there are 14 trucks labeled truck1 to truck14, and four airplanes labeled plane1 to plane4.",deterministic_rule,true,covered,"For the city prefix N=1..14, location suffix 1, 2, or 3 constructs exactly this location object."
objects,city3-2,"In the Logistics game, we start with the following initial conditions: We have nine packages labeled package1 through package9. There are 14 cities named city1 to city14, each with specific locations, numbered location1 and location2, as well as an airport, which is referred to as location3. Furthermore, there are 14 trucks labeled truck1 to truck14, and four airplanes labeled plane1 to plane4.",deterministic_rule,true,covered,"For the city prefix N=1..14, location suffix 1, 2, or 3 constructs exactly this location object."
objects,city3-1,"In the Logistics game, we start with the following initial conditions: We have nine packages labeled package1 through package9. There are 14 cities named city1 to city14, each with specific locations, numbered location1 and location2, as well as an airport, which is referred to as location3. Furthermore, there are 14 trucks labeled truck1 to truck14, and four airplanes labeled plane1 to plane4.",deterministic_rule,true,covered,"For the city prefix N=1..14, location suffix 1, 2, or 3 constructs exactly this location object."
objects,city2-2,"In the Logistics game, we start with the following initial conditions: We have nine packages labeled package1 through package9. There are 14 cities named city1 to city14, each with specific locations, numbered location1 and location2, as well as an airport, which is referred to as location3. Furthermore, there are 14 trucks labeled truck1 to truck14, and four airplanes labeled plane1 to plane4.",deterministic_rule,true,covered,"For the city prefix N=1..14, location suffix 1, 2, or 3 constructs exactly this location object."
objects,city2-1,"In the Logistics game, we start with the following initial conditions: We have nine packages labeled package1 through package9. There are 14 cities named city1 to city14, each with specific locations, numbered location1 and location2, as well as an airport, which is referred to as location3. Furthermore, there are 14 trucks labeled truck1 to truck14, and four airplanes labeled plane1 to plane4.",deterministic_rule,true,covered,"For the city prefix N=1..14, location suffix 1, 2, or 3 constructs exactly this location object."
objects,city1-2,"In the Logistics game, we start with the following initial conditions: We have nine packages labeled package1 through package9. There are 14 cities named city1 to city14, each with specific locations, numbered location1 and location2, as well as an airport, which is referred to as location3. Furthermore, there are 14 trucks labeled truck1 to truck14, and four airplanes labeled plane1 to plane4.",deterministic_rule,true,covered,"For the city prefix N=1..14, location suffix 1, 2, or 3 constructs exactly this location object."
objects,city1-1,"In the Logistics game, we start with the following initial conditions: We have nine packages labeled package1 through package9. There are 14 cities named city1 to city14, each with specific locations, numbered location1 and location2, as well as an airport, which is referred to as location3. Furthermore, there are 14 trucks labeled truck1 to truck14, and four airplanes labeled plane1 to plane4.",deterministic_rule,true,covered,"For the city prefix N=1..14, location suffix 1, 2, or 3 constructs exactly this location object."
objects,city14-3,"In the Logistics game, we start with the following initial conditions: We have nine packages labeled package1 through package9. There are 14 cities named city1 to city14, each with specific locations, numbered location1 and location2, as well as an airport, which is referred to as location3. Furthermore, there are 14 trucks labeled truck1 to truck14, and four airplanes labeled plane1 to plane4.",deterministic_rule,true,covered,"For the city prefix N=1..14, location suffix 1, 2, or 3 constructs exactly this location object."
objects,city13-3,"In the Logistics game, we start with the following initial conditions: We have nine packages labeled package1 through package9. There are 14 cities named city1 to city14, each with specific locations, numbered location1 and location2, as well as an airport, which is referred to as location3. Furthermore, there are 14 trucks labeled truck1 to truck14, and four airplanes labeled plane1 to plane4.",deterministic_rule,true,covered,"For the city prefix N=1..14, location suffix 1, 2, or 3 constructs exactly this location object."
objects,city12-3,"In the Logistics game, we start with the following initial conditions: We have nine packages labeled package1 through package9. There are 14 cities named city1 to city14, each with specific locations, numbered location1 and location2, as well as an airport, which is referred to as location3. Furthermore, there are 14 trucks labeled truck1 to truck14, and four airplanes labeled plane1 to plane4.",deterministic_rule,true,covered,"For the city prefix N=1..14, location suffix 1, 2, or 3 constructs exactly this location object."
objects,city11-3,"In the Logistics game, we start with the following initial conditions: We have nine packages labeled package1 through package9. There are 14 cities named city1 to city14, each with specific locations, numbered location1 and location2, as well as an airport, which is referred to as location3. Furthermore, there are 14 trucks labeled truck1 to truck14, and four airplanes labeled plane1 to plane4.",deterministic_rule,true,covered,"For the city prefix N=1..14, location suffix 1, 2, or 3 constructs exactly this location object."
objects,city10-3,"In the Logistics game, we start with the following initial conditions: We have nine packages labeled package1 through package9. There are 14 cities named city1 to city14, each with specific locations, numbered location1 and location2, as well as an airport, which is referred to as location3. Furthermore, there are 14 trucks labeled truck1 to truck14, and four airplanes labeled plane1 to plane4.",deterministic_rule,true,covered,"For the city prefix N=1..14, location suffix 1, 2, or 3 constructs exactly this location object."
objects,city9-3,"In the Logistics game, we start with the following initial conditions: We have nine packages labeled package1 through package9. There are 14 cities named city1 to city14, each with specific locations, numbered location1 and location2, as well as an airport, which is referred to as location3. Furthermore, there are 14 trucks labeled truck1 to truck14, and four airplanes labeled plane1 to plane4.",deterministic_rule,true,covered,"For the city prefix N=1..14, location suffix 1, 2, or 3 constructs exactly this location object."
objects,city8-3,"In the Logistics game, we start with the following initial conditions: We have nine packages labeled package1 through package9. There are 14 cities named city1 to city14, each with specific locations, numbered location1 and location2, as well as an airport, which is referred to as location3. Furthermore, there are 14 trucks labeled truck1 to truck14, and four airplanes labeled plane1 to plane4.",deterministic_rule,true,covered,"For the city prefix N=1..14, location suffix 1, 2, or 3 constructs exactly this location object."
objects,city7-3,"In the Logistics game, we start with the following initial conditions: We have nine packages labeled package1 through package9. There are 14 cities named city1 to city14, each with specific locations, numbered location1 and location2, as well as an airport, which is referred to as location3. Furthermore, there are 14 trucks labeled truck1 to truck14, and four airplanes labeled plane1 to plane4.",deterministic_rule,true,covered,"For the city prefix N=1..14, location suffix 1, 2, or 3 constructs exactly this location object."
objects,city6-3,"In the Logistics game, we start with the following initial conditions: We have nine packages labeled package1 through package9. There are 14 cities named city1 to city14, each with specific locations, numbered location1 and location2, as well as an airport, which is referred to as location3. Furthermore, there are 14 trucks labeled truck1 to truck14, and four airplanes labeled plane1 to plane4.",deterministic_rule,true,covered,"For the city prefix N=1..14, location suffix 1, 2, or 3 constructs exactly this location object."
objects,city5-3,"In the Logistics game, we start with the following initial conditions: We have nine packages labeled package1 through package9. There are 14 cities named city1 to city14, each with specific locations, numbered location1 and location2, as well as an airport, which is referred to as location3. Furthermore, there are 14 trucks labeled truck1 to truck14, and four airplanes labeled plane1 to plane4.",deterministic_rule,true,covered,"For the city prefix N=1..14, location suffix 1, 2, or 3 constructs exactly this location object."
objects,city4-3,"In the Logistics game, we start with the following initial conditions: We have nine packages labeled package1 through package9. There are 14 cities named city1 to city14, each with specific locations, numbered location1 and location2, as well as an airport, which is referred to as location3. Furthermore, there are 14 trucks labeled truck1 to truck14, and four airplanes labeled plane1 to plane4.",deterministic_rule,true,covered,"For the city prefix N=1..14, location suffix 1, 2, or 3 constructs exactly this location object."
objects,city3-3,"In the Logistics game, we start with the following initial conditions: We have nine packages labeled package1 through package9. There are 14 cities named city1 to city14, each with specific locations, numbered location1 and location2, as well as an airport, which is referred to as location3. Furthermore, there are 14 trucks labeled truck1 to truck14, and four airplanes labeled plane1 to plane4.",deterministic_rule,true,covered,"For the city prefix N=1..14, location suffix 1, 2, or 3 constructs exactly this location object."
objects,city2-3,"In the Logistics game, we start with the following initial conditions: We have nine packages labeled package1 through package9. There are 14 cities named city1 to city14, each with specific locations, numbered location1 and location2, as well as an airport, which is referred to as location3. Furthermore, there are 14 trucks labeled truck1 to truck14, and four airplanes labeled plane1 to plane4.",deterministic_rule,true,covered,"For the city prefix N=1..14, location suffix 1, 2, or 3 constructs exactly this location object."
objects,city1-3,"In the Logistics game, we start with the following initial conditions: We have nine packages labeled package1 through package9. There are 14 cities named city1 to city14, each with specific locations, numbered location1 and location2, as well as an airport, which is referred to as location3. Furthermore, there are 14 trucks labeled truck1 to truck14, and four airplanes labeled plane1 to plane4.",deterministic_rule,true,covered,"For the city prefix N=1..14, location suffix 1, 2, or 3 constructs exactly this location object."
init,(package package9),"In the Logistics game, we start with the following initial conditions: We have nine packages labeled package1 through package9. There are 14 cities named city1 to city14, each with specific locations, numbered location1 and location2, as well as an airport, which is referred to as location3. Furthermore, there are 14 trucks labeled truck1 to truck14, and four airplanes labeled plane1 to plane4.",deterministic_rule,true,covered,The finite inventory uniquely supplies this unary type fact.
init,(package package8),"In the Logistics game, we start with the following initial conditions: We have nine packages labeled package1 through package9. There are 14 cities named city1 to city14, each with specific locations, numbered location1 and location2, as well as an airport, which is referred to as location3. Furthermore, there are 14 trucks labeled truck1 to truck14, and four airplanes labeled plane1 to plane4.",deterministic_rule,true,covered,The finite inventory uniquely supplies this unary type fact.
init,(package package7),"In the Logistics game, we start with the following initial conditions: We have nine packages labeled package1 through package9. There are 14 cities named city1 to city14, each with specific locations, numbered location1 and location2, as well as an airport, which is referred to as location3. Furthermore, there are 14 trucks labeled truck1 to truck14, and four airplanes labeled plane1 to plane4.",deterministic_rule,true,covered,The finite inventory uniquely supplies this unary type fact.
init,(package package6),"In the Logistics game, we start with the following initial conditions: We have nine packages labeled package1 through package9. There are 14 cities named city1 to city14, each with specific locations, numbered location1 and location2, as well as an airport, which is referred to as location3. Furthermore, there are 14 trucks labeled truck1 to truck14, and four airplanes labeled plane1 to plane4.",deterministic_rule,true,covered,The finite inventory uniquely supplies this unary type fact.
init,(package package5),"In the Logistics game, we start with the following initial conditions: We have nine packages labeled package1 through package9. There are 14 cities named city1 to city14, each with specific locations, numbered location1 and location2, as well as an airport, which is referred to as location3. Furthermore, there are 14 trucks labeled truck1 to truck14, and four airplanes labeled plane1 to plane4.",deterministic_rule,true,covered,The finite inventory uniquely supplies this unary type fact.
init,(package package4),"In the Logistics game, we start with the following initial conditions: We have nine packages labeled package1 through package9. There are 14 cities named city1 to city14, each with specific locations, numbered location1 and location2, as well as an airport, which is referred to as location3. Furthermore, there are 14 trucks labeled truck1 to truck14, and four airplanes labeled plane1 to plane4.",deterministic_rule,true,covered,The finite inventory uniquely supplies this unary type fact.
init,(package package3),"In the Logistics game, we start with the following initial conditions: We have nine packages labeled package1 through package9. There are 14 cities named city1 to city14, each with specific locations, numbered location1 and location2, as well as an airport, which is referred to as location3. Furthermore, there are 14 trucks labeled truck1 to truck14, and four airplanes labeled plane1 to plane4.",deterministic_rule,true,covered,The finite inventory uniquely supplies this unary type fact.
init,(package package2),"In the Logistics game, we start with the following initial conditions: We have nine packages labeled package1 through package9. There are 14 cities named city1 to city14, each with specific locations, numbered location1 and location2, as well as an airport, which is referred to as location3. Furthermore, there are 14 trucks labeled truck1 to truck14, and four airplanes labeled plane1 to plane4.",deterministic_rule,true,covered,The finite inventory uniquely supplies this unary type fact.
init,(package package1),"In the Logistics game, we start with the following initial conditions: We have nine packages labeled package1 through package9. There are 14 cities named city1 to city14, each with specific locations, numbered location1 and location2, as well as an airport, which is referred to as location3. Furthermore, there are 14 trucks labeled truck1 to truck14, and four airplanes labeled plane1 to plane4.",deterministic_rule,true,covered,The finite inventory uniquely supplies this unary type fact.
init,(city city14),"In the Logistics game, we start with the following initial conditions: We have nine packages labeled package1 through package9. There are 14 cities named city1 to city14, each with specific locations, numbered location1 and location2, as well as an airport, which is referred to as location3. Furthermore, there are 14 trucks labeled truck1 to truck14, and four airplanes labeled plane1 to plane4.",deterministic_rule,true,covered,The finite inventory uniquely supplies this unary type fact.
init,(city city13),"In the Logistics game, we start with the following initial conditions: We have nine packages labeled package1 through package9. There are 14 cities named city1 to city14, each with specific locations, numbered location1 and location2, as well as an airport, which is referred to as location3. Furthermore, there are 14 trucks labeled truck1 to truck14, and four airplanes labeled plane1 to plane4.",deterministic_rule,true,covered,The finite inventory uniquely supplies this unary type fact.
init,(city city12),"In the Logistics game, we start with the following initial conditions: We have nine packages labeled package1 through package9. There are 14 cities named city1 to city14, each with specific locations, numbered location1 and location2, as well as an airport, which is referred to as location3. Furthermore, there are 14 trucks labeled truck1 to truck14, and four airplanes labeled plane1 to plane4.",deterministic_rule,true,covered,The finite inventory uniquely supplies this unary type fact.
init,(city city11),"In the Logistics game, we start with the following initial conditions: We have nine packages labeled package1 through package9. There are 14 cities named city1 to city14, each with specific locations, numbered location1 and location2, as well as an airport, which is referred to as location3. Furthermore, there are 14 trucks labeled truck1 to truck14, and four airplanes labeled plane1 to plane4.",deterministic_rule,true,covered,The finite inventory uniquely supplies this unary type fact.
init,(city city10),"In the Logistics game, we start with the following initial conditions: We have nine packages labeled package1 through package9. There are 14 cities named city1 to city14, each with specific locations, numbered location1 and location2, as well as an airport, which is referred to as location3. Furthermore, there are 14 trucks labeled truck1 to truck14, and four airplanes labeled plane1 to plane4.",deterministic_rule,true,covered,The finite inventory uniquely supplies this unary type fact.
init,(city city9),"In the Logistics game, we start with the following initial conditions: We have nine packages labeled package1 through package9. There are 14 cities named city1 to city14, each with specific locations, numbered location1 and location2, as well as an airport, which is referred to as location3. Furthermore, there are 14 trucks labeled truck1 to truck14, and four airplanes labeled plane1 to plane4.",deterministic_rule,true,covered,The finite inventory uniquely supplies this unary type fact.
init,(city city8),"In the Logistics game, we start with the following initial conditions: We have nine packages labeled package1 through package9. There are 14 cities named city1 to city14, each with specific locations, numbered location1 and location2, as well as an airport, which is referred to as location3. Furthermore, there are 14 trucks labeled truck1 to truck14, and four airplanes labeled plane1 to plane4.",deterministic_rule,true,covered,The finite inventory uniquely supplies this unary type fact.
init,(city city7),"In the Logistics game, we start with the following initial conditions: We have nine packages labeled package1 through package9. There are 14 cities named city1 to city14, each with specific locations, numbered location1 and location2, as well as an airport, which is referred to as location3. Furthermore, there are 14 trucks labeled truck1 to truck14, and four airplanes labeled plane1 to plane4.",deterministic_rule,true,covered,The finite inventory uniquely supplies this unary type fact.
init,(city city6),"In the Logistics game, we start with the following initial conditions: We have nine packages labeled package1 through package9. There are 14 cities named city1 to city14, each with specific locations, numbered location1 and location2, as well as an airport, which is referred to as location3. Furthermore, there are 14 trucks labeled truck1 to truck14, and four airplanes labeled plane1 to plane4.",deterministic_rule,true,covered,The finite inventory uniquely supplies this unary type fact.
init,(city city5),"In the Logistics game, we start with the following initial conditions: We have nine packages labeled package1 through package9. There are 14 cities named city1 to city14, each with specific locations, numbered location1 and location2, as well as an airport, which is referred to as location3. Furthermore, there are 14 trucks labeled truck1 to truck14, and four airplanes labeled plane1 to plane4.",deterministic_rule,true,covered,The finite inventory uniquely supplies this unary type fact.
init,(city city4),"In the Logistics game, we start with the following initial conditions: We have nine packages labeled package1 through package9. There are 14 cities named city1 to city14, each with specific locations, numbered location1 and location2, as well as an airport, which is referred to as location3. Furthermore, there are 14 trucks labeled truck1 to truck14, and four airplanes labeled plane1 to plane4.",deterministic_rule,true,covered,The finite inventory uniquely supplies this unary type fact.
init,(city city3),"In the Logistics game, we start with the following initial conditions: We have nine packages labeled package1 through package9. There are 14 cities named city1 to city14, each with specific locations, numbered location1 and location2, as well as an airport, which is referred to as location3. Furthermore, there are 14 trucks labeled truck1 to truck14, and four airplanes labeled plane1 to plane4.",deterministic_rule,true,covered,The finite inventory uniquely supplies this unary type fact.
init,(city city2),"In the Logistics game, we start with the following initial conditions: We have nine packages labeled package1 through package9. There are 14 cities named city1 to city14, each with specific locations, numbered location1 and location2, as well as an airport, which is referred to as location3. Furthermore, there are 14 trucks labeled truck1 to truck14, and four airplanes labeled plane1 to plane4.",deterministic_rule,true,covered,The finite inventory uniquely supplies this unary type fact.
init,(city city1),"In the Logistics game, we start with the following initial conditions: We have nine packages labeled package1 through package9. There are 14 cities named city1 to city14, each with specific locations, numbered location1 and location2, as well as an airport, which is referred to as location3. Furthermore, there are 14 trucks labeled truck1 to truck14, and four airplanes labeled plane1 to plane4.",deterministic_rule,true,covered,The finite inventory uniquely supplies this unary type fact.
init,(truck truck14),"In the Logistics game, we start with the following initial conditions: We have nine packages labeled package1 through package9. There are 14 cities named city1 to city14, each with specific locations, numbered location1 and location2, as well as an airport, which is referred to as location3. Furthermore, there are 14 trucks labeled truck1 to truck14, and four airplanes labeled plane1 to plane4.",deterministic_rule,true,covered,The finite inventory uniquely supplies this unary type fact.
init,(truck truck13),"In the Logistics game, we start with the following initial conditions: We have nine packages labeled package1 through package9. There are 14 cities named city1 to city14, each with specific locations, numbered location1 and location2, as well as an airport, which is referred to as location3. Furthermore, there are 14 trucks labeled truck1 to truck14, and four airplanes labeled plane1 to plane4.",deterministic_rule,true,covered,The finite inventory uniquely supplies this unary type fact.
init,(truck truck12),"In the Logistics game, we start with the following initial conditions: We have nine packages labeled package1 through package9. There are 14 cities named city1 to city14, each with specific locations, numbered location1 and location2, as well as an airport, which is referred to as location3. Furthermore, there are 14 trucks labeled truck1 to truck14, and four airplanes labeled plane1 to plane4.",deterministic_rule,true,covered,The finite inventory uniquely supplies this unary type fact.
init,(truck truck11),"In the Logistics game, we start with the following initial conditions: We have nine packages labeled package1 through package9. There are 14 cities named city1 to city14, each with specific locations, numbered location1 and location2, as well as an airport, which is referred to as location3. Furthermore, there are 14 trucks labeled truck1 to truck14, and four airplanes labeled plane1 to plane4.",deterministic_rule,true,covered,The finite inventory uniquely supplies this unary type fact.
init,(truck truck10),"In the Logistics game, we start with the following initial conditions: We have nine packages labeled package1 through package9. There are 14 cities named city1 to city14, each with specific locations, numbered location1 and location2, as well as an airport, which is referred to as location3. Furthermore, there are 14 trucks labeled truck1 to truck14, and four airplanes labeled plane1 to plane4.",deterministic_rule,true,covered,The finite inventory uniquely supplies this unary type fact.
init,(truck truck9),"In the Logistics game, we start with the following initial conditions: We have nine packages labeled package1 through package9. There are 14 cities named city1 to city14, each with specific locations, numbered location1 and location2, as well as an airport, which is referred to as location3. Furthermore, there are 14 trucks labeled truck1 to truck14, and four airplanes labeled plane1 to plane4.",deterministic_rule,true,covered,The finite inventory uniquely supplies this unary type fact.
init,(truck truck8),"In the Logistics game, we start with the following initial conditions: We have nine packages labeled package1 through package9. There are 14 cities named city1 to city14, each with specific locations, numbered location1 and location2, as well as an airport, which is referred to as location3. Furthermore, there are 14 trucks labeled truck1 to truck14, and four airplanes labeled plane1 to plane4.",deterministic_rule,true,covered,The finite inventory uniquely supplies this unary type fact.
init,(truck truck7),"In the Logistics game, we start with the following initial conditions: We have nine packages labeled package1 through package9. There are 14 cities named city1 to city14, each with specific locations, numbered location1 and location2, as well as an airport, which is referred to as location3. Furthermore, there are 14 trucks labeled truck1 to truck14, and four airplanes labeled plane1 to plane4.",deterministic_rule,true,covered,The finite inventory uniquely supplies this unary type fact.
init,(truck truck6),"In the Logistics game, we start with the following initial conditions: We have nine packages labeled package1 through package9. There are 14 cities named city1 to city14, each with specific locations, numbered location1 and location2, as well as an airport, which is referred to as location3. Furthermore, there are 14 trucks labeled truck1 to truck14, and four airplanes labeled plane1 to plane4.",deterministic_rule,true,covered,The finite inventory uniquely supplies this unary type fact.
init,(truck truck5),"In the Logistics game, we start with the following initial conditions: We have nine packages labeled package1 through package9. There are 14 cities named city1 to city14, each with specific locations, numbered location1 and location2, as well as an airport, which is referred to as location3. Furthermore, there are 14 trucks labeled truck1 to truck14, and four airplanes labeled plane1 to plane4.",deterministic_rule,true,covered,The finite inventory uniquely supplies this unary type fact.
init,(truck truck4),"In the Logistics game, we start with the following initial conditions: We have nine packages labeled package1 through package9. There are 14 cities named city1 to city14, each with specific locations, numbered location1 and location2, as well as an airport, which is referred to as location3. Furthermore, there are 14 trucks labeled truck1 to truck14, and four airplanes labeled plane1 to plane4.",deterministic_rule,true,covered,The finite inventory uniquely supplies this unary type fact.
init,(truck truck3),"In the Logistics game, we start with the following initial conditions: We have nine packages labeled package1 through package9. There are 14 cities named city1 to city14, each with specific locations, numbered location1 and location2, as well as an airport, which is referred to as location3. Furthermore, there are 14 trucks labeled truck1 to truck14, and four airplanes labeled plane1 to plane4.",deterministic_rule,true,covered,The finite inventory uniquely supplies this unary type fact.
init,(truck truck2),"In the Logistics game, we start with the following initial conditions: We have nine packages labeled package1 through package9. There are 14 cities named city1 to city14, each with specific locations, numbered location1 and location2, as well as an airport, which is referred to as location3. Furthermore, there are 14 trucks labeled truck1 to truck14, and four airplanes labeled plane1 to plane4.",deterministic_rule,true,covered,The finite inventory uniquely supplies this unary type fact.
init,(truck truck1),"In the Logistics game, we start with the following initial conditions: We have nine packages labeled package1 through package9. There are 14 cities named city1 to city14, each with specific locations, numbered location1 and location2, as well as an airport, which is referred to as location3. Furthermore, there are 14 trucks labeled truck1 to truck14, and four airplanes labeled plane1 to plane4.",deterministic_rule,true,covered,The finite inventory uniquely supplies this unary type fact.
init,(airplane plane4),"In the Logistics game, we start with the following initial conditions: We have nine packages labeled package1 through package9. There are 14 cities named city1 to city14, each with specific locations, numbered location1 and location2, as well as an airport, which is referred to as location3. Furthermore, there are 14 trucks labeled truck1 to truck14, and four airplanes labeled plane1 to plane4.",deterministic_rule,true,covered,The finite inventory uniquely supplies this unary type fact.
init,(airplane plane3),"In the Logistics game, we start with the following initial conditions: We have nine packages labeled package1 through package9. There are 14 cities named city1 to city14, each with specific locations, numbered location1 and location2, as well as an airport, which is referred to as location3. Furthermore, there are 14 trucks labeled truck1 to truck14, and four airplanes labeled plane1 to plane4.",deterministic_rule,true,covered,The finite inventory uniquely supplies this unary type fact.
init,(airplane plane2),"In the Logistics game, we start with the following initial conditions: We have nine packages labeled package1 through package9. There are 14 cities named city1 to city14, each with specific locations, numbered location1 and location2, as well as an airport, which is referred to as location3. Furthermore, there are 14 trucks labeled truck1 to truck14, and four airplanes labeled plane1 to plane4.",deterministic_rule,true,covered,The finite inventory uniquely supplies this unary type fact.
init,(airplane plane1),"In the Logistics game, we start with the following initial conditions: We have nine packages labeled package1 through package9. There are 14 cities named city1 to city14, each with specific locations, numbered location1 and location2, as well as an airport, which is referred to as location3. Furthermore, there are 14 trucks labeled truck1 to truck14, and four airplanes labeled plane1 to plane4.",deterministic_rule,true,covered,The finite inventory uniquely supplies this unary type fact.
init,(location city14-2),"The city layout is as follows: every city has a unique set of three locations. Location1 and location2 are within the city, while location3, being an airport, is also a part of the city.",deterministic_rule,true,covered,"For each city index 1..14, the rule constructs locations 1..3, types location3 as its airport, and places all three within that city."
init,(location city14-1),"The city layout is as follows: every city has a unique set of three locations. Location1 and location2 are within the city, while location3, being an airport, is also a part of the city.",deterministic_rule,true,covered,"For each city index 1..14, the rule constructs locations 1..3, types location3 as its airport, and places all three within that city."
init,(location city13-2),"The city layout is as follows: every city has a unique set of three locations. Location1 and location2 are within the city, while location3, being an airport, is also a part of the city.",deterministic_rule,true,covered,"For each city index 1..14, the rule constructs locations 1..3, types location3 as its airport, and places all three within that city."
init,(location city13-1),"The city layout is as follows: every city has a unique set of three locations. Location1 and location2 are within the city, while location3, being an airport, is also a part of the city.",deterministic_rule,true,covered,"For each city index 1..14, the rule constructs locations 1..3, types location3 as its airport, and places all three within that city."
init,(location city12-2),"The city layout is as follows: every city has a unique set of three locations. Location1 and location2 are within the city, while location3, being an airport, is also a part of the city.",deterministic_rule,true,covered,"For each city index 1..14, the rule constructs locations 1..3, types location3 as its airport, and places all three within that city."
init,(location city12-1),"The city layout is as follows: every city has a unique set of three locations. Location1 and location2 are within the city, while location3, being an airport, is also a part of the city.",deterministic_rule,true,covered,"For each city index 1..14, the rule constructs locations 1..3, types location3 as its airport, and places all three within that city."
init,(location city11-2),"The city layout is as follows: every city has a unique set of three locations. Location1 and location2 are within the city, while location3, being an airport, is also a part of the city.",deterministic_rule,true,covered,"For each city index 1..14, the rule constructs locations 1..3, types location3 as its airport, and places all three within that city."
init,(location city11-1),"The city layout is as follows: every city has a unique set of three locations. Location1 and location2 are within the city, while location3, being an airport, is also a part of the city.",deterministic_rule,true,covered,"For each city index 1..14, the rule constructs locations 1..3, types location3 as its airport, and places all three within that city."
init,(location city10-2),"The city layout is as follows: every city has a unique set of three locations. Location1 and location2 are within the city, while location3, being an airport, is also a part of the city.",deterministic_rule,true,covered,"For each city index 1..14, the rule constructs locations 1..3, types location3 as its airport, and places all three within that city."
init,(location city10-1),"The city layout is as follows: every city has a unique set of three locations. Location1 and location2 are within the city, while location3, being an airport, is also a part of the city.",deterministic_rule,true,covered,"For each city index 1..14, the rule constructs locations 1..3, types location3 as its airport, and places all three within that city."
init,(location city9-2),"The city layout is as follows: every city has a unique set of three locations. Location1 and location2 are within the city, while location3, being an airport, is also a part of the city.",deterministic_rule,true,covered,"For each city index 1..14, the rule constructs locations 1..3, types location3 as its airport, and places all three within that city."
init,(location city9-1),"The city layout is as follows: every city has a unique set of three locations. Location1 and location2 are within the city, while location3, being an airport, is also a part of the city.",deterministic_rule,true,covered,"For each city index 1..14, the rule constructs locations 1..3, types location3 as its airport, and places all three within that city."
init,(location city8-2),"The city layout is as follows: every city has a unique set of three locations. Location1 and location2 are within the city, while location3, being an airport, is also a part of the city.",deterministic_rule,true,covered,"For each city index 1..14, the rule constructs locations 1..3, types location3 as its airport, and places all three within that city."
init,(location city8-1),"The city layout is as follows: every city has a unique set of three locations. Location1 and location2 are within the city, while location3, being an airport, is also a part of the city.",deterministic_rule,true,covered,"For each city index 1..14, the rule constructs locations 1..3, types location3 as its airport, and places all three within that city."
init,(location city7-2),"The city layout is as follows: every city has a unique set of three locations. Location1 and location2 are within the city, while location3, being an airport, is also a part of the city.",deterministic_rule,true,covered,"For each city index 1..14, the rule constructs locations 1..3, types location3 as its airport, and places all three within that city."
init,(location city7-1),"The city layout is as follows: every city has a unique set of three locations. Location1 and location2 are within the city, while location3, being an airport, is also a part of the city.",deterministic_rule,true,covered,"For each city index 1..14, the rule constructs locations 1..3, types location3 as its airport, and places all three within that city."
init,(location city6-2),"The city layout is as follows: every city has a unique set of three locations. Location1 and location2 are within the city, while location3, being an airport, is also a part of the city.",deterministic_rule,true,covered,"For each city index 1..14, the rule constructs locations 1..3, types location3 as its airport, and places all three within that city."
init,(location city6-1),"The city layout is as follows: every city has a unique set of three locations. Location1 and location2 are within the city, while location3, being an airport, is also a part of the city.",deterministic_rule,true,covered,"For each city index 1..14, the rule constructs locations 1..3, types location3 as its airport, and places all three within that city."
init,(location city5-2),"The city layout is as follows: every city has a unique set of three locations. Location1 and location2 are within the city, while location3, being an airport, is also a part of the city.",deterministic_rule,true,covered,"For each city index 1..14, the rule constructs locations 1..3, types location3 as its airport, and places all three within that city."
init,(location city5-1),"The city layout is as follows: every city has a unique set of three locations. Location1 and location2 are within the city, while location3, being an airport, is also a part of the city.",deterministic_rule,true,covered,"For each city index 1..14, the rule constructs locations 1..3, types location3 as its airport, and places all three within that city."
init,(location city4-2),"The city layout is as follows: every city has a unique set of three locations. Location1 and location2 are within the city, while location3, being an airport, is also a part of the city.",deterministic_rule,true,covered,"For each city index 1..14, the rule constructs locations 1..3, types location3 as its airport, and places all three within that city."
init,(location city4-1),"The city layout is as follows: every city has a unique set of three locations. Location1 and location2 are within the city, while location3, being an airport, is also a part of the city.",deterministic_rule,true,covered,"For each city index 1..14, the rule constructs locations 1..3, types location3 as its airport, and places all three within that city."
init,(location city3-2),"The city layout is as follows: every city has a unique set of three locations. Location1 and location2 are within the city, while location3, being an airport, is also a part of the city.",deterministic_rule,true,covered,"For each city index 1..14, the rule constructs locations 1..3, types location3 as its airport, and places all three within that city."
init,(location city3-1),"The city layout is as follows: every city has a unique set of three locations. Location1 and location2 are within the city, while location3, being an airport, is also a part of the city.",deterministic_rule,true,covered,"For each city index 1..14, the rule constructs locations 1..3, types location3 as its airport, and places all three within that city."
init,(location city2-2),"The city layout is as follows: every city has a unique set of three locations. Location1 and location2 are within the city, while location3, being an airport, is also a part of the city.",deterministic_rule,true,covered,"For each city index 1..14, the rule constructs locations 1..3, types location3 as its airport, and places all three within that city."
init,(location city2-1),"The city layout is as follows: every city has a unique set of three locations. Location1 and location2 are within the city, while location3, being an airport, is also a part of the city.",deterministic_rule,true,covered,"For each city index 1..14, the rule constructs locations 1..3, types location3 as its airport, and places all three within that city."
init,(location city1-2),"The city layout is as follows: every city has a unique set of three locations. Location1 and location2 are within the city, while location3, being an airport, is also a part of the city.",deterministic_rule,true,covered,"For each city index 1..14, the rule constructs locations 1..3, types location3 as its airport, and places all three within that city."
init,(location city1-1),"The city layout is as follows: every city has a unique set of three locations. Location1 and location2 are within the city, while location3, being an airport, is also a part of the city.",deterministic_rule,true,covered,"For each city index 1..14, the rule constructs locations 1..3, types location3 as its airport, and places all three within that city."
init,(airport city14-3),"The city layout is as follows: every city has a unique set of three locations. Location1 and location2 are within the city, while location3, being an airport, is also a part of the city.",deterministic_rule,true,covered,"For each city index 1..14, the rule constructs locations 1..3, types location3 as its airport, and places all three within that city."
init,(location city14-3),"The city layout is as follows: every city has a unique set of three locations. Location1 and location2 are within the city, while location3, being an airport, is also a part of the city.",deterministic_rule,true,covered,"For each city index 1..14, the rule constructs locations 1..3, types location3 as its airport, and places all three within that city."
init,(airport city13-3),"The city layout is as follows: every city has a unique set of three locations. Location1 and location2 are within the city, while location3, being an airport, is also a part of the city.",deterministic_rule,true,covered,"For each city index 1..14, the rule constructs locations 1..3, types location3 as its airport, and places all three within that city."
init,(location city13-3),"The city layout is as follows: every city has a unique set of three locations. Location1 and location2 are within the city, while location3, being an airport, is also a part of the city.",deterministic_rule,true,covered,"For each city index 1..14, the rule constructs locations 1..3, types location3 as its airport, and places all three within that city."
init,(airport city12-3),"The city layout is as follows: every city has a unique set of three locations. Location1 and location2 are within the city, while location3, being an airport, is also a part of the city.",deterministic_rule,true,covered,"For each city index 1..14, the rule constructs locations 1..3, types location3 as its airport, and places all three within that city."
init,(location city12-3),"The city layout is as follows: every city has a unique set of three locations. Location1 and location2 are within the city, while location3, being an airport, is also a part of the city.",deterministic_rule,true,covered,"For each city index 1..14, the rule constructs locations 1..3, types location3 as its airport, and places all three within that city."
init,(airport city11-3),"The city layout is as follows: every city has a unique set of three locations. Location1 and location2 are within the city, while location3, being an airport, is also a part of the city.",deterministic_rule,true,covered,"For each city index 1..14, the rule constructs locations 1..3, types location3 as its airport, and places all three within that city."
init,(location city11-3),"The city layout is as follows: every city has a unique set of three locations. Location1 and location2 are within the city, while location3, being an airport, is also a part of the city.",deterministic_rule,true,covered,"For each city index 1..14, the rule constructs locations 1..3, types location3 as its airport, and places all three within that city."
init,(airport city10-3),"The city layout is as follows: every city has a unique set of three locations. Location1 and location2 are within the city, while location3, being an airport, is also a part of the city.",deterministic_rule,true,covered,"For each city index 1..14, the rule constructs locations 1..3, types location3 as its airport, and places all three within that city."
init,(location city10-3),"The city layout is as follows: every city has a unique set of three locations. Location1 and location2 are within the city, while location3, being an airport, is also a part of the city.",deterministic_rule,true,covered,"For each city index 1..14, the rule constructs locations 1..3, types location3 as its airport, and places all three within that city."
init,(airport city9-3),"The city layout is as follows: every city has a unique set of three locations. Location1 and location2 are within the city, while location3, being an airport, is also a part of the city.",deterministic_rule,true,covered,"For each city index 1..14, the rule constructs locations 1..3, types location3 as its airport, and places all three within that city."
init,(location city9-3),"The city layout is as follows: every city has a unique set of three locations. Location1 and location2 are within the city, while location3, being an airport, is also a part of the city.",deterministic_rule,true,covered,"For each city index 1..14, the rule constructs locations 1..3, types location3 as its airport, and places all three within that city."
init,(airport city8-3),"The city layout is as follows: every city has a unique set of three locations. Location1 and location2 are within the city, while location3, being an airport, is also a part of the city.",deterministic_rule,true,covered,"For each city index 1..14, the rule constructs locations 1..3, types location3 as its airport, and places all three within that city."
init,(location city8-3),"The city layout is as follows: every city has a unique set of three locations. Location1 and location2 are within the city, while location3, being an airport, is also a part of the city.",deterministic_rule,true,covered,"For each city index 1..14, the rule constructs locations 1..3, types location3 as its airport, and places all three within that city."
init,(airport city7-3),"The city layout is as follows: every city has a unique set of three locations. Location1 and location2 are within the city, while location3, being an airport, is also a part of the city.",deterministic_rule,true,covered,"For each city index 1..14, the rule constructs locations 1..3, types location3 as its airport, and places all three within that city."
init,(location city7-3),"The city layout is as follows: every city has a unique set of three locations. Location1 and location2 are within the city, while location3, being an airport, is also a part of the city.",deterministic_rule,true,covered,"For each city index 1..14, the rule constructs locations 1..3, types location3 as its airport, and places all three within that city."
init,(airport city6-3),"The city layout is as follows: every city has a unique set of three locations. Location1 and location2 are within the city, while location3, being an airport, is also a part of the city.",deterministic_rule,true,covered,"For each city index 1..14, the rule constructs locations 1..3, types location3 as its airport, and places all three within that city."
init,(location city6-3),"The city layout is as follows: every city has a unique set of three locations. Location1 and location2 are within the city, while location3, being an airport, is also a part of the city.",deterministic_rule,true,covered,"For each city index 1..14, the rule constructs locations 1..3, types location3 as its airport, and places all three within that city."
init,(airport city5-3),"The city layout is as follows: every city has a unique set of three locations. Location1 and location2 are within the city, while location3, being an airport, is also a part of the city.",deterministic_rule,true,covered,"For each city index 1..14, the rule constructs locations 1..3, types location3 as its airport, and places all three within that city."
init,(location city5-3),"The city layout is as follows: every city has a unique set of three locations. Location1 and location2 are within the city, while location3, being an airport, is also a part of the city.",deterministic_rule,true,covered,"For each city index 1..14, the rule constructs locations 1..3, types location3 as its airport, and places all three within that city."
init,(airport city4-3),"The city layout is as follows: every city has a unique set of three locations. Location1 and location2 are within the city, while location3, being an airport, is also a part of the city.",deterministic_rule,true,covered,"For each city index 1..14, the rule constructs locations 1..3, types location3 as its airport, and places all three within that city."
init,(location city4-3),"The city layout is as follows: every city has a unique set of three locations. Location1 and location2 are within the city, while location3, being an airport, is also a part of the city.",deterministic_rule,true,covered,"For each city index 1..14, the rule constructs locations 1..3, types location3 as its airport, and places all three within that city."
init,(airport city3-3),"The city layout is as follows: every city has a unique set of three locations. Location1 and location2 are within the city, while location3, being an airport, is also a part of the city.",deterministic_rule,true,covered,"For each city index 1..14, the rule constructs locations 1..3, types location3 as its airport, and places all three within that city."
init,(location city3-3),"The city layout is as follows: every city has a unique set of three locations. Location1 and location2 are within the city, while location3, being an airport, is also a part of the city.",deterministic_rule,true,covered,"For each city index 1..14, the rule constructs locations 1..3, types location3 as its airport, and places all three within that city."
init,(airport city2-3),"The city layout is as follows: every city has a unique set of three locations. Location1 and location2 are within the city, while location3, being an airport, is also a part of the city.",deterministic_rule,true,covered,"For each city index 1..14, the rule constructs locations 1..3, types location3 as its airport, and places all three within that city."
init,(location city2-3),"The city layout is as follows: every city has a unique set of three locations. Location1 and location2 are within the city, while location3, being an airport, is also a part of the city.",deterministic_rule,true,covered,"For each city index 1..14, the rule constructs locations 1..3, types location3 as its airport, and places all three within that city."
init,(airport city1-3),"The city layout is as follows: every city has a unique set of three locations. Location1 and location2 are within the city, while location3, being an airport, is also a part of the city.",deterministic_rule,true,covered,"For each city index 1..14, the rule constructs locations 1..3, types location3 as its airport, and places all three within that city."
init,(location city1-3),"The city layout is as follows: every city has a unique set of three locations. Location1 and location2 are within the city, while location3, being an airport, is also a part of the city.",deterministic_rule,true,covered,"For each city index 1..14, the rule constructs locations 1..3, types location3 as its airport, and places all three within that city."
init,(in-city city14-3 city14),"The city layout is as follows: every city has a unique set of three locations. Location1 and location2 are within the city, while location3, being an airport, is also a part of the city.",deterministic_rule,true,covered,"For each city index 1..14, the rule constructs locations 1..3, types location3 as its airport, and places all three within that city."
init,(in-city city14-2 city14),"The city layout is as follows: every city has a unique set of three locations. Location1 and location2 are within the city, while location3, being an airport, is also a part of the city.",deterministic_rule,true,covered,"For each city index 1..14, the rule constructs locations 1..3, types location3 as its airport, and places all three within that city."
init,(in-city city14-1 city14),"The city layout is as follows: every city has a unique set of three locations. Location1 and location2 are within the city, while location3, being an airport, is also a part of the city.",deterministic_rule,true,covered,"For each city index 1..14, the rule constructs locations 1..3, types location3 as its airport, and places all three within that city."
init,(in-city city13-3 city13),"The city layout is as follows: every city has a unique set of three locations. Location1 and location2 are within the city, while location3, being an airport, is also a part of the city.",deterministic_rule,true,covered,"For each city index 1..14, the rule constructs locations 1..3, types location3 as its airport, and places all three within that city."
init,(in-city city13-2 city13),"The city layout is as follows: every city has a unique set of three locations. Location1 and location2 are within the city, while location3, being an airport, is also a part of the city.",deterministic_rule,true,covered,"For each city index 1..14, the rule constructs locations 1..3, types location3 as its airport, and places all three within that city."
init,(in-city city13-1 city13),"The city layout is as follows: every city has a unique set of three locations. Location1 and location2 are within the city, while location3, being an airport, is also a part of the city.",deterministic_rule,true,covered,"For each city index 1..14, the rule constructs locations 1..3, types location3 as its airport, and places all three within that city."
init,(in-city city12-3 city12),"The city layout is as follows: every city has a unique set of three locations. Location1 and location2 are within the city, while location3, being an airport, is also a part of the city.",deterministic_rule,true,covered,"For each city index 1..14, the rule constructs locations 1..3, types location3 as its airport, and places all three within that city."
init,(in-city city12-2 city12),"The city layout is as follows: every city has a unique set of three locations. Location1 and location2 are within the city, while location3, being an airport, is also a part of the city.",deterministic_rule,true,covered,"For each city index 1..14, the rule constructs locations 1..3, types location3 as its airport, and places all three within that city."
init,(in-city city12-1 city12),"The city layout is as follows: every city has a unique set of three locations. Location1 and location2 are within the city, while location3, being an airport, is also a part of the city.",deterministic_rule,true,covered,"For each city index 1..14, the rule constructs locations 1..3, types location3 as its airport, and places all three within that city."
init,(in-city city11-3 city11),"The city layout is as follows: every city has a unique set of three locations. Location1 and location2 are within the city, while location3, being an airport, is also a part of the city.",deterministic_rule,true,covered,"For each city index 1..14, the rule constructs locations 1..3, types location3 as its airport, and places all three within that city."
init,(in-city city11-2 city11),"The city layout is as follows: every city has a unique set of three locations. Location1 and location2 are within the city, while location3, being an airport, is also a part of the city.",deterministic_rule,true,covered,"For each city index 1..14, the rule constructs locations 1..3, types location3 as its airport, and places all three within that city."
init,(in-city city11-1 city11),"The city layout is as follows: every city has a unique set of three locations. Location1 and location2 are within the city, while location3, being an airport, is also a part of the city.",deterministic_rule,true,covered,"For each city index 1..14, the rule constructs locations 1..3, types location3 as its airport, and places all three within that city."
init,(in-city city10-3 city10),"The city layout is as follows: every city has a unique set of three locations. Location1 and location2 are within the city, while location3, being an airport, is also a part of the city.",deterministic_rule,true,covered,"For each city index 1..14, the rule constructs locations 1..3, types location3 as its airport, and places all three within that city."
init,(in-city city10-2 city10),"The city layout is as follows: every city has a unique set of three locations. Location1 and location2 are within the city, while location3, being an airport, is also a part of the city.",deterministic_rule,true,covered,"For each city index 1..14, the rule constructs locations 1..3, types location3 as its airport, and places all three within that city."
init,(in-city city10-1 city10),"The city layout is as follows: every city has a unique set of three locations. Location1 and location2 are within the city, while location3, being an airport, is also a part of the city.",deterministic_rule,true,covered,"For each city index 1..14, the rule constructs locations 1..3, types location3 as its airport, and places all three within that city."
init,(in-city city9-3 city9),"The city layout is as follows: every city has a unique set of three locations. Location1 and location2 are within the city, while location3, being an airport, is also a part of the city.",deterministic_rule,true,covered,"For each city index 1..14, the rule constructs locations 1..3, types location3 as its airport, and places all three within that city."
init,(in-city city9-2 city9),"The city layout is as follows: every city has a unique set of three locations. Location1 and location2 are within the city, while location3, being an airport, is also a part of the city.",deterministic_rule,true,covered,"For each city index 1..14, the rule constructs locations 1..3, types location3 as its airport, and places all three within that city."
init,(in-city city9-1 city9),"The city layout is as follows: every city has a unique set of three locations. Location1 and location2 are within the city, while location3, being an airport, is also a part of the city.",deterministic_rule,true,covered,"For each city index 1..14, the rule constructs locations 1..3, types location3 as its airport, and places all three within that city."
init,(in-city city8-3 city8),"The city layout is as follows: every city has a unique set of three locations. Location1 and location2 are within the city, while location3, being an airport, is also a part of the city.",deterministic_rule,true,covered,"For each city index 1..14, the rule constructs locations 1..3, types location3 as its airport, and places all three within that city."
init,(in-city city8-2 city8),"The city layout is as follows: every city has a unique set of three locations. Location1 and location2 are within the city, while location3, being an airport, is also a part of the city.",deterministic_rule,true,covered,"For each city index 1..14, the rule constructs locations 1..3, types location3 as its airport, and places all three within that city."
init,(in-city city8-1 city8),"The city layout is as follows: every city has a unique set of three locations. Location1 and location2 are within the city, while location3, being an airport, is also a part of the city.",deterministic_rule,true,covered,"For each city index 1..14, the rule constructs locations 1..3, types location3 as its airport, and places all three within that city."
init,(in-city city7-3 city7),"The city layout is as follows: every city has a unique set of three locations. Location1 and location2 are within the city, while location3, being an airport, is also a part of the city.",deterministic_rule,true,covered,"For each city index 1..14, the rule constructs locations 1..3, types location3 as its airport, and places all three within that city."
init,(in-city city7-2 city7),"The city layout is as follows: every city has a unique set of three locations. Location1 and location2 are within the city, while location3, being an airport, is also a part of the city.",deterministic_rule,true,covered,"For each city index 1..14, the rule constructs locations 1..3, types location3 as its airport, and places all three within that city."
init,(in-city city7-1 city7),"The city layout is as follows: every city has a unique set of three locations. Location1 and location2 are within the city, while location3, being an airport, is also a part of the city.",deterministic_rule,true,covered,"For each city index 1..14, the rule constructs locations 1..3, types location3 as its airport, and places all three within that city."
init,(in-city city6-3 city6),"The city layout is as follows: every city has a unique set of three locations. Location1 and location2 are within the city, while location3, being an airport, is also a part of the city.",deterministic_rule,true,covered,"For each city index 1..14, the rule constructs locations 1..3, types location3 as its airport, and places all three within that city."
init,(in-city city6-2 city6),"The city layout is as follows: every city has a unique set of three locations. Location1 and location2 are within the city, while location3, being an airport, is also a part of the city.",deterministic_rule,true,covered,"For each city index 1..14, the rule constructs locations 1..3, types location3 as its airport, and places all three within that city."
init,(in-city city6-1 city6),"The city layout is as follows: every city has a unique set of three locations. Location1 and location2 are within the city, while location3, being an airport, is also a part of the city.",deterministic_rule,true,covered,"For each city index 1..14, the rule constructs locations 1..3, types location3 as its airport, and places all three within that city."
init,(in-city city5-3 city5),"The city layout is as follows: every city has a unique set of three locations. Location1 and location2 are within the city, while location3, being an airport, is also a part of the city.",deterministic_rule,true,covered,"For each city index 1..14, the rule constructs locations 1..3, types location3 as its airport, and places all three within that city."
init,(in-city city5-2 city5),"The city layout is as follows: every city has a unique set of three locations. Location1 and location2 are within the city, while location3, being an airport, is also a part of the city.",deterministic_rule,true,covered,"For each city index 1..14, the rule constructs locations 1..3, types location3 as its airport, and places all three within that city."
init,(in-city city5-1 city5),"The city layout is as follows: every city has a unique set of three locations. Location1 and location2 are within the city, while location3, being an airport, is also a part of the city.",deterministic_rule,true,covered,"For each city index 1..14, the rule constructs locations 1..3, types location3 as its airport, and places all three within that city."
init,(in-city city4-3 city4),"The city layout is as follows: every city has a unique set of three locations. Location1 and location2 are within the city, while location3, being an airport, is also a part of the city.",deterministic_rule,true,covered,"For each city index 1..14, the rule constructs locations 1..3, types location3 as its airport, and places all three within that city."
init,(in-city city4-2 city4),"The city layout is as follows: every city has a unique set of three locations. Location1 and location2 are within the city, while location3, being an airport, is also a part of the city.",deterministic_rule,true,covered,"For each city index 1..14, the rule constructs locations 1..3, types location3 as its airport, and places all three within that city."
init,(in-city city4-1 city4),"The city layout is as follows: every city has a unique set of three locations. Location1 and location2 are within the city, while location3, being an airport, is also a part of the city.",deterministic_rule,true,covered,"For each city index 1..14, the rule constructs locations 1..3, types location3 as its airport, and places all three within that city."
init,(in-city city3-3 city3),"The city layout is as follows: every city has a unique set of three locations. Location1 and location2 are within the city, while location3, being an airport, is also a part of the city.",deterministic_rule,true,covered,"For each city index 1..14, the rule constructs locations 1..3, types location3 as its airport, and places all three within that city."
init,(in-city city3-2 city3),"The city layout is as follows: every city has a unique set of three locations. Location1 and location2 are within the city, while location3, being an airport, is also a part of the city.",deterministic_rule,true,covered,"For each city index 1..14, the rule constructs locations 1..3, types location3 as its airport, and places all three within that city."
init,(in-city city3-1 city3),"The city layout is as follows: every city has a unique set of three locations. Location1 and location2 are within the city, while location3, being an airport, is also a part of the city.",deterministic_rule,true,covered,"For each city index 1..14, the rule constructs locations 1..3, types location3 as its airport, and places all three within that city."
init,(in-city city2-3 city2),"The city layout is as follows: every city has a unique set of three locations. Location1 and location2 are within the city, while location3, being an airport, is also a part of the city.",deterministic_rule,true,covered,"For each city index 1..14, the rule constructs locations 1..3, types location3 as its airport, and places all three within that city."
init,(in-city city2-2 city2),"The city layout is as follows: every city has a unique set of three locations. Location1 and location2 are within the city, while location3, being an airport, is also a part of the city.",deterministic_rule,true,covered,"For each city index 1..14, the rule constructs locations 1..3, types location3 as its airport, and places all three within that city."
init,(in-city city2-1 city2),"The city layout is as follows: every city has a unique set of three locations. Location1 and location2 are within the city, while location3, being an airport, is also a part of the city.",deterministic_rule,true,covered,"For each city index 1..14, the rule constructs locations 1..3, types location3 as its airport, and places all three within that city."
init,(in-city city1-3 city1),"The city layout is as follows: every city has a unique set of three locations. Location1 and location2 are within the city, while location3, being an airport, is also a part of the city.",deterministic_rule,true,covered,"For each city index 1..14, the rule constructs locations 1..3, types location3 as its airport, and places all three within that city."
init,(in-city city1-2 city1),"The city layout is as follows: every city has a unique set of three locations. Location1 and location2 are within the city, while location3, being an airport, is also a part of the city.",deterministic_rule,true,covered,"For each city index 1..14, the rule constructs locations 1..3, types location3 as its airport, and places all three within that city."
init,(in-city city1-1 city1),"The city layout is as follows: every city has a unique set of three locations. Location1 and location2 are within the city, while location3, being an airport, is also a part of the city.",deterministic_rule,true,covered,"For each city index 1..14, the rule constructs locations 1..3, types location3 as its airport, and places all three within that city."
init,(at plane4 city10-3),"Plane assignments: plane4 is stationed at the airport in city10, plane3 at the airport in city1, and both plane2 and plane1 at the airport in city11.",direct,true,covered,The complete airplane assignment uniquely fixes this pair; airport means the same city’s location3.
init,(at plane3 city1-3),"Plane assignments: plane4 is stationed at the airport in city10, plane3 at the airport in city1, and both plane2 and plane1 at the airport in city11.",direct,true,covered,The complete airplane assignment uniquely fixes this pair; airport means the same city’s location3.
init,(at plane2 city11-3),"Plane assignments: plane4 is stationed at the airport in city10, plane3 at the airport in city1, and both plane2 and plane1 at the airport in city11.",direct,true,covered,The complete airplane assignment uniquely fixes this pair; airport means the same city’s location3.
init,(at plane1 city11-3),"Plane assignments: plane4 is stationed at the airport in city10, plane3 at the airport in city1, and both plane2 and plane1 at the airport in city11.",direct,true,covered,The complete airplane assignment uniquely fixes this pair; airport means the same city’s location3.
init,(at truck14 city14-1),"Truck assignments: trucks truck14, truck13, truck12, truck11, truck10, truck7, truck5, truck2, and truck1 are at the first location in their same-numbered cities, while trucks truck9, truck8, truck6, truck4, and truck3 are at the second location in their same-numbered cities.",deterministic_rule,true,covered,"The truck occurs in exactly one exhaustive group, and same-numbered fixes the city index."
init,(at truck13 city13-1),"Truck assignments: trucks truck14, truck13, truck12, truck11, truck10, truck7, truck5, truck2, and truck1 are at the first location in their same-numbered cities, while trucks truck9, truck8, truck6, truck4, and truck3 are at the second location in their same-numbered cities.",deterministic_rule,true,covered,"The truck occurs in exactly one exhaustive group, and same-numbered fixes the city index."
init,(at truck12 city12-1),"Truck assignments: trucks truck14, truck13, truck12, truck11, truck10, truck7, truck5, truck2, and truck1 are at the first location in their same-numbered cities, while trucks truck9, truck8, truck6, truck4, and truck3 are at the second location in their same-numbered cities.",deterministic_rule,true,covered,"The truck occurs in exactly one exhaustive group, and same-numbered fixes the city index."
init,(at truck11 city11-1),"Truck assignments: trucks truck14, truck13, truck12, truck11, truck10, truck7, truck5, truck2, and truck1 are at the first location in their same-numbered cities, while trucks truck9, truck8, truck6, truck4, and truck3 are at the second location in their same-numbered cities.",deterministic_rule,true,covered,"The truck occurs in exactly one exhaustive group, and same-numbered fixes the city index."
init,(at truck10 city10-1),"Truck assignments: trucks truck14, truck13, truck12, truck11, truck10, truck7, truck5, truck2, and truck1 are at the first location in their same-numbered cities, while trucks truck9, truck8, truck6, truck4, and truck3 are at the second location in their same-numbered cities.",deterministic_rule,true,covered,"The truck occurs in exactly one exhaustive group, and same-numbered fixes the city index."
init,(at truck9 city9-2),"Truck assignments: trucks truck14, truck13, truck12, truck11, truck10, truck7, truck5, truck2, and truck1 are at the first location in their same-numbered cities, while trucks truck9, truck8, truck6, truck4, and truck3 are at the second location in their same-numbered cities.",deterministic_rule,true,covered,"The truck occurs in exactly one exhaustive group, and same-numbered fixes the city index."
init,(at truck8 city8-2),"Truck assignments: trucks truck14, truck13, truck12, truck11, truck10, truck7, truck5, truck2, and truck1 are at the first location in their same-numbered cities, while trucks truck9, truck8, truck6, truck4, and truck3 are at the second location in their same-numbered cities.",deterministic_rule,true,covered,"The truck occurs in exactly one exhaustive group, and same-numbered fixes the city index."
init,(at truck7 city7-1),"Truck assignments: trucks truck14, truck13, truck12, truck11, truck10, truck7, truck5, truck2, and truck1 are at the first location in their same-numbered cities, while trucks truck9, truck8, truck6, truck4, and truck3 are at the second location in their same-numbered cities.",deterministic_rule,true,covered,"The truck occurs in exactly one exhaustive group, and same-numbered fixes the city index."
init,(at truck6 city6-2),"Truck assignments: trucks truck14, truck13, truck12, truck11, truck10, truck7, truck5, truck2, and truck1 are at the first location in their same-numbered cities, while trucks truck9, truck8, truck6, truck4, and truck3 are at the second location in their same-numbered cities.",deterministic_rule,true,covered,"The truck occurs in exactly one exhaustive group, and same-numbered fixes the city index."
init,(at truck5 city5-1),"Truck assignments: trucks truck14, truck13, truck12, truck11, truck10, truck7, truck5, truck2, and truck1 are at the first location in their same-numbered cities, while trucks truck9, truck8, truck6, truck4, and truck3 are at the second location in their same-numbered cities.",deterministic_rule,true,covered,"The truck occurs in exactly one exhaustive group, and same-numbered fixes the city index."
init,(at truck4 city4-2),"Truck assignments: trucks truck14, truck13, truck12, truck11, truck10, truck7, truck5, truck2, and truck1 are at the first location in their same-numbered cities, while trucks truck9, truck8, truck6, truck4, and truck3 are at the second location in their same-numbered cities.",deterministic_rule,true,covered,"The truck occurs in exactly one exhaustive group, and same-numbered fixes the city index."
init,(at truck3 city3-2),"Truck assignments: trucks truck14, truck13, truck12, truck11, truck10, truck7, truck5, truck2, and truck1 are at the first location in their same-numbered cities, while trucks truck9, truck8, truck6, truck4, and truck3 are at the second location in their same-numbered cities.",deterministic_rule,true,covered,"The truck occurs in exactly one exhaustive group, and same-numbered fixes the city index."
init,(at truck2 city2-1),"Truck assignments: trucks truck14, truck13, truck12, truck11, truck10, truck7, truck5, truck2, and truck1 are at the first location in their same-numbered cities, while trucks truck9, truck8, truck6, truck4, and truck3 are at the second location in their same-numbered cities.",deterministic_rule,true,covered,"The truck occurs in exactly one exhaustive group, and same-numbered fixes the city index."
init,(at truck1 city1-1),"Truck assignments: trucks truck14, truck13, truck12, truck11, truck10, truck7, truck5, truck2, and truck1 are at the first location in their same-numbered cities, while trucks truck9, truck8, truck6, truck4, and truck3 are at the second location in their same-numbered cities.",deterministic_rule,true,covered,"The truck occurs in exactly one exhaustive group, and same-numbered fixes the city index."
init,(at package9 city4-2),Package9 at the second location in city4.,direct,true,covered,The package bullet uniquely fixes this initial pair.
init,(at package8 city9-1),"Package8 and package6, both currently situated at the first location in city9.",direct,true,covered,The package bullet uniquely fixes this initial pair.
init,(at package7 city1-2),Package7 located at the second location in city1.,direct,true,covered,The package bullet uniquely fixes this initial pair.
init,(at package6 city9-1),"Package8 and package6, both currently situated at the first location in city9.",direct,true,covered,The package bullet uniquely fixes this initial pair.
init,(at package5 city12-2),Packages5 and package2 are both situated at the second location in city12.,direct,true,covered,The package bullet uniquely fixes this initial pair.
init,(at package4 city8-1),Package4 is situated at the first location in city8.,direct,true,covered,The package bullet uniquely fixes this initial pair.
init,(at package3 city12-3),Package3 waiting at the airport in city12.,direct,true,covered,The package bullet uniquely fixes this initial pair.
init,(at package2 city12-2),Packages5 and package2 are both situated at the second location in city12.,direct,true,covered,The package bullet uniquely fixes this initial pair.
init,(at package1 city8-3),"Lastly, package1 is at the airport in city8.",direct,true,covered,The package bullet uniquely fixes this initial pair.
goal,(at package9 city11-2),Package9 should be delivered to the second location in city11.,direct,true,covered,This goal bullet uniquely fixes the package-destination pair.
goal,(at package8 city5-3),Package8 needs to reach the airport in city5.,direct,true,covered,This goal bullet uniquely fixes the package-destination pair.
goal,(at package7 city10-3),Package7 is destined for the airport in city10.,direct,true,covered,This goal bullet uniquely fixes the package-destination pair.
goal,(at package6 city9-3),Package6 should be at the airport in city9.,direct,true,covered,This goal bullet uniquely fixes the package-destination pair.
goal,(at package5 city10-1),Package5 requires delivery to the first location in city10.,direct,true,covered,This goal bullet uniquely fixes the package-destination pair.
goal,(at package4 city13-1),Package4 should arrive at the first location in city13.,direct,true,covered,This goal bullet uniquely fixes the package-destination pair.
goal,(at package3 city1-3),"Lastly, package3’s destination is the airport in city1.",direct,true,covered,This goal bullet uniquely fixes the package-destination pair.
