section,pddl_item,evidence,evidence_kind,unique,status,notes
objects,apt14,"Our cities, numbered cit1 to cit14, each contain a position and an airport; specifically, for every integer X from 1 through 14, posX is a location in citX and aptX is an airport location in citX.",deterministic_rule,true,covered,"X=1–14 yields this exact city, position, or airport identifier."
objects,pos14,"Our cities, numbered cit1 to cit14, each contain a position and an airport; specifically, for every integer X from 1 through 14, posX is a location in citX and aptX is an airport location in citX.",deterministic_rule,true,covered,"X=1–14 yields this exact city, position, or airport identifier."
objects,cit14,"Our cities, numbered cit1 to cit14, each contain a position and an airport; specifically, for every integer X from 1 through 14, posX is a location in citX and aptX is an airport location in citX.",deterministic_rule,true,covered,"X=1–14 yields this exact city, position, or airport identifier."
objects,tru14,"Specifically, for every integer X from 1 through 14, we have packages objX1, objX2, and objX3, where X is replaced by its decimal numeral in each identifier (so X = 10 yields obj101, obj102, and obj103); our fleet includes trucks tru1 to tru14, and airplanes apn1 to apn4.",deterministic_rule,true,covered,"The bounded construction/ranges yield this exact package, truck, or airplane identifier."
objects,obj143,"Specifically, for every integer X from 1 through 14, we have packages objX1, objX2, and objX3, where X is replaced by its decimal numeral in each identifier (so X = 10 yields obj101, obj102, and obj103); our fleet includes trucks tru1 to tru14, and airplanes apn1 to apn4.",deterministic_rule,true,covered,"The bounded construction/ranges yield this exact package, truck, or airplane identifier."
objects,obj142,"Specifically, for every integer X from 1 through 14, we have packages objX1, objX2, and objX3, where X is replaced by its decimal numeral in each identifier (so X = 10 yields obj101, obj102, and obj103); our fleet includes trucks tru1 to tru14, and airplanes apn1 to apn4.",deterministic_rule,true,covered,"The bounded construction/ranges yield this exact package, truck, or airplane identifier."
objects,obj141,"Specifically, for every integer X from 1 through 14, we have packages objX1, objX2, and objX3, where X is replaced by its decimal numeral in each identifier (so X = 10 yields obj101, obj102, and obj103); our fleet includes trucks tru1 to tru14, and airplanes apn1 to apn4.",deterministic_rule,true,covered,"The bounded construction/ranges yield this exact package, truck, or airplane identifier."
objects,apn4,"Specifically, for every integer X from 1 through 14, we have packages objX1, objX2, and objX3, where X is replaced by its decimal numeral in each identifier (so X = 10 yields obj101, obj102, and obj103); our fleet includes trucks tru1 to tru14, and airplanes apn1 to apn4.",deterministic_rule,true,covered,"The bounded construction/ranges yield this exact package, truck, or airplane identifier."
objects,apt13,"Our cities, numbered cit1 to cit14, each contain a position and an airport; specifically, for every integer X from 1 through 14, posX is a location in citX and aptX is an airport location in citX.",deterministic_rule,true,covered,"X=1–14 yields this exact city, position, or airport identifier."
objects,pos13,"Our cities, numbered cit1 to cit14, each contain a position and an airport; specifically, for every integer X from 1 through 14, posX is a location in citX and aptX is an airport location in citX.",deterministic_rule,true,covered,"X=1–14 yields this exact city, position, or airport identifier."
objects,cit13,"Our cities, numbered cit1 to cit14, each contain a position and an airport; specifically, for every integer X from 1 through 14, posX is a location in citX and aptX is an airport location in citX.",deterministic_rule,true,covered,"X=1–14 yields this exact city, position, or airport identifier."
objects,tru13,"Specifically, for every integer X from 1 through 14, we have packages objX1, objX2, and objX3, where X is replaced by its decimal numeral in each identifier (so X = 10 yields obj101, obj102, and obj103); our fleet includes trucks tru1 to tru14, and airplanes apn1 to apn4.",deterministic_rule,true,covered,"The bounded construction/ranges yield this exact package, truck, or airplane identifier."
objects,obj133,"Specifically, for every integer X from 1 through 14, we have packages objX1, objX2, and objX3, where X is replaced by its decimal numeral in each identifier (so X = 10 yields obj101, obj102, and obj103); our fleet includes trucks tru1 to tru14, and airplanes apn1 to apn4.",deterministic_rule,true,covered,"The bounded construction/ranges yield this exact package, truck, or airplane identifier."
objects,obj132,"Specifically, for every integer X from 1 through 14, we have packages objX1, objX2, and objX3, where X is replaced by its decimal numeral in each identifier (so X = 10 yields obj101, obj102, and obj103); our fleet includes trucks tru1 to tru14, and airplanes apn1 to apn4.",deterministic_rule,true,covered,"The bounded construction/ranges yield this exact package, truck, or airplane identifier."
objects,obj131,"Specifically, for every integer X from 1 through 14, we have packages objX1, objX2, and objX3, where X is replaced by its decimal numeral in each identifier (so X = 10 yields obj101, obj102, and obj103); our fleet includes trucks tru1 to tru14, and airplanes apn1 to apn4.",deterministic_rule,true,covered,"The bounded construction/ranges yield this exact package, truck, or airplane identifier."
objects,apt12,"Our cities, numbered cit1 to cit14, each contain a position and an airport; specifically, for every integer X from 1 through 14, posX is a location in citX and aptX is an airport location in citX.",deterministic_rule,true,covered,"X=1–14 yields this exact city, position, or airport identifier."
objects,pos12,"Our cities, numbered cit1 to cit14, each contain a position and an airport; specifically, for every integer X from 1 through 14, posX is a location in citX and aptX is an airport location in citX.",deterministic_rule,true,covered,"X=1–14 yields this exact city, position, or airport identifier."
objects,cit12,"Our cities, numbered cit1 to cit14, each contain a position and an airport; specifically, for every integer X from 1 through 14, posX is a location in citX and aptX is an airport location in citX.",deterministic_rule,true,covered,"X=1–14 yields this exact city, position, or airport identifier."
objects,tru12,"Specifically, for every integer X from 1 through 14, we have packages objX1, objX2, and objX3, where X is replaced by its decimal numeral in each identifier (so X = 10 yields obj101, obj102, and obj103); our fleet includes trucks tru1 to tru14, and airplanes apn1 to apn4.",deterministic_rule,true,covered,"The bounded construction/ranges yield this exact package, truck, or airplane identifier."
objects,obj123,"Specifically, for every integer X from 1 through 14, we have packages objX1, objX2, and objX3, where X is replaced by its decimal numeral in each identifier (so X = 10 yields obj101, obj102, and obj103); our fleet includes trucks tru1 to tru14, and airplanes apn1 to apn4.",deterministic_rule,true,covered,"The bounded construction/ranges yield this exact package, truck, or airplane identifier."
objects,obj122,"Specifically, for every integer X from 1 through 14, we have packages objX1, objX2, and objX3, where X is replaced by its decimal numeral in each identifier (so X = 10 yields obj101, obj102, and obj103); our fleet includes trucks tru1 to tru14, and airplanes apn1 to apn4.",deterministic_rule,true,covered,"The bounded construction/ranges yield this exact package, truck, or airplane identifier."
objects,obj121,"Specifically, for every integer X from 1 through 14, we have packages objX1, objX2, and objX3, where X is replaced by its decimal numeral in each identifier (so X = 10 yields obj101, obj102, and obj103); our fleet includes trucks tru1 to tru14, and airplanes apn1 to apn4.",deterministic_rule,true,covered,"The bounded construction/ranges yield this exact package, truck, or airplane identifier."
objects,apt11,"Our cities, numbered cit1 to cit14, each contain a position and an airport; specifically, for every integer X from 1 through 14, posX is a location in citX and aptX is an airport location in citX.",deterministic_rule,true,covered,"X=1–14 yields this exact city, position, or airport identifier."
objects,pos11,"Our cities, numbered cit1 to cit14, each contain a position and an airport; specifically, for every integer X from 1 through 14, posX is a location in citX and aptX is an airport location in citX.",deterministic_rule,true,covered,"X=1–14 yields this exact city, position, or airport identifier."
objects,cit11,"Our cities, numbered cit1 to cit14, each contain a position and an airport; specifically, for every integer X from 1 through 14, posX is a location in citX and aptX is an airport location in citX.",deterministic_rule,true,covered,"X=1–14 yields this exact city, position, or airport identifier."
objects,tru11,"Specifically, for every integer X from 1 through 14, we have packages objX1, objX2, and objX3, where X is replaced by its decimal numeral in each identifier (so X = 10 yields obj101, obj102, and obj103); our fleet includes trucks tru1 to tru14, and airplanes apn1 to apn4.",deterministic_rule,true,covered,"The bounded construction/ranges yield this exact package, truck, or airplane identifier."
objects,obj113,"Specifically, for every integer X from 1 through 14, we have packages objX1, objX2, and objX3, where X is replaced by its decimal numeral in each identifier (so X = 10 yields obj101, obj102, and obj103); our fleet includes trucks tru1 to tru14, and airplanes apn1 to apn4.",deterministic_rule,true,covered,"The bounded construction/ranges yield this exact package, truck, or airplane identifier."
objects,obj112,"Specifically, for every integer X from 1 through 14, we have packages objX1, objX2, and objX3, where X is replaced by its decimal numeral in each identifier (so X = 10 yields obj101, obj102, and obj103); our fleet includes trucks tru1 to tru14, and airplanes apn1 to apn4.",deterministic_rule,true,covered,"The bounded construction/ranges yield this exact package, truck, or airplane identifier."
objects,obj111,"Specifically, for every integer X from 1 through 14, we have packages objX1, objX2, and objX3, where X is replaced by its decimal numeral in each identifier (so X = 10 yields obj101, obj102, and obj103); our fleet includes trucks tru1 to tru14, and airplanes apn1 to apn4.",deterministic_rule,true,covered,"The bounded construction/ranges yield this exact package, truck, or airplane identifier."
objects,apt10,"Our cities, numbered cit1 to cit14, each contain a position and an airport; specifically, for every integer X from 1 through 14, posX is a location in citX and aptX is an airport location in citX.",deterministic_rule,true,covered,"X=1–14 yields this exact city, position, or airport identifier."
objects,pos10,"Our cities, numbered cit1 to cit14, each contain a position and an airport; specifically, for every integer X from 1 through 14, posX is a location in citX and aptX is an airport location in citX.",deterministic_rule,true,covered,"X=1–14 yields this exact city, position, or airport identifier."
objects,cit10,"Our cities, numbered cit1 to cit14, each contain a position and an airport; specifically, for every integer X from 1 through 14, posX is a location in citX and aptX is an airport location in citX.",deterministic_rule,true,covered,"X=1–14 yields this exact city, position, or airport identifier."
objects,tru10,"Specifically, for every integer X from 1 through 14, we have packages objX1, objX2, and objX3, where X is replaced by its decimal numeral in each identifier (so X = 10 yields obj101, obj102, and obj103); our fleet includes trucks tru1 to tru14, and airplanes apn1 to apn4.",deterministic_rule,true,covered,"The bounded construction/ranges yield this exact package, truck, or airplane identifier."
objects,obj103,"Specifically, for every integer X from 1 through 14, we have packages objX1, objX2, and objX3, where X is replaced by its decimal numeral in each identifier (so X = 10 yields obj101, obj102, and obj103); our fleet includes trucks tru1 to tru14, and airplanes apn1 to apn4.",deterministic_rule,true,covered,"The bounded construction/ranges yield this exact package, truck, or airplane identifier."
objects,obj102,"Specifically, for every integer X from 1 through 14, we have packages objX1, objX2, and objX3, where X is replaced by its decimal numeral in each identifier (so X = 10 yields obj101, obj102, and obj103); our fleet includes trucks tru1 to tru14, and airplanes apn1 to apn4.",deterministic_rule,true,covered,"The bounded construction/ranges yield this exact package, truck, or airplane identifier."
objects,obj101,"Specifically, for every integer X from 1 through 14, we have packages objX1, objX2, and objX3, where X is replaced by its decimal numeral in each identifier (so X = 10 yields obj101, obj102, and obj103); our fleet includes trucks tru1 to tru14, and airplanes apn1 to apn4.",deterministic_rule,true,covered,"The bounded construction/ranges yield this exact package, truck, or airplane identifier."
objects,apn3,"Specifically, for every integer X from 1 through 14, we have packages objX1, objX2, and objX3, where X is replaced by its decimal numeral in each identifier (so X = 10 yields obj101, obj102, and obj103); our fleet includes trucks tru1 to tru14, and airplanes apn1 to apn4.",deterministic_rule,true,covered,"The bounded construction/ranges yield this exact package, truck, or airplane identifier."
objects,apt9,"Our cities, numbered cit1 to cit14, each contain a position and an airport; specifically, for every integer X from 1 through 14, posX is a location in citX and aptX is an airport location in citX.",deterministic_rule,true,covered,"X=1–14 yields this exact city, position, or airport identifier."
objects,pos9,"Our cities, numbered cit1 to cit14, each contain a position and an airport; specifically, for every integer X from 1 through 14, posX is a location in citX and aptX is an airport location in citX.",deterministic_rule,true,covered,"X=1–14 yields this exact city, position, or airport identifier."
objects,cit9,"Our cities, numbered cit1 to cit14, each contain a position and an airport; specifically, for every integer X from 1 through 14, posX is a location in citX and aptX is an airport location in citX.",deterministic_rule,true,covered,"X=1–14 yields this exact city, position, or airport identifier."
objects,tru9,"Specifically, for every integer X from 1 through 14, we have packages objX1, objX2, and objX3, where X is replaced by its decimal numeral in each identifier (so X = 10 yields obj101, obj102, and obj103); our fleet includes trucks tru1 to tru14, and airplanes apn1 to apn4.",deterministic_rule,true,covered,"The bounded construction/ranges yield this exact package, truck, or airplane identifier."
objects,obj93,"Specifically, for every integer X from 1 through 14, we have packages objX1, objX2, and objX3, where X is replaced by its decimal numeral in each identifier (so X = 10 yields obj101, obj102, and obj103); our fleet includes trucks tru1 to tru14, and airplanes apn1 to apn4.",deterministic_rule,true,covered,"The bounded construction/ranges yield this exact package, truck, or airplane identifier."
objects,obj92,"Specifically, for every integer X from 1 through 14, we have packages objX1, objX2, and objX3, where X is replaced by its decimal numeral in each identifier (so X = 10 yields obj101, obj102, and obj103); our fleet includes trucks tru1 to tru14, and airplanes apn1 to apn4.",deterministic_rule,true,covered,"The bounded construction/ranges yield this exact package, truck, or airplane identifier."
objects,obj91,"Specifically, for every integer X from 1 through 14, we have packages objX1, objX2, and objX3, where X is replaced by its decimal numeral in each identifier (so X = 10 yields obj101, obj102, and obj103); our fleet includes trucks tru1 to tru14, and airplanes apn1 to apn4.",deterministic_rule,true,covered,"The bounded construction/ranges yield this exact package, truck, or airplane identifier."
objects,apt8,"Our cities, numbered cit1 to cit14, each contain a position and an airport; specifically, for every integer X from 1 through 14, posX is a location in citX and aptX is an airport location in citX.",deterministic_rule,true,covered,"X=1–14 yields this exact city, position, or airport identifier."
objects,pos8,"Our cities, numbered cit1 to cit14, each contain a position and an airport; specifically, for every integer X from 1 through 14, posX is a location in citX and aptX is an airport location in citX.",deterministic_rule,true,covered,"X=1–14 yields this exact city, position, or airport identifier."
objects,cit8,"Our cities, numbered cit1 to cit14, each contain a position and an airport; specifically, for every integer X from 1 through 14, posX is a location in citX and aptX is an airport location in citX.",deterministic_rule,true,covered,"X=1–14 yields this exact city, position, or airport identifier."
objects,tru8,"Specifically, for every integer X from 1 through 14, we have packages objX1, objX2, and objX3, where X is replaced by its decimal numeral in each identifier (so X = 10 yields obj101, obj102, and obj103); our fleet includes trucks tru1 to tru14, and airplanes apn1 to apn4.",deterministic_rule,true,covered,"The bounded construction/ranges yield this exact package, truck, or airplane identifier."
objects,obj83,"Specifically, for every integer X from 1 through 14, we have packages objX1, objX2, and objX3, where X is replaced by its decimal numeral in each identifier (so X = 10 yields obj101, obj102, and obj103); our fleet includes trucks tru1 to tru14, and airplanes apn1 to apn4.",deterministic_rule,true,covered,"The bounded construction/ranges yield this exact package, truck, or airplane identifier."
objects,obj82,"Specifically, for every integer X from 1 through 14, we have packages objX1, objX2, and objX3, where X is replaced by its decimal numeral in each identifier (so X = 10 yields obj101, obj102, and obj103); our fleet includes trucks tru1 to tru14, and airplanes apn1 to apn4.",deterministic_rule,true,covered,"The bounded construction/ranges yield this exact package, truck, or airplane identifier."
objects,obj81,"Specifically, for every integer X from 1 through 14, we have packages objX1, objX2, and objX3, where X is replaced by its decimal numeral in each identifier (so X = 10 yields obj101, obj102, and obj103); our fleet includes trucks tru1 to tru14, and airplanes apn1 to apn4.",deterministic_rule,true,covered,"The bounded construction/ranges yield this exact package, truck, or airplane identifier."
objects,apt7,"Our cities, numbered cit1 to cit14, each contain a position and an airport; specifically, for every integer X from 1 through 14, posX is a location in citX and aptX is an airport location in citX.",deterministic_rule,true,covered,"X=1–14 yields this exact city, position, or airport identifier."
objects,pos7,"Our cities, numbered cit1 to cit14, each contain a position and an airport; specifically, for every integer X from 1 through 14, posX is a location in citX and aptX is an airport location in citX.",deterministic_rule,true,covered,"X=1–14 yields this exact city, position, or airport identifier."
objects,cit7,"Our cities, numbered cit1 to cit14, each contain a position and an airport; specifically, for every integer X from 1 through 14, posX is a location in citX and aptX is an airport location in citX.",deterministic_rule,true,covered,"X=1–14 yields this exact city, position, or airport identifier."
objects,tru7,"Specifically, for every integer X from 1 through 14, we have packages objX1, objX2, and objX3, where X is replaced by its decimal numeral in each identifier (so X = 10 yields obj101, obj102, and obj103); our fleet includes trucks tru1 to tru14, and airplanes apn1 to apn4.",deterministic_rule,true,covered,"The bounded construction/ranges yield this exact package, truck, or airplane identifier."
objects,obj73,"Specifically, for every integer X from 1 through 14, we have packages objX1, objX2, and objX3, where X is replaced by its decimal numeral in each identifier (so X = 10 yields obj101, obj102, and obj103); our fleet includes trucks tru1 to tru14, and airplanes apn1 to apn4.",deterministic_rule,true,covered,"The bounded construction/ranges yield this exact package, truck, or airplane identifier."
objects,obj72,"Specifically, for every integer X from 1 through 14, we have packages objX1, objX2, and objX3, where X is replaced by its decimal numeral in each identifier (so X = 10 yields obj101, obj102, and obj103); our fleet includes trucks tru1 to tru14, and airplanes apn1 to apn4.",deterministic_rule,true,covered,"The bounded construction/ranges yield this exact package, truck, or airplane identifier."
objects,obj71,"Specifically, for every integer X from 1 through 14, we have packages objX1, objX2, and objX3, where X is replaced by its decimal numeral in each identifier (so X = 10 yields obj101, obj102, and obj103); our fleet includes trucks tru1 to tru14, and airplanes apn1 to apn4.",deterministic_rule,true,covered,"The bounded construction/ranges yield this exact package, truck, or airplane identifier."
objects,apt6,"Our cities, numbered cit1 to cit14, each contain a position and an airport; specifically, for every integer X from 1 through 14, posX is a location in citX and aptX is an airport location in citX.",deterministic_rule,true,covered,"X=1–14 yields this exact city, position, or airport identifier."
objects,pos6,"Our cities, numbered cit1 to cit14, each contain a position and an airport; specifically, for every integer X from 1 through 14, posX is a location in citX and aptX is an airport location in citX.",deterministic_rule,true,covered,"X=1–14 yields this exact city, position, or airport identifier."
objects,cit6,"Our cities, numbered cit1 to cit14, each contain a position and an airport; specifically, for every integer X from 1 through 14, posX is a location in citX and aptX is an airport location in citX.",deterministic_rule,true,covered,"X=1–14 yields this exact city, position, or airport identifier."
objects,tru6,"Specifically, for every integer X from 1 through 14, we have packages objX1, objX2, and objX3, where X is replaced by its decimal numeral in each identifier (so X = 10 yields obj101, obj102, and obj103); our fleet includes trucks tru1 to tru14, and airplanes apn1 to apn4.",deterministic_rule,true,covered,"The bounded construction/ranges yield this exact package, truck, or airplane identifier."
objects,obj63,"Specifically, for every integer X from 1 through 14, we have packages objX1, objX2, and objX3, where X is replaced by its decimal numeral in each identifier (so X = 10 yields obj101, obj102, and obj103); our fleet includes trucks tru1 to tru14, and airplanes apn1 to apn4.",deterministic_rule,true,covered,"The bounded construction/ranges yield this exact package, truck, or airplane identifier."
objects,obj62,"Specifically, for every integer X from 1 through 14, we have packages objX1, objX2, and objX3, where X is replaced by its decimal numeral in each identifier (so X = 10 yields obj101, obj102, and obj103); our fleet includes trucks tru1 to tru14, and airplanes apn1 to apn4.",deterministic_rule,true,covered,"The bounded construction/ranges yield this exact package, truck, or airplane identifier."
objects,obj61,"Specifically, for every integer X from 1 through 14, we have packages objX1, objX2, and objX3, where X is replaced by its decimal numeral in each identifier (so X = 10 yields obj101, obj102, and obj103); our fleet includes trucks tru1 to tru14, and airplanes apn1 to apn4.",deterministic_rule,true,covered,"The bounded construction/ranges yield this exact package, truck, or airplane identifier."
objects,apn2,"Specifically, for every integer X from 1 through 14, we have packages objX1, objX2, and objX3, where X is replaced by its decimal numeral in each identifier (so X = 10 yields obj101, obj102, and obj103); our fleet includes trucks tru1 to tru14, and airplanes apn1 to apn4.",deterministic_rule,true,covered,"The bounded construction/ranges yield this exact package, truck, or airplane identifier."
objects,apt5,"Our cities, numbered cit1 to cit14, each contain a position and an airport; specifically, for every integer X from 1 through 14, posX is a location in citX and aptX is an airport location in citX.",deterministic_rule,true,covered,"X=1–14 yields this exact city, position, or airport identifier."
objects,pos5,"Our cities, numbered cit1 to cit14, each contain a position and an airport; specifically, for every integer X from 1 through 14, posX is a location in citX and aptX is an airport location in citX.",deterministic_rule,true,covered,"X=1–14 yields this exact city, position, or airport identifier."
objects,cit5,"Our cities, numbered cit1 to cit14, each contain a position and an airport; specifically, for every integer X from 1 through 14, posX is a location in citX and aptX is an airport location in citX.",deterministic_rule,true,covered,"X=1–14 yields this exact city, position, or airport identifier."
objects,tru5,"Specifically, for every integer X from 1 through 14, we have packages objX1, objX2, and objX3, where X is replaced by its decimal numeral in each identifier (so X = 10 yields obj101, obj102, and obj103); our fleet includes trucks tru1 to tru14, and airplanes apn1 to apn4.",deterministic_rule,true,covered,"The bounded construction/ranges yield this exact package, truck, or airplane identifier."
objects,obj53,"Specifically, for every integer X from 1 through 14, we have packages objX1, objX2, and objX3, where X is replaced by its decimal numeral in each identifier (so X = 10 yields obj101, obj102, and obj103); our fleet includes trucks tru1 to tru14, and airplanes apn1 to apn4.",deterministic_rule,true,covered,"The bounded construction/ranges yield this exact package, truck, or airplane identifier."
objects,obj52,"Specifically, for every integer X from 1 through 14, we have packages objX1, objX2, and objX3, where X is replaced by its decimal numeral in each identifier (so X = 10 yields obj101, obj102, and obj103); our fleet includes trucks tru1 to tru14, and airplanes apn1 to apn4.",deterministic_rule,true,covered,"The bounded construction/ranges yield this exact package, truck, or airplane identifier."
objects,obj51,"Specifically, for every integer X from 1 through 14, we have packages objX1, objX2, and objX3, where X is replaced by its decimal numeral in each identifier (so X = 10 yields obj101, obj102, and obj103); our fleet includes trucks tru1 to tru14, and airplanes apn1 to apn4.",deterministic_rule,true,covered,"The bounded construction/ranges yield this exact package, truck, or airplane identifier."
objects,apt4,"Our cities, numbered cit1 to cit14, each contain a position and an airport; specifically, for every integer X from 1 through 14, posX is a location in citX and aptX is an airport location in citX.",deterministic_rule,true,covered,"X=1–14 yields this exact city, position, or airport identifier."
objects,pos4,"Our cities, numbered cit1 to cit14, each contain a position and an airport; specifically, for every integer X from 1 through 14, posX is a location in citX and aptX is an airport location in citX.",deterministic_rule,true,covered,"X=1–14 yields this exact city, position, or airport identifier."
objects,cit4,"Our cities, numbered cit1 to cit14, each contain a position and an airport; specifically, for every integer X from 1 through 14, posX is a location in citX and aptX is an airport location in citX.",deterministic_rule,true,covered,"X=1–14 yields this exact city, position, or airport identifier."
objects,tru4,"Specifically, for every integer X from 1 through 14, we have packages objX1, objX2, and objX3, where X is replaced by its decimal numeral in each identifier (so X = 10 yields obj101, obj102, and obj103); our fleet includes trucks tru1 to tru14, and airplanes apn1 to apn4.",deterministic_rule,true,covered,"The bounded construction/ranges yield this exact package, truck, or airplane identifier."
objects,obj43,"Specifically, for every integer X from 1 through 14, we have packages objX1, objX2, and objX3, where X is replaced by its decimal numeral in each identifier (so X = 10 yields obj101, obj102, and obj103); our fleet includes trucks tru1 to tru14, and airplanes apn1 to apn4.",deterministic_rule,true,covered,"The bounded construction/ranges yield this exact package, truck, or airplane identifier."
objects,obj42,"Specifically, for every integer X from 1 through 14, we have packages objX1, objX2, and objX3, where X is replaced by its decimal numeral in each identifier (so X = 10 yields obj101, obj102, and obj103); our fleet includes trucks tru1 to tru14, and airplanes apn1 to apn4.",deterministic_rule,true,covered,"The bounded construction/ranges yield this exact package, truck, or airplane identifier."
objects,obj41,"Specifically, for every integer X from 1 through 14, we have packages objX1, objX2, and objX3, where X is replaced by its decimal numeral in each identifier (so X = 10 yields obj101, obj102, and obj103); our fleet includes trucks tru1 to tru14, and airplanes apn1 to apn4.",deterministic_rule,true,covered,"The bounded construction/ranges yield this exact package, truck, or airplane identifier."
objects,apt3,"Our cities, numbered cit1 to cit14, each contain a position and an airport; specifically, for every integer X from 1 through 14, posX is a location in citX and aptX is an airport location in citX.",deterministic_rule,true,covered,"X=1–14 yields this exact city, position, or airport identifier."
objects,pos3,"Our cities, numbered cit1 to cit14, each contain a position and an airport; specifically, for every integer X from 1 through 14, posX is a location in citX and aptX is an airport location in citX.",deterministic_rule,true,covered,"X=1–14 yields this exact city, position, or airport identifier."
objects,cit3,"Our cities, numbered cit1 to cit14, each contain a position and an airport; specifically, for every integer X from 1 through 14, posX is a location in citX and aptX is an airport location in citX.",deterministic_rule,true,covered,"X=1–14 yields this exact city, position, or airport identifier."
objects,tru3,"Specifically, for every integer X from 1 through 14, we have packages objX1, objX2, and objX3, where X is replaced by its decimal numeral in each identifier (so X = 10 yields obj101, obj102, and obj103); our fleet includes trucks tru1 to tru14, and airplanes apn1 to apn4.",deterministic_rule,true,covered,"The bounded construction/ranges yield this exact package, truck, or airplane identifier."
objects,obj33,"Specifically, for every integer X from 1 through 14, we have packages objX1, objX2, and objX3, where X is replaced by its decimal numeral in each identifier (so X = 10 yields obj101, obj102, and obj103); our fleet includes trucks tru1 to tru14, and airplanes apn1 to apn4.",deterministic_rule,true,covered,"The bounded construction/ranges yield this exact package, truck, or airplane identifier."
objects,obj32,"Specifically, for every integer X from 1 through 14, we have packages objX1, objX2, and objX3, where X is replaced by its decimal numeral in each identifier (so X = 10 yields obj101, obj102, and obj103); our fleet includes trucks tru1 to tru14, and airplanes apn1 to apn4.",deterministic_rule,true,covered,"The bounded construction/ranges yield this exact package, truck, or airplane identifier."
objects,obj31,"Specifically, for every integer X from 1 through 14, we have packages objX1, objX2, and objX3, where X is replaced by its decimal numeral in each identifier (so X = 10 yields obj101, obj102, and obj103); our fleet includes trucks tru1 to tru14, and airplanes apn1 to apn4.",deterministic_rule,true,covered,"The bounded construction/ranges yield this exact package, truck, or airplane identifier."
objects,apt2,"Our cities, numbered cit1 to cit14, each contain a position and an airport; specifically, for every integer X from 1 through 14, posX is a location in citX and aptX is an airport location in citX.",deterministic_rule,true,covered,"X=1–14 yields this exact city, position, or airport identifier."
objects,pos2,"Our cities, numbered cit1 to cit14, each contain a position and an airport; specifically, for every integer X from 1 through 14, posX is a location in citX and aptX is an airport location in citX.",deterministic_rule,true,covered,"X=1–14 yields this exact city, position, or airport identifier."
objects,cit2,"Our cities, numbered cit1 to cit14, each contain a position and an airport; specifically, for every integer X from 1 through 14, posX is a location in citX and aptX is an airport location in citX.",deterministic_rule,true,covered,"X=1–14 yields this exact city, position, or airport identifier."
objects,tru2,"Specifically, for every integer X from 1 through 14, we have packages objX1, objX2, and objX3, where X is replaced by its decimal numeral in each identifier (so X = 10 yields obj101, obj102, and obj103); our fleet includes trucks tru1 to tru14, and airplanes apn1 to apn4.",deterministic_rule,true,covered,"The bounded construction/ranges yield this exact package, truck, or airplane identifier."
objects,obj23,"Specifically, for every integer X from 1 through 14, we have packages objX1, objX2, and objX3, where X is replaced by its decimal numeral in each identifier (so X = 10 yields obj101, obj102, and obj103); our fleet includes trucks tru1 to tru14, and airplanes apn1 to apn4.",deterministic_rule,true,covered,"The bounded construction/ranges yield this exact package, truck, or airplane identifier."
objects,obj22,"Specifically, for every integer X from 1 through 14, we have packages objX1, objX2, and objX3, where X is replaced by its decimal numeral in each identifier (so X = 10 yields obj101, obj102, and obj103); our fleet includes trucks tru1 to tru14, and airplanes apn1 to apn4.",deterministic_rule,true,covered,"The bounded construction/ranges yield this exact package, truck, or airplane identifier."
objects,obj21,"Specifically, for every integer X from 1 through 14, we have packages objX1, objX2, and objX3, where X is replaced by its decimal numeral in each identifier (so X = 10 yields obj101, obj102, and obj103); our fleet includes trucks tru1 to tru14, and airplanes apn1 to apn4.",deterministic_rule,true,covered,"The bounded construction/ranges yield this exact package, truck, or airplane identifier."
objects,apn1,"Specifically, for every integer X from 1 through 14, we have packages objX1, objX2, and objX3, where X is replaced by its decimal numeral in each identifier (so X = 10 yields obj101, obj102, and obj103); our fleet includes trucks tru1 to tru14, and airplanes apn1 to apn4.",deterministic_rule,true,covered,"The bounded construction/ranges yield this exact package, truck, or airplane identifier."
objects,apt1,"Our cities, numbered cit1 to cit14, each contain a position and an airport; specifically, for every integer X from 1 through 14, posX is a location in citX and aptX is an airport location in citX.",deterministic_rule,true,covered,"X=1–14 yields this exact city, position, or airport identifier."
objects,pos1,"Our cities, numbered cit1 to cit14, each contain a position and an airport; specifically, for every integer X from 1 through 14, posX is a location in citX and aptX is an airport location in citX.",deterministic_rule,true,covered,"X=1–14 yields this exact city, position, or airport identifier."
objects,cit1,"Our cities, numbered cit1 to cit14, each contain a position and an airport; specifically, for every integer X from 1 through 14, posX is a location in citX and aptX is an airport location in citX.",deterministic_rule,true,covered,"X=1–14 yields this exact city, position, or airport identifier."
objects,tru1,"Specifically, for every integer X from 1 through 14, we have packages objX1, objX2, and objX3, where X is replaced by its decimal numeral in each identifier (so X = 10 yields obj101, obj102, and obj103); our fleet includes trucks tru1 to tru14, and airplanes apn1 to apn4.",deterministic_rule,true,covered,"The bounded construction/ranges yield this exact package, truck, or airplane identifier."
objects,obj13,"Specifically, for every integer X from 1 through 14, we have packages objX1, objX2, and objX3, where X is replaced by its decimal numeral in each identifier (so X = 10 yields obj101, obj102, and obj103); our fleet includes trucks tru1 to tru14, and airplanes apn1 to apn4.",deterministic_rule,true,covered,"The bounded construction/ranges yield this exact package, truck, or airplane identifier."
objects,obj12,"Specifically, for every integer X from 1 through 14, we have packages objX1, objX2, and objX3, where X is replaced by its decimal numeral in each identifier (so X = 10 yields obj101, obj102, and obj103); our fleet includes trucks tru1 to tru14, and airplanes apn1 to apn4.",deterministic_rule,true,covered,"The bounded construction/ranges yield this exact package, truck, or airplane identifier."
objects,obj11,"Specifically, for every integer X from 1 through 14, we have packages objX1, objX2, and objX3, where X is replaced by its decimal numeral in each identifier (so X = 10 yields obj101, obj102, and obj103); our fleet includes trucks tru1 to tru14, and airplanes apn1 to apn4.",deterministic_rule,true,covered,"The bounded construction/ranges yield this exact package, truck, or airplane identifier."
init,(package obj11),"Specifically, for every integer X from 1 through 14, we have packages objX1, objX2, and objX3, where X is replaced by its decimal numeral in each identifier (so X = 10 yields obj101, obj102, and obj103); our fleet includes trucks tru1 to tru14, and airplanes apn1 to apn4.",deterministic_rule,true,covered,The bounded package/truck/airplane construction yields exactly this unary type atom.
init,(package obj12),"Specifically, for every integer X from 1 through 14, we have packages objX1, objX2, and objX3, where X is replaced by its decimal numeral in each identifier (so X = 10 yields obj101, obj102, and obj103); our fleet includes trucks tru1 to tru14, and airplanes apn1 to apn4.",deterministic_rule,true,covered,The bounded package/truck/airplane construction yields exactly this unary type atom.
init,(package obj13),"Specifically, for every integer X from 1 through 14, we have packages objX1, objX2, and objX3, where X is replaced by its decimal numeral in each identifier (so X = 10 yields obj101, obj102, and obj103); our fleet includes trucks tru1 to tru14, and airplanes apn1 to apn4.",deterministic_rule,true,covered,The bounded package/truck/airplane construction yields exactly this unary type atom.
init,(package obj21),"Specifically, for every integer X from 1 through 14, we have packages objX1, objX2, and objX3, where X is replaced by its decimal numeral in each identifier (so X = 10 yields obj101, obj102, and obj103); our fleet includes trucks tru1 to tru14, and airplanes apn1 to apn4.",deterministic_rule,true,covered,The bounded package/truck/airplane construction yields exactly this unary type atom.
init,(package obj22),"Specifically, for every integer X from 1 through 14, we have packages objX1, objX2, and objX3, where X is replaced by its decimal numeral in each identifier (so X = 10 yields obj101, obj102, and obj103); our fleet includes trucks tru1 to tru14, and airplanes apn1 to apn4.",deterministic_rule,true,covered,The bounded package/truck/airplane construction yields exactly this unary type atom.
init,(package obj23),"Specifically, for every integer X from 1 through 14, we have packages objX1, objX2, and objX3, where X is replaced by its decimal numeral in each identifier (so X = 10 yields obj101, obj102, and obj103); our fleet includes trucks tru1 to tru14, and airplanes apn1 to apn4.",deterministic_rule,true,covered,The bounded package/truck/airplane construction yields exactly this unary type atom.
init,(package obj31),"Specifically, for every integer X from 1 through 14, we have packages objX1, objX2, and objX3, where X is replaced by its decimal numeral in each identifier (so X = 10 yields obj101, obj102, and obj103); our fleet includes trucks tru1 to tru14, and airplanes apn1 to apn4.",deterministic_rule,true,covered,The bounded package/truck/airplane construction yields exactly this unary type atom.
init,(package obj32),"Specifically, for every integer X from 1 through 14, we have packages objX1, objX2, and objX3, where X is replaced by its decimal numeral in each identifier (so X = 10 yields obj101, obj102, and obj103); our fleet includes trucks tru1 to tru14, and airplanes apn1 to apn4.",deterministic_rule,true,covered,The bounded package/truck/airplane construction yields exactly this unary type atom.
init,(package obj33),"Specifically, for every integer X from 1 through 14, we have packages objX1, objX2, and objX3, where X is replaced by its decimal numeral in each identifier (so X = 10 yields obj101, obj102, and obj103); our fleet includes trucks tru1 to tru14, and airplanes apn1 to apn4.",deterministic_rule,true,covered,The bounded package/truck/airplane construction yields exactly this unary type atom.
init,(package obj41),"Specifically, for every integer X from 1 through 14, we have packages objX1, objX2, and objX3, where X is replaced by its decimal numeral in each identifier (so X = 10 yields obj101, obj102, and obj103); our fleet includes trucks tru1 to tru14, and airplanes apn1 to apn4.",deterministic_rule,true,covered,The bounded package/truck/airplane construction yields exactly this unary type atom.
init,(package obj42),"Specifically, for every integer X from 1 through 14, we have packages objX1, objX2, and objX3, where X is replaced by its decimal numeral in each identifier (so X = 10 yields obj101, obj102, and obj103); our fleet includes trucks tru1 to tru14, and airplanes apn1 to apn4.",deterministic_rule,true,covered,The bounded package/truck/airplane construction yields exactly this unary type atom.
init,(package obj43),"Specifically, for every integer X from 1 through 14, we have packages objX1, objX2, and objX3, where X is replaced by its decimal numeral in each identifier (so X = 10 yields obj101, obj102, and obj103); our fleet includes trucks tru1 to tru14, and airplanes apn1 to apn4.",deterministic_rule,true,covered,The bounded package/truck/airplane construction yields exactly this unary type atom.
init,(package obj51),"Specifically, for every integer X from 1 through 14, we have packages objX1, objX2, and objX3, where X is replaced by its decimal numeral in each identifier (so X = 10 yields obj101, obj102, and obj103); our fleet includes trucks tru1 to tru14, and airplanes apn1 to apn4.",deterministic_rule,true,covered,The bounded package/truck/airplane construction yields exactly this unary type atom.
init,(package obj52),"Specifically, for every integer X from 1 through 14, we have packages objX1, objX2, and objX3, where X is replaced by its decimal numeral in each identifier (so X = 10 yields obj101, obj102, and obj103); our fleet includes trucks tru1 to tru14, and airplanes apn1 to apn4.",deterministic_rule,true,covered,The bounded package/truck/airplane construction yields exactly this unary type atom.
init,(package obj53),"Specifically, for every integer X from 1 through 14, we have packages objX1, objX2, and objX3, where X is replaced by its decimal numeral in each identifier (so X = 10 yields obj101, obj102, and obj103); our fleet includes trucks tru1 to tru14, and airplanes apn1 to apn4.",deterministic_rule,true,covered,The bounded package/truck/airplane construction yields exactly this unary type atom.
init,(package obj61),"Specifically, for every integer X from 1 through 14, we have packages objX1, objX2, and objX3, where X is replaced by its decimal numeral in each identifier (so X = 10 yields obj101, obj102, and obj103); our fleet includes trucks tru1 to tru14, and airplanes apn1 to apn4.",deterministic_rule,true,covered,The bounded package/truck/airplane construction yields exactly this unary type atom.
init,(package obj62),"Specifically, for every integer X from 1 through 14, we have packages objX1, objX2, and objX3, where X is replaced by its decimal numeral in each identifier (so X = 10 yields obj101, obj102, and obj103); our fleet includes trucks tru1 to tru14, and airplanes apn1 to apn4.",deterministic_rule,true,covered,The bounded package/truck/airplane construction yields exactly this unary type atom.
init,(package obj63),"Specifically, for every integer X from 1 through 14, we have packages objX1, objX2, and objX3, where X is replaced by its decimal numeral in each identifier (so X = 10 yields obj101, obj102, and obj103); our fleet includes trucks tru1 to tru14, and airplanes apn1 to apn4.",deterministic_rule,true,covered,The bounded package/truck/airplane construction yields exactly this unary type atom.
init,(package obj71),"Specifically, for every integer X from 1 through 14, we have packages objX1, objX2, and objX3, where X is replaced by its decimal numeral in each identifier (so X = 10 yields obj101, obj102, and obj103); our fleet includes trucks tru1 to tru14, and airplanes apn1 to apn4.",deterministic_rule,true,covered,The bounded package/truck/airplane construction yields exactly this unary type atom.
init,(package obj72),"Specifically, for every integer X from 1 through 14, we have packages objX1, objX2, and objX3, where X is replaced by its decimal numeral in each identifier (so X = 10 yields obj101, obj102, and obj103); our fleet includes trucks tru1 to tru14, and airplanes apn1 to apn4.",deterministic_rule,true,covered,The bounded package/truck/airplane construction yields exactly this unary type atom.
init,(package obj73),"Specifically, for every integer X from 1 through 14, we have packages objX1, objX2, and objX3, where X is replaced by its decimal numeral in each identifier (so X = 10 yields obj101, obj102, and obj103); our fleet includes trucks tru1 to tru14, and airplanes apn1 to apn4.",deterministic_rule,true,covered,The bounded package/truck/airplane construction yields exactly this unary type atom.
init,(package obj81),"Specifically, for every integer X from 1 through 14, we have packages objX1, objX2, and objX3, where X is replaced by its decimal numeral in each identifier (so X = 10 yields obj101, obj102, and obj103); our fleet includes trucks tru1 to tru14, and airplanes apn1 to apn4.",deterministic_rule,true,covered,The bounded package/truck/airplane construction yields exactly this unary type atom.
init,(package obj82),"Specifically, for every integer X from 1 through 14, we have packages objX1, objX2, and objX3, where X is replaced by its decimal numeral in each identifier (so X = 10 yields obj101, obj102, and obj103); our fleet includes trucks tru1 to tru14, and airplanes apn1 to apn4.",deterministic_rule,true,covered,The bounded package/truck/airplane construction yields exactly this unary type atom.
init,(package obj83),"Specifically, for every integer X from 1 through 14, we have packages objX1, objX2, and objX3, where X is replaced by its decimal numeral in each identifier (so X = 10 yields obj101, obj102, and obj103); our fleet includes trucks tru1 to tru14, and airplanes apn1 to apn4.",deterministic_rule,true,covered,The bounded package/truck/airplane construction yields exactly this unary type atom.
init,(package obj91),"Specifically, for every integer X from 1 through 14, we have packages objX1, objX2, and objX3, where X is replaced by its decimal numeral in each identifier (so X = 10 yields obj101, obj102, and obj103); our fleet includes trucks tru1 to tru14, and airplanes apn1 to apn4.",deterministic_rule,true,covered,The bounded package/truck/airplane construction yields exactly this unary type atom.
init,(package obj92),"Specifically, for every integer X from 1 through 14, we have packages objX1, objX2, and objX3, where X is replaced by its decimal numeral in each identifier (so X = 10 yields obj101, obj102, and obj103); our fleet includes trucks tru1 to tru14, and airplanes apn1 to apn4.",deterministic_rule,true,covered,The bounded package/truck/airplane construction yields exactly this unary type atom.
init,(package obj93),"Specifically, for every integer X from 1 through 14, we have packages objX1, objX2, and objX3, where X is replaced by its decimal numeral in each identifier (so X = 10 yields obj101, obj102, and obj103); our fleet includes trucks tru1 to tru14, and airplanes apn1 to apn4.",deterministic_rule,true,covered,The bounded package/truck/airplane construction yields exactly this unary type atom.
init,(package obj101),"Specifically, for every integer X from 1 through 14, we have packages objX1, objX2, and objX3, where X is replaced by its decimal numeral in each identifier (so X = 10 yields obj101, obj102, and obj103); our fleet includes trucks tru1 to tru14, and airplanes apn1 to apn4.",deterministic_rule,true,covered,The bounded package/truck/airplane construction yields exactly this unary type atom.
init,(package obj102),"Specifically, for every integer X from 1 through 14, we have packages objX1, objX2, and objX3, where X is replaced by its decimal numeral in each identifier (so X = 10 yields obj101, obj102, and obj103); our fleet includes trucks tru1 to tru14, and airplanes apn1 to apn4.",deterministic_rule,true,covered,The bounded package/truck/airplane construction yields exactly this unary type atom.
init,(package obj103),"Specifically, for every integer X from 1 through 14, we have packages objX1, objX2, and objX3, where X is replaced by its decimal numeral in each identifier (so X = 10 yields obj101, obj102, and obj103); our fleet includes trucks tru1 to tru14, and airplanes apn1 to apn4.",deterministic_rule,true,covered,The bounded package/truck/airplane construction yields exactly this unary type atom.
init,(package obj111),"Specifically, for every integer X from 1 through 14, we have packages objX1, objX2, and objX3, where X is replaced by its decimal numeral in each identifier (so X = 10 yields obj101, obj102, and obj103); our fleet includes trucks tru1 to tru14, and airplanes apn1 to apn4.",deterministic_rule,true,covered,The bounded package/truck/airplane construction yields exactly this unary type atom.
init,(package obj112),"Specifically, for every integer X from 1 through 14, we have packages objX1, objX2, and objX3, where X is replaced by its decimal numeral in each identifier (so X = 10 yields obj101, obj102, and obj103); our fleet includes trucks tru1 to tru14, and airplanes apn1 to apn4.",deterministic_rule,true,covered,The bounded package/truck/airplane construction yields exactly this unary type atom.
init,(package obj113),"Specifically, for every integer X from 1 through 14, we have packages objX1, objX2, and objX3, where X is replaced by its decimal numeral in each identifier (so X = 10 yields obj101, obj102, and obj103); our fleet includes trucks tru1 to tru14, and airplanes apn1 to apn4.",deterministic_rule,true,covered,The bounded package/truck/airplane construction yields exactly this unary type atom.
init,(package obj121),"Specifically, for every integer X from 1 through 14, we have packages objX1, objX2, and objX3, where X is replaced by its decimal numeral in each identifier (so X = 10 yields obj101, obj102, and obj103); our fleet includes trucks tru1 to tru14, and airplanes apn1 to apn4.",deterministic_rule,true,covered,The bounded package/truck/airplane construction yields exactly this unary type atom.
init,(package obj122),"Specifically, for every integer X from 1 through 14, we have packages objX1, objX2, and objX3, where X is replaced by its decimal numeral in each identifier (so X = 10 yields obj101, obj102, and obj103); our fleet includes trucks tru1 to tru14, and airplanes apn1 to apn4.",deterministic_rule,true,covered,The bounded package/truck/airplane construction yields exactly this unary type atom.
init,(package obj123),"Specifically, for every integer X from 1 through 14, we have packages objX1, objX2, and objX3, where X is replaced by its decimal numeral in each identifier (so X = 10 yields obj101, obj102, and obj103); our fleet includes trucks tru1 to tru14, and airplanes apn1 to apn4.",deterministic_rule,true,covered,The bounded package/truck/airplane construction yields exactly this unary type atom.
init,(package obj131),"Specifically, for every integer X from 1 through 14, we have packages objX1, objX2, and objX3, where X is replaced by its decimal numeral in each identifier (so X = 10 yields obj101, obj102, and obj103); our fleet includes trucks tru1 to tru14, and airplanes apn1 to apn4.",deterministic_rule,true,covered,The bounded package/truck/airplane construction yields exactly this unary type atom.
init,(package obj132),"Specifically, for every integer X from 1 through 14, we have packages objX1, objX2, and objX3, where X is replaced by its decimal numeral in each identifier (so X = 10 yields obj101, obj102, and obj103); our fleet includes trucks tru1 to tru14, and airplanes apn1 to apn4.",deterministic_rule,true,covered,The bounded package/truck/airplane construction yields exactly this unary type atom.
init,(package obj133),"Specifically, for every integer X from 1 through 14, we have packages objX1, objX2, and objX3, where X is replaced by its decimal numeral in each identifier (so X = 10 yields obj101, obj102, and obj103); our fleet includes trucks tru1 to tru14, and airplanes apn1 to apn4.",deterministic_rule,true,covered,The bounded package/truck/airplane construction yields exactly this unary type atom.
init,(package obj141),"Specifically, for every integer X from 1 through 14, we have packages objX1, objX2, and objX3, where X is replaced by its decimal numeral in each identifier (so X = 10 yields obj101, obj102, and obj103); our fleet includes trucks tru1 to tru14, and airplanes apn1 to apn4.",deterministic_rule,true,covered,The bounded package/truck/airplane construction yields exactly this unary type atom.
init,(package obj142),"Specifically, for every integer X from 1 through 14, we have packages objX1, objX2, and objX3, where X is replaced by its decimal numeral in each identifier (so X = 10 yields obj101, obj102, and obj103); our fleet includes trucks tru1 to tru14, and airplanes apn1 to apn4.",deterministic_rule,true,covered,The bounded package/truck/airplane construction yields exactly this unary type atom.
init,(package obj143),"Specifically, for every integer X from 1 through 14, we have packages objX1, objX2, and objX3, where X is replaced by its decimal numeral in each identifier (so X = 10 yields obj101, obj102, and obj103); our fleet includes trucks tru1 to tru14, and airplanes apn1 to apn4.",deterministic_rule,true,covered,The bounded package/truck/airplane construction yields exactly this unary type atom.
init,(truck tru1),"Specifically, for every integer X from 1 through 14, we have packages objX1, objX2, and objX3, where X is replaced by its decimal numeral in each identifier (so X = 10 yields obj101, obj102, and obj103); our fleet includes trucks tru1 to tru14, and airplanes apn1 to apn4.",deterministic_rule,true,covered,The bounded package/truck/airplane construction yields exactly this unary type atom.
init,(truck tru2),"Specifically, for every integer X from 1 through 14, we have packages objX1, objX2, and objX3, where X is replaced by its decimal numeral in each identifier (so X = 10 yields obj101, obj102, and obj103); our fleet includes trucks tru1 to tru14, and airplanes apn1 to apn4.",deterministic_rule,true,covered,The bounded package/truck/airplane construction yields exactly this unary type atom.
init,(truck tru3),"Specifically, for every integer X from 1 through 14, we have packages objX1, objX2, and objX3, where X is replaced by its decimal numeral in each identifier (so X = 10 yields obj101, obj102, and obj103); our fleet includes trucks tru1 to tru14, and airplanes apn1 to apn4.",deterministic_rule,true,covered,The bounded package/truck/airplane construction yields exactly this unary type atom.
init,(truck tru4),"Specifically, for every integer X from 1 through 14, we have packages objX1, objX2, and objX3, where X is replaced by its decimal numeral in each identifier (so X = 10 yields obj101, obj102, and obj103); our fleet includes trucks tru1 to tru14, and airplanes apn1 to apn4.",deterministic_rule,true,covered,The bounded package/truck/airplane construction yields exactly this unary type atom.
init,(truck tru5),"Specifically, for every integer X from 1 through 14, we have packages objX1, objX2, and objX3, where X is replaced by its decimal numeral in each identifier (so X = 10 yields obj101, obj102, and obj103); our fleet includes trucks tru1 to tru14, and airplanes apn1 to apn4.",deterministic_rule,true,covered,The bounded package/truck/airplane construction yields exactly this unary type atom.
init,(truck tru6),"Specifically, for every integer X from 1 through 14, we have packages objX1, objX2, and objX3, where X is replaced by its decimal numeral in each identifier (so X = 10 yields obj101, obj102, and obj103); our fleet includes trucks tru1 to tru14, and airplanes apn1 to apn4.",deterministic_rule,true,covered,The bounded package/truck/airplane construction yields exactly this unary type atom.
init,(truck tru7),"Specifically, for every integer X from 1 through 14, we have packages objX1, objX2, and objX3, where X is replaced by its decimal numeral in each identifier (so X = 10 yields obj101, obj102, and obj103); our fleet includes trucks tru1 to tru14, and airplanes apn1 to apn4.",deterministic_rule,true,covered,The bounded package/truck/airplane construction yields exactly this unary type atom.
init,(truck tru8),"Specifically, for every integer X from 1 through 14, we have packages objX1, objX2, and objX3, where X is replaced by its decimal numeral in each identifier (so X = 10 yields obj101, obj102, and obj103); our fleet includes trucks tru1 to tru14, and airplanes apn1 to apn4.",deterministic_rule,true,covered,The bounded package/truck/airplane construction yields exactly this unary type atom.
init,(truck tru9),"Specifically, for every integer X from 1 through 14, we have packages objX1, objX2, and objX3, where X is replaced by its decimal numeral in each identifier (so X = 10 yields obj101, obj102, and obj103); our fleet includes trucks tru1 to tru14, and airplanes apn1 to apn4.",deterministic_rule,true,covered,The bounded package/truck/airplane construction yields exactly this unary type atom.
init,(truck tru10),"Specifically, for every integer X from 1 through 14, we have packages objX1, objX2, and objX3, where X is replaced by its decimal numeral in each identifier (so X = 10 yields obj101, obj102, and obj103); our fleet includes trucks tru1 to tru14, and airplanes apn1 to apn4.",deterministic_rule,true,covered,The bounded package/truck/airplane construction yields exactly this unary type atom.
init,(truck tru11),"Specifically, for every integer X from 1 through 14, we have packages objX1, objX2, and objX3, where X is replaced by its decimal numeral in each identifier (so X = 10 yields obj101, obj102, and obj103); our fleet includes trucks tru1 to tru14, and airplanes apn1 to apn4.",deterministic_rule,true,covered,The bounded package/truck/airplane construction yields exactly this unary type atom.
init,(truck tru12),"Specifically, for every integer X from 1 through 14, we have packages objX1, objX2, and objX3, where X is replaced by its decimal numeral in each identifier (so X = 10 yields obj101, obj102, and obj103); our fleet includes trucks tru1 to tru14, and airplanes apn1 to apn4.",deterministic_rule,true,covered,The bounded package/truck/airplane construction yields exactly this unary type atom.
init,(truck tru13),"Specifically, for every integer X from 1 through 14, we have packages objX1, objX2, and objX3, where X is replaced by its decimal numeral in each identifier (so X = 10 yields obj101, obj102, and obj103); our fleet includes trucks tru1 to tru14, and airplanes apn1 to apn4.",deterministic_rule,true,covered,The bounded package/truck/airplane construction yields exactly this unary type atom.
init,(truck tru14),"Specifically, for every integer X from 1 through 14, we have packages objX1, objX2, and objX3, where X is replaced by its decimal numeral in each identifier (so X = 10 yields obj101, obj102, and obj103); our fleet includes trucks tru1 to tru14, and airplanes apn1 to apn4.",deterministic_rule,true,covered,The bounded package/truck/airplane construction yields exactly this unary type atom.
init,(city cit1),"Our cities, numbered cit1 to cit14, each contain a position and an airport; specifically, for every integer X from 1 through 14, posX is a location in citX and aptX is an airport location in citX.",deterministic_rule,true,covered,The bounded city/location rule yields exactly this unary type atom.
init,(city cit2),"Our cities, numbered cit1 to cit14, each contain a position and an airport; specifically, for every integer X from 1 through 14, posX is a location in citX and aptX is an airport location in citX.",deterministic_rule,true,covered,The bounded city/location rule yields exactly this unary type atom.
init,(city cit3),"Our cities, numbered cit1 to cit14, each contain a position and an airport; specifically, for every integer X from 1 through 14, posX is a location in citX and aptX is an airport location in citX.",deterministic_rule,true,covered,The bounded city/location rule yields exactly this unary type atom.
init,(city cit4),"Our cities, numbered cit1 to cit14, each contain a position and an airport; specifically, for every integer X from 1 through 14, posX is a location in citX and aptX is an airport location in citX.",deterministic_rule,true,covered,The bounded city/location rule yields exactly this unary type atom.
init,(city cit5),"Our cities, numbered cit1 to cit14, each contain a position and an airport; specifically, for every integer X from 1 through 14, posX is a location in citX and aptX is an airport location in citX.",deterministic_rule,true,covered,The bounded city/location rule yields exactly this unary type atom.
init,(city cit6),"Our cities, numbered cit1 to cit14, each contain a position and an airport; specifically, for every integer X from 1 through 14, posX is a location in citX and aptX is an airport location in citX.",deterministic_rule,true,covered,The bounded city/location rule yields exactly this unary type atom.
init,(city cit7),"Our cities, numbered cit1 to cit14, each contain a position and an airport; specifically, for every integer X from 1 through 14, posX is a location in citX and aptX is an airport location in citX.",deterministic_rule,true,covered,The bounded city/location rule yields exactly this unary type atom.
init,(city cit8),"Our cities, numbered cit1 to cit14, each contain a position and an airport; specifically, for every integer X from 1 through 14, posX is a location in citX and aptX is an airport location in citX.",deterministic_rule,true,covered,The bounded city/location rule yields exactly this unary type atom.
init,(city cit9),"Our cities, numbered cit1 to cit14, each contain a position and an airport; specifically, for every integer X from 1 through 14, posX is a location in citX and aptX is an airport location in citX.",deterministic_rule,true,covered,The bounded city/location rule yields exactly this unary type atom.
init,(city cit10),"Our cities, numbered cit1 to cit14, each contain a position and an airport; specifically, for every integer X from 1 through 14, posX is a location in citX and aptX is an airport location in citX.",deterministic_rule,true,covered,The bounded city/location rule yields exactly this unary type atom.
init,(city cit11),"Our cities, numbered cit1 to cit14, each contain a position and an airport; specifically, for every integer X from 1 through 14, posX is a location in citX and aptX is an airport location in citX.",deterministic_rule,true,covered,The bounded city/location rule yields exactly this unary type atom.
init,(city cit12),"Our cities, numbered cit1 to cit14, each contain a position and an airport; specifically, for every integer X from 1 through 14, posX is a location in citX and aptX is an airport location in citX.",deterministic_rule,true,covered,The bounded city/location rule yields exactly this unary type atom.
init,(city cit13),"Our cities, numbered cit1 to cit14, each contain a position and an airport; specifically, for every integer X from 1 through 14, posX is a location in citX and aptX is an airport location in citX.",deterministic_rule,true,covered,The bounded city/location rule yields exactly this unary type atom.
init,(city cit14),"Our cities, numbered cit1 to cit14, each contain a position and an airport; specifically, for every integer X from 1 through 14, posX is a location in citX and aptX is an airport location in citX.",deterministic_rule,true,covered,The bounded city/location rule yields exactly this unary type atom.
init,(location pos1),"Our cities, numbered cit1 to cit14, each contain a position and an airport; specifically, for every integer X from 1 through 14, posX is a location in citX and aptX is an airport location in citX.",deterministic_rule,true,covered,The bounded city/location rule yields exactly this unary type atom.
init,(location apt1),"Our cities, numbered cit1 to cit14, each contain a position and an airport; specifically, for every integer X from 1 through 14, posX is a location in citX and aptX is an airport location in citX.",deterministic_rule,true,covered,The bounded city/location rule yields exactly this unary type atom.
init,(location pos2),"Our cities, numbered cit1 to cit14, each contain a position and an airport; specifically, for every integer X from 1 through 14, posX is a location in citX and aptX is an airport location in citX.",deterministic_rule,true,covered,The bounded city/location rule yields exactly this unary type atom.
init,(location apt2),"Our cities, numbered cit1 to cit14, each contain a position and an airport; specifically, for every integer X from 1 through 14, posX is a location in citX and aptX is an airport location in citX.",deterministic_rule,true,covered,The bounded city/location rule yields exactly this unary type atom.
init,(location pos3),"Our cities, numbered cit1 to cit14, each contain a position and an airport; specifically, for every integer X from 1 through 14, posX is a location in citX and aptX is an airport location in citX.",deterministic_rule,true,covered,The bounded city/location rule yields exactly this unary type atom.
init,(location apt3),"Our cities, numbered cit1 to cit14, each contain a position and an airport; specifically, for every integer X from 1 through 14, posX is a location in citX and aptX is an airport location in citX.",deterministic_rule,true,covered,The bounded city/location rule yields exactly this unary type atom.
init,(location pos4),"Our cities, numbered cit1 to cit14, each contain a position and an airport; specifically, for every integer X from 1 through 14, posX is a location in citX and aptX is an airport location in citX.",deterministic_rule,true,covered,The bounded city/location rule yields exactly this unary type atom.
init,(location apt4),"Our cities, numbered cit1 to cit14, each contain a position and an airport; specifically, for every integer X from 1 through 14, posX is a location in citX and aptX is an airport location in citX.",deterministic_rule,true,covered,The bounded city/location rule yields exactly this unary type atom.
init,(location pos5),"Our cities, numbered cit1 to cit14, each contain a position and an airport; specifically, for every integer X from 1 through 14, posX is a location in citX and aptX is an airport location in citX.",deterministic_rule,true,covered,The bounded city/location rule yields exactly this unary type atom.
init,(location apt5),"Our cities, numbered cit1 to cit14, each contain a position and an airport; specifically, for every integer X from 1 through 14, posX is a location in citX and aptX is an airport location in citX.",deterministic_rule,true,covered,The bounded city/location rule yields exactly this unary type atom.
init,(location pos6),"Our cities, numbered cit1 to cit14, each contain a position and an airport; specifically, for every integer X from 1 through 14, posX is a location in citX and aptX is an airport location in citX.",deterministic_rule,true,covered,The bounded city/location rule yields exactly this unary type atom.
init,(location apt6),"Our cities, numbered cit1 to cit14, each contain a position and an airport; specifically, for every integer X from 1 through 14, posX is a location in citX and aptX is an airport location in citX.",deterministic_rule,true,covered,The bounded city/location rule yields exactly this unary type atom.
init,(location pos7),"Our cities, numbered cit1 to cit14, each contain a position and an airport; specifically, for every integer X from 1 through 14, posX is a location in citX and aptX is an airport location in citX.",deterministic_rule,true,covered,The bounded city/location rule yields exactly this unary type atom.
init,(location apt7),"Our cities, numbered cit1 to cit14, each contain a position and an airport; specifically, for every integer X from 1 through 14, posX is a location in citX and aptX is an airport location in citX.",deterministic_rule,true,covered,The bounded city/location rule yields exactly this unary type atom.
init,(location pos8),"Our cities, numbered cit1 to cit14, each contain a position and an airport; specifically, for every integer X from 1 through 14, posX is a location in citX and aptX is an airport location in citX.",deterministic_rule,true,covered,The bounded city/location rule yields exactly this unary type atom.
init,(location apt8),"Our cities, numbered cit1 to cit14, each contain a position and an airport; specifically, for every integer X from 1 through 14, posX is a location in citX and aptX is an airport location in citX.",deterministic_rule,true,covered,The bounded city/location rule yields exactly this unary type atom.
init,(location pos9),"Our cities, numbered cit1 to cit14, each contain a position and an airport; specifically, for every integer X from 1 through 14, posX is a location in citX and aptX is an airport location in citX.",deterministic_rule,true,covered,The bounded city/location rule yields exactly this unary type atom.
init,(location apt9),"Our cities, numbered cit1 to cit14, each contain a position and an airport; specifically, for every integer X from 1 through 14, posX is a location in citX and aptX is an airport location in citX.",deterministic_rule,true,covered,The bounded city/location rule yields exactly this unary type atom.
init,(location pos10),"Our cities, numbered cit1 to cit14, each contain a position and an airport; specifically, for every integer X from 1 through 14, posX is a location in citX and aptX is an airport location in citX.",deterministic_rule,true,covered,The bounded city/location rule yields exactly this unary type atom.
init,(location apt10),"Our cities, numbered cit1 to cit14, each contain a position and an airport; specifically, for every integer X from 1 through 14, posX is a location in citX and aptX is an airport location in citX.",deterministic_rule,true,covered,The bounded city/location rule yields exactly this unary type atom.
init,(location pos11),"Our cities, numbered cit1 to cit14, each contain a position and an airport; specifically, for every integer X from 1 through 14, posX is a location in citX and aptX is an airport location in citX.",deterministic_rule,true,covered,The bounded city/location rule yields exactly this unary type atom.
init,(location apt11),"Our cities, numbered cit1 to cit14, each contain a position and an airport; specifically, for every integer X from 1 through 14, posX is a location in citX and aptX is an airport location in citX.",deterministic_rule,true,covered,The bounded city/location rule yields exactly this unary type atom.
init,(location pos12),"Our cities, numbered cit1 to cit14, each contain a position and an airport; specifically, for every integer X from 1 through 14, posX is a location in citX and aptX is an airport location in citX.",deterministic_rule,true,covered,The bounded city/location rule yields exactly this unary type atom.
init,(location apt12),"Our cities, numbered cit1 to cit14, each contain a position and an airport; specifically, for every integer X from 1 through 14, posX is a location in citX and aptX is an airport location in citX.",deterministic_rule,true,covered,The bounded city/location rule yields exactly this unary type atom.
init,(location pos13),"Our cities, numbered cit1 to cit14, each contain a position and an airport; specifically, for every integer X from 1 through 14, posX is a location in citX and aptX is an airport location in citX.",deterministic_rule,true,covered,The bounded city/location rule yields exactly this unary type atom.
init,(location apt13),"Our cities, numbered cit1 to cit14, each contain a position and an airport; specifically, for every integer X from 1 through 14, posX is a location in citX and aptX is an airport location in citX.",deterministic_rule,true,covered,The bounded city/location rule yields exactly this unary type atom.
init,(location pos14),"Our cities, numbered cit1 to cit14, each contain a position and an airport; specifically, for every integer X from 1 through 14, posX is a location in citX and aptX is an airport location in citX.",deterministic_rule,true,covered,The bounded city/location rule yields exactly this unary type atom.
init,(location apt14),"Our cities, numbered cit1 to cit14, each contain a position and an airport; specifically, for every integer X from 1 through 14, posX is a location in citX and aptX is an airport location in citX.",deterministic_rule,true,covered,The bounded city/location rule yields exactly this unary type atom.
init,(airport apt1),"Our cities, numbered cit1 to cit14, each contain a position and an airport; specifically, for every integer X from 1 through 14, posX is a location in citX and aptX is an airport location in citX.",deterministic_rule,true,covered,The bounded city/location rule yields exactly this unary type atom.
init,(airport apt2),"Our cities, numbered cit1 to cit14, each contain a position and an airport; specifically, for every integer X from 1 through 14, posX is a location in citX and aptX is an airport location in citX.",deterministic_rule,true,covered,The bounded city/location rule yields exactly this unary type atom.
init,(airport apt3),"Our cities, numbered cit1 to cit14, each contain a position and an airport; specifically, for every integer X from 1 through 14, posX is a location in citX and aptX is an airport location in citX.",deterministic_rule,true,covered,The bounded city/location rule yields exactly this unary type atom.
init,(airport apt4),"Our cities, numbered cit1 to cit14, each contain a position and an airport; specifically, for every integer X from 1 through 14, posX is a location in citX and aptX is an airport location in citX.",deterministic_rule,true,covered,The bounded city/location rule yields exactly this unary type atom.
init,(airport apt5),"Our cities, numbered cit1 to cit14, each contain a position and an airport; specifically, for every integer X from 1 through 14, posX is a location in citX and aptX is an airport location in citX.",deterministic_rule,true,covered,The bounded city/location rule yields exactly this unary type atom.
init,(airport apt6),"Our cities, numbered cit1 to cit14, each contain a position and an airport; specifically, for every integer X from 1 through 14, posX is a location in citX and aptX is an airport location in citX.",deterministic_rule,true,covered,The bounded city/location rule yields exactly this unary type atom.
init,(airport apt7),"Our cities, numbered cit1 to cit14, each contain a position and an airport; specifically, for every integer X from 1 through 14, posX is a location in citX and aptX is an airport location in citX.",deterministic_rule,true,covered,The bounded city/location rule yields exactly this unary type atom.
init,(airport apt8),"Our cities, numbered cit1 to cit14, each contain a position and an airport; specifically, for every integer X from 1 through 14, posX is a location in citX and aptX is an airport location in citX.",deterministic_rule,true,covered,The bounded city/location rule yields exactly this unary type atom.
init,(airport apt9),"Our cities, numbered cit1 to cit14, each contain a position and an airport; specifically, for every integer X from 1 through 14, posX is a location in citX and aptX is an airport location in citX.",deterministic_rule,true,covered,The bounded city/location rule yields exactly this unary type atom.
init,(airport apt10),"Our cities, numbered cit1 to cit14, each contain a position and an airport; specifically, for every integer X from 1 through 14, posX is a location in citX and aptX is an airport location in citX.",deterministic_rule,true,covered,The bounded city/location rule yields exactly this unary type atom.
init,(airport apt11),"Our cities, numbered cit1 to cit14, each contain a position and an airport; specifically, for every integer X from 1 through 14, posX is a location in citX and aptX is an airport location in citX.",deterministic_rule,true,covered,The bounded city/location rule yields exactly this unary type atom.
init,(airport apt12),"Our cities, numbered cit1 to cit14, each contain a position and an airport; specifically, for every integer X from 1 through 14, posX is a location in citX and aptX is an airport location in citX.",deterministic_rule,true,covered,The bounded city/location rule yields exactly this unary type atom.
init,(airport apt13),"Our cities, numbered cit1 to cit14, each contain a position and an airport; specifically, for every integer X from 1 through 14, posX is a location in citX and aptX is an airport location in citX.",deterministic_rule,true,covered,The bounded city/location rule yields exactly this unary type atom.
init,(airport apt14),"Our cities, numbered cit1 to cit14, each contain a position and an airport; specifically, for every integer X from 1 through 14, posX is a location in citX and aptX is an airport location in citX.",deterministic_rule,true,covered,The bounded city/location rule yields exactly this unary type atom.
init,(airplane apn1),"Specifically, for every integer X from 1 through 14, we have packages objX1, objX2, and objX3, where X is replaced by its decimal numeral in each identifier (so X = 10 yields obj101, obj102, and obj103); our fleet includes trucks tru1 to tru14, and airplanes apn1 to apn4.",deterministic_rule,true,covered,The bounded package/truck/airplane construction yields exactly this unary type atom.
init,(airplane apn2),"Specifically, for every integer X from 1 through 14, we have packages objX1, objX2, and objX3, where X is replaced by its decimal numeral in each identifier (so X = 10 yields obj101, obj102, and obj103); our fleet includes trucks tru1 to tru14, and airplanes apn1 to apn4.",deterministic_rule,true,covered,The bounded package/truck/airplane construction yields exactly this unary type atom.
init,(airplane apn3),"Specifically, for every integer X from 1 through 14, we have packages objX1, objX2, and objX3, where X is replaced by its decimal numeral in each identifier (so X = 10 yields obj101, obj102, and obj103); our fleet includes trucks tru1 to tru14, and airplanes apn1 to apn4.",deterministic_rule,true,covered,The bounded package/truck/airplane construction yields exactly this unary type atom.
init,(airplane apn4),"Specifically, for every integer X from 1 through 14, we have packages objX1, objX2, and objX3, where X is replaced by its decimal numeral in each identifier (so X = 10 yields obj101, obj102, and obj103); our fleet includes trucks tru1 to tru14, and airplanes apn1 to apn4.",deterministic_rule,true,covered,The bounded package/truck/airplane construction yields exactly this unary type atom.
init,(at apn1 apt3),"Airplanes, on the other hand, start at specific airports: apn1 at apt3 in cit3, apn2 at apt4 in cit4, apn3 at apt8 in cit8, and apn4 at apt4 in cit4.",direct,true,covered,The complete airplane-start sentence explicitly states this atom.
init,(at apn2 apt4),"Airplanes, on the other hand, start at specific airports: apn1 at apt3 in cit3, apn2 at apt4 in cit4, apn3 at apt8 in cit8, and apn4 at apt4 in cit4.",direct,true,covered,The complete airplane-start sentence explicitly states this atom.
init,(at apn3 apt8),"Airplanes, on the other hand, start at specific airports: apn1 at apt3 in cit3, apn2 at apt4 in cit4, apn3 at apt8 in cit8, and apn4 at apt4 in cit4.",direct,true,covered,The complete airplane-start sentence explicitly states this atom.
init,(at apn4 apt4),"Airplanes, on the other hand, start at specific airports: apn1 at apt3 in cit3, apn2 at apt4 in cit4, apn3 at apt8 in cit8, and apn4 at apt4 in cit4.",direct,true,covered,The complete airplane-start sentence explicitly states this atom.
init,(at tru1 pos1),"For every integer X from 1 through 14, truck truX and packages objX1, objX2, and objX3 are stationed at posX initially.",deterministic_rule,true,covered,Substituting X=1–14 yields exactly 14 truck and 42 package placements.
init,(at obj11 pos1),"For every integer X from 1 through 14, truck truX and packages objX1, objX2, and objX3 are stationed at posX initially.",deterministic_rule,true,covered,Substituting X=1–14 yields exactly 14 truck and 42 package placements.
init,(at obj12 pos1),"For every integer X from 1 through 14, truck truX and packages objX1, objX2, and objX3 are stationed at posX initially.",deterministic_rule,true,covered,Substituting X=1–14 yields exactly 14 truck and 42 package placements.
init,(at obj13 pos1),"For every integer X from 1 through 14, truck truX and packages objX1, objX2, and objX3 are stationed at posX initially.",deterministic_rule,true,covered,Substituting X=1–14 yields exactly 14 truck and 42 package placements.
init,(at tru2 pos2),"For every integer X from 1 through 14, truck truX and packages objX1, objX2, and objX3 are stationed at posX initially.",deterministic_rule,true,covered,Substituting X=1–14 yields exactly 14 truck and 42 package placements.
init,(at obj21 pos2),"For every integer X from 1 through 14, truck truX and packages objX1, objX2, and objX3 are stationed at posX initially.",deterministic_rule,true,covered,Substituting X=1–14 yields exactly 14 truck and 42 package placements.
init,(at obj22 pos2),"For every integer X from 1 through 14, truck truX and packages objX1, objX2, and objX3 are stationed at posX initially.",deterministic_rule,true,covered,Substituting X=1–14 yields exactly 14 truck and 42 package placements.
init,(at obj23 pos2),"For every integer X from 1 through 14, truck truX and packages objX1, objX2, and objX3 are stationed at posX initially.",deterministic_rule,true,covered,Substituting X=1–14 yields exactly 14 truck and 42 package placements.
init,(at tru3 pos3),"For every integer X from 1 through 14, truck truX and packages objX1, objX2, and objX3 are stationed at posX initially.",deterministic_rule,true,covered,Substituting X=1–14 yields exactly 14 truck and 42 package placements.
init,(at obj31 pos3),"For every integer X from 1 through 14, truck truX and packages objX1, objX2, and objX3 are stationed at posX initially.",deterministic_rule,true,covered,Substituting X=1–14 yields exactly 14 truck and 42 package placements.
init,(at obj32 pos3),"For every integer X from 1 through 14, truck truX and packages objX1, objX2, and objX3 are stationed at posX initially.",deterministic_rule,true,covered,Substituting X=1–14 yields exactly 14 truck and 42 package placements.
init,(at obj33 pos3),"For every integer X from 1 through 14, truck truX and packages objX1, objX2, and objX3 are stationed at posX initially.",deterministic_rule,true,covered,Substituting X=1–14 yields exactly 14 truck and 42 package placements.
init,(at tru4 pos4),"For every integer X from 1 through 14, truck truX and packages objX1, objX2, and objX3 are stationed at posX initially.",deterministic_rule,true,covered,Substituting X=1–14 yields exactly 14 truck and 42 package placements.
init,(at obj41 pos4),"For every integer X from 1 through 14, truck truX and packages objX1, objX2, and objX3 are stationed at posX initially.",deterministic_rule,true,covered,Substituting X=1–14 yields exactly 14 truck and 42 package placements.
init,(at obj42 pos4),"For every integer X from 1 through 14, truck truX and packages objX1, objX2, and objX3 are stationed at posX initially.",deterministic_rule,true,covered,Substituting X=1–14 yields exactly 14 truck and 42 package placements.
init,(at obj43 pos4),"For every integer X from 1 through 14, truck truX and packages objX1, objX2, and objX3 are stationed at posX initially.",deterministic_rule,true,covered,Substituting X=1–14 yields exactly 14 truck and 42 package placements.
init,(at tru5 pos5),"For every integer X from 1 through 14, truck truX and packages objX1, objX2, and objX3 are stationed at posX initially.",deterministic_rule,true,covered,Substituting X=1–14 yields exactly 14 truck and 42 package placements.
init,(at obj51 pos5),"For every integer X from 1 through 14, truck truX and packages objX1, objX2, and objX3 are stationed at posX initially.",deterministic_rule,true,covered,Substituting X=1–14 yields exactly 14 truck and 42 package placements.
init,(at obj52 pos5),"For every integer X from 1 through 14, truck truX and packages objX1, objX2, and objX3 are stationed at posX initially.",deterministic_rule,true,covered,Substituting X=1–14 yields exactly 14 truck and 42 package placements.
init,(at obj53 pos5),"For every integer X from 1 through 14, truck truX and packages objX1, objX2, and objX3 are stationed at posX initially.",deterministic_rule,true,covered,Substituting X=1–14 yields exactly 14 truck and 42 package placements.
init,(at tru6 pos6),"For every integer X from 1 through 14, truck truX and packages objX1, objX2, and objX3 are stationed at posX initially.",deterministic_rule,true,covered,Substituting X=1–14 yields exactly 14 truck and 42 package placements.
init,(at obj61 pos6),"For every integer X from 1 through 14, truck truX and packages objX1, objX2, and objX3 are stationed at posX initially.",deterministic_rule,true,covered,Substituting X=1–14 yields exactly 14 truck and 42 package placements.
init,(at obj62 pos6),"For every integer X from 1 through 14, truck truX and packages objX1, objX2, and objX3 are stationed at posX initially.",deterministic_rule,true,covered,Substituting X=1–14 yields exactly 14 truck and 42 package placements.
init,(at obj63 pos6),"For every integer X from 1 through 14, truck truX and packages objX1, objX2, and objX3 are stationed at posX initially.",deterministic_rule,true,covered,Substituting X=1–14 yields exactly 14 truck and 42 package placements.
init,(at tru7 pos7),"For every integer X from 1 through 14, truck truX and packages objX1, objX2, and objX3 are stationed at posX initially.",deterministic_rule,true,covered,Substituting X=1–14 yields exactly 14 truck and 42 package placements.
init,(at obj71 pos7),"For every integer X from 1 through 14, truck truX and packages objX1, objX2, and objX3 are stationed at posX initially.",deterministic_rule,true,covered,Substituting X=1–14 yields exactly 14 truck and 42 package placements.
init,(at obj72 pos7),"For every integer X from 1 through 14, truck truX and packages objX1, objX2, and objX3 are stationed at posX initially.",deterministic_rule,true,covered,Substituting X=1–14 yields exactly 14 truck and 42 package placements.
init,(at obj73 pos7),"For every integer X from 1 through 14, truck truX and packages objX1, objX2, and objX3 are stationed at posX initially.",deterministic_rule,true,covered,Substituting X=1–14 yields exactly 14 truck and 42 package placements.
init,(at tru8 pos8),"For every integer X from 1 through 14, truck truX and packages objX1, objX2, and objX3 are stationed at posX initially.",deterministic_rule,true,covered,Substituting X=1–14 yields exactly 14 truck and 42 package placements.
init,(at obj81 pos8),"For every integer X from 1 through 14, truck truX and packages objX1, objX2, and objX3 are stationed at posX initially.",deterministic_rule,true,covered,Substituting X=1–14 yields exactly 14 truck and 42 package placements.
init,(at obj82 pos8),"For every integer X from 1 through 14, truck truX and packages objX1, objX2, and objX3 are stationed at posX initially.",deterministic_rule,true,covered,Substituting X=1–14 yields exactly 14 truck and 42 package placements.
init,(at obj83 pos8),"For every integer X from 1 through 14, truck truX and packages objX1, objX2, and objX3 are stationed at posX initially.",deterministic_rule,true,covered,Substituting X=1–14 yields exactly 14 truck and 42 package placements.
init,(at tru9 pos9),"For every integer X from 1 through 14, truck truX and packages objX1, objX2, and objX3 are stationed at posX initially.",deterministic_rule,true,covered,Substituting X=1–14 yields exactly 14 truck and 42 package placements.
init,(at obj91 pos9),"For every integer X from 1 through 14, truck truX and packages objX1, objX2, and objX3 are stationed at posX initially.",deterministic_rule,true,covered,Substituting X=1–14 yields exactly 14 truck and 42 package placements.
init,(at obj92 pos9),"For every integer X from 1 through 14, truck truX and packages objX1, objX2, and objX3 are stationed at posX initially.",deterministic_rule,true,covered,Substituting X=1–14 yields exactly 14 truck and 42 package placements.
init,(at obj93 pos9),"For every integer X from 1 through 14, truck truX and packages objX1, objX2, and objX3 are stationed at posX initially.",deterministic_rule,true,covered,Substituting X=1–14 yields exactly 14 truck and 42 package placements.
init,(at tru10 pos10),"For every integer X from 1 through 14, truck truX and packages objX1, objX2, and objX3 are stationed at posX initially.",deterministic_rule,true,covered,Substituting X=1–14 yields exactly 14 truck and 42 package placements.
init,(at obj101 pos10),"For every integer X from 1 through 14, truck truX and packages objX1, objX2, and objX3 are stationed at posX initially.",deterministic_rule,true,covered,Substituting X=1–14 yields exactly 14 truck and 42 package placements.
init,(at obj102 pos10),"For every integer X from 1 through 14, truck truX and packages objX1, objX2, and objX3 are stationed at posX initially.",deterministic_rule,true,covered,Substituting X=1–14 yields exactly 14 truck and 42 package placements.
init,(at obj103 pos10),"For every integer X from 1 through 14, truck truX and packages objX1, objX2, and objX3 are stationed at posX initially.",deterministic_rule,true,covered,Substituting X=1–14 yields exactly 14 truck and 42 package placements.
init,(at tru11 pos11),"For every integer X from 1 through 14, truck truX and packages objX1, objX2, and objX3 are stationed at posX initially.",deterministic_rule,true,covered,Substituting X=1–14 yields exactly 14 truck and 42 package placements.
init,(at obj111 pos11),"For every integer X from 1 through 14, truck truX and packages objX1, objX2, and objX3 are stationed at posX initially.",deterministic_rule,true,covered,Substituting X=1–14 yields exactly 14 truck and 42 package placements.
init,(at obj112 pos11),"For every integer X from 1 through 14, truck truX and packages objX1, objX2, and objX3 are stationed at posX initially.",deterministic_rule,true,covered,Substituting X=1–14 yields exactly 14 truck and 42 package placements.
init,(at obj113 pos11),"For every integer X from 1 through 14, truck truX and packages objX1, objX2, and objX3 are stationed at posX initially.",deterministic_rule,true,covered,Substituting X=1–14 yields exactly 14 truck and 42 package placements.
init,(at tru12 pos12),"For every integer X from 1 through 14, truck truX and packages objX1, objX2, and objX3 are stationed at posX initially.",deterministic_rule,true,covered,Substituting X=1–14 yields exactly 14 truck and 42 package placements.
init,(at obj121 pos12),"For every integer X from 1 through 14, truck truX and packages objX1, objX2, and objX3 are stationed at posX initially.",deterministic_rule,true,covered,Substituting X=1–14 yields exactly 14 truck and 42 package placements.
init,(at obj122 pos12),"For every integer X from 1 through 14, truck truX and packages objX1, objX2, and objX3 are stationed at posX initially.",deterministic_rule,true,covered,Substituting X=1–14 yields exactly 14 truck and 42 package placements.
init,(at obj123 pos12),"For every integer X from 1 through 14, truck truX and packages objX1, objX2, and objX3 are stationed at posX initially.",deterministic_rule,true,covered,Substituting X=1–14 yields exactly 14 truck and 42 package placements.
init,(at tru13 pos13),"For every integer X from 1 through 14, truck truX and packages objX1, objX2, and objX3 are stationed at posX initially.",deterministic_rule,true,covered,Substituting X=1–14 yields exactly 14 truck and 42 package placements.
init,(at obj131 pos13),"For every integer X from 1 through 14, truck truX and packages objX1, objX2, and objX3 are stationed at posX initially.",deterministic_rule,true,covered,Substituting X=1–14 yields exactly 14 truck and 42 package placements.
init,(at obj132 pos13),"For every integer X from 1 through 14, truck truX and packages objX1, objX2, and objX3 are stationed at posX initially.",deterministic_rule,true,covered,Substituting X=1–14 yields exactly 14 truck and 42 package placements.
init,(at obj133 pos13),"For every integer X from 1 through 14, truck truX and packages objX1, objX2, and objX3 are stationed at posX initially.",deterministic_rule,true,covered,Substituting X=1–14 yields exactly 14 truck and 42 package placements.
init,(at tru14 pos14),"For every integer X from 1 through 14, truck truX and packages objX1, objX2, and objX3 are stationed at posX initially.",deterministic_rule,true,covered,Substituting X=1–14 yields exactly 14 truck and 42 package placements.
init,(at obj141 pos14),"For every integer X from 1 through 14, truck truX and packages objX1, objX2, and objX3 are stationed at posX initially.",deterministic_rule,true,covered,Substituting X=1–14 yields exactly 14 truck and 42 package placements.
init,(at obj142 pos14),"For every integer X from 1 through 14, truck truX and packages objX1, objX2, and objX3 are stationed at posX initially.",deterministic_rule,true,covered,Substituting X=1–14 yields exactly 14 truck and 42 package placements.
init,(at obj143 pos14),"For every integer X from 1 through 14, truck truX and packages objX1, objX2, and objX3 are stationed at posX initially.",deterministic_rule,true,covered,Substituting X=1–14 yields exactly 14 truck and 42 package placements.
init,(in-city pos1 cit1),"Our cities, numbered cit1 to cit14, each contain a position and an airport; specifically, for every integer X from 1 through 14, posX is a location in citX and aptX is an airport location in citX.",deterministic_rule,true,covered,Substituting X=1–14 yields exactly posX/citX and aptX/citX.
init,(in-city apt1 cit1),"Our cities, numbered cit1 to cit14, each contain a position and an airport; specifically, for every integer X from 1 through 14, posX is a location in citX and aptX is an airport location in citX.",deterministic_rule,true,covered,Substituting X=1–14 yields exactly posX/citX and aptX/citX.
init,(in-city pos2 cit2),"Our cities, numbered cit1 to cit14, each contain a position and an airport; specifically, for every integer X from 1 through 14, posX is a location in citX and aptX is an airport location in citX.",deterministic_rule,true,covered,Substituting X=1–14 yields exactly posX/citX and aptX/citX.
init,(in-city apt2 cit2),"Our cities, numbered cit1 to cit14, each contain a position and an airport; specifically, for every integer X from 1 through 14, posX is a location in citX and aptX is an airport location in citX.",deterministic_rule,true,covered,Substituting X=1–14 yields exactly posX/citX and aptX/citX.
init,(in-city pos3 cit3),"Our cities, numbered cit1 to cit14, each contain a position and an airport; specifically, for every integer X from 1 through 14, posX is a location in citX and aptX is an airport location in citX.",deterministic_rule,true,covered,Substituting X=1–14 yields exactly posX/citX and aptX/citX.
init,(in-city apt3 cit3),"Our cities, numbered cit1 to cit14, each contain a position and an airport; specifically, for every integer X from 1 through 14, posX is a location in citX and aptX is an airport location in citX.",deterministic_rule,true,covered,Substituting X=1–14 yields exactly posX/citX and aptX/citX.
init,(in-city pos4 cit4),"Our cities, numbered cit1 to cit14, each contain a position and an airport; specifically, for every integer X from 1 through 14, posX is a location in citX and aptX is an airport location in citX.",deterministic_rule,true,covered,Substituting X=1–14 yields exactly posX/citX and aptX/citX.
init,(in-city apt4 cit4),"Our cities, numbered cit1 to cit14, each contain a position and an airport; specifically, for every integer X from 1 through 14, posX is a location in citX and aptX is an airport location in citX.",deterministic_rule,true,covered,Substituting X=1–14 yields exactly posX/citX and aptX/citX.
init,(in-city pos5 cit5),"Our cities, numbered cit1 to cit14, each contain a position and an airport; specifically, for every integer X from 1 through 14, posX is a location in citX and aptX is an airport location in citX.",deterministic_rule,true,covered,Substituting X=1–14 yields exactly posX/citX and aptX/citX.
init,(in-city apt5 cit5),"Our cities, numbered cit1 to cit14, each contain a position and an airport; specifically, for every integer X from 1 through 14, posX is a location in citX and aptX is an airport location in citX.",deterministic_rule,true,covered,Substituting X=1–14 yields exactly posX/citX and aptX/citX.
init,(in-city pos6 cit6),"Our cities, numbered cit1 to cit14, each contain a position and an airport; specifically, for every integer X from 1 through 14, posX is a location in citX and aptX is an airport location in citX.",deterministic_rule,true,covered,Substituting X=1–14 yields exactly posX/citX and aptX/citX.
init,(in-city apt6 cit6),"Our cities, numbered cit1 to cit14, each contain a position and an airport; specifically, for every integer X from 1 through 14, posX is a location in citX and aptX is an airport location in citX.",deterministic_rule,true,covered,Substituting X=1–14 yields exactly posX/citX and aptX/citX.
init,(in-city pos7 cit7),"Our cities, numbered cit1 to cit14, each contain a position and an airport; specifically, for every integer X from 1 through 14, posX is a location in citX and aptX is an airport location in citX.",deterministic_rule,true,covered,Substituting X=1–14 yields exactly posX/citX and aptX/citX.
init,(in-city apt7 cit7),"Our cities, numbered cit1 to cit14, each contain a position and an airport; specifically, for every integer X from 1 through 14, posX is a location in citX and aptX is an airport location in citX.",deterministic_rule,true,covered,Substituting X=1–14 yields exactly posX/citX and aptX/citX.
init,(in-city pos8 cit8),"Our cities, numbered cit1 to cit14, each contain a position and an airport; specifically, for every integer X from 1 through 14, posX is a location in citX and aptX is an airport location in citX.",deterministic_rule,true,covered,Substituting X=1–14 yields exactly posX/citX and aptX/citX.
init,(in-city apt8 cit8),"Our cities, numbered cit1 to cit14, each contain a position and an airport; specifically, for every integer X from 1 through 14, posX is a location in citX and aptX is an airport location in citX.",deterministic_rule,true,covered,Substituting X=1–14 yields exactly posX/citX and aptX/citX.
init,(in-city pos9 cit9),"Our cities, numbered cit1 to cit14, each contain a position and an airport; specifically, for every integer X from 1 through 14, posX is a location in citX and aptX is an airport location in citX.",deterministic_rule,true,covered,Substituting X=1–14 yields exactly posX/citX and aptX/citX.
init,(in-city apt9 cit9),"Our cities, numbered cit1 to cit14, each contain a position and an airport; specifically, for every integer X from 1 through 14, posX is a location in citX and aptX is an airport location in citX.",deterministic_rule,true,covered,Substituting X=1–14 yields exactly posX/citX and aptX/citX.
init,(in-city pos10 cit10),"Our cities, numbered cit1 to cit14, each contain a position and an airport; specifically, for every integer X from 1 through 14, posX is a location in citX and aptX is an airport location in citX.",deterministic_rule,true,covered,Substituting X=1–14 yields exactly posX/citX and aptX/citX.
init,(in-city apt10 cit10),"Our cities, numbered cit1 to cit14, each contain a position and an airport; specifically, for every integer X from 1 through 14, posX is a location in citX and aptX is an airport location in citX.",deterministic_rule,true,covered,Substituting X=1–14 yields exactly posX/citX and aptX/citX.
init,(in-city pos11 cit11),"Our cities, numbered cit1 to cit14, each contain a position and an airport; specifically, for every integer X from 1 through 14, posX is a location in citX and aptX is an airport location in citX.",deterministic_rule,true,covered,Substituting X=1–14 yields exactly posX/citX and aptX/citX.
init,(in-city apt11 cit11),"Our cities, numbered cit1 to cit14, each contain a position and an airport; specifically, for every integer X from 1 through 14, posX is a location in citX and aptX is an airport location in citX.",deterministic_rule,true,covered,Substituting X=1–14 yields exactly posX/citX and aptX/citX.
init,(in-city pos12 cit12),"Our cities, numbered cit1 to cit14, each contain a position and an airport; specifically, for every integer X from 1 through 14, posX is a location in citX and aptX is an airport location in citX.",deterministic_rule,true,covered,Substituting X=1–14 yields exactly posX/citX and aptX/citX.
init,(in-city apt12 cit12),"Our cities, numbered cit1 to cit14, each contain a position and an airport; specifically, for every integer X from 1 through 14, posX is a location in citX and aptX is an airport location in citX.",deterministic_rule,true,covered,Substituting X=1–14 yields exactly posX/citX and aptX/citX.
init,(in-city pos13 cit13),"Our cities, numbered cit1 to cit14, each contain a position and an airport; specifically, for every integer X from 1 through 14, posX is a location in citX and aptX is an airport location in citX.",deterministic_rule,true,covered,Substituting X=1–14 yields exactly posX/citX and aptX/citX.
init,(in-city apt13 cit13),"Our cities, numbered cit1 to cit14, each contain a position and an airport; specifically, for every integer X from 1 through 14, posX is a location in citX and aptX is an airport location in citX.",deterministic_rule,true,covered,Substituting X=1–14 yields exactly posX/citX and aptX/citX.
init,(in-city pos14 cit14),"Our cities, numbered cit1 to cit14, each contain a position and an airport; specifically, for every integer X from 1 through 14, posX is a location in citX and aptX is an airport location in citX.",deterministic_rule,true,covered,Substituting X=1–14 yields exactly posX/citX and aptX/citX.
init,(in-city apt14 cit14),"Our cities, numbered cit1 to cit14, each contain a position and an airport; specifically, for every integer X from 1 through 14, posX is a location in citX and aptX is an airport location in citX.",deterministic_rule,true,covered,Substituting X=1–14 yields exactly posX/citX and aptX/citX.
goal,(at obj52 pos7),The main objectives are to move obj52 to pos7; obj142 to apt4; obj42 to pos10; obj11 to apt5; obj123 to pos7; obj33 to pos4; obj112 to apt14; obj113 to apt8; obj61 to apt8; obj73 to apt5; obj132 to apt12; obj111 to pos11; obj103 to apt11; obj51 to apt3; obj122 to pos10; obj31 to pos7; obj72 to apt11; obj131 to apt13; obj91 to apt8; obj13 to apt11; obj41 to apt14; obj102 to pos13; obj12 to apt9; obj23 to pos12; obj83 to apt4; obj62 to apt4; obj81 to apt8; obj92 to apt13; obj43 to apt7; obj143 to pos4; obj82 to apt11; obj32 to apt13; obj133 to apt3; obj71 to pos9; obj63 to apt1; obj21 to pos1; obj93 to apt4; obj141 to pos9; obj53 to pos1; and obj101 to pos13.,direct,true,covered,The complete 40-pair sentence explicitly states this goal atom.
goal,(at obj142 apt4),The main objectives are to move obj52 to pos7; obj142 to apt4; obj42 to pos10; obj11 to apt5; obj123 to pos7; obj33 to pos4; obj112 to apt14; obj113 to apt8; obj61 to apt8; obj73 to apt5; obj132 to apt12; obj111 to pos11; obj103 to apt11; obj51 to apt3; obj122 to pos10; obj31 to pos7; obj72 to apt11; obj131 to apt13; obj91 to apt8; obj13 to apt11; obj41 to apt14; obj102 to pos13; obj12 to apt9; obj23 to pos12; obj83 to apt4; obj62 to apt4; obj81 to apt8; obj92 to apt13; obj43 to apt7; obj143 to pos4; obj82 to apt11; obj32 to apt13; obj133 to apt3; obj71 to pos9; obj63 to apt1; obj21 to pos1; obj93 to apt4; obj141 to pos9; obj53 to pos1; and obj101 to pos13.,direct,true,covered,The complete 40-pair sentence explicitly states this goal atom.
goal,(at obj42 pos10),The main objectives are to move obj52 to pos7; obj142 to apt4; obj42 to pos10; obj11 to apt5; obj123 to pos7; obj33 to pos4; obj112 to apt14; obj113 to apt8; obj61 to apt8; obj73 to apt5; obj132 to apt12; obj111 to pos11; obj103 to apt11; obj51 to apt3; obj122 to pos10; obj31 to pos7; obj72 to apt11; obj131 to apt13; obj91 to apt8; obj13 to apt11; obj41 to apt14; obj102 to pos13; obj12 to apt9; obj23 to pos12; obj83 to apt4; obj62 to apt4; obj81 to apt8; obj92 to apt13; obj43 to apt7; obj143 to pos4; obj82 to apt11; obj32 to apt13; obj133 to apt3; obj71 to pos9; obj63 to apt1; obj21 to pos1; obj93 to apt4; obj141 to pos9; obj53 to pos1; and obj101 to pos13.,direct,true,covered,The complete 40-pair sentence explicitly states this goal atom.
goal,(at obj11 apt5),The main objectives are to move obj52 to pos7; obj142 to apt4; obj42 to pos10; obj11 to apt5; obj123 to pos7; obj33 to pos4; obj112 to apt14; obj113 to apt8; obj61 to apt8; obj73 to apt5; obj132 to apt12; obj111 to pos11; obj103 to apt11; obj51 to apt3; obj122 to pos10; obj31 to pos7; obj72 to apt11; obj131 to apt13; obj91 to apt8; obj13 to apt11; obj41 to apt14; obj102 to pos13; obj12 to apt9; obj23 to pos12; obj83 to apt4; obj62 to apt4; obj81 to apt8; obj92 to apt13; obj43 to apt7; obj143 to pos4; obj82 to apt11; obj32 to apt13; obj133 to apt3; obj71 to pos9; obj63 to apt1; obj21 to pos1; obj93 to apt4; obj141 to pos9; obj53 to pos1; and obj101 to pos13.,direct,true,covered,The complete 40-pair sentence explicitly states this goal atom.
goal,(at obj123 pos7),The main objectives are to move obj52 to pos7; obj142 to apt4; obj42 to pos10; obj11 to apt5; obj123 to pos7; obj33 to pos4; obj112 to apt14; obj113 to apt8; obj61 to apt8; obj73 to apt5; obj132 to apt12; obj111 to pos11; obj103 to apt11; obj51 to apt3; obj122 to pos10; obj31 to pos7; obj72 to apt11; obj131 to apt13; obj91 to apt8; obj13 to apt11; obj41 to apt14; obj102 to pos13; obj12 to apt9; obj23 to pos12; obj83 to apt4; obj62 to apt4; obj81 to apt8; obj92 to apt13; obj43 to apt7; obj143 to pos4; obj82 to apt11; obj32 to apt13; obj133 to apt3; obj71 to pos9; obj63 to apt1; obj21 to pos1; obj93 to apt4; obj141 to pos9; obj53 to pos1; and obj101 to pos13.,direct,true,covered,The complete 40-pair sentence explicitly states this goal atom.
goal,(at obj33 pos4),The main objectives are to move obj52 to pos7; obj142 to apt4; obj42 to pos10; obj11 to apt5; obj123 to pos7; obj33 to pos4; obj112 to apt14; obj113 to apt8; obj61 to apt8; obj73 to apt5; obj132 to apt12; obj111 to pos11; obj103 to apt11; obj51 to apt3; obj122 to pos10; obj31 to pos7; obj72 to apt11; obj131 to apt13; obj91 to apt8; obj13 to apt11; obj41 to apt14; obj102 to pos13; obj12 to apt9; obj23 to pos12; obj83 to apt4; obj62 to apt4; obj81 to apt8; obj92 to apt13; obj43 to apt7; obj143 to pos4; obj82 to apt11; obj32 to apt13; obj133 to apt3; obj71 to pos9; obj63 to apt1; obj21 to pos1; obj93 to apt4; obj141 to pos9; obj53 to pos1; and obj101 to pos13.,direct,true,covered,The complete 40-pair sentence explicitly states this goal atom.
goal,(at obj112 apt14),The main objectives are to move obj52 to pos7; obj142 to apt4; obj42 to pos10; obj11 to apt5; obj123 to pos7; obj33 to pos4; obj112 to apt14; obj113 to apt8; obj61 to apt8; obj73 to apt5; obj132 to apt12; obj111 to pos11; obj103 to apt11; obj51 to apt3; obj122 to pos10; obj31 to pos7; obj72 to apt11; obj131 to apt13; obj91 to apt8; obj13 to apt11; obj41 to apt14; obj102 to pos13; obj12 to apt9; obj23 to pos12; obj83 to apt4; obj62 to apt4; obj81 to apt8; obj92 to apt13; obj43 to apt7; obj143 to pos4; obj82 to apt11; obj32 to apt13; obj133 to apt3; obj71 to pos9; obj63 to apt1; obj21 to pos1; obj93 to apt4; obj141 to pos9; obj53 to pos1; and obj101 to pos13.,direct,true,covered,The complete 40-pair sentence explicitly states this goal atom.
goal,(at obj113 apt8),The main objectives are to move obj52 to pos7; obj142 to apt4; obj42 to pos10; obj11 to apt5; obj123 to pos7; obj33 to pos4; obj112 to apt14; obj113 to apt8; obj61 to apt8; obj73 to apt5; obj132 to apt12; obj111 to pos11; obj103 to apt11; obj51 to apt3; obj122 to pos10; obj31 to pos7; obj72 to apt11; obj131 to apt13; obj91 to apt8; obj13 to apt11; obj41 to apt14; obj102 to pos13; obj12 to apt9; obj23 to pos12; obj83 to apt4; obj62 to apt4; obj81 to apt8; obj92 to apt13; obj43 to apt7; obj143 to pos4; obj82 to apt11; obj32 to apt13; obj133 to apt3; obj71 to pos9; obj63 to apt1; obj21 to pos1; obj93 to apt4; obj141 to pos9; obj53 to pos1; and obj101 to pos13.,direct,true,covered,The complete 40-pair sentence explicitly states this goal atom.
goal,(at obj61 apt8),The main objectives are to move obj52 to pos7; obj142 to apt4; obj42 to pos10; obj11 to apt5; obj123 to pos7; obj33 to pos4; obj112 to apt14; obj113 to apt8; obj61 to apt8; obj73 to apt5; obj132 to apt12; obj111 to pos11; obj103 to apt11; obj51 to apt3; obj122 to pos10; obj31 to pos7; obj72 to apt11; obj131 to apt13; obj91 to apt8; obj13 to apt11; obj41 to apt14; obj102 to pos13; obj12 to apt9; obj23 to pos12; obj83 to apt4; obj62 to apt4; obj81 to apt8; obj92 to apt13; obj43 to apt7; obj143 to pos4; obj82 to apt11; obj32 to apt13; obj133 to apt3; obj71 to pos9; obj63 to apt1; obj21 to pos1; obj93 to apt4; obj141 to pos9; obj53 to pos1; and obj101 to pos13.,direct,true,covered,The complete 40-pair sentence explicitly states this goal atom.
goal,(at obj73 apt5),The main objectives are to move obj52 to pos7; obj142 to apt4; obj42 to pos10; obj11 to apt5; obj123 to pos7; obj33 to pos4; obj112 to apt14; obj113 to apt8; obj61 to apt8; obj73 to apt5; obj132 to apt12; obj111 to pos11; obj103 to apt11; obj51 to apt3; obj122 to pos10; obj31 to pos7; obj72 to apt11; obj131 to apt13; obj91 to apt8; obj13 to apt11; obj41 to apt14; obj102 to pos13; obj12 to apt9; obj23 to pos12; obj83 to apt4; obj62 to apt4; obj81 to apt8; obj92 to apt13; obj43 to apt7; obj143 to pos4; obj82 to apt11; obj32 to apt13; obj133 to apt3; obj71 to pos9; obj63 to apt1; obj21 to pos1; obj93 to apt4; obj141 to pos9; obj53 to pos1; and obj101 to pos13.,direct,true,covered,The complete 40-pair sentence explicitly states this goal atom.
goal,(at obj132 apt12),The main objectives are to move obj52 to pos7; obj142 to apt4; obj42 to pos10; obj11 to apt5; obj123 to pos7; obj33 to pos4; obj112 to apt14; obj113 to apt8; obj61 to apt8; obj73 to apt5; obj132 to apt12; obj111 to pos11; obj103 to apt11; obj51 to apt3; obj122 to pos10; obj31 to pos7; obj72 to apt11; obj131 to apt13; obj91 to apt8; obj13 to apt11; obj41 to apt14; obj102 to pos13; obj12 to apt9; obj23 to pos12; obj83 to apt4; obj62 to apt4; obj81 to apt8; obj92 to apt13; obj43 to apt7; obj143 to pos4; obj82 to apt11; obj32 to apt13; obj133 to apt3; obj71 to pos9; obj63 to apt1; obj21 to pos1; obj93 to apt4; obj141 to pos9; obj53 to pos1; and obj101 to pos13.,direct,true,covered,The complete 40-pair sentence explicitly states this goal atom.
goal,(at obj111 pos11),The main objectives are to move obj52 to pos7; obj142 to apt4; obj42 to pos10; obj11 to apt5; obj123 to pos7; obj33 to pos4; obj112 to apt14; obj113 to apt8; obj61 to apt8; obj73 to apt5; obj132 to apt12; obj111 to pos11; obj103 to apt11; obj51 to apt3; obj122 to pos10; obj31 to pos7; obj72 to apt11; obj131 to apt13; obj91 to apt8; obj13 to apt11; obj41 to apt14; obj102 to pos13; obj12 to apt9; obj23 to pos12; obj83 to apt4; obj62 to apt4; obj81 to apt8; obj92 to apt13; obj43 to apt7; obj143 to pos4; obj82 to apt11; obj32 to apt13; obj133 to apt3; obj71 to pos9; obj63 to apt1; obj21 to pos1; obj93 to apt4; obj141 to pos9; obj53 to pos1; and obj101 to pos13.,direct,true,covered,The complete 40-pair sentence explicitly states this goal atom.
goal,(at obj103 apt11),The main objectives are to move obj52 to pos7; obj142 to apt4; obj42 to pos10; obj11 to apt5; obj123 to pos7; obj33 to pos4; obj112 to apt14; obj113 to apt8; obj61 to apt8; obj73 to apt5; obj132 to apt12; obj111 to pos11; obj103 to apt11; obj51 to apt3; obj122 to pos10; obj31 to pos7; obj72 to apt11; obj131 to apt13; obj91 to apt8; obj13 to apt11; obj41 to apt14; obj102 to pos13; obj12 to apt9; obj23 to pos12; obj83 to apt4; obj62 to apt4; obj81 to apt8; obj92 to apt13; obj43 to apt7; obj143 to pos4; obj82 to apt11; obj32 to apt13; obj133 to apt3; obj71 to pos9; obj63 to apt1; obj21 to pos1; obj93 to apt4; obj141 to pos9; obj53 to pos1; and obj101 to pos13.,direct,true,covered,The complete 40-pair sentence explicitly states this goal atom.
goal,(at obj51 apt3),The main objectives are to move obj52 to pos7; obj142 to apt4; obj42 to pos10; obj11 to apt5; obj123 to pos7; obj33 to pos4; obj112 to apt14; obj113 to apt8; obj61 to apt8; obj73 to apt5; obj132 to apt12; obj111 to pos11; obj103 to apt11; obj51 to apt3; obj122 to pos10; obj31 to pos7; obj72 to apt11; obj131 to apt13; obj91 to apt8; obj13 to apt11; obj41 to apt14; obj102 to pos13; obj12 to apt9; obj23 to pos12; obj83 to apt4; obj62 to apt4; obj81 to apt8; obj92 to apt13; obj43 to apt7; obj143 to pos4; obj82 to apt11; obj32 to apt13; obj133 to apt3; obj71 to pos9; obj63 to apt1; obj21 to pos1; obj93 to apt4; obj141 to pos9; obj53 to pos1; and obj101 to pos13.,direct,true,covered,The complete 40-pair sentence explicitly states this goal atom.
goal,(at obj122 pos10),The main objectives are to move obj52 to pos7; obj142 to apt4; obj42 to pos10; obj11 to apt5; obj123 to pos7; obj33 to pos4; obj112 to apt14; obj113 to apt8; obj61 to apt8; obj73 to apt5; obj132 to apt12; obj111 to pos11; obj103 to apt11; obj51 to apt3; obj122 to pos10; obj31 to pos7; obj72 to apt11; obj131 to apt13; obj91 to apt8; obj13 to apt11; obj41 to apt14; obj102 to pos13; obj12 to apt9; obj23 to pos12; obj83 to apt4; obj62 to apt4; obj81 to apt8; obj92 to apt13; obj43 to apt7; obj143 to pos4; obj82 to apt11; obj32 to apt13; obj133 to apt3; obj71 to pos9; obj63 to apt1; obj21 to pos1; obj93 to apt4; obj141 to pos9; obj53 to pos1; and obj101 to pos13.,direct,true,covered,The complete 40-pair sentence explicitly states this goal atom.
goal,(at obj31 pos7),The main objectives are to move obj52 to pos7; obj142 to apt4; obj42 to pos10; obj11 to apt5; obj123 to pos7; obj33 to pos4; obj112 to apt14; obj113 to apt8; obj61 to apt8; obj73 to apt5; obj132 to apt12; obj111 to pos11; obj103 to apt11; obj51 to apt3; obj122 to pos10; obj31 to pos7; obj72 to apt11; obj131 to apt13; obj91 to apt8; obj13 to apt11; obj41 to apt14; obj102 to pos13; obj12 to apt9; obj23 to pos12; obj83 to apt4; obj62 to apt4; obj81 to apt8; obj92 to apt13; obj43 to apt7; obj143 to pos4; obj82 to apt11; obj32 to apt13; obj133 to apt3; obj71 to pos9; obj63 to apt1; obj21 to pos1; obj93 to apt4; obj141 to pos9; obj53 to pos1; and obj101 to pos13.,direct,true,covered,The complete 40-pair sentence explicitly states this goal atom.
goal,(at obj72 apt11),The main objectives are to move obj52 to pos7; obj142 to apt4; obj42 to pos10; obj11 to apt5; obj123 to pos7; obj33 to pos4; obj112 to apt14; obj113 to apt8; obj61 to apt8; obj73 to apt5; obj132 to apt12; obj111 to pos11; obj103 to apt11; obj51 to apt3; obj122 to pos10; obj31 to pos7; obj72 to apt11; obj131 to apt13; obj91 to apt8; obj13 to apt11; obj41 to apt14; obj102 to pos13; obj12 to apt9; obj23 to pos12; obj83 to apt4; obj62 to apt4; obj81 to apt8; obj92 to apt13; obj43 to apt7; obj143 to pos4; obj82 to apt11; obj32 to apt13; obj133 to apt3; obj71 to pos9; obj63 to apt1; obj21 to pos1; obj93 to apt4; obj141 to pos9; obj53 to pos1; and obj101 to pos13.,direct,true,covered,The complete 40-pair sentence explicitly states this goal atom.
goal,(at obj131 apt13),The main objectives are to move obj52 to pos7; obj142 to apt4; obj42 to pos10; obj11 to apt5; obj123 to pos7; obj33 to pos4; obj112 to apt14; obj113 to apt8; obj61 to apt8; obj73 to apt5; obj132 to apt12; obj111 to pos11; obj103 to apt11; obj51 to apt3; obj122 to pos10; obj31 to pos7; obj72 to apt11; obj131 to apt13; obj91 to apt8; obj13 to apt11; obj41 to apt14; obj102 to pos13; obj12 to apt9; obj23 to pos12; obj83 to apt4; obj62 to apt4; obj81 to apt8; obj92 to apt13; obj43 to apt7; obj143 to pos4; obj82 to apt11; obj32 to apt13; obj133 to apt3; obj71 to pos9; obj63 to apt1; obj21 to pos1; obj93 to apt4; obj141 to pos9; obj53 to pos1; and obj101 to pos13.,direct,true,covered,The complete 40-pair sentence explicitly states this goal atom.
goal,(at obj91 apt8),The main objectives are to move obj52 to pos7; obj142 to apt4; obj42 to pos10; obj11 to apt5; obj123 to pos7; obj33 to pos4; obj112 to apt14; obj113 to apt8; obj61 to apt8; obj73 to apt5; obj132 to apt12; obj111 to pos11; obj103 to apt11; obj51 to apt3; obj122 to pos10; obj31 to pos7; obj72 to apt11; obj131 to apt13; obj91 to apt8; obj13 to apt11; obj41 to apt14; obj102 to pos13; obj12 to apt9; obj23 to pos12; obj83 to apt4; obj62 to apt4; obj81 to apt8; obj92 to apt13; obj43 to apt7; obj143 to pos4; obj82 to apt11; obj32 to apt13; obj133 to apt3; obj71 to pos9; obj63 to apt1; obj21 to pos1; obj93 to apt4; obj141 to pos9; obj53 to pos1; and obj101 to pos13.,direct,true,covered,The complete 40-pair sentence explicitly states this goal atom.
goal,(at obj13 apt11),The main objectives are to move obj52 to pos7; obj142 to apt4; obj42 to pos10; obj11 to apt5; obj123 to pos7; obj33 to pos4; obj112 to apt14; obj113 to apt8; obj61 to apt8; obj73 to apt5; obj132 to apt12; obj111 to pos11; obj103 to apt11; obj51 to apt3; obj122 to pos10; obj31 to pos7; obj72 to apt11; obj131 to apt13; obj91 to apt8; obj13 to apt11; obj41 to apt14; obj102 to pos13; obj12 to apt9; obj23 to pos12; obj83 to apt4; obj62 to apt4; obj81 to apt8; obj92 to apt13; obj43 to apt7; obj143 to pos4; obj82 to apt11; obj32 to apt13; obj133 to apt3; obj71 to pos9; obj63 to apt1; obj21 to pos1; obj93 to apt4; obj141 to pos9; obj53 to pos1; and obj101 to pos13.,direct,true,covered,The complete 40-pair sentence explicitly states this goal atom.
goal,(at obj41 apt14),The main objectives are to move obj52 to pos7; obj142 to apt4; obj42 to pos10; obj11 to apt5; obj123 to pos7; obj33 to pos4; obj112 to apt14; obj113 to apt8; obj61 to apt8; obj73 to apt5; obj132 to apt12; obj111 to pos11; obj103 to apt11; obj51 to apt3; obj122 to pos10; obj31 to pos7; obj72 to apt11; obj131 to apt13; obj91 to apt8; obj13 to apt11; obj41 to apt14; obj102 to pos13; obj12 to apt9; obj23 to pos12; obj83 to apt4; obj62 to apt4; obj81 to apt8; obj92 to apt13; obj43 to apt7; obj143 to pos4; obj82 to apt11; obj32 to apt13; obj133 to apt3; obj71 to pos9; obj63 to apt1; obj21 to pos1; obj93 to apt4; obj141 to pos9; obj53 to pos1; and obj101 to pos13.,direct,true,covered,The complete 40-pair sentence explicitly states this goal atom.
goal,(at obj102 pos13),The main objectives are to move obj52 to pos7; obj142 to apt4; obj42 to pos10; obj11 to apt5; obj123 to pos7; obj33 to pos4; obj112 to apt14; obj113 to apt8; obj61 to apt8; obj73 to apt5; obj132 to apt12; obj111 to pos11; obj103 to apt11; obj51 to apt3; obj122 to pos10; obj31 to pos7; obj72 to apt11; obj131 to apt13; obj91 to apt8; obj13 to apt11; obj41 to apt14; obj102 to pos13; obj12 to apt9; obj23 to pos12; obj83 to apt4; obj62 to apt4; obj81 to apt8; obj92 to apt13; obj43 to apt7; obj143 to pos4; obj82 to apt11; obj32 to apt13; obj133 to apt3; obj71 to pos9; obj63 to apt1; obj21 to pos1; obj93 to apt4; obj141 to pos9; obj53 to pos1; and obj101 to pos13.,direct,true,covered,The complete 40-pair sentence explicitly states this goal atom.
goal,(at obj12 apt9),The main objectives are to move obj52 to pos7; obj142 to apt4; obj42 to pos10; obj11 to apt5; obj123 to pos7; obj33 to pos4; obj112 to apt14; obj113 to apt8; obj61 to apt8; obj73 to apt5; obj132 to apt12; obj111 to pos11; obj103 to apt11; obj51 to apt3; obj122 to pos10; obj31 to pos7; obj72 to apt11; obj131 to apt13; obj91 to apt8; obj13 to apt11; obj41 to apt14; obj102 to pos13; obj12 to apt9; obj23 to pos12; obj83 to apt4; obj62 to apt4; obj81 to apt8; obj92 to apt13; obj43 to apt7; obj143 to pos4; obj82 to apt11; obj32 to apt13; obj133 to apt3; obj71 to pos9; obj63 to apt1; obj21 to pos1; obj93 to apt4; obj141 to pos9; obj53 to pos1; and obj101 to pos13.,direct,true,covered,The complete 40-pair sentence explicitly states this goal atom.
goal,(at obj23 pos12),The main objectives are to move obj52 to pos7; obj142 to apt4; obj42 to pos10; obj11 to apt5; obj123 to pos7; obj33 to pos4; obj112 to apt14; obj113 to apt8; obj61 to apt8; obj73 to apt5; obj132 to apt12; obj111 to pos11; obj103 to apt11; obj51 to apt3; obj122 to pos10; obj31 to pos7; obj72 to apt11; obj131 to apt13; obj91 to apt8; obj13 to apt11; obj41 to apt14; obj102 to pos13; obj12 to apt9; obj23 to pos12; obj83 to apt4; obj62 to apt4; obj81 to apt8; obj92 to apt13; obj43 to apt7; obj143 to pos4; obj82 to apt11; obj32 to apt13; obj133 to apt3; obj71 to pos9; obj63 to apt1; obj21 to pos1; obj93 to apt4; obj141 to pos9; obj53 to pos1; and obj101 to pos13.,direct,true,covered,The complete 40-pair sentence explicitly states this goal atom.
goal,(at obj83 apt4),The main objectives are to move obj52 to pos7; obj142 to apt4; obj42 to pos10; obj11 to apt5; obj123 to pos7; obj33 to pos4; obj112 to apt14; obj113 to apt8; obj61 to apt8; obj73 to apt5; obj132 to apt12; obj111 to pos11; obj103 to apt11; obj51 to apt3; obj122 to pos10; obj31 to pos7; obj72 to apt11; obj131 to apt13; obj91 to apt8; obj13 to apt11; obj41 to apt14; obj102 to pos13; obj12 to apt9; obj23 to pos12; obj83 to apt4; obj62 to apt4; obj81 to apt8; obj92 to apt13; obj43 to apt7; obj143 to pos4; obj82 to apt11; obj32 to apt13; obj133 to apt3; obj71 to pos9; obj63 to apt1; obj21 to pos1; obj93 to apt4; obj141 to pos9; obj53 to pos1; and obj101 to pos13.,direct,true,covered,The complete 40-pair sentence explicitly states this goal atom.
goal,(at obj62 apt4),The main objectives are to move obj52 to pos7; obj142 to apt4; obj42 to pos10; obj11 to apt5; obj123 to pos7; obj33 to pos4; obj112 to apt14; obj113 to apt8; obj61 to apt8; obj73 to apt5; obj132 to apt12; obj111 to pos11; obj103 to apt11; obj51 to apt3; obj122 to pos10; obj31 to pos7; obj72 to apt11; obj131 to apt13; obj91 to apt8; obj13 to apt11; obj41 to apt14; obj102 to pos13; obj12 to apt9; obj23 to pos12; obj83 to apt4; obj62 to apt4; obj81 to apt8; obj92 to apt13; obj43 to apt7; obj143 to pos4; obj82 to apt11; obj32 to apt13; obj133 to apt3; obj71 to pos9; obj63 to apt1; obj21 to pos1; obj93 to apt4; obj141 to pos9; obj53 to pos1; and obj101 to pos13.,direct,true,covered,The complete 40-pair sentence explicitly states this goal atom.
goal,(at obj81 apt8),The main objectives are to move obj52 to pos7; obj142 to apt4; obj42 to pos10; obj11 to apt5; obj123 to pos7; obj33 to pos4; obj112 to apt14; obj113 to apt8; obj61 to apt8; obj73 to apt5; obj132 to apt12; obj111 to pos11; obj103 to apt11; obj51 to apt3; obj122 to pos10; obj31 to pos7; obj72 to apt11; obj131 to apt13; obj91 to apt8; obj13 to apt11; obj41 to apt14; obj102 to pos13; obj12 to apt9; obj23 to pos12; obj83 to apt4; obj62 to apt4; obj81 to apt8; obj92 to apt13; obj43 to apt7; obj143 to pos4; obj82 to apt11; obj32 to apt13; obj133 to apt3; obj71 to pos9; obj63 to apt1; obj21 to pos1; obj93 to apt4; obj141 to pos9; obj53 to pos1; and obj101 to pos13.,direct,true,covered,The complete 40-pair sentence explicitly states this goal atom.
goal,(at obj92 apt13),The main objectives are to move obj52 to pos7; obj142 to apt4; obj42 to pos10; obj11 to apt5; obj123 to pos7; obj33 to pos4; obj112 to apt14; obj113 to apt8; obj61 to apt8; obj73 to apt5; obj132 to apt12; obj111 to pos11; obj103 to apt11; obj51 to apt3; obj122 to pos10; obj31 to pos7; obj72 to apt11; obj131 to apt13; obj91 to apt8; obj13 to apt11; obj41 to apt14; obj102 to pos13; obj12 to apt9; obj23 to pos12; obj83 to apt4; obj62 to apt4; obj81 to apt8; obj92 to apt13; obj43 to apt7; obj143 to pos4; obj82 to apt11; obj32 to apt13; obj133 to apt3; obj71 to pos9; obj63 to apt1; obj21 to pos1; obj93 to apt4; obj141 to pos9; obj53 to pos1; and obj101 to pos13.,direct,true,covered,The complete 40-pair sentence explicitly states this goal atom.
goal,(at obj43 apt7),The main objectives are to move obj52 to pos7; obj142 to apt4; obj42 to pos10; obj11 to apt5; obj123 to pos7; obj33 to pos4; obj112 to apt14; obj113 to apt8; obj61 to apt8; obj73 to apt5; obj132 to apt12; obj111 to pos11; obj103 to apt11; obj51 to apt3; obj122 to pos10; obj31 to pos7; obj72 to apt11; obj131 to apt13; obj91 to apt8; obj13 to apt11; obj41 to apt14; obj102 to pos13; obj12 to apt9; obj23 to pos12; obj83 to apt4; obj62 to apt4; obj81 to apt8; obj92 to apt13; obj43 to apt7; obj143 to pos4; obj82 to apt11; obj32 to apt13; obj133 to apt3; obj71 to pos9; obj63 to apt1; obj21 to pos1; obj93 to apt4; obj141 to pos9; obj53 to pos1; and obj101 to pos13.,direct,true,covered,The complete 40-pair sentence explicitly states this goal atom.
goal,(at obj143 pos4),The main objectives are to move obj52 to pos7; obj142 to apt4; obj42 to pos10; obj11 to apt5; obj123 to pos7; obj33 to pos4; obj112 to apt14; obj113 to apt8; obj61 to apt8; obj73 to apt5; obj132 to apt12; obj111 to pos11; obj103 to apt11; obj51 to apt3; obj122 to pos10; obj31 to pos7; obj72 to apt11; obj131 to apt13; obj91 to apt8; obj13 to apt11; obj41 to apt14; obj102 to pos13; obj12 to apt9; obj23 to pos12; obj83 to apt4; obj62 to apt4; obj81 to apt8; obj92 to apt13; obj43 to apt7; obj143 to pos4; obj82 to apt11; obj32 to apt13; obj133 to apt3; obj71 to pos9; obj63 to apt1; obj21 to pos1; obj93 to apt4; obj141 to pos9; obj53 to pos1; and obj101 to pos13.,direct,true,covered,The complete 40-pair sentence explicitly states this goal atom.
goal,(at obj82 apt11),The main objectives are to move obj52 to pos7; obj142 to apt4; obj42 to pos10; obj11 to apt5; obj123 to pos7; obj33 to pos4; obj112 to apt14; obj113 to apt8; obj61 to apt8; obj73 to apt5; obj132 to apt12; obj111 to pos11; obj103 to apt11; obj51 to apt3; obj122 to pos10; obj31 to pos7; obj72 to apt11; obj131 to apt13; obj91 to apt8; obj13 to apt11; obj41 to apt14; obj102 to pos13; obj12 to apt9; obj23 to pos12; obj83 to apt4; obj62 to apt4; obj81 to apt8; obj92 to apt13; obj43 to apt7; obj143 to pos4; obj82 to apt11; obj32 to apt13; obj133 to apt3; obj71 to pos9; obj63 to apt1; obj21 to pos1; obj93 to apt4; obj141 to pos9; obj53 to pos1; and obj101 to pos13.,direct,true,covered,The complete 40-pair sentence explicitly states this goal atom.
goal,(at obj32 apt13),The main objectives are to move obj52 to pos7; obj142 to apt4; obj42 to pos10; obj11 to apt5; obj123 to pos7; obj33 to pos4; obj112 to apt14; obj113 to apt8; obj61 to apt8; obj73 to apt5; obj132 to apt12; obj111 to pos11; obj103 to apt11; obj51 to apt3; obj122 to pos10; obj31 to pos7; obj72 to apt11; obj131 to apt13; obj91 to apt8; obj13 to apt11; obj41 to apt14; obj102 to pos13; obj12 to apt9; obj23 to pos12; obj83 to apt4; obj62 to apt4; obj81 to apt8; obj92 to apt13; obj43 to apt7; obj143 to pos4; obj82 to apt11; obj32 to apt13; obj133 to apt3; obj71 to pos9; obj63 to apt1; obj21 to pos1; obj93 to apt4; obj141 to pos9; obj53 to pos1; and obj101 to pos13.,direct,true,covered,The complete 40-pair sentence explicitly states this goal atom.
goal,(at obj133 apt3),The main objectives are to move obj52 to pos7; obj142 to apt4; obj42 to pos10; obj11 to apt5; obj123 to pos7; obj33 to pos4; obj112 to apt14; obj113 to apt8; obj61 to apt8; obj73 to apt5; obj132 to apt12; obj111 to pos11; obj103 to apt11; obj51 to apt3; obj122 to pos10; obj31 to pos7; obj72 to apt11; obj131 to apt13; obj91 to apt8; obj13 to apt11; obj41 to apt14; obj102 to pos13; obj12 to apt9; obj23 to pos12; obj83 to apt4; obj62 to apt4; obj81 to apt8; obj92 to apt13; obj43 to apt7; obj143 to pos4; obj82 to apt11; obj32 to apt13; obj133 to apt3; obj71 to pos9; obj63 to apt1; obj21 to pos1; obj93 to apt4; obj141 to pos9; obj53 to pos1; and obj101 to pos13.,direct,true,covered,The complete 40-pair sentence explicitly states this goal atom.
goal,(at obj71 pos9),The main objectives are to move obj52 to pos7; obj142 to apt4; obj42 to pos10; obj11 to apt5; obj123 to pos7; obj33 to pos4; obj112 to apt14; obj113 to apt8; obj61 to apt8; obj73 to apt5; obj132 to apt12; obj111 to pos11; obj103 to apt11; obj51 to apt3; obj122 to pos10; obj31 to pos7; obj72 to apt11; obj131 to apt13; obj91 to apt8; obj13 to apt11; obj41 to apt14; obj102 to pos13; obj12 to apt9; obj23 to pos12; obj83 to apt4; obj62 to apt4; obj81 to apt8; obj92 to apt13; obj43 to apt7; obj143 to pos4; obj82 to apt11; obj32 to apt13; obj133 to apt3; obj71 to pos9; obj63 to apt1; obj21 to pos1; obj93 to apt4; obj141 to pos9; obj53 to pos1; and obj101 to pos13.,direct,true,covered,The complete 40-pair sentence explicitly states this goal atom.
goal,(at obj63 apt1),The main objectives are to move obj52 to pos7; obj142 to apt4; obj42 to pos10; obj11 to apt5; obj123 to pos7; obj33 to pos4; obj112 to apt14; obj113 to apt8; obj61 to apt8; obj73 to apt5; obj132 to apt12; obj111 to pos11; obj103 to apt11; obj51 to apt3; obj122 to pos10; obj31 to pos7; obj72 to apt11; obj131 to apt13; obj91 to apt8; obj13 to apt11; obj41 to apt14; obj102 to pos13; obj12 to apt9; obj23 to pos12; obj83 to apt4; obj62 to apt4; obj81 to apt8; obj92 to apt13; obj43 to apt7; obj143 to pos4; obj82 to apt11; obj32 to apt13; obj133 to apt3; obj71 to pos9; obj63 to apt1; obj21 to pos1; obj93 to apt4; obj141 to pos9; obj53 to pos1; and obj101 to pos13.,direct,true,covered,The complete 40-pair sentence explicitly states this goal atom.
goal,(at obj21 pos1),The main objectives are to move obj52 to pos7; obj142 to apt4; obj42 to pos10; obj11 to apt5; obj123 to pos7; obj33 to pos4; obj112 to apt14; obj113 to apt8; obj61 to apt8; obj73 to apt5; obj132 to apt12; obj111 to pos11; obj103 to apt11; obj51 to apt3; obj122 to pos10; obj31 to pos7; obj72 to apt11; obj131 to apt13; obj91 to apt8; obj13 to apt11; obj41 to apt14; obj102 to pos13; obj12 to apt9; obj23 to pos12; obj83 to apt4; obj62 to apt4; obj81 to apt8; obj92 to apt13; obj43 to apt7; obj143 to pos4; obj82 to apt11; obj32 to apt13; obj133 to apt3; obj71 to pos9; obj63 to apt1; obj21 to pos1; obj93 to apt4; obj141 to pos9; obj53 to pos1; and obj101 to pos13.,direct,true,covered,The complete 40-pair sentence explicitly states this goal atom.
goal,(at obj93 apt4),The main objectives are to move obj52 to pos7; obj142 to apt4; obj42 to pos10; obj11 to apt5; obj123 to pos7; obj33 to pos4; obj112 to apt14; obj113 to apt8; obj61 to apt8; obj73 to apt5; obj132 to apt12; obj111 to pos11; obj103 to apt11; obj51 to apt3; obj122 to pos10; obj31 to pos7; obj72 to apt11; obj131 to apt13; obj91 to apt8; obj13 to apt11; obj41 to apt14; obj102 to pos13; obj12 to apt9; obj23 to pos12; obj83 to apt4; obj62 to apt4; obj81 to apt8; obj92 to apt13; obj43 to apt7; obj143 to pos4; obj82 to apt11; obj32 to apt13; obj133 to apt3; obj71 to pos9; obj63 to apt1; obj21 to pos1; obj93 to apt4; obj141 to pos9; obj53 to pos1; and obj101 to pos13.,direct,true,covered,The complete 40-pair sentence explicitly states this goal atom.
goal,(at obj141 pos9),The main objectives are to move obj52 to pos7; obj142 to apt4; obj42 to pos10; obj11 to apt5; obj123 to pos7; obj33 to pos4; obj112 to apt14; obj113 to apt8; obj61 to apt8; obj73 to apt5; obj132 to apt12; obj111 to pos11; obj103 to apt11; obj51 to apt3; obj122 to pos10; obj31 to pos7; obj72 to apt11; obj131 to apt13; obj91 to apt8; obj13 to apt11; obj41 to apt14; obj102 to pos13; obj12 to apt9; obj23 to pos12; obj83 to apt4; obj62 to apt4; obj81 to apt8; obj92 to apt13; obj43 to apt7; obj143 to pos4; obj82 to apt11; obj32 to apt13; obj133 to apt3; obj71 to pos9; obj63 to apt1; obj21 to pos1; obj93 to apt4; obj141 to pos9; obj53 to pos1; and obj101 to pos13.,direct,true,covered,The complete 40-pair sentence explicitly states this goal atom.
goal,(at obj53 pos1),The main objectives are to move obj52 to pos7; obj142 to apt4; obj42 to pos10; obj11 to apt5; obj123 to pos7; obj33 to pos4; obj112 to apt14; obj113 to apt8; obj61 to apt8; obj73 to apt5; obj132 to apt12; obj111 to pos11; obj103 to apt11; obj51 to apt3; obj122 to pos10; obj31 to pos7; obj72 to apt11; obj131 to apt13; obj91 to apt8; obj13 to apt11; obj41 to apt14; obj102 to pos13; obj12 to apt9; obj23 to pos12; obj83 to apt4; obj62 to apt4; obj81 to apt8; obj92 to apt13; obj43 to apt7; obj143 to pos4; obj82 to apt11; obj32 to apt13; obj133 to apt3; obj71 to pos9; obj63 to apt1; obj21 to pos1; obj93 to apt4; obj141 to pos9; obj53 to pos1; and obj101 to pos13.,direct,true,covered,The complete 40-pair sentence explicitly states this goal atom.
goal,(at obj101 pos13),The main objectives are to move obj52 to pos7; obj142 to apt4; obj42 to pos10; obj11 to apt5; obj123 to pos7; obj33 to pos4; obj112 to apt14; obj113 to apt8; obj61 to apt8; obj73 to apt5; obj132 to apt12; obj111 to pos11; obj103 to apt11; obj51 to apt3; obj122 to pos10; obj31 to pos7; obj72 to apt11; obj131 to apt13; obj91 to apt8; obj13 to apt11; obj41 to apt14; obj102 to pos13; obj12 to apt9; obj23 to pos12; obj83 to apt4; obj62 to apt4; obj81 to apt8; obj92 to apt13; obj43 to apt7; obj143 to pos4; obj82 to apt11; obj32 to apt13; obj133 to apt3; obj71 to pos9; obj63 to apt1; obj21 to pos1; obj93 to apt4; obj141 to pos9; obj53 to pos1; and obj101 to pos13.,direct,true,covered,The complete 40-pair sentence explicitly states this goal atom.
