section,pddl_item,evidence,evidence_kind,unique,status,notes
objects,PACKAGE17,"The packages are package17, package16, package15, package14, package13, package12, package11, package10, package9, package8, package7, package6, package5, package4, package3, package2, package1.",direct,true,covered,The object is explicitly enumerated.
objects,PACKAGE16,"The packages are package17, package16, package15, package14, package13, package12, package11, package10, package9, package8, package7, package6, package5, package4, package3, package2, package1.",direct,true,covered,The object is explicitly enumerated.
objects,PACKAGE15,"The packages are package17, package16, package15, package14, package13, package12, package11, package10, package9, package8, package7, package6, package5, package4, package3, package2, package1.",direct,true,covered,The object is explicitly enumerated.
objects,PACKAGE14,"The packages are package17, package16, package15, package14, package13, package12, package11, package10, package9, package8, package7, package6, package5, package4, package3, package2, package1.",direct,true,covered,The object is explicitly enumerated.
objects,PACKAGE13,"The packages are package17, package16, package15, package14, package13, package12, package11, package10, package9, package8, package7, package6, package5, package4, package3, package2, package1.",direct,true,covered,The object is explicitly enumerated.
objects,PACKAGE12,"The packages are package17, package16, package15, package14, package13, package12, package11, package10, package9, package8, package7, package6, package5, package4, package3, package2, package1.",direct,true,covered,The object is explicitly enumerated.
objects,PACKAGE11,"The packages are package17, package16, package15, package14, package13, package12, package11, package10, package9, package8, package7, package6, package5, package4, package3, package2, package1.",direct,true,covered,The object is explicitly enumerated.
objects,PACKAGE10,"The packages are package17, package16, package15, package14, package13, package12, package11, package10, package9, package8, package7, package6, package5, package4, package3, package2, package1.",direct,true,covered,The object is explicitly enumerated.
objects,PACKAGE9,"The packages are package17, package16, package15, package14, package13, package12, package11, package10, package9, package8, package7, package6, package5, package4, package3, package2, package1.",direct,true,covered,The object is explicitly enumerated.
objects,PACKAGE8,"The packages are package17, package16, package15, package14, package13, package12, package11, package10, package9, package8, package7, package6, package5, package4, package3, package2, package1.",direct,true,covered,The object is explicitly enumerated.
objects,PACKAGE7,"The packages are package17, package16, package15, package14, package13, package12, package11, package10, package9, package8, package7, package6, package5, package4, package3, package2, package1.",direct,true,covered,The object is explicitly enumerated.
objects,PACKAGE6,"The packages are package17, package16, package15, package14, package13, package12, package11, package10, package9, package8, package7, package6, package5, package4, package3, package2, package1.",direct,true,covered,The object is explicitly enumerated.
objects,PACKAGE5,"The packages are package17, package16, package15, package14, package13, package12, package11, package10, package9, package8, package7, package6, package5, package4, package3, package2, package1.",direct,true,covered,The object is explicitly enumerated.
objects,PACKAGE4,"The packages are package17, package16, package15, package14, package13, package12, package11, package10, package9, package8, package7, package6, package5, package4, package3, package2, package1.",direct,true,covered,The object is explicitly enumerated.
objects,PACKAGE3,"The packages are package17, package16, package15, package14, package13, package12, package11, package10, package9, package8, package7, package6, package5, package4, package3, package2, package1.",direct,true,covered,The object is explicitly enumerated.
objects,PACKAGE2,"The packages are package17, package16, package15, package14, package13, package12, package11, package10, package9, package8, package7, package6, package5, package4, package3, package2, package1.",direct,true,covered,The object is explicitly enumerated.
objects,PACKAGE1,"The packages are package17, package16, package15, package14, package13, package12, package11, package10, package9, package8, package7, package6, package5, package4, package3, package2, package1.",direct,true,covered,The object is explicitly enumerated.
objects,CITY23,"The cities are city23, city22, city21, city20, city19, city18, city17, city16, city15, city14, city13, city12, city11, city10, city9, city8, city7, city6, city5, city4, city3, city2, city1.",direct,true,covered,The object is explicitly enumerated.
objects,CITY22,"The cities are city23, city22, city21, city20, city19, city18, city17, city16, city15, city14, city13, city12, city11, city10, city9, city8, city7, city6, city5, city4, city3, city2, city1.",direct,true,covered,The object is explicitly enumerated.
objects,CITY21,"The cities are city23, city22, city21, city20, city19, city18, city17, city16, city15, city14, city13, city12, city11, city10, city9, city8, city7, city6, city5, city4, city3, city2, city1.",direct,true,covered,The object is explicitly enumerated.
objects,CITY20,"The cities are city23, city22, city21, city20, city19, city18, city17, city16, city15, city14, city13, city12, city11, city10, city9, city8, city7, city6, city5, city4, city3, city2, city1.",direct,true,covered,The object is explicitly enumerated.
objects,CITY19,"The cities are city23, city22, city21, city20, city19, city18, city17, city16, city15, city14, city13, city12, city11, city10, city9, city8, city7, city6, city5, city4, city3, city2, city1.",direct,true,covered,The object is explicitly enumerated.
objects,CITY18,"The cities are city23, city22, city21, city20, city19, city18, city17, city16, city15, city14, city13, city12, city11, city10, city9, city8, city7, city6, city5, city4, city3, city2, city1.",direct,true,covered,The object is explicitly enumerated.
objects,CITY17,"The cities are city23, city22, city21, city20, city19, city18, city17, city16, city15, city14, city13, city12, city11, city10, city9, city8, city7, city6, city5, city4, city3, city2, city1.",direct,true,covered,The object is explicitly enumerated.
objects,CITY16,"The cities are city23, city22, city21, city20, city19, city18, city17, city16, city15, city14, city13, city12, city11, city10, city9, city8, city7, city6, city5, city4, city3, city2, city1.",direct,true,covered,The object is explicitly enumerated.
objects,CITY15,"The cities are city23, city22, city21, city20, city19, city18, city17, city16, city15, city14, city13, city12, city11, city10, city9, city8, city7, city6, city5, city4, city3, city2, city1.",direct,true,covered,The object is explicitly enumerated.
objects,CITY14,"The cities are city23, city22, city21, city20, city19, city18, city17, city16, city15, city14, city13, city12, city11, city10, city9, city8, city7, city6, city5, city4, city3, city2, city1.",direct,true,covered,The object is explicitly enumerated.
objects,CITY13,"The cities are city23, city22, city21, city20, city19, city18, city17, city16, city15, city14, city13, city12, city11, city10, city9, city8, city7, city6, city5, city4, city3, city2, city1.",direct,true,covered,The object is explicitly enumerated.
objects,CITY12,"The cities are city23, city22, city21, city20, city19, city18, city17, city16, city15, city14, city13, city12, city11, city10, city9, city8, city7, city6, city5, city4, city3, city2, city1.",direct,true,covered,The object is explicitly enumerated.
objects,CITY11,"The cities are city23, city22, city21, city20, city19, city18, city17, city16, city15, city14, city13, city12, city11, city10, city9, city8, city7, city6, city5, city4, city3, city2, city1.",direct,true,covered,The object is explicitly enumerated.
objects,CITY10,"The cities are city23, city22, city21, city20, city19, city18, city17, city16, city15, city14, city13, city12, city11, city10, city9, city8, city7, city6, city5, city4, city3, city2, city1.",direct,true,covered,The object is explicitly enumerated.
objects,CITY9,"The cities are city23, city22, city21, city20, city19, city18, city17, city16, city15, city14, city13, city12, city11, city10, city9, city8, city7, city6, city5, city4, city3, city2, city1.",direct,true,covered,The object is explicitly enumerated.
objects,CITY8,"The cities are city23, city22, city21, city20, city19, city18, city17, city16, city15, city14, city13, city12, city11, city10, city9, city8, city7, city6, city5, city4, city3, city2, city1.",direct,true,covered,The object is explicitly enumerated.
objects,CITY7,"The cities are city23, city22, city21, city20, city19, city18, city17, city16, city15, city14, city13, city12, city11, city10, city9, city8, city7, city6, city5, city4, city3, city2, city1.",direct,true,covered,The object is explicitly enumerated.
objects,CITY6,"The cities are city23, city22, city21, city20, city19, city18, city17, city16, city15, city14, city13, city12, city11, city10, city9, city8, city7, city6, city5, city4, city3, city2, city1.",direct,true,covered,The object is explicitly enumerated.
objects,CITY5,"The cities are city23, city22, city21, city20, city19, city18, city17, city16, city15, city14, city13, city12, city11, city10, city9, city8, city7, city6, city5, city4, city3, city2, city1.",direct,true,covered,The object is explicitly enumerated.
objects,CITY4,"The cities are city23, city22, city21, city20, city19, city18, city17, city16, city15, city14, city13, city12, city11, city10, city9, city8, city7, city6, city5, city4, city3, city2, city1.",direct,true,covered,The object is explicitly enumerated.
objects,CITY3,"The cities are city23, city22, city21, city20, city19, city18, city17, city16, city15, city14, city13, city12, city11, city10, city9, city8, city7, city6, city5, city4, city3, city2, city1.",direct,true,covered,The object is explicitly enumerated.
objects,CITY2,"The cities are city23, city22, city21, city20, city19, city18, city17, city16, city15, city14, city13, city12, city11, city10, city9, city8, city7, city6, city5, city4, city3, city2, city1.",direct,true,covered,The object is explicitly enumerated.
objects,CITY1,"The cities are city23, city22, city21, city20, city19, city18, city17, city16, city15, city14, city13, city12, city11, city10, city9, city8, city7, city6, city5, city4, city3, city2, city1.",direct,true,covered,The object is explicitly enumerated.
objects,TRUCK23,"The trucks are truck23, truck22, truck21, truck20, truck19, truck18, truck17, truck16, truck15, truck14, truck13, truck12, truck11, truck10, truck9, truck8, truck7, truck6, truck5, truck4, truck3, truck2, truck1.",direct,true,covered,The object is explicitly enumerated.
objects,TRUCK22,"The trucks are truck23, truck22, truck21, truck20, truck19, truck18, truck17, truck16, truck15, truck14, truck13, truck12, truck11, truck10, truck9, truck8, truck7, truck6, truck5, truck4, truck3, truck2, truck1.",direct,true,covered,The object is explicitly enumerated.
objects,TRUCK21,"The trucks are truck23, truck22, truck21, truck20, truck19, truck18, truck17, truck16, truck15, truck14, truck13, truck12, truck11, truck10, truck9, truck8, truck7, truck6, truck5, truck4, truck3, truck2, truck1.",direct,true,covered,The object is explicitly enumerated.
objects,TRUCK20,"The trucks are truck23, truck22, truck21, truck20, truck19, truck18, truck17, truck16, truck15, truck14, truck13, truck12, truck11, truck10, truck9, truck8, truck7, truck6, truck5, truck4, truck3, truck2, truck1.",direct,true,covered,The object is explicitly enumerated.
objects,TRUCK19,"The trucks are truck23, truck22, truck21, truck20, truck19, truck18, truck17, truck16, truck15, truck14, truck13, truck12, truck11, truck10, truck9, truck8, truck7, truck6, truck5, truck4, truck3, truck2, truck1.",direct,true,covered,The object is explicitly enumerated.
objects,TRUCK18,"The trucks are truck23, truck22, truck21, truck20, truck19, truck18, truck17, truck16, truck15, truck14, truck13, truck12, truck11, truck10, truck9, truck8, truck7, truck6, truck5, truck4, truck3, truck2, truck1.",direct,true,covered,The object is explicitly enumerated.
objects,TRUCK17,"The trucks are truck23, truck22, truck21, truck20, truck19, truck18, truck17, truck16, truck15, truck14, truck13, truck12, truck11, truck10, truck9, truck8, truck7, truck6, truck5, truck4, truck3, truck2, truck1.",direct,true,covered,The object is explicitly enumerated.
objects,TRUCK16,"The trucks are truck23, truck22, truck21, truck20, truck19, truck18, truck17, truck16, truck15, truck14, truck13, truck12, truck11, truck10, truck9, truck8, truck7, truck6, truck5, truck4, truck3, truck2, truck1.",direct,true,covered,The object is explicitly enumerated.
objects,TRUCK15,"The trucks are truck23, truck22, truck21, truck20, truck19, truck18, truck17, truck16, truck15, truck14, truck13, truck12, truck11, truck10, truck9, truck8, truck7, truck6, truck5, truck4, truck3, truck2, truck1.",direct,true,covered,The object is explicitly enumerated.
objects,TRUCK14,"The trucks are truck23, truck22, truck21, truck20, truck19, truck18, truck17, truck16, truck15, truck14, truck13, truck12, truck11, truck10, truck9, truck8, truck7, truck6, truck5, truck4, truck3, truck2, truck1.",direct,true,covered,The object is explicitly enumerated.
objects,TRUCK13,"The trucks are truck23, truck22, truck21, truck20, truck19, truck18, truck17, truck16, truck15, truck14, truck13, truck12, truck11, truck10, truck9, truck8, truck7, truck6, truck5, truck4, truck3, truck2, truck1.",direct,true,covered,The object is explicitly enumerated.
objects,TRUCK12,"The trucks are truck23, truck22, truck21, truck20, truck19, truck18, truck17, truck16, truck15, truck14, truck13, truck12, truck11, truck10, truck9, truck8, truck7, truck6, truck5, truck4, truck3, truck2, truck1.",direct,true,covered,The object is explicitly enumerated.
objects,TRUCK11,"The trucks are truck23, truck22, truck21, truck20, truck19, truck18, truck17, truck16, truck15, truck14, truck13, truck12, truck11, truck10, truck9, truck8, truck7, truck6, truck5, truck4, truck3, truck2, truck1.",direct,true,covered,The object is explicitly enumerated.
objects,TRUCK10,"The trucks are truck23, truck22, truck21, truck20, truck19, truck18, truck17, truck16, truck15, truck14, truck13, truck12, truck11, truck10, truck9, truck8, truck7, truck6, truck5, truck4, truck3, truck2, truck1.",direct,true,covered,The object is explicitly enumerated.
objects,TRUCK9,"The trucks are truck23, truck22, truck21, truck20, truck19, truck18, truck17, truck16, truck15, truck14, truck13, truck12, truck11, truck10, truck9, truck8, truck7, truck6, truck5, truck4, truck3, truck2, truck1.",direct,true,covered,The object is explicitly enumerated.
objects,TRUCK8,"The trucks are truck23, truck22, truck21, truck20, truck19, truck18, truck17, truck16, truck15, truck14, truck13, truck12, truck11, truck10, truck9, truck8, truck7, truck6, truck5, truck4, truck3, truck2, truck1.",direct,true,covered,The object is explicitly enumerated.
objects,TRUCK7,"The trucks are truck23, truck22, truck21, truck20, truck19, truck18, truck17, truck16, truck15, truck14, truck13, truck12, truck11, truck10, truck9, truck8, truck7, truck6, truck5, truck4, truck3, truck2, truck1.",direct,true,covered,The object is explicitly enumerated.
objects,TRUCK6,"The trucks are truck23, truck22, truck21, truck20, truck19, truck18, truck17, truck16, truck15, truck14, truck13, truck12, truck11, truck10, truck9, truck8, truck7, truck6, truck5, truck4, truck3, truck2, truck1.",direct,true,covered,The object is explicitly enumerated.
objects,TRUCK5,"The trucks are truck23, truck22, truck21, truck20, truck19, truck18, truck17, truck16, truck15, truck14, truck13, truck12, truck11, truck10, truck9, truck8, truck7, truck6, truck5, truck4, truck3, truck2, truck1.",direct,true,covered,The object is explicitly enumerated.
objects,TRUCK4,"The trucks are truck23, truck22, truck21, truck20, truck19, truck18, truck17, truck16, truck15, truck14, truck13, truck12, truck11, truck10, truck9, truck8, truck7, truck6, truck5, truck4, truck3, truck2, truck1.",direct,true,covered,The object is explicitly enumerated.
objects,TRUCK3,"The trucks are truck23, truck22, truck21, truck20, truck19, truck18, truck17, truck16, truck15, truck14, truck13, truck12, truck11, truck10, truck9, truck8, truck7, truck6, truck5, truck4, truck3, truck2, truck1.",direct,true,covered,The object is explicitly enumerated.
objects,TRUCK2,"The trucks are truck23, truck22, truck21, truck20, truck19, truck18, truck17, truck16, truck15, truck14, truck13, truck12, truck11, truck10, truck9, truck8, truck7, truck6, truck5, truck4, truck3, truck2, truck1.",direct,true,covered,The object is explicitly enumerated.
objects,TRUCK1,"The trucks are truck23, truck22, truck21, truck20, truck19, truck18, truck17, truck16, truck15, truck14, truck13, truck12, truck11, truck10, truck9, truck8, truck7, truck6, truck5, truck4, truck3, truck2, truck1.",direct,true,covered,The object is explicitly enumerated.
objects,PLANE4,"The airplanes are plane4, plane3, plane2, plane1.",direct,true,covered,The object is explicitly enumerated.
objects,PLANE3,"The airplanes are plane4, plane3, plane2, plane1.",direct,true,covered,The object is explicitly enumerated.
objects,PLANE2,"The airplanes are plane4, plane3, plane2, plane1.",direct,true,covered,The object is explicitly enumerated.
objects,PLANE1,"The airplanes are plane4, plane3, plane2, plane1.",direct,true,covered,The object is explicitly enumerated.
objects,CITY23-1,"The locations are city23-1, city22-1, city21-1, city20-1, city19-1, city18-1, city17-1, city16-1, city15-1, city14-1, city13-1, city12-1, city11-1, city10-1, city9-1, city8-1, city7-1, city6-1, city5-1, city4-1, city3-1, city2-1, city1-1, city23-2, city22-2, city21-2, city20-2, city19-2, city18-2, city17-2, city16-2, city15-2, city14-2, city13-2, city12-2, city11-2, city10-2, city9-2, city8-2, city7-2, city6-2, city5-2, city4-2, city3-2, city2-2, city1-2.",direct,true,covered,The object is explicitly enumerated.
objects,CITY22-1,"The locations are city23-1, city22-1, city21-1, city20-1, city19-1, city18-1, city17-1, city16-1, city15-1, city14-1, city13-1, city12-1, city11-1, city10-1, city9-1, city8-1, city7-1, city6-1, city5-1, city4-1, city3-1, city2-1, city1-1, city23-2, city22-2, city21-2, city20-2, city19-2, city18-2, city17-2, city16-2, city15-2, city14-2, city13-2, city12-2, city11-2, city10-2, city9-2, city8-2, city7-2, city6-2, city5-2, city4-2, city3-2, city2-2, city1-2.",direct,true,covered,The object is explicitly enumerated.
objects,CITY21-1,"The locations are city23-1, city22-1, city21-1, city20-1, city19-1, city18-1, city17-1, city16-1, city15-1, city14-1, city13-1, city12-1, city11-1, city10-1, city9-1, city8-1, city7-1, city6-1, city5-1, city4-1, city3-1, city2-1, city1-1, city23-2, city22-2, city21-2, city20-2, city19-2, city18-2, city17-2, city16-2, city15-2, city14-2, city13-2, city12-2, city11-2, city10-2, city9-2, city8-2, city7-2, city6-2, city5-2, city4-2, city3-2, city2-2, city1-2.",direct,true,covered,The object is explicitly enumerated.
objects,CITY20-1,"The locations are city23-1, city22-1, city21-1, city20-1, city19-1, city18-1, city17-1, city16-1, city15-1, city14-1, city13-1, city12-1, city11-1, city10-1, city9-1, city8-1, city7-1, city6-1, city5-1, city4-1, city3-1, city2-1, city1-1, city23-2, city22-2, city21-2, city20-2, city19-2, city18-2, city17-2, city16-2, city15-2, city14-2, city13-2, city12-2, city11-2, city10-2, city9-2, city8-2, city7-2, city6-2, city5-2, city4-2, city3-2, city2-2, city1-2.",direct,true,covered,The object is explicitly enumerated.
objects,CITY19-1,"The locations are city23-1, city22-1, city21-1, city20-1, city19-1, city18-1, city17-1, city16-1, city15-1, city14-1, city13-1, city12-1, city11-1, city10-1, city9-1, city8-1, city7-1, city6-1, city5-1, city4-1, city3-1, city2-1, city1-1, city23-2, city22-2, city21-2, city20-2, city19-2, city18-2, city17-2, city16-2, city15-2, city14-2, city13-2, city12-2, city11-2, city10-2, city9-2, city8-2, city7-2, city6-2, city5-2, city4-2, city3-2, city2-2, city1-2.",direct,true,covered,The object is explicitly enumerated.
objects,CITY18-1,"The locations are city23-1, city22-1, city21-1, city20-1, city19-1, city18-1, city17-1, city16-1, city15-1, city14-1, city13-1, city12-1, city11-1, city10-1, city9-1, city8-1, city7-1, city6-1, city5-1, city4-1, city3-1, city2-1, city1-1, city23-2, city22-2, city21-2, city20-2, city19-2, city18-2, city17-2, city16-2, city15-2, city14-2, city13-2, city12-2, city11-2, city10-2, city9-2, city8-2, city7-2, city6-2, city5-2, city4-2, city3-2, city2-2, city1-2.",direct,true,covered,The object is explicitly enumerated.
objects,CITY17-1,"The locations are city23-1, city22-1, city21-1, city20-1, city19-1, city18-1, city17-1, city16-1, city15-1, city14-1, city13-1, city12-1, city11-1, city10-1, city9-1, city8-1, city7-1, city6-1, city5-1, city4-1, city3-1, city2-1, city1-1, city23-2, city22-2, city21-2, city20-2, city19-2, city18-2, city17-2, city16-2, city15-2, city14-2, city13-2, city12-2, city11-2, city10-2, city9-2, city8-2, city7-2, city6-2, city5-2, city4-2, city3-2, city2-2, city1-2.",direct,true,covered,The object is explicitly enumerated.
objects,CITY16-1,"The locations are city23-1, city22-1, city21-1, city20-1, city19-1, city18-1, city17-1, city16-1, city15-1, city14-1, city13-1, city12-1, city11-1, city10-1, city9-1, city8-1, city7-1, city6-1, city5-1, city4-1, city3-1, city2-1, city1-1, city23-2, city22-2, city21-2, city20-2, city19-2, city18-2, city17-2, city16-2, city15-2, city14-2, city13-2, city12-2, city11-2, city10-2, city9-2, city8-2, city7-2, city6-2, city5-2, city4-2, city3-2, city2-2, city1-2.",direct,true,covered,The object is explicitly enumerated.
objects,CITY15-1,"The locations are city23-1, city22-1, city21-1, city20-1, city19-1, city18-1, city17-1, city16-1, city15-1, city14-1, city13-1, city12-1, city11-1, city10-1, city9-1, city8-1, city7-1, city6-1, city5-1, city4-1, city3-1, city2-1, city1-1, city23-2, city22-2, city21-2, city20-2, city19-2, city18-2, city17-2, city16-2, city15-2, city14-2, city13-2, city12-2, city11-2, city10-2, city9-2, city8-2, city7-2, city6-2, city5-2, city4-2, city3-2, city2-2, city1-2.",direct,true,covered,The object is explicitly enumerated.
objects,CITY14-1,"The locations are city23-1, city22-1, city21-1, city20-1, city19-1, city18-1, city17-1, city16-1, city15-1, city14-1, city13-1, city12-1, city11-1, city10-1, city9-1, city8-1, city7-1, city6-1, city5-1, city4-1, city3-1, city2-1, city1-1, city23-2, city22-2, city21-2, city20-2, city19-2, city18-2, city17-2, city16-2, city15-2, city14-2, city13-2, city12-2, city11-2, city10-2, city9-2, city8-2, city7-2, city6-2, city5-2, city4-2, city3-2, city2-2, city1-2.",direct,true,covered,The object is explicitly enumerated.
objects,CITY13-1,"The locations are city23-1, city22-1, city21-1, city20-1, city19-1, city18-1, city17-1, city16-1, city15-1, city14-1, city13-1, city12-1, city11-1, city10-1, city9-1, city8-1, city7-1, city6-1, city5-1, city4-1, city3-1, city2-1, city1-1, city23-2, city22-2, city21-2, city20-2, city19-2, city18-2, city17-2, city16-2, city15-2, city14-2, city13-2, city12-2, city11-2, city10-2, city9-2, city8-2, city7-2, city6-2, city5-2, city4-2, city3-2, city2-2, city1-2.",direct,true,covered,The object is explicitly enumerated.
objects,CITY12-1,"The locations are city23-1, city22-1, city21-1, city20-1, city19-1, city18-1, city17-1, city16-1, city15-1, city14-1, city13-1, city12-1, city11-1, city10-1, city9-1, city8-1, city7-1, city6-1, city5-1, city4-1, city3-1, city2-1, city1-1, city23-2, city22-2, city21-2, city20-2, city19-2, city18-2, city17-2, city16-2, city15-2, city14-2, city13-2, city12-2, city11-2, city10-2, city9-2, city8-2, city7-2, city6-2, city5-2, city4-2, city3-2, city2-2, city1-2.",direct,true,covered,The object is explicitly enumerated.
objects,CITY11-1,"The locations are city23-1, city22-1, city21-1, city20-1, city19-1, city18-1, city17-1, city16-1, city15-1, city14-1, city13-1, city12-1, city11-1, city10-1, city9-1, city8-1, city7-1, city6-1, city5-1, city4-1, city3-1, city2-1, city1-1, city23-2, city22-2, city21-2, city20-2, city19-2, city18-2, city17-2, city16-2, city15-2, city14-2, city13-2, city12-2, city11-2, city10-2, city9-2, city8-2, city7-2, city6-2, city5-2, city4-2, city3-2, city2-2, city1-2.",direct,true,covered,The object is explicitly enumerated.
objects,CITY10-1,"The locations are city23-1, city22-1, city21-1, city20-1, city19-1, city18-1, city17-1, city16-1, city15-1, city14-1, city13-1, city12-1, city11-1, city10-1, city9-1, city8-1, city7-1, city6-1, city5-1, city4-1, city3-1, city2-1, city1-1, city23-2, city22-2, city21-2, city20-2, city19-2, city18-2, city17-2, city16-2, city15-2, city14-2, city13-2, city12-2, city11-2, city10-2, city9-2, city8-2, city7-2, city6-2, city5-2, city4-2, city3-2, city2-2, city1-2.",direct,true,covered,The object is explicitly enumerated.
objects,CITY9-1,"The locations are city23-1, city22-1, city21-1, city20-1, city19-1, city18-1, city17-1, city16-1, city15-1, city14-1, city13-1, city12-1, city11-1, city10-1, city9-1, city8-1, city7-1, city6-1, city5-1, city4-1, city3-1, city2-1, city1-1, city23-2, city22-2, city21-2, city20-2, city19-2, city18-2, city17-2, city16-2, city15-2, city14-2, city13-2, city12-2, city11-2, city10-2, city9-2, city8-2, city7-2, city6-2, city5-2, city4-2, city3-2, city2-2, city1-2.",direct,true,covered,The object is explicitly enumerated.
objects,CITY8-1,"The locations are city23-1, city22-1, city21-1, city20-1, city19-1, city18-1, city17-1, city16-1, city15-1, city14-1, city13-1, city12-1, city11-1, city10-1, city9-1, city8-1, city7-1, city6-1, city5-1, city4-1, city3-1, city2-1, city1-1, city23-2, city22-2, city21-2, city20-2, city19-2, city18-2, city17-2, city16-2, city15-2, city14-2, city13-2, city12-2, city11-2, city10-2, city9-2, city8-2, city7-2, city6-2, city5-2, city4-2, city3-2, city2-2, city1-2.",direct,true,covered,The object is explicitly enumerated.
objects,CITY7-1,"The locations are city23-1, city22-1, city21-1, city20-1, city19-1, city18-1, city17-1, city16-1, city15-1, city14-1, city13-1, city12-1, city11-1, city10-1, city9-1, city8-1, city7-1, city6-1, city5-1, city4-1, city3-1, city2-1, city1-1, city23-2, city22-2, city21-2, city20-2, city19-2, city18-2, city17-2, city16-2, city15-2, city14-2, city13-2, city12-2, city11-2, city10-2, city9-2, city8-2, city7-2, city6-2, city5-2, city4-2, city3-2, city2-2, city1-2.",direct,true,covered,The object is explicitly enumerated.
objects,CITY6-1,"The locations are city23-1, city22-1, city21-1, city20-1, city19-1, city18-1, city17-1, city16-1, city15-1, city14-1, city13-1, city12-1, city11-1, city10-1, city9-1, city8-1, city7-1, city6-1, city5-1, city4-1, city3-1, city2-1, city1-1, city23-2, city22-2, city21-2, city20-2, city19-2, city18-2, city17-2, city16-2, city15-2, city14-2, city13-2, city12-2, city11-2, city10-2, city9-2, city8-2, city7-2, city6-2, city5-2, city4-2, city3-2, city2-2, city1-2.",direct,true,covered,The object is explicitly enumerated.
objects,CITY5-1,"The locations are city23-1, city22-1, city21-1, city20-1, city19-1, city18-1, city17-1, city16-1, city15-1, city14-1, city13-1, city12-1, city11-1, city10-1, city9-1, city8-1, city7-1, city6-1, city5-1, city4-1, city3-1, city2-1, city1-1, city23-2, city22-2, city21-2, city20-2, city19-2, city18-2, city17-2, city16-2, city15-2, city14-2, city13-2, city12-2, city11-2, city10-2, city9-2, city8-2, city7-2, city6-2, city5-2, city4-2, city3-2, city2-2, city1-2.",direct,true,covered,The object is explicitly enumerated.
objects,CITY4-1,"The locations are city23-1, city22-1, city21-1, city20-1, city19-1, city18-1, city17-1, city16-1, city15-1, city14-1, city13-1, city12-1, city11-1, city10-1, city9-1, city8-1, city7-1, city6-1, city5-1, city4-1, city3-1, city2-1, city1-1, city23-2, city22-2, city21-2, city20-2, city19-2, city18-2, city17-2, city16-2, city15-2, city14-2, city13-2, city12-2, city11-2, city10-2, city9-2, city8-2, city7-2, city6-2, city5-2, city4-2, city3-2, city2-2, city1-2.",direct,true,covered,The object is explicitly enumerated.
objects,CITY3-1,"The locations are city23-1, city22-1, city21-1, city20-1, city19-1, city18-1, city17-1, city16-1, city15-1, city14-1, city13-1, city12-1, city11-1, city10-1, city9-1, city8-1, city7-1, city6-1, city5-1, city4-1, city3-1, city2-1, city1-1, city23-2, city22-2, city21-2, city20-2, city19-2, city18-2, city17-2, city16-2, city15-2, city14-2, city13-2, city12-2, city11-2, city10-2, city9-2, city8-2, city7-2, city6-2, city5-2, city4-2, city3-2, city2-2, city1-2.",direct,true,covered,The object is explicitly enumerated.
objects,CITY2-1,"The locations are city23-1, city22-1, city21-1, city20-1, city19-1, city18-1, city17-1, city16-1, city15-1, city14-1, city13-1, city12-1, city11-1, city10-1, city9-1, city8-1, city7-1, city6-1, city5-1, city4-1, city3-1, city2-1, city1-1, city23-2, city22-2, city21-2, city20-2, city19-2, city18-2, city17-2, city16-2, city15-2, city14-2, city13-2, city12-2, city11-2, city10-2, city9-2, city8-2, city7-2, city6-2, city5-2, city4-2, city3-2, city2-2, city1-2.",direct,true,covered,The object is explicitly enumerated.
objects,CITY1-1,"The locations are city23-1, city22-1, city21-1, city20-1, city19-1, city18-1, city17-1, city16-1, city15-1, city14-1, city13-1, city12-1, city11-1, city10-1, city9-1, city8-1, city7-1, city6-1, city5-1, city4-1, city3-1, city2-1, city1-1, city23-2, city22-2, city21-2, city20-2, city19-2, city18-2, city17-2, city16-2, city15-2, city14-2, city13-2, city12-2, city11-2, city10-2, city9-2, city8-2, city7-2, city6-2, city5-2, city4-2, city3-2, city2-2, city1-2.",direct,true,covered,The object is explicitly enumerated.
objects,CITY23-2,"The locations are city23-1, city22-1, city21-1, city20-1, city19-1, city18-1, city17-1, city16-1, city15-1, city14-1, city13-1, city12-1, city11-1, city10-1, city9-1, city8-1, city7-1, city6-1, city5-1, city4-1, city3-1, city2-1, city1-1, city23-2, city22-2, city21-2, city20-2, city19-2, city18-2, city17-2, city16-2, city15-2, city14-2, city13-2, city12-2, city11-2, city10-2, city9-2, city8-2, city7-2, city6-2, city5-2, city4-2, city3-2, city2-2, city1-2.",direct,true,covered,The object is explicitly enumerated.
objects,CITY22-2,"The locations are city23-1, city22-1, city21-1, city20-1, city19-1, city18-1, city17-1, city16-1, city15-1, city14-1, city13-1, city12-1, city11-1, city10-1, city9-1, city8-1, city7-1, city6-1, city5-1, city4-1, city3-1, city2-1, city1-1, city23-2, city22-2, city21-2, city20-2, city19-2, city18-2, city17-2, city16-2, city15-2, city14-2, city13-2, city12-2, city11-2, city10-2, city9-2, city8-2, city7-2, city6-2, city5-2, city4-2, city3-2, city2-2, city1-2.",direct,true,covered,The object is explicitly enumerated.
objects,CITY21-2,"The locations are city23-1, city22-1, city21-1, city20-1, city19-1, city18-1, city17-1, city16-1, city15-1, city14-1, city13-1, city12-1, city11-1, city10-1, city9-1, city8-1, city7-1, city6-1, city5-1, city4-1, city3-1, city2-1, city1-1, city23-2, city22-2, city21-2, city20-2, city19-2, city18-2, city17-2, city16-2, city15-2, city14-2, city13-2, city12-2, city11-2, city10-2, city9-2, city8-2, city7-2, city6-2, city5-2, city4-2, city3-2, city2-2, city1-2.",direct,true,covered,The object is explicitly enumerated.
objects,CITY20-2,"The locations are city23-1, city22-1, city21-1, city20-1, city19-1, city18-1, city17-1, city16-1, city15-1, city14-1, city13-1, city12-1, city11-1, city10-1, city9-1, city8-1, city7-1, city6-1, city5-1, city4-1, city3-1, city2-1, city1-1, city23-2, city22-2, city21-2, city20-2, city19-2, city18-2, city17-2, city16-2, city15-2, city14-2, city13-2, city12-2, city11-2, city10-2, city9-2, city8-2, city7-2, city6-2, city5-2, city4-2, city3-2, city2-2, city1-2.",direct,true,covered,The object is explicitly enumerated.
objects,CITY19-2,"The locations are city23-1, city22-1, city21-1, city20-1, city19-1, city18-1, city17-1, city16-1, city15-1, city14-1, city13-1, city12-1, city11-1, city10-1, city9-1, city8-1, city7-1, city6-1, city5-1, city4-1, city3-1, city2-1, city1-1, city23-2, city22-2, city21-2, city20-2, city19-2, city18-2, city17-2, city16-2, city15-2, city14-2, city13-2, city12-2, city11-2, city10-2, city9-2, city8-2, city7-2, city6-2, city5-2, city4-2, city3-2, city2-2, city1-2.",direct,true,covered,The object is explicitly enumerated.
objects,CITY18-2,"The locations are city23-1, city22-1, city21-1, city20-1, city19-1, city18-1, city17-1, city16-1, city15-1, city14-1, city13-1, city12-1, city11-1, city10-1, city9-1, city8-1, city7-1, city6-1, city5-1, city4-1, city3-1, city2-1, city1-1, city23-2, city22-2, city21-2, city20-2, city19-2, city18-2, city17-2, city16-2, city15-2, city14-2, city13-2, city12-2, city11-2, city10-2, city9-2, city8-2, city7-2, city6-2, city5-2, city4-2, city3-2, city2-2, city1-2.",direct,true,covered,The object is explicitly enumerated.
objects,CITY17-2,"The locations are city23-1, city22-1, city21-1, city20-1, city19-1, city18-1, city17-1, city16-1, city15-1, city14-1, city13-1, city12-1, city11-1, city10-1, city9-1, city8-1, city7-1, city6-1, city5-1, city4-1, city3-1, city2-1, city1-1, city23-2, city22-2, city21-2, city20-2, city19-2, city18-2, city17-2, city16-2, city15-2, city14-2, city13-2, city12-2, city11-2, city10-2, city9-2, city8-2, city7-2, city6-2, city5-2, city4-2, city3-2, city2-2, city1-2.",direct,true,covered,The object is explicitly enumerated.
objects,CITY16-2,"The locations are city23-1, city22-1, city21-1, city20-1, city19-1, city18-1, city17-1, city16-1, city15-1, city14-1, city13-1, city12-1, city11-1, city10-1, city9-1, city8-1, city7-1, city6-1, city5-1, city4-1, city3-1, city2-1, city1-1, city23-2, city22-2, city21-2, city20-2, city19-2, city18-2, city17-2, city16-2, city15-2, city14-2, city13-2, city12-2, city11-2, city10-2, city9-2, city8-2, city7-2, city6-2, city5-2, city4-2, city3-2, city2-2, city1-2.",direct,true,covered,The object is explicitly enumerated.
objects,CITY15-2,"The locations are city23-1, city22-1, city21-1, city20-1, city19-1, city18-1, city17-1, city16-1, city15-1, city14-1, city13-1, city12-1, city11-1, city10-1, city9-1, city8-1, city7-1, city6-1, city5-1, city4-1, city3-1, city2-1, city1-1, city23-2, city22-2, city21-2, city20-2, city19-2, city18-2, city17-2, city16-2, city15-2, city14-2, city13-2, city12-2, city11-2, city10-2, city9-2, city8-2, city7-2, city6-2, city5-2, city4-2, city3-2, city2-2, city1-2.",direct,true,covered,The object is explicitly enumerated.
objects,CITY14-2,"The locations are city23-1, city22-1, city21-1, city20-1, city19-1, city18-1, city17-1, city16-1, city15-1, city14-1, city13-1, city12-1, city11-1, city10-1, city9-1, city8-1, city7-1, city6-1, city5-1, city4-1, city3-1, city2-1, city1-1, city23-2, city22-2, city21-2, city20-2, city19-2, city18-2, city17-2, city16-2, city15-2, city14-2, city13-2, city12-2, city11-2, city10-2, city9-2, city8-2, city7-2, city6-2, city5-2, city4-2, city3-2, city2-2, city1-2.",direct,true,covered,The object is explicitly enumerated.
objects,CITY13-2,"The locations are city23-1, city22-1, city21-1, city20-1, city19-1, city18-1, city17-1, city16-1, city15-1, city14-1, city13-1, city12-1, city11-1, city10-1, city9-1, city8-1, city7-1, city6-1, city5-1, city4-1, city3-1, city2-1, city1-1, city23-2, city22-2, city21-2, city20-2, city19-2, city18-2, city17-2, city16-2, city15-2, city14-2, city13-2, city12-2, city11-2, city10-2, city9-2, city8-2, city7-2, city6-2, city5-2, city4-2, city3-2, city2-2, city1-2.",direct,true,covered,The object is explicitly enumerated.
objects,CITY12-2,"The locations are city23-1, city22-1, city21-1, city20-1, city19-1, city18-1, city17-1, city16-1, city15-1, city14-1, city13-1, city12-1, city11-1, city10-1, city9-1, city8-1, city7-1, city6-1, city5-1, city4-1, city3-1, city2-1, city1-1, city23-2, city22-2, city21-2, city20-2, city19-2, city18-2, city17-2, city16-2, city15-2, city14-2, city13-2, city12-2, city11-2, city10-2, city9-2, city8-2, city7-2, city6-2, city5-2, city4-2, city3-2, city2-2, city1-2.",direct,true,covered,The object is explicitly enumerated.
objects,CITY11-2,"The locations are city23-1, city22-1, city21-1, city20-1, city19-1, city18-1, city17-1, city16-1, city15-1, city14-1, city13-1, city12-1, city11-1, city10-1, city9-1, city8-1, city7-1, city6-1, city5-1, city4-1, city3-1, city2-1, city1-1, city23-2, city22-2, city21-2, city20-2, city19-2, city18-2, city17-2, city16-2, city15-2, city14-2, city13-2, city12-2, city11-2, city10-2, city9-2, city8-2, city7-2, city6-2, city5-2, city4-2, city3-2, city2-2, city1-2.",direct,true,covered,The object is explicitly enumerated.
objects,CITY10-2,"The locations are city23-1, city22-1, city21-1, city20-1, city19-1, city18-1, city17-1, city16-1, city15-1, city14-1, city13-1, city12-1, city11-1, city10-1, city9-1, city8-1, city7-1, city6-1, city5-1, city4-1, city3-1, city2-1, city1-1, city23-2, city22-2, city21-2, city20-2, city19-2, city18-2, city17-2, city16-2, city15-2, city14-2, city13-2, city12-2, city11-2, city10-2, city9-2, city8-2, city7-2, city6-2, city5-2, city4-2, city3-2, city2-2, city1-2.",direct,true,covered,The object is explicitly enumerated.
objects,CITY9-2,"The locations are city23-1, city22-1, city21-1, city20-1, city19-1, city18-1, city17-1, city16-1, city15-1, city14-1, city13-1, city12-1, city11-1, city10-1, city9-1, city8-1, city7-1, city6-1, city5-1, city4-1, city3-1, city2-1, city1-1, city23-2, city22-2, city21-2, city20-2, city19-2, city18-2, city17-2, city16-2, city15-2, city14-2, city13-2, city12-2, city11-2, city10-2, city9-2, city8-2, city7-2, city6-2, city5-2, city4-2, city3-2, city2-2, city1-2.",direct,true,covered,The object is explicitly enumerated.
objects,CITY8-2,"The locations are city23-1, city22-1, city21-1, city20-1, city19-1, city18-1, city17-1, city16-1, city15-1, city14-1, city13-1, city12-1, city11-1, city10-1, city9-1, city8-1, city7-1, city6-1, city5-1, city4-1, city3-1, city2-1, city1-1, city23-2, city22-2, city21-2, city20-2, city19-2, city18-2, city17-2, city16-2, city15-2, city14-2, city13-2, city12-2, city11-2, city10-2, city9-2, city8-2, city7-2, city6-2, city5-2, city4-2, city3-2, city2-2, city1-2.",direct,true,covered,The object is explicitly enumerated.
objects,CITY7-2,"The locations are city23-1, city22-1, city21-1, city20-1, city19-1, city18-1, city17-1, city16-1, city15-1, city14-1, city13-1, city12-1, city11-1, city10-1, city9-1, city8-1, city7-1, city6-1, city5-1, city4-1, city3-1, city2-1, city1-1, city23-2, city22-2, city21-2, city20-2, city19-2, city18-2, city17-2, city16-2, city15-2, city14-2, city13-2, city12-2, city11-2, city10-2, city9-2, city8-2, city7-2, city6-2, city5-2, city4-2, city3-2, city2-2, city1-2.",direct,true,covered,The object is explicitly enumerated.
objects,CITY6-2,"The locations are city23-1, city22-1, city21-1, city20-1, city19-1, city18-1, city17-1, city16-1, city15-1, city14-1, city13-1, city12-1, city11-1, city10-1, city9-1, city8-1, city7-1, city6-1, city5-1, city4-1, city3-1, city2-1, city1-1, city23-2, city22-2, city21-2, city20-2, city19-2, city18-2, city17-2, city16-2, city15-2, city14-2, city13-2, city12-2, city11-2, city10-2, city9-2, city8-2, city7-2, city6-2, city5-2, city4-2, city3-2, city2-2, city1-2.",direct,true,covered,The object is explicitly enumerated.
objects,CITY5-2,"The locations are city23-1, city22-1, city21-1, city20-1, city19-1, city18-1, city17-1, city16-1, city15-1, city14-1, city13-1, city12-1, city11-1, city10-1, city9-1, city8-1, city7-1, city6-1, city5-1, city4-1, city3-1, city2-1, city1-1, city23-2, city22-2, city21-2, city20-2, city19-2, city18-2, city17-2, city16-2, city15-2, city14-2, city13-2, city12-2, city11-2, city10-2, city9-2, city8-2, city7-2, city6-2, city5-2, city4-2, city3-2, city2-2, city1-2.",direct,true,covered,The object is explicitly enumerated.
objects,CITY4-2,"The locations are city23-1, city22-1, city21-1, city20-1, city19-1, city18-1, city17-1, city16-1, city15-1, city14-1, city13-1, city12-1, city11-1, city10-1, city9-1, city8-1, city7-1, city6-1, city5-1, city4-1, city3-1, city2-1, city1-1, city23-2, city22-2, city21-2, city20-2, city19-2, city18-2, city17-2, city16-2, city15-2, city14-2, city13-2, city12-2, city11-2, city10-2, city9-2, city8-2, city7-2, city6-2, city5-2, city4-2, city3-2, city2-2, city1-2.",direct,true,covered,The object is explicitly enumerated.
objects,CITY3-2,"The locations are city23-1, city22-1, city21-1, city20-1, city19-1, city18-1, city17-1, city16-1, city15-1, city14-1, city13-1, city12-1, city11-1, city10-1, city9-1, city8-1, city7-1, city6-1, city5-1, city4-1, city3-1, city2-1, city1-1, city23-2, city22-2, city21-2, city20-2, city19-2, city18-2, city17-2, city16-2, city15-2, city14-2, city13-2, city12-2, city11-2, city10-2, city9-2, city8-2, city7-2, city6-2, city5-2, city4-2, city3-2, city2-2, city1-2.",direct,true,covered,The object is explicitly enumerated.
objects,CITY2-2,"The locations are city23-1, city22-1, city21-1, city20-1, city19-1, city18-1, city17-1, city16-1, city15-1, city14-1, city13-1, city12-1, city11-1, city10-1, city9-1, city8-1, city7-1, city6-1, city5-1, city4-1, city3-1, city2-1, city1-1, city23-2, city22-2, city21-2, city20-2, city19-2, city18-2, city17-2, city16-2, city15-2, city14-2, city13-2, city12-2, city11-2, city10-2, city9-2, city8-2, city7-2, city6-2, city5-2, city4-2, city3-2, city2-2, city1-2.",direct,true,covered,The object is explicitly enumerated.
objects,CITY1-2,"The locations are city23-1, city22-1, city21-1, city20-1, city19-1, city18-1, city17-1, city16-1, city15-1, city14-1, city13-1, city12-1, city11-1, city10-1, city9-1, city8-1, city7-1, city6-1, city5-1, city4-1, city3-1, city2-1, city1-1, city23-2, city22-2, city21-2, city20-2, city19-2, city18-2, city17-2, city16-2, city15-2, city14-2, city13-2, city12-2, city11-2, city10-2, city9-2, city8-2, city7-2, city6-2, city5-2, city4-2, city3-2, city2-2, city1-2.",direct,true,covered,The object is explicitly enumerated.
init,(PACKAGE PACKAGE17),"The packages are package17, package16, package15, package14, package13, package12, package11, package10, package9, package8, package7, package6, package5, package4, package3, package2, package1.",direct,true,covered,The item is explicitly enumerated in the original description.
init,(PACKAGE PACKAGE16),"The packages are package17, package16, package15, package14, package13, package12, package11, package10, package9, package8, package7, package6, package5, package4, package3, package2, package1.",direct,true,covered,The item is explicitly enumerated in the original description.
init,(PACKAGE PACKAGE15),"The packages are package17, package16, package15, package14, package13, package12, package11, package10, package9, package8, package7, package6, package5, package4, package3, package2, package1.",direct,true,covered,The item is explicitly enumerated in the original description.
init,(PACKAGE PACKAGE14),"The packages are package17, package16, package15, package14, package13, package12, package11, package10, package9, package8, package7, package6, package5, package4, package3, package2, package1.",direct,true,covered,The item is explicitly enumerated in the original description.
init,(PACKAGE PACKAGE13),"The packages are package17, package16, package15, package14, package13, package12, package11, package10, package9, package8, package7, package6, package5, package4, package3, package2, package1.",direct,true,covered,The item is explicitly enumerated in the original description.
init,(PACKAGE PACKAGE12),"The packages are package17, package16, package15, package14, package13, package12, package11, package10, package9, package8, package7, package6, package5, package4, package3, package2, package1.",direct,true,covered,The item is explicitly enumerated in the original description.
init,(PACKAGE PACKAGE11),"The packages are package17, package16, package15, package14, package13, package12, package11, package10, package9, package8, package7, package6, package5, package4, package3, package2, package1.",direct,true,covered,The item is explicitly enumerated in the original description.
init,(PACKAGE PACKAGE10),"The packages are package17, package16, package15, package14, package13, package12, package11, package10, package9, package8, package7, package6, package5, package4, package3, package2, package1.",direct,true,covered,The item is explicitly enumerated in the original description.
init,(PACKAGE PACKAGE9),"The packages are package17, package16, package15, package14, package13, package12, package11, package10, package9, package8, package7, package6, package5, package4, package3, package2, package1.",direct,true,covered,The item is explicitly enumerated in the original description.
init,(PACKAGE PACKAGE8),"The packages are package17, package16, package15, package14, package13, package12, package11, package10, package9, package8, package7, package6, package5, package4, package3, package2, package1.",direct,true,covered,The item is explicitly enumerated in the original description.
init,(PACKAGE PACKAGE7),"The packages are package17, package16, package15, package14, package13, package12, package11, package10, package9, package8, package7, package6, package5, package4, package3, package2, package1.",direct,true,covered,The item is explicitly enumerated in the original description.
init,(PACKAGE PACKAGE6),"The packages are package17, package16, package15, package14, package13, package12, package11, package10, package9, package8, package7, package6, package5, package4, package3, package2, package1.",direct,true,covered,The item is explicitly enumerated in the original description.
init,(PACKAGE PACKAGE5),"The packages are package17, package16, package15, package14, package13, package12, package11, package10, package9, package8, package7, package6, package5, package4, package3, package2, package1.",direct,true,covered,The item is explicitly enumerated in the original description.
init,(PACKAGE PACKAGE4),"The packages are package17, package16, package15, package14, package13, package12, package11, package10, package9, package8, package7, package6, package5, package4, package3, package2, package1.",direct,true,covered,The item is explicitly enumerated in the original description.
init,(PACKAGE PACKAGE3),"The packages are package17, package16, package15, package14, package13, package12, package11, package10, package9, package8, package7, package6, package5, package4, package3, package2, package1.",direct,true,covered,The item is explicitly enumerated in the original description.
init,(PACKAGE PACKAGE2),"The packages are package17, package16, package15, package14, package13, package12, package11, package10, package9, package8, package7, package6, package5, package4, package3, package2, package1.",direct,true,covered,The item is explicitly enumerated in the original description.
init,(PACKAGE PACKAGE1),"The packages are package17, package16, package15, package14, package13, package12, package11, package10, package9, package8, package7, package6, package5, package4, package3, package2, package1.",direct,true,covered,The item is explicitly enumerated in the original description.
init,(CITY CITY23),"The cities are city23, city22, city21, city20, city19, city18, city17, city16, city15, city14, city13, city12, city11, city10, city9, city8, city7, city6, city5, city4, city3, city2, city1.",direct,true,covered,The item is explicitly enumerated in the original description.
init,(CITY CITY22),"The cities are city23, city22, city21, city20, city19, city18, city17, city16, city15, city14, city13, city12, city11, city10, city9, city8, city7, city6, city5, city4, city3, city2, city1.",direct,true,covered,The item is explicitly enumerated in the original description.
init,(CITY CITY21),"The cities are city23, city22, city21, city20, city19, city18, city17, city16, city15, city14, city13, city12, city11, city10, city9, city8, city7, city6, city5, city4, city3, city2, city1.",direct,true,covered,The item is explicitly enumerated in the original description.
init,(CITY CITY20),"The cities are city23, city22, city21, city20, city19, city18, city17, city16, city15, city14, city13, city12, city11, city10, city9, city8, city7, city6, city5, city4, city3, city2, city1.",direct,true,covered,The item is explicitly enumerated in the original description.
init,(CITY CITY19),"The cities are city23, city22, city21, city20, city19, city18, city17, city16, city15, city14, city13, city12, city11, city10, city9, city8, city7, city6, city5, city4, city3, city2, city1.",direct,true,covered,The item is explicitly enumerated in the original description.
init,(CITY CITY18),"The cities are city23, city22, city21, city20, city19, city18, city17, city16, city15, city14, city13, city12, city11, city10, city9, city8, city7, city6, city5, city4, city3, city2, city1.",direct,true,covered,The item is explicitly enumerated in the original description.
init,(CITY CITY17),"The cities are city23, city22, city21, city20, city19, city18, city17, city16, city15, city14, city13, city12, city11, city10, city9, city8, city7, city6, city5, city4, city3, city2, city1.",direct,true,covered,The item is explicitly enumerated in the original description.
init,(CITY CITY16),"The cities are city23, city22, city21, city20, city19, city18, city17, city16, city15, city14, city13, city12, city11, city10, city9, city8, city7, city6, city5, city4, city3, city2, city1.",direct,true,covered,The item is explicitly enumerated in the original description.
init,(CITY CITY15),"The cities are city23, city22, city21, city20, city19, city18, city17, city16, city15, city14, city13, city12, city11, city10, city9, city8, city7, city6, city5, city4, city3, city2, city1.",direct,true,covered,The item is explicitly enumerated in the original description.
init,(CITY CITY14),"The cities are city23, city22, city21, city20, city19, city18, city17, city16, city15, city14, city13, city12, city11, city10, city9, city8, city7, city6, city5, city4, city3, city2, city1.",direct,true,covered,The item is explicitly enumerated in the original description.
init,(CITY CITY13),"The cities are city23, city22, city21, city20, city19, city18, city17, city16, city15, city14, city13, city12, city11, city10, city9, city8, city7, city6, city5, city4, city3, city2, city1.",direct,true,covered,The item is explicitly enumerated in the original description.
init,(CITY CITY12),"The cities are city23, city22, city21, city20, city19, city18, city17, city16, city15, city14, city13, city12, city11, city10, city9, city8, city7, city6, city5, city4, city3, city2, city1.",direct,true,covered,The item is explicitly enumerated in the original description.
init,(CITY CITY11),"The cities are city23, city22, city21, city20, city19, city18, city17, city16, city15, city14, city13, city12, city11, city10, city9, city8, city7, city6, city5, city4, city3, city2, city1.",direct,true,covered,The item is explicitly enumerated in the original description.
init,(CITY CITY10),"The cities are city23, city22, city21, city20, city19, city18, city17, city16, city15, city14, city13, city12, city11, city10, city9, city8, city7, city6, city5, city4, city3, city2, city1.",direct,true,covered,The item is explicitly enumerated in the original description.
init,(CITY CITY9),"The cities are city23, city22, city21, city20, city19, city18, city17, city16, city15, city14, city13, city12, city11, city10, city9, city8, city7, city6, city5, city4, city3, city2, city1.",direct,true,covered,The item is explicitly enumerated in the original description.
init,(CITY CITY8),"The cities are city23, city22, city21, city20, city19, city18, city17, city16, city15, city14, city13, city12, city11, city10, city9, city8, city7, city6, city5, city4, city3, city2, city1.",direct,true,covered,The item is explicitly enumerated in the original description.
init,(CITY CITY7),"The cities are city23, city22, city21, city20, city19, city18, city17, city16, city15, city14, city13, city12, city11, city10, city9, city8, city7, city6, city5, city4, city3, city2, city1.",direct,true,covered,The item is explicitly enumerated in the original description.
init,(CITY CITY6),"The cities are city23, city22, city21, city20, city19, city18, city17, city16, city15, city14, city13, city12, city11, city10, city9, city8, city7, city6, city5, city4, city3, city2, city1.",direct,true,covered,The item is explicitly enumerated in the original description.
init,(CITY CITY5),"The cities are city23, city22, city21, city20, city19, city18, city17, city16, city15, city14, city13, city12, city11, city10, city9, city8, city7, city6, city5, city4, city3, city2, city1.",direct,true,covered,The item is explicitly enumerated in the original description.
init,(CITY CITY4),"The cities are city23, city22, city21, city20, city19, city18, city17, city16, city15, city14, city13, city12, city11, city10, city9, city8, city7, city6, city5, city4, city3, city2, city1.",direct,true,covered,The item is explicitly enumerated in the original description.
init,(CITY CITY3),"The cities are city23, city22, city21, city20, city19, city18, city17, city16, city15, city14, city13, city12, city11, city10, city9, city8, city7, city6, city5, city4, city3, city2, city1.",direct,true,covered,The item is explicitly enumerated in the original description.
init,(CITY CITY2),"The cities are city23, city22, city21, city20, city19, city18, city17, city16, city15, city14, city13, city12, city11, city10, city9, city8, city7, city6, city5, city4, city3, city2, city1.",direct,true,covered,The item is explicitly enumerated in the original description.
init,(CITY CITY1),"The cities are city23, city22, city21, city20, city19, city18, city17, city16, city15, city14, city13, city12, city11, city10, city9, city8, city7, city6, city5, city4, city3, city2, city1.",direct,true,covered,The item is explicitly enumerated in the original description.
init,(TRUCK TRUCK23),"The trucks are truck23, truck22, truck21, truck20, truck19, truck18, truck17, truck16, truck15, truck14, truck13, truck12, truck11, truck10, truck9, truck8, truck7, truck6, truck5, truck4, truck3, truck2, truck1.",direct,true,covered,The item is explicitly enumerated in the original description.
init,(TRUCK TRUCK22),"The trucks are truck23, truck22, truck21, truck20, truck19, truck18, truck17, truck16, truck15, truck14, truck13, truck12, truck11, truck10, truck9, truck8, truck7, truck6, truck5, truck4, truck3, truck2, truck1.",direct,true,covered,The item is explicitly enumerated in the original description.
init,(TRUCK TRUCK21),"The trucks are truck23, truck22, truck21, truck20, truck19, truck18, truck17, truck16, truck15, truck14, truck13, truck12, truck11, truck10, truck9, truck8, truck7, truck6, truck5, truck4, truck3, truck2, truck1.",direct,true,covered,The item is explicitly enumerated in the original description.
init,(TRUCK TRUCK20),"The trucks are truck23, truck22, truck21, truck20, truck19, truck18, truck17, truck16, truck15, truck14, truck13, truck12, truck11, truck10, truck9, truck8, truck7, truck6, truck5, truck4, truck3, truck2, truck1.",direct,true,covered,The item is explicitly enumerated in the original description.
init,(TRUCK TRUCK19),"The trucks are truck23, truck22, truck21, truck20, truck19, truck18, truck17, truck16, truck15, truck14, truck13, truck12, truck11, truck10, truck9, truck8, truck7, truck6, truck5, truck4, truck3, truck2, truck1.",direct,true,covered,The item is explicitly enumerated in the original description.
init,(TRUCK TRUCK18),"The trucks are truck23, truck22, truck21, truck20, truck19, truck18, truck17, truck16, truck15, truck14, truck13, truck12, truck11, truck10, truck9, truck8, truck7, truck6, truck5, truck4, truck3, truck2, truck1.",direct,true,covered,The item is explicitly enumerated in the original description.
init,(TRUCK TRUCK17),"The trucks are truck23, truck22, truck21, truck20, truck19, truck18, truck17, truck16, truck15, truck14, truck13, truck12, truck11, truck10, truck9, truck8, truck7, truck6, truck5, truck4, truck3, truck2, truck1.",direct,true,covered,The item is explicitly enumerated in the original description.
init,(TRUCK TRUCK16),"The trucks are truck23, truck22, truck21, truck20, truck19, truck18, truck17, truck16, truck15, truck14, truck13, truck12, truck11, truck10, truck9, truck8, truck7, truck6, truck5, truck4, truck3, truck2, truck1.",direct,true,covered,The item is explicitly enumerated in the original description.
init,(TRUCK TRUCK15),"The trucks are truck23, truck22, truck21, truck20, truck19, truck18, truck17, truck16, truck15, truck14, truck13, truck12, truck11, truck10, truck9, truck8, truck7, truck6, truck5, truck4, truck3, truck2, truck1.",direct,true,covered,The item is explicitly enumerated in the original description.
init,(TRUCK TRUCK14),"The trucks are truck23, truck22, truck21, truck20, truck19, truck18, truck17, truck16, truck15, truck14, truck13, truck12, truck11, truck10, truck9, truck8, truck7, truck6, truck5, truck4, truck3, truck2, truck1.",direct,true,covered,The item is explicitly enumerated in the original description.
init,(TRUCK TRUCK13),"The trucks are truck23, truck22, truck21, truck20, truck19, truck18, truck17, truck16, truck15, truck14, truck13, truck12, truck11, truck10, truck9, truck8, truck7, truck6, truck5, truck4, truck3, truck2, truck1.",direct,true,covered,The item is explicitly enumerated in the original description.
init,(TRUCK TRUCK12),"The trucks are truck23, truck22, truck21, truck20, truck19, truck18, truck17, truck16, truck15, truck14, truck13, truck12, truck11, truck10, truck9, truck8, truck7, truck6, truck5, truck4, truck3, truck2, truck1.",direct,true,covered,The item is explicitly enumerated in the original description.
init,(TRUCK TRUCK11),"The trucks are truck23, truck22, truck21, truck20, truck19, truck18, truck17, truck16, truck15, truck14, truck13, truck12, truck11, truck10, truck9, truck8, truck7, truck6, truck5, truck4, truck3, truck2, truck1.",direct,true,covered,The item is explicitly enumerated in the original description.
init,(TRUCK TRUCK10),"The trucks are truck23, truck22, truck21, truck20, truck19, truck18, truck17, truck16, truck15, truck14, truck13, truck12, truck11, truck10, truck9, truck8, truck7, truck6, truck5, truck4, truck3, truck2, truck1.",direct,true,covered,The item is explicitly enumerated in the original description.
init,(TRUCK TRUCK9),"The trucks are truck23, truck22, truck21, truck20, truck19, truck18, truck17, truck16, truck15, truck14, truck13, truck12, truck11, truck10, truck9, truck8, truck7, truck6, truck5, truck4, truck3, truck2, truck1.",direct,true,covered,The item is explicitly enumerated in the original description.
init,(TRUCK TRUCK8),"The trucks are truck23, truck22, truck21, truck20, truck19, truck18, truck17, truck16, truck15, truck14, truck13, truck12, truck11, truck10, truck9, truck8, truck7, truck6, truck5, truck4, truck3, truck2, truck1.",direct,true,covered,The item is explicitly enumerated in the original description.
init,(TRUCK TRUCK7),"The trucks are truck23, truck22, truck21, truck20, truck19, truck18, truck17, truck16, truck15, truck14, truck13, truck12, truck11, truck10, truck9, truck8, truck7, truck6, truck5, truck4, truck3, truck2, truck1.",direct,true,covered,The item is explicitly enumerated in the original description.
init,(TRUCK TRUCK6),"The trucks are truck23, truck22, truck21, truck20, truck19, truck18, truck17, truck16, truck15, truck14, truck13, truck12, truck11, truck10, truck9, truck8, truck7, truck6, truck5, truck4, truck3, truck2, truck1.",direct,true,covered,The item is explicitly enumerated in the original description.
init,(TRUCK TRUCK5),"The trucks are truck23, truck22, truck21, truck20, truck19, truck18, truck17, truck16, truck15, truck14, truck13, truck12, truck11, truck10, truck9, truck8, truck7, truck6, truck5, truck4, truck3, truck2, truck1.",direct,true,covered,The item is explicitly enumerated in the original description.
init,(TRUCK TRUCK4),"The trucks are truck23, truck22, truck21, truck20, truck19, truck18, truck17, truck16, truck15, truck14, truck13, truck12, truck11, truck10, truck9, truck8, truck7, truck6, truck5, truck4, truck3, truck2, truck1.",direct,true,covered,The item is explicitly enumerated in the original description.
init,(TRUCK TRUCK3),"The trucks are truck23, truck22, truck21, truck20, truck19, truck18, truck17, truck16, truck15, truck14, truck13, truck12, truck11, truck10, truck9, truck8, truck7, truck6, truck5, truck4, truck3, truck2, truck1.",direct,true,covered,The item is explicitly enumerated in the original description.
init,(TRUCK TRUCK2),"The trucks are truck23, truck22, truck21, truck20, truck19, truck18, truck17, truck16, truck15, truck14, truck13, truck12, truck11, truck10, truck9, truck8, truck7, truck6, truck5, truck4, truck3, truck2, truck1.",direct,true,covered,The item is explicitly enumerated in the original description.
init,(TRUCK TRUCK1),"The trucks are truck23, truck22, truck21, truck20, truck19, truck18, truck17, truck16, truck15, truck14, truck13, truck12, truck11, truck10, truck9, truck8, truck7, truck6, truck5, truck4, truck3, truck2, truck1.",direct,true,covered,The item is explicitly enumerated in the original description.
init,(AIRPLANE PLANE4),"The airplanes are plane4, plane3, plane2, plane1.",direct,true,covered,The item is explicitly enumerated in the original description.
init,(AIRPLANE PLANE3),"The airplanes are plane4, plane3, plane2, plane1.",direct,true,covered,The item is explicitly enumerated in the original description.
init,(AIRPLANE PLANE2),"The airplanes are plane4, plane3, plane2, plane1.",direct,true,covered,The item is explicitly enumerated in the original description.
init,(AIRPLANE PLANE1),"The airplanes are plane4, plane3, plane2, plane1.",direct,true,covered,The item is explicitly enumerated in the original description.
init,(LOCATION CITY23-1),"The locations are city23-1, city22-1, city21-1, city20-1, city19-1, city18-1, city17-1, city16-1, city15-1, city14-1, city13-1, city12-1, city11-1, city10-1, city9-1, city8-1, city7-1, city6-1, city5-1, city4-1, city3-1, city2-1, city1-1, city23-2, city22-2, city21-2, city20-2, city19-2, city18-2, city17-2, city16-2, city15-2, city14-2, city13-2, city12-2, city11-2, city10-2, city9-2, city8-2, city7-2, city6-2, city5-2, city4-2, city3-2, city2-2, city1-2.",direct,true,covered,The item is explicitly enumerated in the original description.
init,(LOCATION CITY22-1),"The locations are city23-1, city22-1, city21-1, city20-1, city19-1, city18-1, city17-1, city16-1, city15-1, city14-1, city13-1, city12-1, city11-1, city10-1, city9-1, city8-1, city7-1, city6-1, city5-1, city4-1, city3-1, city2-1, city1-1, city23-2, city22-2, city21-2, city20-2, city19-2, city18-2, city17-2, city16-2, city15-2, city14-2, city13-2, city12-2, city11-2, city10-2, city9-2, city8-2, city7-2, city6-2, city5-2, city4-2, city3-2, city2-2, city1-2.",direct,true,covered,The item is explicitly enumerated in the original description.
init,(LOCATION CITY21-1),"The locations are city23-1, city22-1, city21-1, city20-1, city19-1, city18-1, city17-1, city16-1, city15-1, city14-1, city13-1, city12-1, city11-1, city10-1, city9-1, city8-1, city7-1, city6-1, city5-1, city4-1, city3-1, city2-1, city1-1, city23-2, city22-2, city21-2, city20-2, city19-2, city18-2, city17-2, city16-2, city15-2, city14-2, city13-2, city12-2, city11-2, city10-2, city9-2, city8-2, city7-2, city6-2, city5-2, city4-2, city3-2, city2-2, city1-2.",direct,true,covered,The item is explicitly enumerated in the original description.
init,(LOCATION CITY20-1),"The locations are city23-1, city22-1, city21-1, city20-1, city19-1, city18-1, city17-1, city16-1, city15-1, city14-1, city13-1, city12-1, city11-1, city10-1, city9-1, city8-1, city7-1, city6-1, city5-1, city4-1, city3-1, city2-1, city1-1, city23-2, city22-2, city21-2, city20-2, city19-2, city18-2, city17-2, city16-2, city15-2, city14-2, city13-2, city12-2, city11-2, city10-2, city9-2, city8-2, city7-2, city6-2, city5-2, city4-2, city3-2, city2-2, city1-2.",direct,true,covered,The item is explicitly enumerated in the original description.
init,(LOCATION CITY19-1),"The locations are city23-1, city22-1, city21-1, city20-1, city19-1, city18-1, city17-1, city16-1, city15-1, city14-1, city13-1, city12-1, city11-1, city10-1, city9-1, city8-1, city7-1, city6-1, city5-1, city4-1, city3-1, city2-1, city1-1, city23-2, city22-2, city21-2, city20-2, city19-2, city18-2, city17-2, city16-2, city15-2, city14-2, city13-2, city12-2, city11-2, city10-2, city9-2, city8-2, city7-2, city6-2, city5-2, city4-2, city3-2, city2-2, city1-2.",direct,true,covered,The item is explicitly enumerated in the original description.
init,(LOCATION CITY18-1),"The locations are city23-1, city22-1, city21-1, city20-1, city19-1, city18-1, city17-1, city16-1, city15-1, city14-1, city13-1, city12-1, city11-1, city10-1, city9-1, city8-1, city7-1, city6-1, city5-1, city4-1, city3-1, city2-1, city1-1, city23-2, city22-2, city21-2, city20-2, city19-2, city18-2, city17-2, city16-2, city15-2, city14-2, city13-2, city12-2, city11-2, city10-2, city9-2, city8-2, city7-2, city6-2, city5-2, city4-2, city3-2, city2-2, city1-2.",direct,true,covered,The item is explicitly enumerated in the original description.
init,(LOCATION CITY17-1),"The locations are city23-1, city22-1, city21-1, city20-1, city19-1, city18-1, city17-1, city16-1, city15-1, city14-1, city13-1, city12-1, city11-1, city10-1, city9-1, city8-1, city7-1, city6-1, city5-1, city4-1, city3-1, city2-1, city1-1, city23-2, city22-2, city21-2, city20-2, city19-2, city18-2, city17-2, city16-2, city15-2, city14-2, city13-2, city12-2, city11-2, city10-2, city9-2, city8-2, city7-2, city6-2, city5-2, city4-2, city3-2, city2-2, city1-2.",direct,true,covered,The item is explicitly enumerated in the original description.
init,(LOCATION CITY16-1),"The locations are city23-1, city22-1, city21-1, city20-1, city19-1, city18-1, city17-1, city16-1, city15-1, city14-1, city13-1, city12-1, city11-1, city10-1, city9-1, city8-1, city7-1, city6-1, city5-1, city4-1, city3-1, city2-1, city1-1, city23-2, city22-2, city21-2, city20-2, city19-2, city18-2, city17-2, city16-2, city15-2, city14-2, city13-2, city12-2, city11-2, city10-2, city9-2, city8-2, city7-2, city6-2, city5-2, city4-2, city3-2, city2-2, city1-2.",direct,true,covered,The item is explicitly enumerated in the original description.
init,(LOCATION CITY15-1),"The locations are city23-1, city22-1, city21-1, city20-1, city19-1, city18-1, city17-1, city16-1, city15-1, city14-1, city13-1, city12-1, city11-1, city10-1, city9-1, city8-1, city7-1, city6-1, city5-1, city4-1, city3-1, city2-1, city1-1, city23-2, city22-2, city21-2, city20-2, city19-2, city18-2, city17-2, city16-2, city15-2, city14-2, city13-2, city12-2, city11-2, city10-2, city9-2, city8-2, city7-2, city6-2, city5-2, city4-2, city3-2, city2-2, city1-2.",direct,true,covered,The item is explicitly enumerated in the original description.
init,(LOCATION CITY14-1),"The locations are city23-1, city22-1, city21-1, city20-1, city19-1, city18-1, city17-1, city16-1, city15-1, city14-1, city13-1, city12-1, city11-1, city10-1, city9-1, city8-1, city7-1, city6-1, city5-1, city4-1, city3-1, city2-1, city1-1, city23-2, city22-2, city21-2, city20-2, city19-2, city18-2, city17-2, city16-2, city15-2, city14-2, city13-2, city12-2, city11-2, city10-2, city9-2, city8-2, city7-2, city6-2, city5-2, city4-2, city3-2, city2-2, city1-2.",direct,true,covered,The item is explicitly enumerated in the original description.
init,(LOCATION CITY13-1),"The locations are city23-1, city22-1, city21-1, city20-1, city19-1, city18-1, city17-1, city16-1, city15-1, city14-1, city13-1, city12-1, city11-1, city10-1, city9-1, city8-1, city7-1, city6-1, city5-1, city4-1, city3-1, city2-1, city1-1, city23-2, city22-2, city21-2, city20-2, city19-2, city18-2, city17-2, city16-2, city15-2, city14-2, city13-2, city12-2, city11-2, city10-2, city9-2, city8-2, city7-2, city6-2, city5-2, city4-2, city3-2, city2-2, city1-2.",direct,true,covered,The item is explicitly enumerated in the original description.
init,(LOCATION CITY12-1),"The locations are city23-1, city22-1, city21-1, city20-1, city19-1, city18-1, city17-1, city16-1, city15-1, city14-1, city13-1, city12-1, city11-1, city10-1, city9-1, city8-1, city7-1, city6-1, city5-1, city4-1, city3-1, city2-1, city1-1, city23-2, city22-2, city21-2, city20-2, city19-2, city18-2, city17-2, city16-2, city15-2, city14-2, city13-2, city12-2, city11-2, city10-2, city9-2, city8-2, city7-2, city6-2, city5-2, city4-2, city3-2, city2-2, city1-2.",direct,true,covered,The item is explicitly enumerated in the original description.
init,(LOCATION CITY11-1),"The locations are city23-1, city22-1, city21-1, city20-1, city19-1, city18-1, city17-1, city16-1, city15-1, city14-1, city13-1, city12-1, city11-1, city10-1, city9-1, city8-1, city7-1, city6-1, city5-1, city4-1, city3-1, city2-1, city1-1, city23-2, city22-2, city21-2, city20-2, city19-2, city18-2, city17-2, city16-2, city15-2, city14-2, city13-2, city12-2, city11-2, city10-2, city9-2, city8-2, city7-2, city6-2, city5-2, city4-2, city3-2, city2-2, city1-2.",direct,true,covered,The item is explicitly enumerated in the original description.
init,(LOCATION CITY10-1),"The locations are city23-1, city22-1, city21-1, city20-1, city19-1, city18-1, city17-1, city16-1, city15-1, city14-1, city13-1, city12-1, city11-1, city10-1, city9-1, city8-1, city7-1, city6-1, city5-1, city4-1, city3-1, city2-1, city1-1, city23-2, city22-2, city21-2, city20-2, city19-2, city18-2, city17-2, city16-2, city15-2, city14-2, city13-2, city12-2, city11-2, city10-2, city9-2, city8-2, city7-2, city6-2, city5-2, city4-2, city3-2, city2-2, city1-2.",direct,true,covered,The item is explicitly enumerated in the original description.
init,(LOCATION CITY9-1),"The locations are city23-1, city22-1, city21-1, city20-1, city19-1, city18-1, city17-1, city16-1, city15-1, city14-1, city13-1, city12-1, city11-1, city10-1, city9-1, city8-1, city7-1, city6-1, city5-1, city4-1, city3-1, city2-1, city1-1, city23-2, city22-2, city21-2, city20-2, city19-2, city18-2, city17-2, city16-2, city15-2, city14-2, city13-2, city12-2, city11-2, city10-2, city9-2, city8-2, city7-2, city6-2, city5-2, city4-2, city3-2, city2-2, city1-2.",direct,true,covered,The item is explicitly enumerated in the original description.
init,(LOCATION CITY8-1),"The locations are city23-1, city22-1, city21-1, city20-1, city19-1, city18-1, city17-1, city16-1, city15-1, city14-1, city13-1, city12-1, city11-1, city10-1, city9-1, city8-1, city7-1, city6-1, city5-1, city4-1, city3-1, city2-1, city1-1, city23-2, city22-2, city21-2, city20-2, city19-2, city18-2, city17-2, city16-2, city15-2, city14-2, city13-2, city12-2, city11-2, city10-2, city9-2, city8-2, city7-2, city6-2, city5-2, city4-2, city3-2, city2-2, city1-2.",direct,true,covered,The item is explicitly enumerated in the original description.
init,(LOCATION CITY7-1),"The locations are city23-1, city22-1, city21-1, city20-1, city19-1, city18-1, city17-1, city16-1, city15-1, city14-1, city13-1, city12-1, city11-1, city10-1, city9-1, city8-1, city7-1, city6-1, city5-1, city4-1, city3-1, city2-1, city1-1, city23-2, city22-2, city21-2, city20-2, city19-2, city18-2, city17-2, city16-2, city15-2, city14-2, city13-2, city12-2, city11-2, city10-2, city9-2, city8-2, city7-2, city6-2, city5-2, city4-2, city3-2, city2-2, city1-2.",direct,true,covered,The item is explicitly enumerated in the original description.
init,(LOCATION CITY6-1),"The locations are city23-1, city22-1, city21-1, city20-1, city19-1, city18-1, city17-1, city16-1, city15-1, city14-1, city13-1, city12-1, city11-1, city10-1, city9-1, city8-1, city7-1, city6-1, city5-1, city4-1, city3-1, city2-1, city1-1, city23-2, city22-2, city21-2, city20-2, city19-2, city18-2, city17-2, city16-2, city15-2, city14-2, city13-2, city12-2, city11-2, city10-2, city9-2, city8-2, city7-2, city6-2, city5-2, city4-2, city3-2, city2-2, city1-2.",direct,true,covered,The item is explicitly enumerated in the original description.
init,(LOCATION CITY5-1),"The locations are city23-1, city22-1, city21-1, city20-1, city19-1, city18-1, city17-1, city16-1, city15-1, city14-1, city13-1, city12-1, city11-1, city10-1, city9-1, city8-1, city7-1, city6-1, city5-1, city4-1, city3-1, city2-1, city1-1, city23-2, city22-2, city21-2, city20-2, city19-2, city18-2, city17-2, city16-2, city15-2, city14-2, city13-2, city12-2, city11-2, city10-2, city9-2, city8-2, city7-2, city6-2, city5-2, city4-2, city3-2, city2-2, city1-2.",direct,true,covered,The item is explicitly enumerated in the original description.
init,(LOCATION CITY4-1),"The locations are city23-1, city22-1, city21-1, city20-1, city19-1, city18-1, city17-1, city16-1, city15-1, city14-1, city13-1, city12-1, city11-1, city10-1, city9-1, city8-1, city7-1, city6-1, city5-1, city4-1, city3-1, city2-1, city1-1, city23-2, city22-2, city21-2, city20-2, city19-2, city18-2, city17-2, city16-2, city15-2, city14-2, city13-2, city12-2, city11-2, city10-2, city9-2, city8-2, city7-2, city6-2, city5-2, city4-2, city3-2, city2-2, city1-2.",direct,true,covered,The item is explicitly enumerated in the original description.
init,(LOCATION CITY3-1),"The locations are city23-1, city22-1, city21-1, city20-1, city19-1, city18-1, city17-1, city16-1, city15-1, city14-1, city13-1, city12-1, city11-1, city10-1, city9-1, city8-1, city7-1, city6-1, city5-1, city4-1, city3-1, city2-1, city1-1, city23-2, city22-2, city21-2, city20-2, city19-2, city18-2, city17-2, city16-2, city15-2, city14-2, city13-2, city12-2, city11-2, city10-2, city9-2, city8-2, city7-2, city6-2, city5-2, city4-2, city3-2, city2-2, city1-2.",direct,true,covered,The item is explicitly enumerated in the original description.
init,(LOCATION CITY2-1),"The locations are city23-1, city22-1, city21-1, city20-1, city19-1, city18-1, city17-1, city16-1, city15-1, city14-1, city13-1, city12-1, city11-1, city10-1, city9-1, city8-1, city7-1, city6-1, city5-1, city4-1, city3-1, city2-1, city1-1, city23-2, city22-2, city21-2, city20-2, city19-2, city18-2, city17-2, city16-2, city15-2, city14-2, city13-2, city12-2, city11-2, city10-2, city9-2, city8-2, city7-2, city6-2, city5-2, city4-2, city3-2, city2-2, city1-2.",direct,true,covered,The item is explicitly enumerated in the original description.
init,(LOCATION CITY1-1),"The locations are city23-1, city22-1, city21-1, city20-1, city19-1, city18-1, city17-1, city16-1, city15-1, city14-1, city13-1, city12-1, city11-1, city10-1, city9-1, city8-1, city7-1, city6-1, city5-1, city4-1, city3-1, city2-1, city1-1, city23-2, city22-2, city21-2, city20-2, city19-2, city18-2, city17-2, city16-2, city15-2, city14-2, city13-2, city12-2, city11-2, city10-2, city9-2, city8-2, city7-2, city6-2, city5-2, city4-2, city3-2, city2-2, city1-2.",direct,true,covered,The item is explicitly enumerated in the original description.
init,(AIRPORT CITY23-2),"The airport locations are city23-2, city22-2, city21-2, city20-2, city19-2, city18-2, city17-2, city16-2, city15-2, city14-2, city13-2, city12-2, city11-2, city10-2, city9-2, city8-2, city7-2, city6-2, city5-2, city4-2, city3-2, city2-2, city1-2.",direct,true,covered,The item is explicitly enumerated in the original description.
init,(LOCATION CITY23-2),"The locations are city23-1, city22-1, city21-1, city20-1, city19-1, city18-1, city17-1, city16-1, city15-1, city14-1, city13-1, city12-1, city11-1, city10-1, city9-1, city8-1, city7-1, city6-1, city5-1, city4-1, city3-1, city2-1, city1-1, city23-2, city22-2, city21-2, city20-2, city19-2, city18-2, city17-2, city16-2, city15-2, city14-2, city13-2, city12-2, city11-2, city10-2, city9-2, city8-2, city7-2, city6-2, city5-2, city4-2, city3-2, city2-2, city1-2.",direct,true,covered,The item is explicitly enumerated in the original description.
init,(AIRPORT CITY22-2),"The airport locations are city23-2, city22-2, city21-2, city20-2, city19-2, city18-2, city17-2, city16-2, city15-2, city14-2, city13-2, city12-2, city11-2, city10-2, city9-2, city8-2, city7-2, city6-2, city5-2, city4-2, city3-2, city2-2, city1-2.",direct,true,covered,The item is explicitly enumerated in the original description.
init,(LOCATION CITY22-2),"The locations are city23-1, city22-1, city21-1, city20-1, city19-1, city18-1, city17-1, city16-1, city15-1, city14-1, city13-1, city12-1, city11-1, city10-1, city9-1, city8-1, city7-1, city6-1, city5-1, city4-1, city3-1, city2-1, city1-1, city23-2, city22-2, city21-2, city20-2, city19-2, city18-2, city17-2, city16-2, city15-2, city14-2, city13-2, city12-2, city11-2, city10-2, city9-2, city8-2, city7-2, city6-2, city5-2, city4-2, city3-2, city2-2, city1-2.",direct,true,covered,The item is explicitly enumerated in the original description.
init,(AIRPORT CITY21-2),"The airport locations are city23-2, city22-2, city21-2, city20-2, city19-2, city18-2, city17-2, city16-2, city15-2, city14-2, city13-2, city12-2, city11-2, city10-2, city9-2, city8-2, city7-2, city6-2, city5-2, city4-2, city3-2, city2-2, city1-2.",direct,true,covered,The item is explicitly enumerated in the original description.
init,(LOCATION CITY21-2),"The locations are city23-1, city22-1, city21-1, city20-1, city19-1, city18-1, city17-1, city16-1, city15-1, city14-1, city13-1, city12-1, city11-1, city10-1, city9-1, city8-1, city7-1, city6-1, city5-1, city4-1, city3-1, city2-1, city1-1, city23-2, city22-2, city21-2, city20-2, city19-2, city18-2, city17-2, city16-2, city15-2, city14-2, city13-2, city12-2, city11-2, city10-2, city9-2, city8-2, city7-2, city6-2, city5-2, city4-2, city3-2, city2-2, city1-2.",direct,true,covered,The item is explicitly enumerated in the original description.
init,(AIRPORT CITY20-2),"The airport locations are city23-2, city22-2, city21-2, city20-2, city19-2, city18-2, city17-2, city16-2, city15-2, city14-2, city13-2, city12-2, city11-2, city10-2, city9-2, city8-2, city7-2, city6-2, city5-2, city4-2, city3-2, city2-2, city1-2.",direct,true,covered,The item is explicitly enumerated in the original description.
init,(LOCATION CITY20-2),"The locations are city23-1, city22-1, city21-1, city20-1, city19-1, city18-1, city17-1, city16-1, city15-1, city14-1, city13-1, city12-1, city11-1, city10-1, city9-1, city8-1, city7-1, city6-1, city5-1, city4-1, city3-1, city2-1, city1-1, city23-2, city22-2, city21-2, city20-2, city19-2, city18-2, city17-2, city16-2, city15-2, city14-2, city13-2, city12-2, city11-2, city10-2, city9-2, city8-2, city7-2, city6-2, city5-2, city4-2, city3-2, city2-2, city1-2.",direct,true,covered,The item is explicitly enumerated in the original description.
init,(AIRPORT CITY19-2),"The airport locations are city23-2, city22-2, city21-2, city20-2, city19-2, city18-2, city17-2, city16-2, city15-2, city14-2, city13-2, city12-2, city11-2, city10-2, city9-2, city8-2, city7-2, city6-2, city5-2, city4-2, city3-2, city2-2, city1-2.",direct,true,covered,The item is explicitly enumerated in the original description.
init,(LOCATION CITY19-2),"The locations are city23-1, city22-1, city21-1, city20-1, city19-1, city18-1, city17-1, city16-1, city15-1, city14-1, city13-1, city12-1, city11-1, city10-1, city9-1, city8-1, city7-1, city6-1, city5-1, city4-1, city3-1, city2-1, city1-1, city23-2, city22-2, city21-2, city20-2, city19-2, city18-2, city17-2, city16-2, city15-2, city14-2, city13-2, city12-2, city11-2, city10-2, city9-2, city8-2, city7-2, city6-2, city5-2, city4-2, city3-2, city2-2, city1-2.",direct,true,covered,The item is explicitly enumerated in the original description.
init,(AIRPORT CITY18-2),"The airport locations are city23-2, city22-2, city21-2, city20-2, city19-2, city18-2, city17-2, city16-2, city15-2, city14-2, city13-2, city12-2, city11-2, city10-2, city9-2, city8-2, city7-2, city6-2, city5-2, city4-2, city3-2, city2-2, city1-2.",direct,true,covered,The item is explicitly enumerated in the original description.
init,(LOCATION CITY18-2),"The locations are city23-1, city22-1, city21-1, city20-1, city19-1, city18-1, city17-1, city16-1, city15-1, city14-1, city13-1, city12-1, city11-1, city10-1, city9-1, city8-1, city7-1, city6-1, city5-1, city4-1, city3-1, city2-1, city1-1, city23-2, city22-2, city21-2, city20-2, city19-2, city18-2, city17-2, city16-2, city15-2, city14-2, city13-2, city12-2, city11-2, city10-2, city9-2, city8-2, city7-2, city6-2, city5-2, city4-2, city3-2, city2-2, city1-2.",direct,true,covered,The item is explicitly enumerated in the original description.
init,(AIRPORT CITY17-2),"The airport locations are city23-2, city22-2, city21-2, city20-2, city19-2, city18-2, city17-2, city16-2, city15-2, city14-2, city13-2, city12-2, city11-2, city10-2, city9-2, city8-2, city7-2, city6-2, city5-2, city4-2, city3-2, city2-2, city1-2.",direct,true,covered,The item is explicitly enumerated in the original description.
init,(LOCATION CITY17-2),"The locations are city23-1, city22-1, city21-1, city20-1, city19-1, city18-1, city17-1, city16-1, city15-1, city14-1, city13-1, city12-1, city11-1, city10-1, city9-1, city8-1, city7-1, city6-1, city5-1, city4-1, city3-1, city2-1, city1-1, city23-2, city22-2, city21-2, city20-2, city19-2, city18-2, city17-2, city16-2, city15-2, city14-2, city13-2, city12-2, city11-2, city10-2, city9-2, city8-2, city7-2, city6-2, city5-2, city4-2, city3-2, city2-2, city1-2.",direct,true,covered,The item is explicitly enumerated in the original description.
init,(AIRPORT CITY16-2),"The airport locations are city23-2, city22-2, city21-2, city20-2, city19-2, city18-2, city17-2, city16-2, city15-2, city14-2, city13-2, city12-2, city11-2, city10-2, city9-2, city8-2, city7-2, city6-2, city5-2, city4-2, city3-2, city2-2, city1-2.",direct,true,covered,The item is explicitly enumerated in the original description.
init,(LOCATION CITY16-2),"The locations are city23-1, city22-1, city21-1, city20-1, city19-1, city18-1, city17-1, city16-1, city15-1, city14-1, city13-1, city12-1, city11-1, city10-1, city9-1, city8-1, city7-1, city6-1, city5-1, city4-1, city3-1, city2-1, city1-1, city23-2, city22-2, city21-2, city20-2, city19-2, city18-2, city17-2, city16-2, city15-2, city14-2, city13-2, city12-2, city11-2, city10-2, city9-2, city8-2, city7-2, city6-2, city5-2, city4-2, city3-2, city2-2, city1-2.",direct,true,covered,The item is explicitly enumerated in the original description.
init,(AIRPORT CITY15-2),"The airport locations are city23-2, city22-2, city21-2, city20-2, city19-2, city18-2, city17-2, city16-2, city15-2, city14-2, city13-2, city12-2, city11-2, city10-2, city9-2, city8-2, city7-2, city6-2, city5-2, city4-2, city3-2, city2-2, city1-2.",direct,true,covered,The item is explicitly enumerated in the original description.
init,(LOCATION CITY15-2),"The locations are city23-1, city22-1, city21-1, city20-1, city19-1, city18-1, city17-1, city16-1, city15-1, city14-1, city13-1, city12-1, city11-1, city10-1, city9-1, city8-1, city7-1, city6-1, city5-1, city4-1, city3-1, city2-1, city1-1, city23-2, city22-2, city21-2, city20-2, city19-2, city18-2, city17-2, city16-2, city15-2, city14-2, city13-2, city12-2, city11-2, city10-2, city9-2, city8-2, city7-2, city6-2, city5-2, city4-2, city3-2, city2-2, city1-2.",direct,true,covered,The item is explicitly enumerated in the original description.
init,(AIRPORT CITY14-2),"The airport locations are city23-2, city22-2, city21-2, city20-2, city19-2, city18-2, city17-2, city16-2, city15-2, city14-2, city13-2, city12-2, city11-2, city10-2, city9-2, city8-2, city7-2, city6-2, city5-2, city4-2, city3-2, city2-2, city1-2.",direct,true,covered,The item is explicitly enumerated in the original description.
init,(LOCATION CITY14-2),"The locations are city23-1, city22-1, city21-1, city20-1, city19-1, city18-1, city17-1, city16-1, city15-1, city14-1, city13-1, city12-1, city11-1, city10-1, city9-1, city8-1, city7-1, city6-1, city5-1, city4-1, city3-1, city2-1, city1-1, city23-2, city22-2, city21-2, city20-2, city19-2, city18-2, city17-2, city16-2, city15-2, city14-2, city13-2, city12-2, city11-2, city10-2, city9-2, city8-2, city7-2, city6-2, city5-2, city4-2, city3-2, city2-2, city1-2.",direct,true,covered,The item is explicitly enumerated in the original description.
init,(AIRPORT CITY13-2),"The airport locations are city23-2, city22-2, city21-2, city20-2, city19-2, city18-2, city17-2, city16-2, city15-2, city14-2, city13-2, city12-2, city11-2, city10-2, city9-2, city8-2, city7-2, city6-2, city5-2, city4-2, city3-2, city2-2, city1-2.",direct,true,covered,The item is explicitly enumerated in the original description.
init,(LOCATION CITY13-2),"The locations are city23-1, city22-1, city21-1, city20-1, city19-1, city18-1, city17-1, city16-1, city15-1, city14-1, city13-1, city12-1, city11-1, city10-1, city9-1, city8-1, city7-1, city6-1, city5-1, city4-1, city3-1, city2-1, city1-1, city23-2, city22-2, city21-2, city20-2, city19-2, city18-2, city17-2, city16-2, city15-2, city14-2, city13-2, city12-2, city11-2, city10-2, city9-2, city8-2, city7-2, city6-2, city5-2, city4-2, city3-2, city2-2, city1-2.",direct,true,covered,The item is explicitly enumerated in the original description.
init,(AIRPORT CITY12-2),"The airport locations are city23-2, city22-2, city21-2, city20-2, city19-2, city18-2, city17-2, city16-2, city15-2, city14-2, city13-2, city12-2, city11-2, city10-2, city9-2, city8-2, city7-2, city6-2, city5-2, city4-2, city3-2, city2-2, city1-2.",direct,true,covered,The item is explicitly enumerated in the original description.
init,(LOCATION CITY12-2),"The locations are city23-1, city22-1, city21-1, city20-1, city19-1, city18-1, city17-1, city16-1, city15-1, city14-1, city13-1, city12-1, city11-1, city10-1, city9-1, city8-1, city7-1, city6-1, city5-1, city4-1, city3-1, city2-1, city1-1, city23-2, city22-2, city21-2, city20-2, city19-2, city18-2, city17-2, city16-2, city15-2, city14-2, city13-2, city12-2, city11-2, city10-2, city9-2, city8-2, city7-2, city6-2, city5-2, city4-2, city3-2, city2-2, city1-2.",direct,true,covered,The item is explicitly enumerated in the original description.
init,(AIRPORT CITY11-2),"The airport locations are city23-2, city22-2, city21-2, city20-2, city19-2, city18-2, city17-2, city16-2, city15-2, city14-2, city13-2, city12-2, city11-2, city10-2, city9-2, city8-2, city7-2, city6-2, city5-2, city4-2, city3-2, city2-2, city1-2.",direct,true,covered,The item is explicitly enumerated in the original description.
init,(LOCATION CITY11-2),"The locations are city23-1, city22-1, city21-1, city20-1, city19-1, city18-1, city17-1, city16-1, city15-1, city14-1, city13-1, city12-1, city11-1, city10-1, city9-1, city8-1, city7-1, city6-1, city5-1, city4-1, city3-1, city2-1, city1-1, city23-2, city22-2, city21-2, city20-2, city19-2, city18-2, city17-2, city16-2, city15-2, city14-2, city13-2, city12-2, city11-2, city10-2, city9-2, city8-2, city7-2, city6-2, city5-2, city4-2, city3-2, city2-2, city1-2.",direct,true,covered,The item is explicitly enumerated in the original description.
init,(AIRPORT CITY10-2),"The airport locations are city23-2, city22-2, city21-2, city20-2, city19-2, city18-2, city17-2, city16-2, city15-2, city14-2, city13-2, city12-2, city11-2, city10-2, city9-2, city8-2, city7-2, city6-2, city5-2, city4-2, city3-2, city2-2, city1-2.",direct,true,covered,The item is explicitly enumerated in the original description.
init,(LOCATION CITY10-2),"The locations are city23-1, city22-1, city21-1, city20-1, city19-1, city18-1, city17-1, city16-1, city15-1, city14-1, city13-1, city12-1, city11-1, city10-1, city9-1, city8-1, city7-1, city6-1, city5-1, city4-1, city3-1, city2-1, city1-1, city23-2, city22-2, city21-2, city20-2, city19-2, city18-2, city17-2, city16-2, city15-2, city14-2, city13-2, city12-2, city11-2, city10-2, city9-2, city8-2, city7-2, city6-2, city5-2, city4-2, city3-2, city2-2, city1-2.",direct,true,covered,The item is explicitly enumerated in the original description.
init,(AIRPORT CITY9-2),"The airport locations are city23-2, city22-2, city21-2, city20-2, city19-2, city18-2, city17-2, city16-2, city15-2, city14-2, city13-2, city12-2, city11-2, city10-2, city9-2, city8-2, city7-2, city6-2, city5-2, city4-2, city3-2, city2-2, city1-2.",direct,true,covered,The item is explicitly enumerated in the original description.
init,(LOCATION CITY9-2),"The locations are city23-1, city22-1, city21-1, city20-1, city19-1, city18-1, city17-1, city16-1, city15-1, city14-1, city13-1, city12-1, city11-1, city10-1, city9-1, city8-1, city7-1, city6-1, city5-1, city4-1, city3-1, city2-1, city1-1, city23-2, city22-2, city21-2, city20-2, city19-2, city18-2, city17-2, city16-2, city15-2, city14-2, city13-2, city12-2, city11-2, city10-2, city9-2, city8-2, city7-2, city6-2, city5-2, city4-2, city3-2, city2-2, city1-2.",direct,true,covered,The item is explicitly enumerated in the original description.
init,(AIRPORT CITY8-2),"The airport locations are city23-2, city22-2, city21-2, city20-2, city19-2, city18-2, city17-2, city16-2, city15-2, city14-2, city13-2, city12-2, city11-2, city10-2, city9-2, city8-2, city7-2, city6-2, city5-2, city4-2, city3-2, city2-2, city1-2.",direct,true,covered,The item is explicitly enumerated in the original description.
init,(LOCATION CITY8-2),"The locations are city23-1, city22-1, city21-1, city20-1, city19-1, city18-1, city17-1, city16-1, city15-1, city14-1, city13-1, city12-1, city11-1, city10-1, city9-1, city8-1, city7-1, city6-1, city5-1, city4-1, city3-1, city2-1, city1-1, city23-2, city22-2, city21-2, city20-2, city19-2, city18-2, city17-2, city16-2, city15-2, city14-2, city13-2, city12-2, city11-2, city10-2, city9-2, city8-2, city7-2, city6-2, city5-2, city4-2, city3-2, city2-2, city1-2.",direct,true,covered,The item is explicitly enumerated in the original description.
init,(AIRPORT CITY7-2),"The airport locations are city23-2, city22-2, city21-2, city20-2, city19-2, city18-2, city17-2, city16-2, city15-2, city14-2, city13-2, city12-2, city11-2, city10-2, city9-2, city8-2, city7-2, city6-2, city5-2, city4-2, city3-2, city2-2, city1-2.",direct,true,covered,The item is explicitly enumerated in the original description.
init,(LOCATION CITY7-2),"The locations are city23-1, city22-1, city21-1, city20-1, city19-1, city18-1, city17-1, city16-1, city15-1, city14-1, city13-1, city12-1, city11-1, city10-1, city9-1, city8-1, city7-1, city6-1, city5-1, city4-1, city3-1, city2-1, city1-1, city23-2, city22-2, city21-2, city20-2, city19-2, city18-2, city17-2, city16-2, city15-2, city14-2, city13-2, city12-2, city11-2, city10-2, city9-2, city8-2, city7-2, city6-2, city5-2, city4-2, city3-2, city2-2, city1-2.",direct,true,covered,The item is explicitly enumerated in the original description.
init,(AIRPORT CITY6-2),"The airport locations are city23-2, city22-2, city21-2, city20-2, city19-2, city18-2, city17-2, city16-2, city15-2, city14-2, city13-2, city12-2, city11-2, city10-2, city9-2, city8-2, city7-2, city6-2, city5-2, city4-2, city3-2, city2-2, city1-2.",direct,true,covered,The item is explicitly enumerated in the original description.
init,(LOCATION CITY6-2),"The locations are city23-1, city22-1, city21-1, city20-1, city19-1, city18-1, city17-1, city16-1, city15-1, city14-1, city13-1, city12-1, city11-1, city10-1, city9-1, city8-1, city7-1, city6-1, city5-1, city4-1, city3-1, city2-1, city1-1, city23-2, city22-2, city21-2, city20-2, city19-2, city18-2, city17-2, city16-2, city15-2, city14-2, city13-2, city12-2, city11-2, city10-2, city9-2, city8-2, city7-2, city6-2, city5-2, city4-2, city3-2, city2-2, city1-2.",direct,true,covered,The item is explicitly enumerated in the original description.
init,(AIRPORT CITY5-2),"The airport locations are city23-2, city22-2, city21-2, city20-2, city19-2, city18-2, city17-2, city16-2, city15-2, city14-2, city13-2, city12-2, city11-2, city10-2, city9-2, city8-2, city7-2, city6-2, city5-2, city4-2, city3-2, city2-2, city1-2.",direct,true,covered,The item is explicitly enumerated in the original description.
init,(LOCATION CITY5-2),"The locations are city23-1, city22-1, city21-1, city20-1, city19-1, city18-1, city17-1, city16-1, city15-1, city14-1, city13-1, city12-1, city11-1, city10-1, city9-1, city8-1, city7-1, city6-1, city5-1, city4-1, city3-1, city2-1, city1-1, city23-2, city22-2, city21-2, city20-2, city19-2, city18-2, city17-2, city16-2, city15-2, city14-2, city13-2, city12-2, city11-2, city10-2, city9-2, city8-2, city7-2, city6-2, city5-2, city4-2, city3-2, city2-2, city1-2.",direct,true,covered,The item is explicitly enumerated in the original description.
init,(AIRPORT CITY4-2),"The airport locations are city23-2, city22-2, city21-2, city20-2, city19-2, city18-2, city17-2, city16-2, city15-2, city14-2, city13-2, city12-2, city11-2, city10-2, city9-2, city8-2, city7-2, city6-2, city5-2, city4-2, city3-2, city2-2, city1-2.",direct,true,covered,The item is explicitly enumerated in the original description.
init,(LOCATION CITY4-2),"The locations are city23-1, city22-1, city21-1, city20-1, city19-1, city18-1, city17-1, city16-1, city15-1, city14-1, city13-1, city12-1, city11-1, city10-1, city9-1, city8-1, city7-1, city6-1, city5-1, city4-1, city3-1, city2-1, city1-1, city23-2, city22-2, city21-2, city20-2, city19-2, city18-2, city17-2, city16-2, city15-2, city14-2, city13-2, city12-2, city11-2, city10-2, city9-2, city8-2, city7-2, city6-2, city5-2, city4-2, city3-2, city2-2, city1-2.",direct,true,covered,The item is explicitly enumerated in the original description.
init,(AIRPORT CITY3-2),"The airport locations are city23-2, city22-2, city21-2, city20-2, city19-2, city18-2, city17-2, city16-2, city15-2, city14-2, city13-2, city12-2, city11-2, city10-2, city9-2, city8-2, city7-2, city6-2, city5-2, city4-2, city3-2, city2-2, city1-2.",direct,true,covered,The item is explicitly enumerated in the original description.
init,(LOCATION CITY3-2),"The locations are city23-1, city22-1, city21-1, city20-1, city19-1, city18-1, city17-1, city16-1, city15-1, city14-1, city13-1, city12-1, city11-1, city10-1, city9-1, city8-1, city7-1, city6-1, city5-1, city4-1, city3-1, city2-1, city1-1, city23-2, city22-2, city21-2, city20-2, city19-2, city18-2, city17-2, city16-2, city15-2, city14-2, city13-2, city12-2, city11-2, city10-2, city9-2, city8-2, city7-2, city6-2, city5-2, city4-2, city3-2, city2-2, city1-2.",direct,true,covered,The item is explicitly enumerated in the original description.
init,(AIRPORT CITY2-2),"The airport locations are city23-2, city22-2, city21-2, city20-2, city19-2, city18-2, city17-2, city16-2, city15-2, city14-2, city13-2, city12-2, city11-2, city10-2, city9-2, city8-2, city7-2, city6-2, city5-2, city4-2, city3-2, city2-2, city1-2.",direct,true,covered,The item is explicitly enumerated in the original description.
init,(LOCATION CITY2-2),"The locations are city23-1, city22-1, city21-1, city20-1, city19-1, city18-1, city17-1, city16-1, city15-1, city14-1, city13-1, city12-1, city11-1, city10-1, city9-1, city8-1, city7-1, city6-1, city5-1, city4-1, city3-1, city2-1, city1-1, city23-2, city22-2, city21-2, city20-2, city19-2, city18-2, city17-2, city16-2, city15-2, city14-2, city13-2, city12-2, city11-2, city10-2, city9-2, city8-2, city7-2, city6-2, city5-2, city4-2, city3-2, city2-2, city1-2.",direct,true,covered,The item is explicitly enumerated in the original description.
init,(AIRPORT CITY1-2),"The airport locations are city23-2, city22-2, city21-2, city20-2, city19-2, city18-2, city17-2, city16-2, city15-2, city14-2, city13-2, city12-2, city11-2, city10-2, city9-2, city8-2, city7-2, city6-2, city5-2, city4-2, city3-2, city2-2, city1-2.",direct,true,covered,The item is explicitly enumerated in the original description.
init,(LOCATION CITY1-2),"The locations are city23-1, city22-1, city21-1, city20-1, city19-1, city18-1, city17-1, city16-1, city15-1, city14-1, city13-1, city12-1, city11-1, city10-1, city9-1, city8-1, city7-1, city6-1, city5-1, city4-1, city3-1, city2-1, city1-1, city23-2, city22-2, city21-2, city20-2, city19-2, city18-2, city17-2, city16-2, city15-2, city14-2, city13-2, city12-2, city11-2, city10-2, city9-2, city8-2, city7-2, city6-2, city5-2, city4-2, city3-2, city2-2, city1-2.",direct,true,covered,The item is explicitly enumerated in the original description.
init,(IN-CITY CITY23-2 CITY23),The location-to-city relationships are: city23-2 is in city23; city23-1 is in city23; city22-2 is in city22; city22-1 is in city22; city21-2 is in city21; city21-1 is in city21; city20-2 is in city20; city20-1 is in city20; city19-2 is in city19; city19-1 is in city19; city18-2 is in city18; city18-1 is in city18; city17-2 is in city17; city17-1 is in city17; city16-2 is in city16; city16-1 is in city16; city15-2 is in city15; city15-1 is in city15; city14-2 is in city14; city14-1 is in city14; city13-2 is in city13; city13-1 is in city13; city12-2 is in city12; city12-1 is in city12; city11-2 is in city11; city11-1 is in city11; city10-2 is in city10; city10-1 is in city10; city9-2 is in city9; city9-1 is in city9; city8-2 is in city8; city8-1 is in city8; city7-2 is in city7; city7-1 is in city7; city6-2 is in city6; city6-1 is in city6; city5-2 is in city5; city5-1 is in city5; city4-2 is in city4; city4-1 is in city4; city3-2 is in city3; city3-1 is in city3; city2-2 is in city2; city2-1 is in city2; city1-2 is in city1; city1-1 is in city1.,direct,true,covered,The item is explicitly enumerated in the original description.
init,(IN-CITY CITY23-1 CITY23),The location-to-city relationships are: city23-2 is in city23; city23-1 is in city23; city22-2 is in city22; city22-1 is in city22; city21-2 is in city21; city21-1 is in city21; city20-2 is in city20; city20-1 is in city20; city19-2 is in city19; city19-1 is in city19; city18-2 is in city18; city18-1 is in city18; city17-2 is in city17; city17-1 is in city17; city16-2 is in city16; city16-1 is in city16; city15-2 is in city15; city15-1 is in city15; city14-2 is in city14; city14-1 is in city14; city13-2 is in city13; city13-1 is in city13; city12-2 is in city12; city12-1 is in city12; city11-2 is in city11; city11-1 is in city11; city10-2 is in city10; city10-1 is in city10; city9-2 is in city9; city9-1 is in city9; city8-2 is in city8; city8-1 is in city8; city7-2 is in city7; city7-1 is in city7; city6-2 is in city6; city6-1 is in city6; city5-2 is in city5; city5-1 is in city5; city4-2 is in city4; city4-1 is in city4; city3-2 is in city3; city3-1 is in city3; city2-2 is in city2; city2-1 is in city2; city1-2 is in city1; city1-1 is in city1.,direct,true,covered,The item is explicitly enumerated in the original description.
init,(IN-CITY CITY22-2 CITY22),The location-to-city relationships are: city23-2 is in city23; city23-1 is in city23; city22-2 is in city22; city22-1 is in city22; city21-2 is in city21; city21-1 is in city21; city20-2 is in city20; city20-1 is in city20; city19-2 is in city19; city19-1 is in city19; city18-2 is in city18; city18-1 is in city18; city17-2 is in city17; city17-1 is in city17; city16-2 is in city16; city16-1 is in city16; city15-2 is in city15; city15-1 is in city15; city14-2 is in city14; city14-1 is in city14; city13-2 is in city13; city13-1 is in city13; city12-2 is in city12; city12-1 is in city12; city11-2 is in city11; city11-1 is in city11; city10-2 is in city10; city10-1 is in city10; city9-2 is in city9; city9-1 is in city9; city8-2 is in city8; city8-1 is in city8; city7-2 is in city7; city7-1 is in city7; city6-2 is in city6; city6-1 is in city6; city5-2 is in city5; city5-1 is in city5; city4-2 is in city4; city4-1 is in city4; city3-2 is in city3; city3-1 is in city3; city2-2 is in city2; city2-1 is in city2; city1-2 is in city1; city1-1 is in city1.,direct,true,covered,The item is explicitly enumerated in the original description.
init,(IN-CITY CITY22-1 CITY22),The location-to-city relationships are: city23-2 is in city23; city23-1 is in city23; city22-2 is in city22; city22-1 is in city22; city21-2 is in city21; city21-1 is in city21; city20-2 is in city20; city20-1 is in city20; city19-2 is in city19; city19-1 is in city19; city18-2 is in city18; city18-1 is in city18; city17-2 is in city17; city17-1 is in city17; city16-2 is in city16; city16-1 is in city16; city15-2 is in city15; city15-1 is in city15; city14-2 is in city14; city14-1 is in city14; city13-2 is in city13; city13-1 is in city13; city12-2 is in city12; city12-1 is in city12; city11-2 is in city11; city11-1 is in city11; city10-2 is in city10; city10-1 is in city10; city9-2 is in city9; city9-1 is in city9; city8-2 is in city8; city8-1 is in city8; city7-2 is in city7; city7-1 is in city7; city6-2 is in city6; city6-1 is in city6; city5-2 is in city5; city5-1 is in city5; city4-2 is in city4; city4-1 is in city4; city3-2 is in city3; city3-1 is in city3; city2-2 is in city2; city2-1 is in city2; city1-2 is in city1; city1-1 is in city1.,direct,true,covered,The item is explicitly enumerated in the original description.
init,(IN-CITY CITY21-2 CITY21),The location-to-city relationships are: city23-2 is in city23; city23-1 is in city23; city22-2 is in city22; city22-1 is in city22; city21-2 is in city21; city21-1 is in city21; city20-2 is in city20; city20-1 is in city20; city19-2 is in city19; city19-1 is in city19; city18-2 is in city18; city18-1 is in city18; city17-2 is in city17; city17-1 is in city17; city16-2 is in city16; city16-1 is in city16; city15-2 is in city15; city15-1 is in city15; city14-2 is in city14; city14-1 is in city14; city13-2 is in city13; city13-1 is in city13; city12-2 is in city12; city12-1 is in city12; city11-2 is in city11; city11-1 is in city11; city10-2 is in city10; city10-1 is in city10; city9-2 is in city9; city9-1 is in city9; city8-2 is in city8; city8-1 is in city8; city7-2 is in city7; city7-1 is in city7; city6-2 is in city6; city6-1 is in city6; city5-2 is in city5; city5-1 is in city5; city4-2 is in city4; city4-1 is in city4; city3-2 is in city3; city3-1 is in city3; city2-2 is in city2; city2-1 is in city2; city1-2 is in city1; city1-1 is in city1.,direct,true,covered,The item is explicitly enumerated in the original description.
init,(IN-CITY CITY21-1 CITY21),The location-to-city relationships are: city23-2 is in city23; city23-1 is in city23; city22-2 is in city22; city22-1 is in city22; city21-2 is in city21; city21-1 is in city21; city20-2 is in city20; city20-1 is in city20; city19-2 is in city19; city19-1 is in city19; city18-2 is in city18; city18-1 is in city18; city17-2 is in city17; city17-1 is in city17; city16-2 is in city16; city16-1 is in city16; city15-2 is in city15; city15-1 is in city15; city14-2 is in city14; city14-1 is in city14; city13-2 is in city13; city13-1 is in city13; city12-2 is in city12; city12-1 is in city12; city11-2 is in city11; city11-1 is in city11; city10-2 is in city10; city10-1 is in city10; city9-2 is in city9; city9-1 is in city9; city8-2 is in city8; city8-1 is in city8; city7-2 is in city7; city7-1 is in city7; city6-2 is in city6; city6-1 is in city6; city5-2 is in city5; city5-1 is in city5; city4-2 is in city4; city4-1 is in city4; city3-2 is in city3; city3-1 is in city3; city2-2 is in city2; city2-1 is in city2; city1-2 is in city1; city1-1 is in city1.,direct,true,covered,The item is explicitly enumerated in the original description.
init,(IN-CITY CITY20-2 CITY20),The location-to-city relationships are: city23-2 is in city23; city23-1 is in city23; city22-2 is in city22; city22-1 is in city22; city21-2 is in city21; city21-1 is in city21; city20-2 is in city20; city20-1 is in city20; city19-2 is in city19; city19-1 is in city19; city18-2 is in city18; city18-1 is in city18; city17-2 is in city17; city17-1 is in city17; city16-2 is in city16; city16-1 is in city16; city15-2 is in city15; city15-1 is in city15; city14-2 is in city14; city14-1 is in city14; city13-2 is in city13; city13-1 is in city13; city12-2 is in city12; city12-1 is in city12; city11-2 is in city11; city11-1 is in city11; city10-2 is in city10; city10-1 is in city10; city9-2 is in city9; city9-1 is in city9; city8-2 is in city8; city8-1 is in city8; city7-2 is in city7; city7-1 is in city7; city6-2 is in city6; city6-1 is in city6; city5-2 is in city5; city5-1 is in city5; city4-2 is in city4; city4-1 is in city4; city3-2 is in city3; city3-1 is in city3; city2-2 is in city2; city2-1 is in city2; city1-2 is in city1; city1-1 is in city1.,direct,true,covered,The item is explicitly enumerated in the original description.
init,(IN-CITY CITY20-1 CITY20),The location-to-city relationships are: city23-2 is in city23; city23-1 is in city23; city22-2 is in city22; city22-1 is in city22; city21-2 is in city21; city21-1 is in city21; city20-2 is in city20; city20-1 is in city20; city19-2 is in city19; city19-1 is in city19; city18-2 is in city18; city18-1 is in city18; city17-2 is in city17; city17-1 is in city17; city16-2 is in city16; city16-1 is in city16; city15-2 is in city15; city15-1 is in city15; city14-2 is in city14; city14-1 is in city14; city13-2 is in city13; city13-1 is in city13; city12-2 is in city12; city12-1 is in city12; city11-2 is in city11; city11-1 is in city11; city10-2 is in city10; city10-1 is in city10; city9-2 is in city9; city9-1 is in city9; city8-2 is in city8; city8-1 is in city8; city7-2 is in city7; city7-1 is in city7; city6-2 is in city6; city6-1 is in city6; city5-2 is in city5; city5-1 is in city5; city4-2 is in city4; city4-1 is in city4; city3-2 is in city3; city3-1 is in city3; city2-2 is in city2; city2-1 is in city2; city1-2 is in city1; city1-1 is in city1.,direct,true,covered,The item is explicitly enumerated in the original description.
init,(IN-CITY CITY19-2 CITY19),The location-to-city relationships are: city23-2 is in city23; city23-1 is in city23; city22-2 is in city22; city22-1 is in city22; city21-2 is in city21; city21-1 is in city21; city20-2 is in city20; city20-1 is in city20; city19-2 is in city19; city19-1 is in city19; city18-2 is in city18; city18-1 is in city18; city17-2 is in city17; city17-1 is in city17; city16-2 is in city16; city16-1 is in city16; city15-2 is in city15; city15-1 is in city15; city14-2 is in city14; city14-1 is in city14; city13-2 is in city13; city13-1 is in city13; city12-2 is in city12; city12-1 is in city12; city11-2 is in city11; city11-1 is in city11; city10-2 is in city10; city10-1 is in city10; city9-2 is in city9; city9-1 is in city9; city8-2 is in city8; city8-1 is in city8; city7-2 is in city7; city7-1 is in city7; city6-2 is in city6; city6-1 is in city6; city5-2 is in city5; city5-1 is in city5; city4-2 is in city4; city4-1 is in city4; city3-2 is in city3; city3-1 is in city3; city2-2 is in city2; city2-1 is in city2; city1-2 is in city1; city1-1 is in city1.,direct,true,covered,The item is explicitly enumerated in the original description.
init,(IN-CITY CITY19-1 CITY19),The location-to-city relationships are: city23-2 is in city23; city23-1 is in city23; city22-2 is in city22; city22-1 is in city22; city21-2 is in city21; city21-1 is in city21; city20-2 is in city20; city20-1 is in city20; city19-2 is in city19; city19-1 is in city19; city18-2 is in city18; city18-1 is in city18; city17-2 is in city17; city17-1 is in city17; city16-2 is in city16; city16-1 is in city16; city15-2 is in city15; city15-1 is in city15; city14-2 is in city14; city14-1 is in city14; city13-2 is in city13; city13-1 is in city13; city12-2 is in city12; city12-1 is in city12; city11-2 is in city11; city11-1 is in city11; city10-2 is in city10; city10-1 is in city10; city9-2 is in city9; city9-1 is in city9; city8-2 is in city8; city8-1 is in city8; city7-2 is in city7; city7-1 is in city7; city6-2 is in city6; city6-1 is in city6; city5-2 is in city5; city5-1 is in city5; city4-2 is in city4; city4-1 is in city4; city3-2 is in city3; city3-1 is in city3; city2-2 is in city2; city2-1 is in city2; city1-2 is in city1; city1-1 is in city1.,direct,true,covered,The item is explicitly enumerated in the original description.
init,(IN-CITY CITY18-2 CITY18),The location-to-city relationships are: city23-2 is in city23; city23-1 is in city23; city22-2 is in city22; city22-1 is in city22; city21-2 is in city21; city21-1 is in city21; city20-2 is in city20; city20-1 is in city20; city19-2 is in city19; city19-1 is in city19; city18-2 is in city18; city18-1 is in city18; city17-2 is in city17; city17-1 is in city17; city16-2 is in city16; city16-1 is in city16; city15-2 is in city15; city15-1 is in city15; city14-2 is in city14; city14-1 is in city14; city13-2 is in city13; city13-1 is in city13; city12-2 is in city12; city12-1 is in city12; city11-2 is in city11; city11-1 is in city11; city10-2 is in city10; city10-1 is in city10; city9-2 is in city9; city9-1 is in city9; city8-2 is in city8; city8-1 is in city8; city7-2 is in city7; city7-1 is in city7; city6-2 is in city6; city6-1 is in city6; city5-2 is in city5; city5-1 is in city5; city4-2 is in city4; city4-1 is in city4; city3-2 is in city3; city3-1 is in city3; city2-2 is in city2; city2-1 is in city2; city1-2 is in city1; city1-1 is in city1.,direct,true,covered,The item is explicitly enumerated in the original description.
init,(IN-CITY CITY18-1 CITY18),The location-to-city relationships are: city23-2 is in city23; city23-1 is in city23; city22-2 is in city22; city22-1 is in city22; city21-2 is in city21; city21-1 is in city21; city20-2 is in city20; city20-1 is in city20; city19-2 is in city19; city19-1 is in city19; city18-2 is in city18; city18-1 is in city18; city17-2 is in city17; city17-1 is in city17; city16-2 is in city16; city16-1 is in city16; city15-2 is in city15; city15-1 is in city15; city14-2 is in city14; city14-1 is in city14; city13-2 is in city13; city13-1 is in city13; city12-2 is in city12; city12-1 is in city12; city11-2 is in city11; city11-1 is in city11; city10-2 is in city10; city10-1 is in city10; city9-2 is in city9; city9-1 is in city9; city8-2 is in city8; city8-1 is in city8; city7-2 is in city7; city7-1 is in city7; city6-2 is in city6; city6-1 is in city6; city5-2 is in city5; city5-1 is in city5; city4-2 is in city4; city4-1 is in city4; city3-2 is in city3; city3-1 is in city3; city2-2 is in city2; city2-1 is in city2; city1-2 is in city1; city1-1 is in city1.,direct,true,covered,The item is explicitly enumerated in the original description.
init,(IN-CITY CITY17-2 CITY17),The location-to-city relationships are: city23-2 is in city23; city23-1 is in city23; city22-2 is in city22; city22-1 is in city22; city21-2 is in city21; city21-1 is in city21; city20-2 is in city20; city20-1 is in city20; city19-2 is in city19; city19-1 is in city19; city18-2 is in city18; city18-1 is in city18; city17-2 is in city17; city17-1 is in city17; city16-2 is in city16; city16-1 is in city16; city15-2 is in city15; city15-1 is in city15; city14-2 is in city14; city14-1 is in city14; city13-2 is in city13; city13-1 is in city13; city12-2 is in city12; city12-1 is in city12; city11-2 is in city11; city11-1 is in city11; city10-2 is in city10; city10-1 is in city10; city9-2 is in city9; city9-1 is in city9; city8-2 is in city8; city8-1 is in city8; city7-2 is in city7; city7-1 is in city7; city6-2 is in city6; city6-1 is in city6; city5-2 is in city5; city5-1 is in city5; city4-2 is in city4; city4-1 is in city4; city3-2 is in city3; city3-1 is in city3; city2-2 is in city2; city2-1 is in city2; city1-2 is in city1; city1-1 is in city1.,direct,true,covered,The item is explicitly enumerated in the original description.
init,(IN-CITY CITY17-1 CITY17),The location-to-city relationships are: city23-2 is in city23; city23-1 is in city23; city22-2 is in city22; city22-1 is in city22; city21-2 is in city21; city21-1 is in city21; city20-2 is in city20; city20-1 is in city20; city19-2 is in city19; city19-1 is in city19; city18-2 is in city18; city18-1 is in city18; city17-2 is in city17; city17-1 is in city17; city16-2 is in city16; city16-1 is in city16; city15-2 is in city15; city15-1 is in city15; city14-2 is in city14; city14-1 is in city14; city13-2 is in city13; city13-1 is in city13; city12-2 is in city12; city12-1 is in city12; city11-2 is in city11; city11-1 is in city11; city10-2 is in city10; city10-1 is in city10; city9-2 is in city9; city9-1 is in city9; city8-2 is in city8; city8-1 is in city8; city7-2 is in city7; city7-1 is in city7; city6-2 is in city6; city6-1 is in city6; city5-2 is in city5; city5-1 is in city5; city4-2 is in city4; city4-1 is in city4; city3-2 is in city3; city3-1 is in city3; city2-2 is in city2; city2-1 is in city2; city1-2 is in city1; city1-1 is in city1.,direct,true,covered,The item is explicitly enumerated in the original description.
init,(IN-CITY CITY16-2 CITY16),The location-to-city relationships are: city23-2 is in city23; city23-1 is in city23; city22-2 is in city22; city22-1 is in city22; city21-2 is in city21; city21-1 is in city21; city20-2 is in city20; city20-1 is in city20; city19-2 is in city19; city19-1 is in city19; city18-2 is in city18; city18-1 is in city18; city17-2 is in city17; city17-1 is in city17; city16-2 is in city16; city16-1 is in city16; city15-2 is in city15; city15-1 is in city15; city14-2 is in city14; city14-1 is in city14; city13-2 is in city13; city13-1 is in city13; city12-2 is in city12; city12-1 is in city12; city11-2 is in city11; city11-1 is in city11; city10-2 is in city10; city10-1 is in city10; city9-2 is in city9; city9-1 is in city9; city8-2 is in city8; city8-1 is in city8; city7-2 is in city7; city7-1 is in city7; city6-2 is in city6; city6-1 is in city6; city5-2 is in city5; city5-1 is in city5; city4-2 is in city4; city4-1 is in city4; city3-2 is in city3; city3-1 is in city3; city2-2 is in city2; city2-1 is in city2; city1-2 is in city1; city1-1 is in city1.,direct,true,covered,The item is explicitly enumerated in the original description.
init,(IN-CITY CITY16-1 CITY16),The location-to-city relationships are: city23-2 is in city23; city23-1 is in city23; city22-2 is in city22; city22-1 is in city22; city21-2 is in city21; city21-1 is in city21; city20-2 is in city20; city20-1 is in city20; city19-2 is in city19; city19-1 is in city19; city18-2 is in city18; city18-1 is in city18; city17-2 is in city17; city17-1 is in city17; city16-2 is in city16; city16-1 is in city16; city15-2 is in city15; city15-1 is in city15; city14-2 is in city14; city14-1 is in city14; city13-2 is in city13; city13-1 is in city13; city12-2 is in city12; city12-1 is in city12; city11-2 is in city11; city11-1 is in city11; city10-2 is in city10; city10-1 is in city10; city9-2 is in city9; city9-1 is in city9; city8-2 is in city8; city8-1 is in city8; city7-2 is in city7; city7-1 is in city7; city6-2 is in city6; city6-1 is in city6; city5-2 is in city5; city5-1 is in city5; city4-2 is in city4; city4-1 is in city4; city3-2 is in city3; city3-1 is in city3; city2-2 is in city2; city2-1 is in city2; city1-2 is in city1; city1-1 is in city1.,direct,true,covered,The item is explicitly enumerated in the original description.
init,(IN-CITY CITY15-2 CITY15),The location-to-city relationships are: city23-2 is in city23; city23-1 is in city23; city22-2 is in city22; city22-1 is in city22; city21-2 is in city21; city21-1 is in city21; city20-2 is in city20; city20-1 is in city20; city19-2 is in city19; city19-1 is in city19; city18-2 is in city18; city18-1 is in city18; city17-2 is in city17; city17-1 is in city17; city16-2 is in city16; city16-1 is in city16; city15-2 is in city15; city15-1 is in city15; city14-2 is in city14; city14-1 is in city14; city13-2 is in city13; city13-1 is in city13; city12-2 is in city12; city12-1 is in city12; city11-2 is in city11; city11-1 is in city11; city10-2 is in city10; city10-1 is in city10; city9-2 is in city9; city9-1 is in city9; city8-2 is in city8; city8-1 is in city8; city7-2 is in city7; city7-1 is in city7; city6-2 is in city6; city6-1 is in city6; city5-2 is in city5; city5-1 is in city5; city4-2 is in city4; city4-1 is in city4; city3-2 is in city3; city3-1 is in city3; city2-2 is in city2; city2-1 is in city2; city1-2 is in city1; city1-1 is in city1.,direct,true,covered,The item is explicitly enumerated in the original description.
init,(IN-CITY CITY15-1 CITY15),The location-to-city relationships are: city23-2 is in city23; city23-1 is in city23; city22-2 is in city22; city22-1 is in city22; city21-2 is in city21; city21-1 is in city21; city20-2 is in city20; city20-1 is in city20; city19-2 is in city19; city19-1 is in city19; city18-2 is in city18; city18-1 is in city18; city17-2 is in city17; city17-1 is in city17; city16-2 is in city16; city16-1 is in city16; city15-2 is in city15; city15-1 is in city15; city14-2 is in city14; city14-1 is in city14; city13-2 is in city13; city13-1 is in city13; city12-2 is in city12; city12-1 is in city12; city11-2 is in city11; city11-1 is in city11; city10-2 is in city10; city10-1 is in city10; city9-2 is in city9; city9-1 is in city9; city8-2 is in city8; city8-1 is in city8; city7-2 is in city7; city7-1 is in city7; city6-2 is in city6; city6-1 is in city6; city5-2 is in city5; city5-1 is in city5; city4-2 is in city4; city4-1 is in city4; city3-2 is in city3; city3-1 is in city3; city2-2 is in city2; city2-1 is in city2; city1-2 is in city1; city1-1 is in city1.,direct,true,covered,The item is explicitly enumerated in the original description.
init,(IN-CITY CITY14-2 CITY14),The location-to-city relationships are: city23-2 is in city23; city23-1 is in city23; city22-2 is in city22; city22-1 is in city22; city21-2 is in city21; city21-1 is in city21; city20-2 is in city20; city20-1 is in city20; city19-2 is in city19; city19-1 is in city19; city18-2 is in city18; city18-1 is in city18; city17-2 is in city17; city17-1 is in city17; city16-2 is in city16; city16-1 is in city16; city15-2 is in city15; city15-1 is in city15; city14-2 is in city14; city14-1 is in city14; city13-2 is in city13; city13-1 is in city13; city12-2 is in city12; city12-1 is in city12; city11-2 is in city11; city11-1 is in city11; city10-2 is in city10; city10-1 is in city10; city9-2 is in city9; city9-1 is in city9; city8-2 is in city8; city8-1 is in city8; city7-2 is in city7; city7-1 is in city7; city6-2 is in city6; city6-1 is in city6; city5-2 is in city5; city5-1 is in city5; city4-2 is in city4; city4-1 is in city4; city3-2 is in city3; city3-1 is in city3; city2-2 is in city2; city2-1 is in city2; city1-2 is in city1; city1-1 is in city1.,direct,true,covered,The item is explicitly enumerated in the original description.
init,(IN-CITY CITY14-1 CITY14),The location-to-city relationships are: city23-2 is in city23; city23-1 is in city23; city22-2 is in city22; city22-1 is in city22; city21-2 is in city21; city21-1 is in city21; city20-2 is in city20; city20-1 is in city20; city19-2 is in city19; city19-1 is in city19; city18-2 is in city18; city18-1 is in city18; city17-2 is in city17; city17-1 is in city17; city16-2 is in city16; city16-1 is in city16; city15-2 is in city15; city15-1 is in city15; city14-2 is in city14; city14-1 is in city14; city13-2 is in city13; city13-1 is in city13; city12-2 is in city12; city12-1 is in city12; city11-2 is in city11; city11-1 is in city11; city10-2 is in city10; city10-1 is in city10; city9-2 is in city9; city9-1 is in city9; city8-2 is in city8; city8-1 is in city8; city7-2 is in city7; city7-1 is in city7; city6-2 is in city6; city6-1 is in city6; city5-2 is in city5; city5-1 is in city5; city4-2 is in city4; city4-1 is in city4; city3-2 is in city3; city3-1 is in city3; city2-2 is in city2; city2-1 is in city2; city1-2 is in city1; city1-1 is in city1.,direct,true,covered,The item is explicitly enumerated in the original description.
init,(IN-CITY CITY13-2 CITY13),The location-to-city relationships are: city23-2 is in city23; city23-1 is in city23; city22-2 is in city22; city22-1 is in city22; city21-2 is in city21; city21-1 is in city21; city20-2 is in city20; city20-1 is in city20; city19-2 is in city19; city19-1 is in city19; city18-2 is in city18; city18-1 is in city18; city17-2 is in city17; city17-1 is in city17; city16-2 is in city16; city16-1 is in city16; city15-2 is in city15; city15-1 is in city15; city14-2 is in city14; city14-1 is in city14; city13-2 is in city13; city13-1 is in city13; city12-2 is in city12; city12-1 is in city12; city11-2 is in city11; city11-1 is in city11; city10-2 is in city10; city10-1 is in city10; city9-2 is in city9; city9-1 is in city9; city8-2 is in city8; city8-1 is in city8; city7-2 is in city7; city7-1 is in city7; city6-2 is in city6; city6-1 is in city6; city5-2 is in city5; city5-1 is in city5; city4-2 is in city4; city4-1 is in city4; city3-2 is in city3; city3-1 is in city3; city2-2 is in city2; city2-1 is in city2; city1-2 is in city1; city1-1 is in city1.,direct,true,covered,The item is explicitly enumerated in the original description.
init,(IN-CITY CITY13-1 CITY13),The location-to-city relationships are: city23-2 is in city23; city23-1 is in city23; city22-2 is in city22; city22-1 is in city22; city21-2 is in city21; city21-1 is in city21; city20-2 is in city20; city20-1 is in city20; city19-2 is in city19; city19-1 is in city19; city18-2 is in city18; city18-1 is in city18; city17-2 is in city17; city17-1 is in city17; city16-2 is in city16; city16-1 is in city16; city15-2 is in city15; city15-1 is in city15; city14-2 is in city14; city14-1 is in city14; city13-2 is in city13; city13-1 is in city13; city12-2 is in city12; city12-1 is in city12; city11-2 is in city11; city11-1 is in city11; city10-2 is in city10; city10-1 is in city10; city9-2 is in city9; city9-1 is in city9; city8-2 is in city8; city8-1 is in city8; city7-2 is in city7; city7-1 is in city7; city6-2 is in city6; city6-1 is in city6; city5-2 is in city5; city5-1 is in city5; city4-2 is in city4; city4-1 is in city4; city3-2 is in city3; city3-1 is in city3; city2-2 is in city2; city2-1 is in city2; city1-2 is in city1; city1-1 is in city1.,direct,true,covered,The item is explicitly enumerated in the original description.
init,(IN-CITY CITY12-2 CITY12),The location-to-city relationships are: city23-2 is in city23; city23-1 is in city23; city22-2 is in city22; city22-1 is in city22; city21-2 is in city21; city21-1 is in city21; city20-2 is in city20; city20-1 is in city20; city19-2 is in city19; city19-1 is in city19; city18-2 is in city18; city18-1 is in city18; city17-2 is in city17; city17-1 is in city17; city16-2 is in city16; city16-1 is in city16; city15-2 is in city15; city15-1 is in city15; city14-2 is in city14; city14-1 is in city14; city13-2 is in city13; city13-1 is in city13; city12-2 is in city12; city12-1 is in city12; city11-2 is in city11; city11-1 is in city11; city10-2 is in city10; city10-1 is in city10; city9-2 is in city9; city9-1 is in city9; city8-2 is in city8; city8-1 is in city8; city7-2 is in city7; city7-1 is in city7; city6-2 is in city6; city6-1 is in city6; city5-2 is in city5; city5-1 is in city5; city4-2 is in city4; city4-1 is in city4; city3-2 is in city3; city3-1 is in city3; city2-2 is in city2; city2-1 is in city2; city1-2 is in city1; city1-1 is in city1.,direct,true,covered,The item is explicitly enumerated in the original description.
init,(IN-CITY CITY12-1 CITY12),The location-to-city relationships are: city23-2 is in city23; city23-1 is in city23; city22-2 is in city22; city22-1 is in city22; city21-2 is in city21; city21-1 is in city21; city20-2 is in city20; city20-1 is in city20; city19-2 is in city19; city19-1 is in city19; city18-2 is in city18; city18-1 is in city18; city17-2 is in city17; city17-1 is in city17; city16-2 is in city16; city16-1 is in city16; city15-2 is in city15; city15-1 is in city15; city14-2 is in city14; city14-1 is in city14; city13-2 is in city13; city13-1 is in city13; city12-2 is in city12; city12-1 is in city12; city11-2 is in city11; city11-1 is in city11; city10-2 is in city10; city10-1 is in city10; city9-2 is in city9; city9-1 is in city9; city8-2 is in city8; city8-1 is in city8; city7-2 is in city7; city7-1 is in city7; city6-2 is in city6; city6-1 is in city6; city5-2 is in city5; city5-1 is in city5; city4-2 is in city4; city4-1 is in city4; city3-2 is in city3; city3-1 is in city3; city2-2 is in city2; city2-1 is in city2; city1-2 is in city1; city1-1 is in city1.,direct,true,covered,The item is explicitly enumerated in the original description.
init,(IN-CITY CITY11-2 CITY11),The location-to-city relationships are: city23-2 is in city23; city23-1 is in city23; city22-2 is in city22; city22-1 is in city22; city21-2 is in city21; city21-1 is in city21; city20-2 is in city20; city20-1 is in city20; city19-2 is in city19; city19-1 is in city19; city18-2 is in city18; city18-1 is in city18; city17-2 is in city17; city17-1 is in city17; city16-2 is in city16; city16-1 is in city16; city15-2 is in city15; city15-1 is in city15; city14-2 is in city14; city14-1 is in city14; city13-2 is in city13; city13-1 is in city13; city12-2 is in city12; city12-1 is in city12; city11-2 is in city11; city11-1 is in city11; city10-2 is in city10; city10-1 is in city10; city9-2 is in city9; city9-1 is in city9; city8-2 is in city8; city8-1 is in city8; city7-2 is in city7; city7-1 is in city7; city6-2 is in city6; city6-1 is in city6; city5-2 is in city5; city5-1 is in city5; city4-2 is in city4; city4-1 is in city4; city3-2 is in city3; city3-1 is in city3; city2-2 is in city2; city2-1 is in city2; city1-2 is in city1; city1-1 is in city1.,direct,true,covered,The item is explicitly enumerated in the original description.
init,(IN-CITY CITY11-1 CITY11),The location-to-city relationships are: city23-2 is in city23; city23-1 is in city23; city22-2 is in city22; city22-1 is in city22; city21-2 is in city21; city21-1 is in city21; city20-2 is in city20; city20-1 is in city20; city19-2 is in city19; city19-1 is in city19; city18-2 is in city18; city18-1 is in city18; city17-2 is in city17; city17-1 is in city17; city16-2 is in city16; city16-1 is in city16; city15-2 is in city15; city15-1 is in city15; city14-2 is in city14; city14-1 is in city14; city13-2 is in city13; city13-1 is in city13; city12-2 is in city12; city12-1 is in city12; city11-2 is in city11; city11-1 is in city11; city10-2 is in city10; city10-1 is in city10; city9-2 is in city9; city9-1 is in city9; city8-2 is in city8; city8-1 is in city8; city7-2 is in city7; city7-1 is in city7; city6-2 is in city6; city6-1 is in city6; city5-2 is in city5; city5-1 is in city5; city4-2 is in city4; city4-1 is in city4; city3-2 is in city3; city3-1 is in city3; city2-2 is in city2; city2-1 is in city2; city1-2 is in city1; city1-1 is in city1.,direct,true,covered,The item is explicitly enumerated in the original description.
init,(IN-CITY CITY10-2 CITY10),The location-to-city relationships are: city23-2 is in city23; city23-1 is in city23; city22-2 is in city22; city22-1 is in city22; city21-2 is in city21; city21-1 is in city21; city20-2 is in city20; city20-1 is in city20; city19-2 is in city19; city19-1 is in city19; city18-2 is in city18; city18-1 is in city18; city17-2 is in city17; city17-1 is in city17; city16-2 is in city16; city16-1 is in city16; city15-2 is in city15; city15-1 is in city15; city14-2 is in city14; city14-1 is in city14; city13-2 is in city13; city13-1 is in city13; city12-2 is in city12; city12-1 is in city12; city11-2 is in city11; city11-1 is in city11; city10-2 is in city10; city10-1 is in city10; city9-2 is in city9; city9-1 is in city9; city8-2 is in city8; city8-1 is in city8; city7-2 is in city7; city7-1 is in city7; city6-2 is in city6; city6-1 is in city6; city5-2 is in city5; city5-1 is in city5; city4-2 is in city4; city4-1 is in city4; city3-2 is in city3; city3-1 is in city3; city2-2 is in city2; city2-1 is in city2; city1-2 is in city1; city1-1 is in city1.,direct,true,covered,The item is explicitly enumerated in the original description.
init,(IN-CITY CITY10-1 CITY10),The location-to-city relationships are: city23-2 is in city23; city23-1 is in city23; city22-2 is in city22; city22-1 is in city22; city21-2 is in city21; city21-1 is in city21; city20-2 is in city20; city20-1 is in city20; city19-2 is in city19; city19-1 is in city19; city18-2 is in city18; city18-1 is in city18; city17-2 is in city17; city17-1 is in city17; city16-2 is in city16; city16-1 is in city16; city15-2 is in city15; city15-1 is in city15; city14-2 is in city14; city14-1 is in city14; city13-2 is in city13; city13-1 is in city13; city12-2 is in city12; city12-1 is in city12; city11-2 is in city11; city11-1 is in city11; city10-2 is in city10; city10-1 is in city10; city9-2 is in city9; city9-1 is in city9; city8-2 is in city8; city8-1 is in city8; city7-2 is in city7; city7-1 is in city7; city6-2 is in city6; city6-1 is in city6; city5-2 is in city5; city5-1 is in city5; city4-2 is in city4; city4-1 is in city4; city3-2 is in city3; city3-1 is in city3; city2-2 is in city2; city2-1 is in city2; city1-2 is in city1; city1-1 is in city1.,direct,true,covered,The item is explicitly enumerated in the original description.
init,(IN-CITY CITY9-2 CITY9),The location-to-city relationships are: city23-2 is in city23; city23-1 is in city23; city22-2 is in city22; city22-1 is in city22; city21-2 is in city21; city21-1 is in city21; city20-2 is in city20; city20-1 is in city20; city19-2 is in city19; city19-1 is in city19; city18-2 is in city18; city18-1 is in city18; city17-2 is in city17; city17-1 is in city17; city16-2 is in city16; city16-1 is in city16; city15-2 is in city15; city15-1 is in city15; city14-2 is in city14; city14-1 is in city14; city13-2 is in city13; city13-1 is in city13; city12-2 is in city12; city12-1 is in city12; city11-2 is in city11; city11-1 is in city11; city10-2 is in city10; city10-1 is in city10; city9-2 is in city9; city9-1 is in city9; city8-2 is in city8; city8-1 is in city8; city7-2 is in city7; city7-1 is in city7; city6-2 is in city6; city6-1 is in city6; city5-2 is in city5; city5-1 is in city5; city4-2 is in city4; city4-1 is in city4; city3-2 is in city3; city3-1 is in city3; city2-2 is in city2; city2-1 is in city2; city1-2 is in city1; city1-1 is in city1.,direct,true,covered,The item is explicitly enumerated in the original description.
init,(IN-CITY CITY9-1 CITY9),The location-to-city relationships are: city23-2 is in city23; city23-1 is in city23; city22-2 is in city22; city22-1 is in city22; city21-2 is in city21; city21-1 is in city21; city20-2 is in city20; city20-1 is in city20; city19-2 is in city19; city19-1 is in city19; city18-2 is in city18; city18-1 is in city18; city17-2 is in city17; city17-1 is in city17; city16-2 is in city16; city16-1 is in city16; city15-2 is in city15; city15-1 is in city15; city14-2 is in city14; city14-1 is in city14; city13-2 is in city13; city13-1 is in city13; city12-2 is in city12; city12-1 is in city12; city11-2 is in city11; city11-1 is in city11; city10-2 is in city10; city10-1 is in city10; city9-2 is in city9; city9-1 is in city9; city8-2 is in city8; city8-1 is in city8; city7-2 is in city7; city7-1 is in city7; city6-2 is in city6; city6-1 is in city6; city5-2 is in city5; city5-1 is in city5; city4-2 is in city4; city4-1 is in city4; city3-2 is in city3; city3-1 is in city3; city2-2 is in city2; city2-1 is in city2; city1-2 is in city1; city1-1 is in city1.,direct,true,covered,The item is explicitly enumerated in the original description.
init,(IN-CITY CITY8-2 CITY8),The location-to-city relationships are: city23-2 is in city23; city23-1 is in city23; city22-2 is in city22; city22-1 is in city22; city21-2 is in city21; city21-1 is in city21; city20-2 is in city20; city20-1 is in city20; city19-2 is in city19; city19-1 is in city19; city18-2 is in city18; city18-1 is in city18; city17-2 is in city17; city17-1 is in city17; city16-2 is in city16; city16-1 is in city16; city15-2 is in city15; city15-1 is in city15; city14-2 is in city14; city14-1 is in city14; city13-2 is in city13; city13-1 is in city13; city12-2 is in city12; city12-1 is in city12; city11-2 is in city11; city11-1 is in city11; city10-2 is in city10; city10-1 is in city10; city9-2 is in city9; city9-1 is in city9; city8-2 is in city8; city8-1 is in city8; city7-2 is in city7; city7-1 is in city7; city6-2 is in city6; city6-1 is in city6; city5-2 is in city5; city5-1 is in city5; city4-2 is in city4; city4-1 is in city4; city3-2 is in city3; city3-1 is in city3; city2-2 is in city2; city2-1 is in city2; city1-2 is in city1; city1-1 is in city1.,direct,true,covered,The item is explicitly enumerated in the original description.
init,(IN-CITY CITY8-1 CITY8),The location-to-city relationships are: city23-2 is in city23; city23-1 is in city23; city22-2 is in city22; city22-1 is in city22; city21-2 is in city21; city21-1 is in city21; city20-2 is in city20; city20-1 is in city20; city19-2 is in city19; city19-1 is in city19; city18-2 is in city18; city18-1 is in city18; city17-2 is in city17; city17-1 is in city17; city16-2 is in city16; city16-1 is in city16; city15-2 is in city15; city15-1 is in city15; city14-2 is in city14; city14-1 is in city14; city13-2 is in city13; city13-1 is in city13; city12-2 is in city12; city12-1 is in city12; city11-2 is in city11; city11-1 is in city11; city10-2 is in city10; city10-1 is in city10; city9-2 is in city9; city9-1 is in city9; city8-2 is in city8; city8-1 is in city8; city7-2 is in city7; city7-1 is in city7; city6-2 is in city6; city6-1 is in city6; city5-2 is in city5; city5-1 is in city5; city4-2 is in city4; city4-1 is in city4; city3-2 is in city3; city3-1 is in city3; city2-2 is in city2; city2-1 is in city2; city1-2 is in city1; city1-1 is in city1.,direct,true,covered,The item is explicitly enumerated in the original description.
init,(IN-CITY CITY7-2 CITY7),The location-to-city relationships are: city23-2 is in city23; city23-1 is in city23; city22-2 is in city22; city22-1 is in city22; city21-2 is in city21; city21-1 is in city21; city20-2 is in city20; city20-1 is in city20; city19-2 is in city19; city19-1 is in city19; city18-2 is in city18; city18-1 is in city18; city17-2 is in city17; city17-1 is in city17; city16-2 is in city16; city16-1 is in city16; city15-2 is in city15; city15-1 is in city15; city14-2 is in city14; city14-1 is in city14; city13-2 is in city13; city13-1 is in city13; city12-2 is in city12; city12-1 is in city12; city11-2 is in city11; city11-1 is in city11; city10-2 is in city10; city10-1 is in city10; city9-2 is in city9; city9-1 is in city9; city8-2 is in city8; city8-1 is in city8; city7-2 is in city7; city7-1 is in city7; city6-2 is in city6; city6-1 is in city6; city5-2 is in city5; city5-1 is in city5; city4-2 is in city4; city4-1 is in city4; city3-2 is in city3; city3-1 is in city3; city2-2 is in city2; city2-1 is in city2; city1-2 is in city1; city1-1 is in city1.,direct,true,covered,The item is explicitly enumerated in the original description.
init,(IN-CITY CITY7-1 CITY7),The location-to-city relationships are: city23-2 is in city23; city23-1 is in city23; city22-2 is in city22; city22-1 is in city22; city21-2 is in city21; city21-1 is in city21; city20-2 is in city20; city20-1 is in city20; city19-2 is in city19; city19-1 is in city19; city18-2 is in city18; city18-1 is in city18; city17-2 is in city17; city17-1 is in city17; city16-2 is in city16; city16-1 is in city16; city15-2 is in city15; city15-1 is in city15; city14-2 is in city14; city14-1 is in city14; city13-2 is in city13; city13-1 is in city13; city12-2 is in city12; city12-1 is in city12; city11-2 is in city11; city11-1 is in city11; city10-2 is in city10; city10-1 is in city10; city9-2 is in city9; city9-1 is in city9; city8-2 is in city8; city8-1 is in city8; city7-2 is in city7; city7-1 is in city7; city6-2 is in city6; city6-1 is in city6; city5-2 is in city5; city5-1 is in city5; city4-2 is in city4; city4-1 is in city4; city3-2 is in city3; city3-1 is in city3; city2-2 is in city2; city2-1 is in city2; city1-2 is in city1; city1-1 is in city1.,direct,true,covered,The item is explicitly enumerated in the original description.
init,(IN-CITY CITY6-2 CITY6),The location-to-city relationships are: city23-2 is in city23; city23-1 is in city23; city22-2 is in city22; city22-1 is in city22; city21-2 is in city21; city21-1 is in city21; city20-2 is in city20; city20-1 is in city20; city19-2 is in city19; city19-1 is in city19; city18-2 is in city18; city18-1 is in city18; city17-2 is in city17; city17-1 is in city17; city16-2 is in city16; city16-1 is in city16; city15-2 is in city15; city15-1 is in city15; city14-2 is in city14; city14-1 is in city14; city13-2 is in city13; city13-1 is in city13; city12-2 is in city12; city12-1 is in city12; city11-2 is in city11; city11-1 is in city11; city10-2 is in city10; city10-1 is in city10; city9-2 is in city9; city9-1 is in city9; city8-2 is in city8; city8-1 is in city8; city7-2 is in city7; city7-1 is in city7; city6-2 is in city6; city6-1 is in city6; city5-2 is in city5; city5-1 is in city5; city4-2 is in city4; city4-1 is in city4; city3-2 is in city3; city3-1 is in city3; city2-2 is in city2; city2-1 is in city2; city1-2 is in city1; city1-1 is in city1.,direct,true,covered,The item is explicitly enumerated in the original description.
init,(IN-CITY CITY6-1 CITY6),The location-to-city relationships are: city23-2 is in city23; city23-1 is in city23; city22-2 is in city22; city22-1 is in city22; city21-2 is in city21; city21-1 is in city21; city20-2 is in city20; city20-1 is in city20; city19-2 is in city19; city19-1 is in city19; city18-2 is in city18; city18-1 is in city18; city17-2 is in city17; city17-1 is in city17; city16-2 is in city16; city16-1 is in city16; city15-2 is in city15; city15-1 is in city15; city14-2 is in city14; city14-1 is in city14; city13-2 is in city13; city13-1 is in city13; city12-2 is in city12; city12-1 is in city12; city11-2 is in city11; city11-1 is in city11; city10-2 is in city10; city10-1 is in city10; city9-2 is in city9; city9-1 is in city9; city8-2 is in city8; city8-1 is in city8; city7-2 is in city7; city7-1 is in city7; city6-2 is in city6; city6-1 is in city6; city5-2 is in city5; city5-1 is in city5; city4-2 is in city4; city4-1 is in city4; city3-2 is in city3; city3-1 is in city3; city2-2 is in city2; city2-1 is in city2; city1-2 is in city1; city1-1 is in city1.,direct,true,covered,The item is explicitly enumerated in the original description.
init,(IN-CITY CITY5-2 CITY5),The location-to-city relationships are: city23-2 is in city23; city23-1 is in city23; city22-2 is in city22; city22-1 is in city22; city21-2 is in city21; city21-1 is in city21; city20-2 is in city20; city20-1 is in city20; city19-2 is in city19; city19-1 is in city19; city18-2 is in city18; city18-1 is in city18; city17-2 is in city17; city17-1 is in city17; city16-2 is in city16; city16-1 is in city16; city15-2 is in city15; city15-1 is in city15; city14-2 is in city14; city14-1 is in city14; city13-2 is in city13; city13-1 is in city13; city12-2 is in city12; city12-1 is in city12; city11-2 is in city11; city11-1 is in city11; city10-2 is in city10; city10-1 is in city10; city9-2 is in city9; city9-1 is in city9; city8-2 is in city8; city8-1 is in city8; city7-2 is in city7; city7-1 is in city7; city6-2 is in city6; city6-1 is in city6; city5-2 is in city5; city5-1 is in city5; city4-2 is in city4; city4-1 is in city4; city3-2 is in city3; city3-1 is in city3; city2-2 is in city2; city2-1 is in city2; city1-2 is in city1; city1-1 is in city1.,direct,true,covered,The item is explicitly enumerated in the original description.
init,(IN-CITY CITY5-1 CITY5),The location-to-city relationships are: city23-2 is in city23; city23-1 is in city23; city22-2 is in city22; city22-1 is in city22; city21-2 is in city21; city21-1 is in city21; city20-2 is in city20; city20-1 is in city20; city19-2 is in city19; city19-1 is in city19; city18-2 is in city18; city18-1 is in city18; city17-2 is in city17; city17-1 is in city17; city16-2 is in city16; city16-1 is in city16; city15-2 is in city15; city15-1 is in city15; city14-2 is in city14; city14-1 is in city14; city13-2 is in city13; city13-1 is in city13; city12-2 is in city12; city12-1 is in city12; city11-2 is in city11; city11-1 is in city11; city10-2 is in city10; city10-1 is in city10; city9-2 is in city9; city9-1 is in city9; city8-2 is in city8; city8-1 is in city8; city7-2 is in city7; city7-1 is in city7; city6-2 is in city6; city6-1 is in city6; city5-2 is in city5; city5-1 is in city5; city4-2 is in city4; city4-1 is in city4; city3-2 is in city3; city3-1 is in city3; city2-2 is in city2; city2-1 is in city2; city1-2 is in city1; city1-1 is in city1.,direct,true,covered,The item is explicitly enumerated in the original description.
init,(IN-CITY CITY4-2 CITY4),The location-to-city relationships are: city23-2 is in city23; city23-1 is in city23; city22-2 is in city22; city22-1 is in city22; city21-2 is in city21; city21-1 is in city21; city20-2 is in city20; city20-1 is in city20; city19-2 is in city19; city19-1 is in city19; city18-2 is in city18; city18-1 is in city18; city17-2 is in city17; city17-1 is in city17; city16-2 is in city16; city16-1 is in city16; city15-2 is in city15; city15-1 is in city15; city14-2 is in city14; city14-1 is in city14; city13-2 is in city13; city13-1 is in city13; city12-2 is in city12; city12-1 is in city12; city11-2 is in city11; city11-1 is in city11; city10-2 is in city10; city10-1 is in city10; city9-2 is in city9; city9-1 is in city9; city8-2 is in city8; city8-1 is in city8; city7-2 is in city7; city7-1 is in city7; city6-2 is in city6; city6-1 is in city6; city5-2 is in city5; city5-1 is in city5; city4-2 is in city4; city4-1 is in city4; city3-2 is in city3; city3-1 is in city3; city2-2 is in city2; city2-1 is in city2; city1-2 is in city1; city1-1 is in city1.,direct,true,covered,The item is explicitly enumerated in the original description.
init,(IN-CITY CITY4-1 CITY4),The location-to-city relationships are: city23-2 is in city23; city23-1 is in city23; city22-2 is in city22; city22-1 is in city22; city21-2 is in city21; city21-1 is in city21; city20-2 is in city20; city20-1 is in city20; city19-2 is in city19; city19-1 is in city19; city18-2 is in city18; city18-1 is in city18; city17-2 is in city17; city17-1 is in city17; city16-2 is in city16; city16-1 is in city16; city15-2 is in city15; city15-1 is in city15; city14-2 is in city14; city14-1 is in city14; city13-2 is in city13; city13-1 is in city13; city12-2 is in city12; city12-1 is in city12; city11-2 is in city11; city11-1 is in city11; city10-2 is in city10; city10-1 is in city10; city9-2 is in city9; city9-1 is in city9; city8-2 is in city8; city8-1 is in city8; city7-2 is in city7; city7-1 is in city7; city6-2 is in city6; city6-1 is in city6; city5-2 is in city5; city5-1 is in city5; city4-2 is in city4; city4-1 is in city4; city3-2 is in city3; city3-1 is in city3; city2-2 is in city2; city2-1 is in city2; city1-2 is in city1; city1-1 is in city1.,direct,true,covered,The item is explicitly enumerated in the original description.
init,(IN-CITY CITY3-2 CITY3),The location-to-city relationships are: city23-2 is in city23; city23-1 is in city23; city22-2 is in city22; city22-1 is in city22; city21-2 is in city21; city21-1 is in city21; city20-2 is in city20; city20-1 is in city20; city19-2 is in city19; city19-1 is in city19; city18-2 is in city18; city18-1 is in city18; city17-2 is in city17; city17-1 is in city17; city16-2 is in city16; city16-1 is in city16; city15-2 is in city15; city15-1 is in city15; city14-2 is in city14; city14-1 is in city14; city13-2 is in city13; city13-1 is in city13; city12-2 is in city12; city12-1 is in city12; city11-2 is in city11; city11-1 is in city11; city10-2 is in city10; city10-1 is in city10; city9-2 is in city9; city9-1 is in city9; city8-2 is in city8; city8-1 is in city8; city7-2 is in city7; city7-1 is in city7; city6-2 is in city6; city6-1 is in city6; city5-2 is in city5; city5-1 is in city5; city4-2 is in city4; city4-1 is in city4; city3-2 is in city3; city3-1 is in city3; city2-2 is in city2; city2-1 is in city2; city1-2 is in city1; city1-1 is in city1.,direct,true,covered,The item is explicitly enumerated in the original description.
init,(IN-CITY CITY3-1 CITY3),The location-to-city relationships are: city23-2 is in city23; city23-1 is in city23; city22-2 is in city22; city22-1 is in city22; city21-2 is in city21; city21-1 is in city21; city20-2 is in city20; city20-1 is in city20; city19-2 is in city19; city19-1 is in city19; city18-2 is in city18; city18-1 is in city18; city17-2 is in city17; city17-1 is in city17; city16-2 is in city16; city16-1 is in city16; city15-2 is in city15; city15-1 is in city15; city14-2 is in city14; city14-1 is in city14; city13-2 is in city13; city13-1 is in city13; city12-2 is in city12; city12-1 is in city12; city11-2 is in city11; city11-1 is in city11; city10-2 is in city10; city10-1 is in city10; city9-2 is in city9; city9-1 is in city9; city8-2 is in city8; city8-1 is in city8; city7-2 is in city7; city7-1 is in city7; city6-2 is in city6; city6-1 is in city6; city5-2 is in city5; city5-1 is in city5; city4-2 is in city4; city4-1 is in city4; city3-2 is in city3; city3-1 is in city3; city2-2 is in city2; city2-1 is in city2; city1-2 is in city1; city1-1 is in city1.,direct,true,covered,The item is explicitly enumerated in the original description.
init,(IN-CITY CITY2-2 CITY2),The location-to-city relationships are: city23-2 is in city23; city23-1 is in city23; city22-2 is in city22; city22-1 is in city22; city21-2 is in city21; city21-1 is in city21; city20-2 is in city20; city20-1 is in city20; city19-2 is in city19; city19-1 is in city19; city18-2 is in city18; city18-1 is in city18; city17-2 is in city17; city17-1 is in city17; city16-2 is in city16; city16-1 is in city16; city15-2 is in city15; city15-1 is in city15; city14-2 is in city14; city14-1 is in city14; city13-2 is in city13; city13-1 is in city13; city12-2 is in city12; city12-1 is in city12; city11-2 is in city11; city11-1 is in city11; city10-2 is in city10; city10-1 is in city10; city9-2 is in city9; city9-1 is in city9; city8-2 is in city8; city8-1 is in city8; city7-2 is in city7; city7-1 is in city7; city6-2 is in city6; city6-1 is in city6; city5-2 is in city5; city5-1 is in city5; city4-2 is in city4; city4-1 is in city4; city3-2 is in city3; city3-1 is in city3; city2-2 is in city2; city2-1 is in city2; city1-2 is in city1; city1-1 is in city1.,direct,true,covered,The item is explicitly enumerated in the original description.
init,(IN-CITY CITY2-1 CITY2),The location-to-city relationships are: city23-2 is in city23; city23-1 is in city23; city22-2 is in city22; city22-1 is in city22; city21-2 is in city21; city21-1 is in city21; city20-2 is in city20; city20-1 is in city20; city19-2 is in city19; city19-1 is in city19; city18-2 is in city18; city18-1 is in city18; city17-2 is in city17; city17-1 is in city17; city16-2 is in city16; city16-1 is in city16; city15-2 is in city15; city15-1 is in city15; city14-2 is in city14; city14-1 is in city14; city13-2 is in city13; city13-1 is in city13; city12-2 is in city12; city12-1 is in city12; city11-2 is in city11; city11-1 is in city11; city10-2 is in city10; city10-1 is in city10; city9-2 is in city9; city9-1 is in city9; city8-2 is in city8; city8-1 is in city8; city7-2 is in city7; city7-1 is in city7; city6-2 is in city6; city6-1 is in city6; city5-2 is in city5; city5-1 is in city5; city4-2 is in city4; city4-1 is in city4; city3-2 is in city3; city3-1 is in city3; city2-2 is in city2; city2-1 is in city2; city1-2 is in city1; city1-1 is in city1.,direct,true,covered,The item is explicitly enumerated in the original description.
init,(IN-CITY CITY1-2 CITY1),The location-to-city relationships are: city23-2 is in city23; city23-1 is in city23; city22-2 is in city22; city22-1 is in city22; city21-2 is in city21; city21-1 is in city21; city20-2 is in city20; city20-1 is in city20; city19-2 is in city19; city19-1 is in city19; city18-2 is in city18; city18-1 is in city18; city17-2 is in city17; city17-1 is in city17; city16-2 is in city16; city16-1 is in city16; city15-2 is in city15; city15-1 is in city15; city14-2 is in city14; city14-1 is in city14; city13-2 is in city13; city13-1 is in city13; city12-2 is in city12; city12-1 is in city12; city11-2 is in city11; city11-1 is in city11; city10-2 is in city10; city10-1 is in city10; city9-2 is in city9; city9-1 is in city9; city8-2 is in city8; city8-1 is in city8; city7-2 is in city7; city7-1 is in city7; city6-2 is in city6; city6-1 is in city6; city5-2 is in city5; city5-1 is in city5; city4-2 is in city4; city4-1 is in city4; city3-2 is in city3; city3-1 is in city3; city2-2 is in city2; city2-1 is in city2; city1-2 is in city1; city1-1 is in city1.,direct,true,covered,The item is explicitly enumerated in the original description.
init,(IN-CITY CITY1-1 CITY1),The location-to-city relationships are: city23-2 is in city23; city23-1 is in city23; city22-2 is in city22; city22-1 is in city22; city21-2 is in city21; city21-1 is in city21; city20-2 is in city20; city20-1 is in city20; city19-2 is in city19; city19-1 is in city19; city18-2 is in city18; city18-1 is in city18; city17-2 is in city17; city17-1 is in city17; city16-2 is in city16; city16-1 is in city16; city15-2 is in city15; city15-1 is in city15; city14-2 is in city14; city14-1 is in city14; city13-2 is in city13; city13-1 is in city13; city12-2 is in city12; city12-1 is in city12; city11-2 is in city11; city11-1 is in city11; city10-2 is in city10; city10-1 is in city10; city9-2 is in city9; city9-1 is in city9; city8-2 is in city8; city8-1 is in city8; city7-2 is in city7; city7-1 is in city7; city6-2 is in city6; city6-1 is in city6; city5-2 is in city5; city5-1 is in city5; city4-2 is in city4; city4-1 is in city4; city3-2 is in city3; city3-1 is in city3; city2-2 is in city2; city2-1 is in city2; city1-2 is in city1; city1-1 is in city1.,direct,true,covered,The item is explicitly enumerated in the original description.
init,(AT PLANE4 CITY11-2),"Initially, the airplanes are positioned as follows: plane4 is at city11-2; plane3 is at city13-2; plane2 is at city18-2; plane1 is at city16-2.",direct,true,covered,The item is explicitly enumerated in the original description.
init,(AT PLANE3 CITY13-2),"Initially, the airplanes are positioned as follows: plane4 is at city11-2; plane3 is at city13-2; plane2 is at city18-2; plane1 is at city16-2.",direct,true,covered,The item is explicitly enumerated in the original description.
init,(AT PLANE2 CITY18-2),"Initially, the airplanes are positioned as follows: plane4 is at city11-2; plane3 is at city13-2; plane2 is at city18-2; plane1 is at city16-2.",direct,true,covered,The item is explicitly enumerated in the original description.
init,(AT PLANE1 CITY16-2),"Initially, the airplanes are positioned as follows: plane4 is at city11-2; plane3 is at city13-2; plane2 is at city18-2; plane1 is at city16-2.",direct,true,covered,The item is explicitly enumerated in the original description.
init,(AT TRUCK23 CITY23-1),"Initially, the trucks are positioned as follows: truck23 is at city23-1; truck22 is at city22-1; truck21 is at city21-1; truck20 is at city20-1; truck19 is at city19-1; truck18 is at city18-1; truck17 is at city17-1; truck16 is at city16-1; truck15 is at city15-1; truck14 is at city14-1; truck13 is at city13-1; truck12 is at city12-1; truck11 is at city11-1; truck10 is at city10-1; truck9 is at city9-1; truck8 is at city8-1; truck7 is at city7-1; truck6 is at city6-1; truck5 is at city5-1; truck4 is at city4-1; truck3 is at city3-1; truck2 is at city2-1; truck1 is at city1-1.",direct,true,covered,The item is explicitly enumerated in the original description.
init,(AT TRUCK22 CITY22-1),"Initially, the trucks are positioned as follows: truck23 is at city23-1; truck22 is at city22-1; truck21 is at city21-1; truck20 is at city20-1; truck19 is at city19-1; truck18 is at city18-1; truck17 is at city17-1; truck16 is at city16-1; truck15 is at city15-1; truck14 is at city14-1; truck13 is at city13-1; truck12 is at city12-1; truck11 is at city11-1; truck10 is at city10-1; truck9 is at city9-1; truck8 is at city8-1; truck7 is at city7-1; truck6 is at city6-1; truck5 is at city5-1; truck4 is at city4-1; truck3 is at city3-1; truck2 is at city2-1; truck1 is at city1-1.",direct,true,covered,The item is explicitly enumerated in the original description.
init,(AT TRUCK21 CITY21-1),"Initially, the trucks are positioned as follows: truck23 is at city23-1; truck22 is at city22-1; truck21 is at city21-1; truck20 is at city20-1; truck19 is at city19-1; truck18 is at city18-1; truck17 is at city17-1; truck16 is at city16-1; truck15 is at city15-1; truck14 is at city14-1; truck13 is at city13-1; truck12 is at city12-1; truck11 is at city11-1; truck10 is at city10-1; truck9 is at city9-1; truck8 is at city8-1; truck7 is at city7-1; truck6 is at city6-1; truck5 is at city5-1; truck4 is at city4-1; truck3 is at city3-1; truck2 is at city2-1; truck1 is at city1-1.",direct,true,covered,The item is explicitly enumerated in the original description.
init,(AT TRUCK20 CITY20-1),"Initially, the trucks are positioned as follows: truck23 is at city23-1; truck22 is at city22-1; truck21 is at city21-1; truck20 is at city20-1; truck19 is at city19-1; truck18 is at city18-1; truck17 is at city17-1; truck16 is at city16-1; truck15 is at city15-1; truck14 is at city14-1; truck13 is at city13-1; truck12 is at city12-1; truck11 is at city11-1; truck10 is at city10-1; truck9 is at city9-1; truck8 is at city8-1; truck7 is at city7-1; truck6 is at city6-1; truck5 is at city5-1; truck4 is at city4-1; truck3 is at city3-1; truck2 is at city2-1; truck1 is at city1-1.",direct,true,covered,The item is explicitly enumerated in the original description.
init,(AT TRUCK19 CITY19-1),"Initially, the trucks are positioned as follows: truck23 is at city23-1; truck22 is at city22-1; truck21 is at city21-1; truck20 is at city20-1; truck19 is at city19-1; truck18 is at city18-1; truck17 is at city17-1; truck16 is at city16-1; truck15 is at city15-1; truck14 is at city14-1; truck13 is at city13-1; truck12 is at city12-1; truck11 is at city11-1; truck10 is at city10-1; truck9 is at city9-1; truck8 is at city8-1; truck7 is at city7-1; truck6 is at city6-1; truck5 is at city5-1; truck4 is at city4-1; truck3 is at city3-1; truck2 is at city2-1; truck1 is at city1-1.",direct,true,covered,The item is explicitly enumerated in the original description.
init,(AT TRUCK18 CITY18-1),"Initially, the trucks are positioned as follows: truck23 is at city23-1; truck22 is at city22-1; truck21 is at city21-1; truck20 is at city20-1; truck19 is at city19-1; truck18 is at city18-1; truck17 is at city17-1; truck16 is at city16-1; truck15 is at city15-1; truck14 is at city14-1; truck13 is at city13-1; truck12 is at city12-1; truck11 is at city11-1; truck10 is at city10-1; truck9 is at city9-1; truck8 is at city8-1; truck7 is at city7-1; truck6 is at city6-1; truck5 is at city5-1; truck4 is at city4-1; truck3 is at city3-1; truck2 is at city2-1; truck1 is at city1-1.",direct,true,covered,The item is explicitly enumerated in the original description.
init,(AT TRUCK17 CITY17-1),"Initially, the trucks are positioned as follows: truck23 is at city23-1; truck22 is at city22-1; truck21 is at city21-1; truck20 is at city20-1; truck19 is at city19-1; truck18 is at city18-1; truck17 is at city17-1; truck16 is at city16-1; truck15 is at city15-1; truck14 is at city14-1; truck13 is at city13-1; truck12 is at city12-1; truck11 is at city11-1; truck10 is at city10-1; truck9 is at city9-1; truck8 is at city8-1; truck7 is at city7-1; truck6 is at city6-1; truck5 is at city5-1; truck4 is at city4-1; truck3 is at city3-1; truck2 is at city2-1; truck1 is at city1-1.",direct,true,covered,The item is explicitly enumerated in the original description.
init,(AT TRUCK16 CITY16-1),"Initially, the trucks are positioned as follows: truck23 is at city23-1; truck22 is at city22-1; truck21 is at city21-1; truck20 is at city20-1; truck19 is at city19-1; truck18 is at city18-1; truck17 is at city17-1; truck16 is at city16-1; truck15 is at city15-1; truck14 is at city14-1; truck13 is at city13-1; truck12 is at city12-1; truck11 is at city11-1; truck10 is at city10-1; truck9 is at city9-1; truck8 is at city8-1; truck7 is at city7-1; truck6 is at city6-1; truck5 is at city5-1; truck4 is at city4-1; truck3 is at city3-1; truck2 is at city2-1; truck1 is at city1-1.",direct,true,covered,The item is explicitly enumerated in the original description.
init,(AT TRUCK15 CITY15-1),"Initially, the trucks are positioned as follows: truck23 is at city23-1; truck22 is at city22-1; truck21 is at city21-1; truck20 is at city20-1; truck19 is at city19-1; truck18 is at city18-1; truck17 is at city17-1; truck16 is at city16-1; truck15 is at city15-1; truck14 is at city14-1; truck13 is at city13-1; truck12 is at city12-1; truck11 is at city11-1; truck10 is at city10-1; truck9 is at city9-1; truck8 is at city8-1; truck7 is at city7-1; truck6 is at city6-1; truck5 is at city5-1; truck4 is at city4-1; truck3 is at city3-1; truck2 is at city2-1; truck1 is at city1-1.",direct,true,covered,The item is explicitly enumerated in the original description.
init,(AT TRUCK14 CITY14-1),"Initially, the trucks are positioned as follows: truck23 is at city23-1; truck22 is at city22-1; truck21 is at city21-1; truck20 is at city20-1; truck19 is at city19-1; truck18 is at city18-1; truck17 is at city17-1; truck16 is at city16-1; truck15 is at city15-1; truck14 is at city14-1; truck13 is at city13-1; truck12 is at city12-1; truck11 is at city11-1; truck10 is at city10-1; truck9 is at city9-1; truck8 is at city8-1; truck7 is at city7-1; truck6 is at city6-1; truck5 is at city5-1; truck4 is at city4-1; truck3 is at city3-1; truck2 is at city2-1; truck1 is at city1-1.",direct,true,covered,The item is explicitly enumerated in the original description.
init,(AT TRUCK13 CITY13-1),"Initially, the trucks are positioned as follows: truck23 is at city23-1; truck22 is at city22-1; truck21 is at city21-1; truck20 is at city20-1; truck19 is at city19-1; truck18 is at city18-1; truck17 is at city17-1; truck16 is at city16-1; truck15 is at city15-1; truck14 is at city14-1; truck13 is at city13-1; truck12 is at city12-1; truck11 is at city11-1; truck10 is at city10-1; truck9 is at city9-1; truck8 is at city8-1; truck7 is at city7-1; truck6 is at city6-1; truck5 is at city5-1; truck4 is at city4-1; truck3 is at city3-1; truck2 is at city2-1; truck1 is at city1-1.",direct,true,covered,The item is explicitly enumerated in the original description.
init,(AT TRUCK12 CITY12-1),"Initially, the trucks are positioned as follows: truck23 is at city23-1; truck22 is at city22-1; truck21 is at city21-1; truck20 is at city20-1; truck19 is at city19-1; truck18 is at city18-1; truck17 is at city17-1; truck16 is at city16-1; truck15 is at city15-1; truck14 is at city14-1; truck13 is at city13-1; truck12 is at city12-1; truck11 is at city11-1; truck10 is at city10-1; truck9 is at city9-1; truck8 is at city8-1; truck7 is at city7-1; truck6 is at city6-1; truck5 is at city5-1; truck4 is at city4-1; truck3 is at city3-1; truck2 is at city2-1; truck1 is at city1-1.",direct,true,covered,The item is explicitly enumerated in the original description.
init,(AT TRUCK11 CITY11-1),"Initially, the trucks are positioned as follows: truck23 is at city23-1; truck22 is at city22-1; truck21 is at city21-1; truck20 is at city20-1; truck19 is at city19-1; truck18 is at city18-1; truck17 is at city17-1; truck16 is at city16-1; truck15 is at city15-1; truck14 is at city14-1; truck13 is at city13-1; truck12 is at city12-1; truck11 is at city11-1; truck10 is at city10-1; truck9 is at city9-1; truck8 is at city8-1; truck7 is at city7-1; truck6 is at city6-1; truck5 is at city5-1; truck4 is at city4-1; truck3 is at city3-1; truck2 is at city2-1; truck1 is at city1-1.",direct,true,covered,The item is explicitly enumerated in the original description.
init,(AT TRUCK10 CITY10-1),"Initially, the trucks are positioned as follows: truck23 is at city23-1; truck22 is at city22-1; truck21 is at city21-1; truck20 is at city20-1; truck19 is at city19-1; truck18 is at city18-1; truck17 is at city17-1; truck16 is at city16-1; truck15 is at city15-1; truck14 is at city14-1; truck13 is at city13-1; truck12 is at city12-1; truck11 is at city11-1; truck10 is at city10-1; truck9 is at city9-1; truck8 is at city8-1; truck7 is at city7-1; truck6 is at city6-1; truck5 is at city5-1; truck4 is at city4-1; truck3 is at city3-1; truck2 is at city2-1; truck1 is at city1-1.",direct,true,covered,The item is explicitly enumerated in the original description.
init,(AT TRUCK9 CITY9-1),"Initially, the trucks are positioned as follows: truck23 is at city23-1; truck22 is at city22-1; truck21 is at city21-1; truck20 is at city20-1; truck19 is at city19-1; truck18 is at city18-1; truck17 is at city17-1; truck16 is at city16-1; truck15 is at city15-1; truck14 is at city14-1; truck13 is at city13-1; truck12 is at city12-1; truck11 is at city11-1; truck10 is at city10-1; truck9 is at city9-1; truck8 is at city8-1; truck7 is at city7-1; truck6 is at city6-1; truck5 is at city5-1; truck4 is at city4-1; truck3 is at city3-1; truck2 is at city2-1; truck1 is at city1-1.",direct,true,covered,The item is explicitly enumerated in the original description.
init,(AT TRUCK8 CITY8-1),"Initially, the trucks are positioned as follows: truck23 is at city23-1; truck22 is at city22-1; truck21 is at city21-1; truck20 is at city20-1; truck19 is at city19-1; truck18 is at city18-1; truck17 is at city17-1; truck16 is at city16-1; truck15 is at city15-1; truck14 is at city14-1; truck13 is at city13-1; truck12 is at city12-1; truck11 is at city11-1; truck10 is at city10-1; truck9 is at city9-1; truck8 is at city8-1; truck7 is at city7-1; truck6 is at city6-1; truck5 is at city5-1; truck4 is at city4-1; truck3 is at city3-1; truck2 is at city2-1; truck1 is at city1-1.",direct,true,covered,The item is explicitly enumerated in the original description.
init,(AT TRUCK7 CITY7-1),"Initially, the trucks are positioned as follows: truck23 is at city23-1; truck22 is at city22-1; truck21 is at city21-1; truck20 is at city20-1; truck19 is at city19-1; truck18 is at city18-1; truck17 is at city17-1; truck16 is at city16-1; truck15 is at city15-1; truck14 is at city14-1; truck13 is at city13-1; truck12 is at city12-1; truck11 is at city11-1; truck10 is at city10-1; truck9 is at city9-1; truck8 is at city8-1; truck7 is at city7-1; truck6 is at city6-1; truck5 is at city5-1; truck4 is at city4-1; truck3 is at city3-1; truck2 is at city2-1; truck1 is at city1-1.",direct,true,covered,The item is explicitly enumerated in the original description.
init,(AT TRUCK6 CITY6-1),"Initially, the trucks are positioned as follows: truck23 is at city23-1; truck22 is at city22-1; truck21 is at city21-1; truck20 is at city20-1; truck19 is at city19-1; truck18 is at city18-1; truck17 is at city17-1; truck16 is at city16-1; truck15 is at city15-1; truck14 is at city14-1; truck13 is at city13-1; truck12 is at city12-1; truck11 is at city11-1; truck10 is at city10-1; truck9 is at city9-1; truck8 is at city8-1; truck7 is at city7-1; truck6 is at city6-1; truck5 is at city5-1; truck4 is at city4-1; truck3 is at city3-1; truck2 is at city2-1; truck1 is at city1-1.",direct,true,covered,The item is explicitly enumerated in the original description.
init,(AT TRUCK5 CITY5-1),"Initially, the trucks are positioned as follows: truck23 is at city23-1; truck22 is at city22-1; truck21 is at city21-1; truck20 is at city20-1; truck19 is at city19-1; truck18 is at city18-1; truck17 is at city17-1; truck16 is at city16-1; truck15 is at city15-1; truck14 is at city14-1; truck13 is at city13-1; truck12 is at city12-1; truck11 is at city11-1; truck10 is at city10-1; truck9 is at city9-1; truck8 is at city8-1; truck7 is at city7-1; truck6 is at city6-1; truck5 is at city5-1; truck4 is at city4-1; truck3 is at city3-1; truck2 is at city2-1; truck1 is at city1-1.",direct,true,covered,The item is explicitly enumerated in the original description.
init,(AT TRUCK4 CITY4-1),"Initially, the trucks are positioned as follows: truck23 is at city23-1; truck22 is at city22-1; truck21 is at city21-1; truck20 is at city20-1; truck19 is at city19-1; truck18 is at city18-1; truck17 is at city17-1; truck16 is at city16-1; truck15 is at city15-1; truck14 is at city14-1; truck13 is at city13-1; truck12 is at city12-1; truck11 is at city11-1; truck10 is at city10-1; truck9 is at city9-1; truck8 is at city8-1; truck7 is at city7-1; truck6 is at city6-1; truck5 is at city5-1; truck4 is at city4-1; truck3 is at city3-1; truck2 is at city2-1; truck1 is at city1-1.",direct,true,covered,The item is explicitly enumerated in the original description.
init,(AT TRUCK3 CITY3-1),"Initially, the trucks are positioned as follows: truck23 is at city23-1; truck22 is at city22-1; truck21 is at city21-1; truck20 is at city20-1; truck19 is at city19-1; truck18 is at city18-1; truck17 is at city17-1; truck16 is at city16-1; truck15 is at city15-1; truck14 is at city14-1; truck13 is at city13-1; truck12 is at city12-1; truck11 is at city11-1; truck10 is at city10-1; truck9 is at city9-1; truck8 is at city8-1; truck7 is at city7-1; truck6 is at city6-1; truck5 is at city5-1; truck4 is at city4-1; truck3 is at city3-1; truck2 is at city2-1; truck1 is at city1-1.",direct,true,covered,The item is explicitly enumerated in the original description.
init,(AT TRUCK2 CITY2-1),"Initially, the trucks are positioned as follows: truck23 is at city23-1; truck22 is at city22-1; truck21 is at city21-1; truck20 is at city20-1; truck19 is at city19-1; truck18 is at city18-1; truck17 is at city17-1; truck16 is at city16-1; truck15 is at city15-1; truck14 is at city14-1; truck13 is at city13-1; truck12 is at city12-1; truck11 is at city11-1; truck10 is at city10-1; truck9 is at city9-1; truck8 is at city8-1; truck7 is at city7-1; truck6 is at city6-1; truck5 is at city5-1; truck4 is at city4-1; truck3 is at city3-1; truck2 is at city2-1; truck1 is at city1-1.",direct,true,covered,The item is explicitly enumerated in the original description.
init,(AT TRUCK1 CITY1-1),"Initially, the trucks are positioned as follows: truck23 is at city23-1; truck22 is at city22-1; truck21 is at city21-1; truck20 is at city20-1; truck19 is at city19-1; truck18 is at city18-1; truck17 is at city17-1; truck16 is at city16-1; truck15 is at city15-1; truck14 is at city14-1; truck13 is at city13-1; truck12 is at city12-1; truck11 is at city11-1; truck10 is at city10-1; truck9 is at city9-1; truck8 is at city8-1; truck7 is at city7-1; truck6 is at city6-1; truck5 is at city5-1; truck4 is at city4-1; truck3 is at city3-1; truck2 is at city2-1; truck1 is at city1-1.",direct,true,covered,The item is explicitly enumerated in the original description.
init,(AT PACKAGE17 CITY8-2),"Initially, the packages are positioned as follows: package17 is at city8-2; package16 is at city13-2; package15 is at city15-2; package14 is at city3-2; package13 is at city14-2; package12 is at city5-1; package11 is at city16-1; package10 is at city3-2; package9 is at city21-1; package8 is at city8-1; package7 is at city11-1; package6 is at city15-2; package5 is at city6-1; package4 is at city7-1; package3 is at city19-1; package2 is at city22-1; package1 is at city13-1.",direct,true,covered,The item is explicitly enumerated in the original description.
init,(AT PACKAGE16 CITY13-2),"Initially, the packages are positioned as follows: package17 is at city8-2; package16 is at city13-2; package15 is at city15-2; package14 is at city3-2; package13 is at city14-2; package12 is at city5-1; package11 is at city16-1; package10 is at city3-2; package9 is at city21-1; package8 is at city8-1; package7 is at city11-1; package6 is at city15-2; package5 is at city6-1; package4 is at city7-1; package3 is at city19-1; package2 is at city22-1; package1 is at city13-1.",direct,true,covered,The item is explicitly enumerated in the original description.
init,(AT PACKAGE15 CITY15-2),"Initially, the packages are positioned as follows: package17 is at city8-2; package16 is at city13-2; package15 is at city15-2; package14 is at city3-2; package13 is at city14-2; package12 is at city5-1; package11 is at city16-1; package10 is at city3-2; package9 is at city21-1; package8 is at city8-1; package7 is at city11-1; package6 is at city15-2; package5 is at city6-1; package4 is at city7-1; package3 is at city19-1; package2 is at city22-1; package1 is at city13-1.",direct,true,covered,The item is explicitly enumerated in the original description.
init,(AT PACKAGE14 CITY3-2),"Initially, the packages are positioned as follows: package17 is at city8-2; package16 is at city13-2; package15 is at city15-2; package14 is at city3-2; package13 is at city14-2; package12 is at city5-1; package11 is at city16-1; package10 is at city3-2; package9 is at city21-1; package8 is at city8-1; package7 is at city11-1; package6 is at city15-2; package5 is at city6-1; package4 is at city7-1; package3 is at city19-1; package2 is at city22-1; package1 is at city13-1.",direct,true,covered,The item is explicitly enumerated in the original description.
init,(AT PACKAGE13 CITY14-2),"Initially, the packages are positioned as follows: package17 is at city8-2; package16 is at city13-2; package15 is at city15-2; package14 is at city3-2; package13 is at city14-2; package12 is at city5-1; package11 is at city16-1; package10 is at city3-2; package9 is at city21-1; package8 is at city8-1; package7 is at city11-1; package6 is at city15-2; package5 is at city6-1; package4 is at city7-1; package3 is at city19-1; package2 is at city22-1; package1 is at city13-1.",direct,true,covered,The item is explicitly enumerated in the original description.
init,(AT PACKAGE12 CITY5-1),"Initially, the packages are positioned as follows: package17 is at city8-2; package16 is at city13-2; package15 is at city15-2; package14 is at city3-2; package13 is at city14-2; package12 is at city5-1; package11 is at city16-1; package10 is at city3-2; package9 is at city21-1; package8 is at city8-1; package7 is at city11-1; package6 is at city15-2; package5 is at city6-1; package4 is at city7-1; package3 is at city19-1; package2 is at city22-1; package1 is at city13-1.",direct,true,covered,The item is explicitly enumerated in the original description.
init,(AT PACKAGE11 CITY16-1),"Initially, the packages are positioned as follows: package17 is at city8-2; package16 is at city13-2; package15 is at city15-2; package14 is at city3-2; package13 is at city14-2; package12 is at city5-1; package11 is at city16-1; package10 is at city3-2; package9 is at city21-1; package8 is at city8-1; package7 is at city11-1; package6 is at city15-2; package5 is at city6-1; package4 is at city7-1; package3 is at city19-1; package2 is at city22-1; package1 is at city13-1.",direct,true,covered,The item is explicitly enumerated in the original description.
init,(AT PACKAGE10 CITY3-2),"Initially, the packages are positioned as follows: package17 is at city8-2; package16 is at city13-2; package15 is at city15-2; package14 is at city3-2; package13 is at city14-2; package12 is at city5-1; package11 is at city16-1; package10 is at city3-2; package9 is at city21-1; package8 is at city8-1; package7 is at city11-1; package6 is at city15-2; package5 is at city6-1; package4 is at city7-1; package3 is at city19-1; package2 is at city22-1; package1 is at city13-1.",direct,true,covered,The item is explicitly enumerated in the original description.
init,(AT PACKAGE9 CITY21-1),"Initially, the packages are positioned as follows: package17 is at city8-2; package16 is at city13-2; package15 is at city15-2; package14 is at city3-2; package13 is at city14-2; package12 is at city5-1; package11 is at city16-1; package10 is at city3-2; package9 is at city21-1; package8 is at city8-1; package7 is at city11-1; package6 is at city15-2; package5 is at city6-1; package4 is at city7-1; package3 is at city19-1; package2 is at city22-1; package1 is at city13-1.",direct,true,covered,The item is explicitly enumerated in the original description.
init,(AT PACKAGE8 CITY8-1),"Initially, the packages are positioned as follows: package17 is at city8-2; package16 is at city13-2; package15 is at city15-2; package14 is at city3-2; package13 is at city14-2; package12 is at city5-1; package11 is at city16-1; package10 is at city3-2; package9 is at city21-1; package8 is at city8-1; package7 is at city11-1; package6 is at city15-2; package5 is at city6-1; package4 is at city7-1; package3 is at city19-1; package2 is at city22-1; package1 is at city13-1.",direct,true,covered,The item is explicitly enumerated in the original description.
init,(AT PACKAGE7 CITY11-1),"Initially, the packages are positioned as follows: package17 is at city8-2; package16 is at city13-2; package15 is at city15-2; package14 is at city3-2; package13 is at city14-2; package12 is at city5-1; package11 is at city16-1; package10 is at city3-2; package9 is at city21-1; package8 is at city8-1; package7 is at city11-1; package6 is at city15-2; package5 is at city6-1; package4 is at city7-1; package3 is at city19-1; package2 is at city22-1; package1 is at city13-1.",direct,true,covered,The item is explicitly enumerated in the original description.
init,(AT PACKAGE6 CITY15-2),"Initially, the packages are positioned as follows: package17 is at city8-2; package16 is at city13-2; package15 is at city15-2; package14 is at city3-2; package13 is at city14-2; package12 is at city5-1; package11 is at city16-1; package10 is at city3-2; package9 is at city21-1; package8 is at city8-1; package7 is at city11-1; package6 is at city15-2; package5 is at city6-1; package4 is at city7-1; package3 is at city19-1; package2 is at city22-1; package1 is at city13-1.",direct,true,covered,The item is explicitly enumerated in the original description.
init,(AT PACKAGE5 CITY6-1),"Initially, the packages are positioned as follows: package17 is at city8-2; package16 is at city13-2; package15 is at city15-2; package14 is at city3-2; package13 is at city14-2; package12 is at city5-1; package11 is at city16-1; package10 is at city3-2; package9 is at city21-1; package8 is at city8-1; package7 is at city11-1; package6 is at city15-2; package5 is at city6-1; package4 is at city7-1; package3 is at city19-1; package2 is at city22-1; package1 is at city13-1.",direct,true,covered,The item is explicitly enumerated in the original description.
init,(AT PACKAGE4 CITY7-1),"Initially, the packages are positioned as follows: package17 is at city8-2; package16 is at city13-2; package15 is at city15-2; package14 is at city3-2; package13 is at city14-2; package12 is at city5-1; package11 is at city16-1; package10 is at city3-2; package9 is at city21-1; package8 is at city8-1; package7 is at city11-1; package6 is at city15-2; package5 is at city6-1; package4 is at city7-1; package3 is at city19-1; package2 is at city22-1; package1 is at city13-1.",direct,true,covered,The item is explicitly enumerated in the original description.
init,(AT PACKAGE3 CITY19-1),"Initially, the packages are positioned as follows: package17 is at city8-2; package16 is at city13-2; package15 is at city15-2; package14 is at city3-2; package13 is at city14-2; package12 is at city5-1; package11 is at city16-1; package10 is at city3-2; package9 is at city21-1; package8 is at city8-1; package7 is at city11-1; package6 is at city15-2; package5 is at city6-1; package4 is at city7-1; package3 is at city19-1; package2 is at city22-1; package1 is at city13-1.",direct,true,covered,The item is explicitly enumerated in the original description.
init,(AT PACKAGE2 CITY22-1),"Initially, the packages are positioned as follows: package17 is at city8-2; package16 is at city13-2; package15 is at city15-2; package14 is at city3-2; package13 is at city14-2; package12 is at city5-1; package11 is at city16-1; package10 is at city3-2; package9 is at city21-1; package8 is at city8-1; package7 is at city11-1; package6 is at city15-2; package5 is at city6-1; package4 is at city7-1; package3 is at city19-1; package2 is at city22-1; package1 is at city13-1.",direct,true,covered,The item is explicitly enumerated in the original description.
init,(AT PACKAGE1 CITY13-1),"Initially, the packages are positioned as follows: package17 is at city8-2; package16 is at city13-2; package15 is at city15-2; package14 is at city3-2; package13 is at city14-2; package12 is at city5-1; package11 is at city16-1; package10 is at city3-2; package9 is at city21-1; package8 is at city8-1; package7 is at city11-1; package6 is at city15-2; package5 is at city6-1; package4 is at city7-1; package3 is at city19-1; package2 is at city22-1; package1 is at city13-1.",direct,true,covered,The item is explicitly enumerated in the original description.
goal,(AT PACKAGE17 CITY3-1),The goal is for the packages to reach these destinations: package17 must be at city3-1; package16 must be at city4-2; package15 must be at city19-1; package14 must be at city9-1; package13 must be at city3-2; package12 must be at city21-1; package11 must be at city21-2; package10 must be at city9-2; package9 must be at city20-2; package8 must be at city13-2; package7 must be at city3-1; package6 must be at city15-2; package5 must be at city8-1; package4 must be at city1-1; package3 must be at city9-2; package2 must be at city2-1; package1 must be at city13-1.,direct,true,covered,The sentence directly states this conjunctive goal atom.
goal,(AT PACKAGE16 CITY4-2),The goal is for the packages to reach these destinations: package17 must be at city3-1; package16 must be at city4-2; package15 must be at city19-1; package14 must be at city9-1; package13 must be at city3-2; package12 must be at city21-1; package11 must be at city21-2; package10 must be at city9-2; package9 must be at city20-2; package8 must be at city13-2; package7 must be at city3-1; package6 must be at city15-2; package5 must be at city8-1; package4 must be at city1-1; package3 must be at city9-2; package2 must be at city2-1; package1 must be at city13-1.,direct,true,covered,The sentence directly states this conjunctive goal atom.
goal,(AT PACKAGE15 CITY19-1),The goal is for the packages to reach these destinations: package17 must be at city3-1; package16 must be at city4-2; package15 must be at city19-1; package14 must be at city9-1; package13 must be at city3-2; package12 must be at city21-1; package11 must be at city21-2; package10 must be at city9-2; package9 must be at city20-2; package8 must be at city13-2; package7 must be at city3-1; package6 must be at city15-2; package5 must be at city8-1; package4 must be at city1-1; package3 must be at city9-2; package2 must be at city2-1; package1 must be at city13-1.,direct,true,covered,The sentence directly states this conjunctive goal atom.
goal,(AT PACKAGE14 CITY9-1),The goal is for the packages to reach these destinations: package17 must be at city3-1; package16 must be at city4-2; package15 must be at city19-1; package14 must be at city9-1; package13 must be at city3-2; package12 must be at city21-1; package11 must be at city21-2; package10 must be at city9-2; package9 must be at city20-2; package8 must be at city13-2; package7 must be at city3-1; package6 must be at city15-2; package5 must be at city8-1; package4 must be at city1-1; package3 must be at city9-2; package2 must be at city2-1; package1 must be at city13-1.,direct,true,covered,The sentence directly states this conjunctive goal atom.
goal,(AT PACKAGE13 CITY3-2),The goal is for the packages to reach these destinations: package17 must be at city3-1; package16 must be at city4-2; package15 must be at city19-1; package14 must be at city9-1; package13 must be at city3-2; package12 must be at city21-1; package11 must be at city21-2; package10 must be at city9-2; package9 must be at city20-2; package8 must be at city13-2; package7 must be at city3-1; package6 must be at city15-2; package5 must be at city8-1; package4 must be at city1-1; package3 must be at city9-2; package2 must be at city2-1; package1 must be at city13-1.,direct,true,covered,The sentence directly states this conjunctive goal atom.
goal,(AT PACKAGE12 CITY21-1),The goal is for the packages to reach these destinations: package17 must be at city3-1; package16 must be at city4-2; package15 must be at city19-1; package14 must be at city9-1; package13 must be at city3-2; package12 must be at city21-1; package11 must be at city21-2; package10 must be at city9-2; package9 must be at city20-2; package8 must be at city13-2; package7 must be at city3-1; package6 must be at city15-2; package5 must be at city8-1; package4 must be at city1-1; package3 must be at city9-2; package2 must be at city2-1; package1 must be at city13-1.,direct,true,covered,The sentence directly states this conjunctive goal atom.
goal,(AT PACKAGE11 CITY21-2),The goal is for the packages to reach these destinations: package17 must be at city3-1; package16 must be at city4-2; package15 must be at city19-1; package14 must be at city9-1; package13 must be at city3-2; package12 must be at city21-1; package11 must be at city21-2; package10 must be at city9-2; package9 must be at city20-2; package8 must be at city13-2; package7 must be at city3-1; package6 must be at city15-2; package5 must be at city8-1; package4 must be at city1-1; package3 must be at city9-2; package2 must be at city2-1; package1 must be at city13-1.,direct,true,covered,The sentence directly states this conjunctive goal atom.
goal,(AT PACKAGE10 CITY9-2),The goal is for the packages to reach these destinations: package17 must be at city3-1; package16 must be at city4-2; package15 must be at city19-1; package14 must be at city9-1; package13 must be at city3-2; package12 must be at city21-1; package11 must be at city21-2; package10 must be at city9-2; package9 must be at city20-2; package8 must be at city13-2; package7 must be at city3-1; package6 must be at city15-2; package5 must be at city8-1; package4 must be at city1-1; package3 must be at city9-2; package2 must be at city2-1; package1 must be at city13-1.,direct,true,covered,The sentence directly states this conjunctive goal atom.
goal,(AT PACKAGE9 CITY20-2),The goal is for the packages to reach these destinations: package17 must be at city3-1; package16 must be at city4-2; package15 must be at city19-1; package14 must be at city9-1; package13 must be at city3-2; package12 must be at city21-1; package11 must be at city21-2; package10 must be at city9-2; package9 must be at city20-2; package8 must be at city13-2; package7 must be at city3-1; package6 must be at city15-2; package5 must be at city8-1; package4 must be at city1-1; package3 must be at city9-2; package2 must be at city2-1; package1 must be at city13-1.,direct,true,covered,The sentence directly states this conjunctive goal atom.
goal,(AT PACKAGE8 CITY13-2),The goal is for the packages to reach these destinations: package17 must be at city3-1; package16 must be at city4-2; package15 must be at city19-1; package14 must be at city9-1; package13 must be at city3-2; package12 must be at city21-1; package11 must be at city21-2; package10 must be at city9-2; package9 must be at city20-2; package8 must be at city13-2; package7 must be at city3-1; package6 must be at city15-2; package5 must be at city8-1; package4 must be at city1-1; package3 must be at city9-2; package2 must be at city2-1; package1 must be at city13-1.,direct,true,covered,The sentence directly states this conjunctive goal atom.
goal,(AT PACKAGE7 CITY3-1),The goal is for the packages to reach these destinations: package17 must be at city3-1; package16 must be at city4-2; package15 must be at city19-1; package14 must be at city9-1; package13 must be at city3-2; package12 must be at city21-1; package11 must be at city21-2; package10 must be at city9-2; package9 must be at city20-2; package8 must be at city13-2; package7 must be at city3-1; package6 must be at city15-2; package5 must be at city8-1; package4 must be at city1-1; package3 must be at city9-2; package2 must be at city2-1; package1 must be at city13-1.,direct,true,covered,The sentence directly states this conjunctive goal atom.
goal,(AT PACKAGE6 CITY15-2),The goal is for the packages to reach these destinations: package17 must be at city3-1; package16 must be at city4-2; package15 must be at city19-1; package14 must be at city9-1; package13 must be at city3-2; package12 must be at city21-1; package11 must be at city21-2; package10 must be at city9-2; package9 must be at city20-2; package8 must be at city13-2; package7 must be at city3-1; package6 must be at city15-2; package5 must be at city8-1; package4 must be at city1-1; package3 must be at city9-2; package2 must be at city2-1; package1 must be at city13-1.,direct,true,covered,The sentence directly states this conjunctive goal atom.
goal,(AT PACKAGE5 CITY8-1),The goal is for the packages to reach these destinations: package17 must be at city3-1; package16 must be at city4-2; package15 must be at city19-1; package14 must be at city9-1; package13 must be at city3-2; package12 must be at city21-1; package11 must be at city21-2; package10 must be at city9-2; package9 must be at city20-2; package8 must be at city13-2; package7 must be at city3-1; package6 must be at city15-2; package5 must be at city8-1; package4 must be at city1-1; package3 must be at city9-2; package2 must be at city2-1; package1 must be at city13-1.,direct,true,covered,The sentence directly states this conjunctive goal atom.
goal,(AT PACKAGE4 CITY1-1),The goal is for the packages to reach these destinations: package17 must be at city3-1; package16 must be at city4-2; package15 must be at city19-1; package14 must be at city9-1; package13 must be at city3-2; package12 must be at city21-1; package11 must be at city21-2; package10 must be at city9-2; package9 must be at city20-2; package8 must be at city13-2; package7 must be at city3-1; package6 must be at city15-2; package5 must be at city8-1; package4 must be at city1-1; package3 must be at city9-2; package2 must be at city2-1; package1 must be at city13-1.,direct,true,covered,The sentence directly states this conjunctive goal atom.
goal,(AT PACKAGE3 CITY9-2),The goal is for the packages to reach these destinations: package17 must be at city3-1; package16 must be at city4-2; package15 must be at city19-1; package14 must be at city9-1; package13 must be at city3-2; package12 must be at city21-1; package11 must be at city21-2; package10 must be at city9-2; package9 must be at city20-2; package8 must be at city13-2; package7 must be at city3-1; package6 must be at city15-2; package5 must be at city8-1; package4 must be at city1-1; package3 must be at city9-2; package2 must be at city2-1; package1 must be at city13-1.,direct,true,covered,The sentence directly states this conjunctive goal atom.
goal,(AT PACKAGE2 CITY2-1),The goal is for the packages to reach these destinations: package17 must be at city3-1; package16 must be at city4-2; package15 must be at city19-1; package14 must be at city9-1; package13 must be at city3-2; package12 must be at city21-1; package11 must be at city21-2; package10 must be at city9-2; package9 must be at city20-2; package8 must be at city13-2; package7 must be at city3-1; package6 must be at city15-2; package5 must be at city8-1; package4 must be at city1-1; package3 must be at city9-2; package2 must be at city2-1; package1 must be at city13-1.,direct,true,covered,The sentence directly states this conjunctive goal atom.
goal,(AT PACKAGE1 CITY13-1),The goal is for the packages to reach these destinations: package17 must be at city3-1; package16 must be at city4-2; package15 must be at city19-1; package14 must be at city9-1; package13 must be at city3-2; package12 must be at city21-1; package11 must be at city21-2; package10 must be at city9-2; package9 must be at city20-2; package8 must be at city13-2; package7 must be at city3-1; package6 must be at city15-2; package5 must be at city8-1; package4 must be at city1-1; package3 must be at city9-2; package2 must be at city2-1; package1 must be at city13-1.,direct,true,covered,The sentence directly states this conjunctive goal atom.

