section,pddl_item,evidence,evidence_kind,unique,status,notes
objects,APN4,"Additionally, we have the following trucks: tru1 to tru13, and a fleet of airplanes: apn1, apn2, apn3, and apn4.",direct,true,covered,The explicit airplane list names APN4. Golden line 4.
objects,APT13,"For each X from 1 to 13, city citX has locations posX and aptX, and aptX is an airport.",deterministic_rule,true,covered,The bounded X=1..13 construction uniquely generates APT13. Golden line 5.
objects,POS13,"For each X from 1 to 13, city citX has locations posX and aptX, and aptX is an airport.",deterministic_rule,true,covered,The bounded X=1..13 construction uniquely generates POS13. Golden line 6.
objects,CIT13,"For each X from 1 to 13, city citX has locations posX and aptX, and aptX is an airport.",deterministic_rule,true,covered,The bounded X=1..13 construction uniquely generates CIT13. Golden line 7.
objects,TRU13,"Additionally, we have the following trucks: tru1 to tru13, and a fleet of airplanes: apn1, apn2, apn3, and apn4.",deterministic_rule,true,covered,The finite range tru1..tru13 uniquely generates TRU13. Golden line 8.
objects,OBJ133,"Initially, we have the following packages: obj11, obj12, obj13, obj21, obj22, obj23, obj31, obj32, obj33, obj41, obj42, obj43, obj51, obj52, obj53, obj61, obj62, obj63, obj71, obj72, obj73, obj81, obj82, obj83, obj91, obj92, obj93, obj101, obj102, obj103, obj111, obj112, obj113, obj121, obj122, obj123, obj131, obj132, obj133.",direct,true,covered,The explicit package list directly names OBJ133. Golden line 9.
objects,OBJ132,"Initially, we have the following packages: obj11, obj12, obj13, obj21, obj22, obj23, obj31, obj32, obj33, obj41, obj42, obj43, obj51, obj52, obj53, obj61, obj62, obj63, obj71, obj72, obj73, obj81, obj82, obj83, obj91, obj92, obj93, obj101, obj102, obj103, obj111, obj112, obj113, obj121, obj122, obj123, obj131, obj132, obj133.",direct,true,covered,The explicit package list directly names OBJ132. Golden line 10.
objects,OBJ131,"Initially, we have the following packages: obj11, obj12, obj13, obj21, obj22, obj23, obj31, obj32, obj33, obj41, obj42, obj43, obj51, obj52, obj53, obj61, obj62, obj63, obj71, obj72, obj73, obj81, obj82, obj83, obj91, obj92, obj93, obj101, obj102, obj103, obj111, obj112, obj113, obj121, obj122, obj123, obj131, obj132, obj133.",direct,true,covered,The explicit package list directly names OBJ131. Golden line 11.
objects,APT12,"For each X from 1 to 13, city citX has locations posX and aptX, and aptX is an airport.",deterministic_rule,true,covered,The bounded X=1..13 construction uniquely generates APT12. Golden line 12.
objects,POS12,"For each X from 1 to 13, city citX has locations posX and aptX, and aptX is an airport.",deterministic_rule,true,covered,The bounded X=1..13 construction uniquely generates POS12. Golden line 13.
objects,CIT12,"For each X from 1 to 13, city citX has locations posX and aptX, and aptX is an airport.",deterministic_rule,true,covered,The bounded X=1..13 construction uniquely generates CIT12. Golden line 14.
objects,TRU12,"Additionally, we have the following trucks: tru1 to tru13, and a fleet of airplanes: apn1, apn2, apn3, and apn4.",deterministic_rule,true,covered,The finite range tru1..tru13 uniquely generates TRU12. Golden line 15.
objects,OBJ123,"Initially, we have the following packages: obj11, obj12, obj13, obj21, obj22, obj23, obj31, obj32, obj33, obj41, obj42, obj43, obj51, obj52, obj53, obj61, obj62, obj63, obj71, obj72, obj73, obj81, obj82, obj83, obj91, obj92, obj93, obj101, obj102, obj103, obj111, obj112, obj113, obj121, obj122, obj123, obj131, obj132, obj133.",direct,true,covered,The explicit package list directly names OBJ123. Golden line 16.
objects,OBJ122,"Initially, we have the following packages: obj11, obj12, obj13, obj21, obj22, obj23, obj31, obj32, obj33, obj41, obj42, obj43, obj51, obj52, obj53, obj61, obj62, obj63, obj71, obj72, obj73, obj81, obj82, obj83, obj91, obj92, obj93, obj101, obj102, obj103, obj111, obj112, obj113, obj121, obj122, obj123, obj131, obj132, obj133.",direct,true,covered,The explicit package list directly names OBJ122. Golden line 17.
objects,OBJ121,"Initially, we have the following packages: obj11, obj12, obj13, obj21, obj22, obj23, obj31, obj32, obj33, obj41, obj42, obj43, obj51, obj52, obj53, obj61, obj62, obj63, obj71, obj72, obj73, obj81, obj82, obj83, obj91, obj92, obj93, obj101, obj102, obj103, obj111, obj112, obj113, obj121, obj122, obj123, obj131, obj132, obj133.",direct,true,covered,The explicit package list directly names OBJ121. Golden line 18.
objects,APT11,"For each X from 1 to 13, city citX has locations posX and aptX, and aptX is an airport.",deterministic_rule,true,covered,The bounded X=1..13 construction uniquely generates APT11. Golden line 19.
objects,POS11,"For each X from 1 to 13, city citX has locations posX and aptX, and aptX is an airport.",deterministic_rule,true,covered,The bounded X=1..13 construction uniquely generates POS11. Golden line 20.
objects,CIT11,"For each X from 1 to 13, city citX has locations posX and aptX, and aptX is an airport.",deterministic_rule,true,covered,The bounded X=1..13 construction uniquely generates CIT11. Golden line 21.
objects,TRU11,"Additionally, we have the following trucks: tru1 to tru13, and a fleet of airplanes: apn1, apn2, apn3, and apn4.",deterministic_rule,true,covered,The finite range tru1..tru13 uniquely generates TRU11. Golden line 22.
objects,OBJ113,"Initially, we have the following packages: obj11, obj12, obj13, obj21, obj22, obj23, obj31, obj32, obj33, obj41, obj42, obj43, obj51, obj52, obj53, obj61, obj62, obj63, obj71, obj72, obj73, obj81, obj82, obj83, obj91, obj92, obj93, obj101, obj102, obj103, obj111, obj112, obj113, obj121, obj122, obj123, obj131, obj132, obj133.",direct,true,covered,The explicit package list directly names OBJ113. Golden line 23.
objects,OBJ112,"Initially, we have the following packages: obj11, obj12, obj13, obj21, obj22, obj23, obj31, obj32, obj33, obj41, obj42, obj43, obj51, obj52, obj53, obj61, obj62, obj63, obj71, obj72, obj73, obj81, obj82, obj83, obj91, obj92, obj93, obj101, obj102, obj103, obj111, obj112, obj113, obj121, obj122, obj123, obj131, obj132, obj133.",direct,true,covered,The explicit package list directly names OBJ112. Golden line 24.
objects,OBJ111,"Initially, we have the following packages: obj11, obj12, obj13, obj21, obj22, obj23, obj31, obj32, obj33, obj41, obj42, obj43, obj51, obj52, obj53, obj61, obj62, obj63, obj71, obj72, obj73, obj81, obj82, obj83, obj91, obj92, obj93, obj101, obj102, obj103, obj111, obj112, obj113, obj121, obj122, obj123, obj131, obj132, obj133.",direct,true,covered,The explicit package list directly names OBJ111. Golden line 25.
objects,APT10,"For each X from 1 to 13, city citX has locations posX and aptX, and aptX is an airport.",deterministic_rule,true,covered,The bounded X=1..13 construction uniquely generates APT10. Golden line 26.
objects,POS10,"For each X from 1 to 13, city citX has locations posX and aptX, and aptX is an airport.",deterministic_rule,true,covered,The bounded X=1..13 construction uniquely generates POS10. Golden line 27.
objects,CIT10,"For each X from 1 to 13, city citX has locations posX and aptX, and aptX is an airport.",deterministic_rule,true,covered,The bounded X=1..13 construction uniquely generates CIT10. Golden line 28.
objects,TRU10,"Additionally, we have the following trucks: tru1 to tru13, and a fleet of airplanes: apn1, apn2, apn3, and apn4.",deterministic_rule,true,covered,The finite range tru1..tru13 uniquely generates TRU10. Golden line 29.
objects,OBJ103,"Initially, we have the following packages: obj11, obj12, obj13, obj21, obj22, obj23, obj31, obj32, obj33, obj41, obj42, obj43, obj51, obj52, obj53, obj61, obj62, obj63, obj71, obj72, obj73, obj81, obj82, obj83, obj91, obj92, obj93, obj101, obj102, obj103, obj111, obj112, obj113, obj121, obj122, obj123, obj131, obj132, obj133.",direct,true,covered,The explicit package list directly names OBJ103. Golden line 30.
objects,OBJ102,"Initially, we have the following packages: obj11, obj12, obj13, obj21, obj22, obj23, obj31, obj32, obj33, obj41, obj42, obj43, obj51, obj52, obj53, obj61, obj62, obj63, obj71, obj72, obj73, obj81, obj82, obj83, obj91, obj92, obj93, obj101, obj102, obj103, obj111, obj112, obj113, obj121, obj122, obj123, obj131, obj132, obj133.",direct,true,covered,The explicit package list directly names OBJ102. Golden line 31.
objects,OBJ101,"Initially, we have the following packages: obj11, obj12, obj13, obj21, obj22, obj23, obj31, obj32, obj33, obj41, obj42, obj43, obj51, obj52, obj53, obj61, obj62, obj63, obj71, obj72, obj73, obj81, obj82, obj83, obj91, obj92, obj93, obj101, obj102, obj103, obj111, obj112, obj113, obj121, obj122, obj123, obj131, obj132, obj133.",direct,true,covered,The explicit package list directly names OBJ101. Golden line 32.
objects,APN3,"Additionally, we have the following trucks: tru1 to tru13, and a fleet of airplanes: apn1, apn2, apn3, and apn4.",direct,true,covered,The explicit airplane list names APN3. Golden line 33.
objects,APT9,"For each X from 1 to 13, city citX has locations posX and aptX, and aptX is an airport.",deterministic_rule,true,covered,The bounded X=1..13 construction uniquely generates APT9. Golden line 34.
objects,POS9,"For each X from 1 to 13, city citX has locations posX and aptX, and aptX is an airport.",deterministic_rule,true,covered,The bounded X=1..13 construction uniquely generates POS9. Golden line 35.
objects,CIT9,"For each X from 1 to 13, city citX has locations posX and aptX, and aptX is an airport.",deterministic_rule,true,covered,The bounded X=1..13 construction uniquely generates CIT9. Golden line 36.
objects,TRU9,"Additionally, we have the following trucks: tru1 to tru13, and a fleet of airplanes: apn1, apn2, apn3, and apn4.",deterministic_rule,true,covered,The finite range tru1..tru13 uniquely generates TRU9. Golden line 37.
objects,OBJ93,"Initially, we have the following packages: obj11, obj12, obj13, obj21, obj22, obj23, obj31, obj32, obj33, obj41, obj42, obj43, obj51, obj52, obj53, obj61, obj62, obj63, obj71, obj72, obj73, obj81, obj82, obj83, obj91, obj92, obj93, obj101, obj102, obj103, obj111, obj112, obj113, obj121, obj122, obj123, obj131, obj132, obj133.",direct,true,covered,The explicit package list directly names OBJ93. Golden line 38.
objects,OBJ92,"Initially, we have the following packages: obj11, obj12, obj13, obj21, obj22, obj23, obj31, obj32, obj33, obj41, obj42, obj43, obj51, obj52, obj53, obj61, obj62, obj63, obj71, obj72, obj73, obj81, obj82, obj83, obj91, obj92, obj93, obj101, obj102, obj103, obj111, obj112, obj113, obj121, obj122, obj123, obj131, obj132, obj133.",direct,true,covered,The explicit package list directly names OBJ92. Golden line 39.
objects,OBJ91,"Initially, we have the following packages: obj11, obj12, obj13, obj21, obj22, obj23, obj31, obj32, obj33, obj41, obj42, obj43, obj51, obj52, obj53, obj61, obj62, obj63, obj71, obj72, obj73, obj81, obj82, obj83, obj91, obj92, obj93, obj101, obj102, obj103, obj111, obj112, obj113, obj121, obj122, obj123, obj131, obj132, obj133.",direct,true,covered,The explicit package list directly names OBJ91. Golden line 40.
objects,APT8,"For each X from 1 to 13, city citX has locations posX and aptX, and aptX is an airport.",deterministic_rule,true,covered,The bounded X=1..13 construction uniquely generates APT8. Golden line 41.
objects,POS8,"For each X from 1 to 13, city citX has locations posX and aptX, and aptX is an airport.",deterministic_rule,true,covered,The bounded X=1..13 construction uniquely generates POS8. Golden line 42.
objects,CIT8,"For each X from 1 to 13, city citX has locations posX and aptX, and aptX is an airport.",deterministic_rule,true,covered,The bounded X=1..13 construction uniquely generates CIT8. Golden line 43.
objects,TRU8,"Additionally, we have the following trucks: tru1 to tru13, and a fleet of airplanes: apn1, apn2, apn3, and apn4.",deterministic_rule,true,covered,The finite range tru1..tru13 uniquely generates TRU8. Golden line 44.
objects,OBJ83,"Initially, we have the following packages: obj11, obj12, obj13, obj21, obj22, obj23, obj31, obj32, obj33, obj41, obj42, obj43, obj51, obj52, obj53, obj61, obj62, obj63, obj71, obj72, obj73, obj81, obj82, obj83, obj91, obj92, obj93, obj101, obj102, obj103, obj111, obj112, obj113, obj121, obj122, obj123, obj131, obj132, obj133.",direct,true,covered,The explicit package list directly names OBJ83. Golden line 45.
objects,OBJ82,"Initially, we have the following packages: obj11, obj12, obj13, obj21, obj22, obj23, obj31, obj32, obj33, obj41, obj42, obj43, obj51, obj52, obj53, obj61, obj62, obj63, obj71, obj72, obj73, obj81, obj82, obj83, obj91, obj92, obj93, obj101, obj102, obj103, obj111, obj112, obj113, obj121, obj122, obj123, obj131, obj132, obj133.",direct,true,covered,The explicit package list directly names OBJ82. Golden line 46.
objects,OBJ81,"Initially, we have the following packages: obj11, obj12, obj13, obj21, obj22, obj23, obj31, obj32, obj33, obj41, obj42, obj43, obj51, obj52, obj53, obj61, obj62, obj63, obj71, obj72, obj73, obj81, obj82, obj83, obj91, obj92, obj93, obj101, obj102, obj103, obj111, obj112, obj113, obj121, obj122, obj123, obj131, obj132, obj133.",direct,true,covered,The explicit package list directly names OBJ81. Golden line 47.
objects,APT7,"For each X from 1 to 13, city citX has locations posX and aptX, and aptX is an airport.",deterministic_rule,true,covered,The bounded X=1..13 construction uniquely generates APT7. Golden line 48.
objects,POS7,"For each X from 1 to 13, city citX has locations posX and aptX, and aptX is an airport.",deterministic_rule,true,covered,The bounded X=1..13 construction uniquely generates POS7. Golden line 49.
objects,CIT7,"For each X from 1 to 13, city citX has locations posX and aptX, and aptX is an airport.",deterministic_rule,true,covered,The bounded X=1..13 construction uniquely generates CIT7. Golden line 50.
objects,TRU7,"Additionally, we have the following trucks: tru1 to tru13, and a fleet of airplanes: apn1, apn2, apn3, and apn4.",deterministic_rule,true,covered,The finite range tru1..tru13 uniquely generates TRU7. Golden line 51.
objects,OBJ73,"Initially, we have the following packages: obj11, obj12, obj13, obj21, obj22, obj23, obj31, obj32, obj33, obj41, obj42, obj43, obj51, obj52, obj53, obj61, obj62, obj63, obj71, obj72, obj73, obj81, obj82, obj83, obj91, obj92, obj93, obj101, obj102, obj103, obj111, obj112, obj113, obj121, obj122, obj123, obj131, obj132, obj133.",direct,true,covered,The explicit package list directly names OBJ73. Golden line 52.
objects,OBJ72,"Initially, we have the following packages: obj11, obj12, obj13, obj21, obj22, obj23, obj31, obj32, obj33, obj41, obj42, obj43, obj51, obj52, obj53, obj61, obj62, obj63, obj71, obj72, obj73, obj81, obj82, obj83, obj91, obj92, obj93, obj101, obj102, obj103, obj111, obj112, obj113, obj121, obj122, obj123, obj131, obj132, obj133.",direct,true,covered,The explicit package list directly names OBJ72. Golden line 53.
objects,OBJ71,"Initially, we have the following packages: obj11, obj12, obj13, obj21, obj22, obj23, obj31, obj32, obj33, obj41, obj42, obj43, obj51, obj52, obj53, obj61, obj62, obj63, obj71, obj72, obj73, obj81, obj82, obj83, obj91, obj92, obj93, obj101, obj102, obj103, obj111, obj112, obj113, obj121, obj122, obj123, obj131, obj132, obj133.",direct,true,covered,The explicit package list directly names OBJ71. Golden line 54.
objects,APT6,"For each X from 1 to 13, city citX has locations posX and aptX, and aptX is an airport.",deterministic_rule,true,covered,The bounded X=1..13 construction uniquely generates APT6. Golden line 55.
objects,POS6,"For each X from 1 to 13, city citX has locations posX and aptX, and aptX is an airport.",deterministic_rule,true,covered,The bounded X=1..13 construction uniquely generates POS6. Golden line 56.
objects,CIT6,"For each X from 1 to 13, city citX has locations posX and aptX, and aptX is an airport.",deterministic_rule,true,covered,The bounded X=1..13 construction uniquely generates CIT6. Golden line 57.
objects,TRU6,"Additionally, we have the following trucks: tru1 to tru13, and a fleet of airplanes: apn1, apn2, apn3, and apn4.",deterministic_rule,true,covered,The finite range tru1..tru13 uniquely generates TRU6. Golden line 58.
objects,OBJ63,"Initially, we have the following packages: obj11, obj12, obj13, obj21, obj22, obj23, obj31, obj32, obj33, obj41, obj42, obj43, obj51, obj52, obj53, obj61, obj62, obj63, obj71, obj72, obj73, obj81, obj82, obj83, obj91, obj92, obj93, obj101, obj102, obj103, obj111, obj112, obj113, obj121, obj122, obj123, obj131, obj132, obj133.",direct,true,covered,The explicit package list directly names OBJ63. Golden line 59.
objects,OBJ62,"Initially, we have the following packages: obj11, obj12, obj13, obj21, obj22, obj23, obj31, obj32, obj33, obj41, obj42, obj43, obj51, obj52, obj53, obj61, obj62, obj63, obj71, obj72, obj73, obj81, obj82, obj83, obj91, obj92, obj93, obj101, obj102, obj103, obj111, obj112, obj113, obj121, obj122, obj123, obj131, obj132, obj133.",direct,true,covered,The explicit package list directly names OBJ62. Golden line 60.
objects,OBJ61,"Initially, we have the following packages: obj11, obj12, obj13, obj21, obj22, obj23, obj31, obj32, obj33, obj41, obj42, obj43, obj51, obj52, obj53, obj61, obj62, obj63, obj71, obj72, obj73, obj81, obj82, obj83, obj91, obj92, obj93, obj101, obj102, obj103, obj111, obj112, obj113, obj121, obj122, obj123, obj131, obj132, obj133.",direct,true,covered,The explicit package list directly names OBJ61. Golden line 61.
objects,APN2,"Additionally, we have the following trucks: tru1 to tru13, and a fleet of airplanes: apn1, apn2, apn3, and apn4.",direct,true,covered,The explicit airplane list names APN2. Golden line 62.
objects,APT5,"For each X from 1 to 13, city citX has locations posX and aptX, and aptX is an airport.",deterministic_rule,true,covered,The bounded X=1..13 construction uniquely generates APT5. Golden line 63.
objects,POS5,"For each X from 1 to 13, city citX has locations posX and aptX, and aptX is an airport.",deterministic_rule,true,covered,The bounded X=1..13 construction uniquely generates POS5. Golden line 64.
objects,CIT5,"For each X from 1 to 13, city citX has locations posX and aptX, and aptX is an airport.",deterministic_rule,true,covered,The bounded X=1..13 construction uniquely generates CIT5. Golden line 65.
objects,TRU5,"Additionally, we have the following trucks: tru1 to tru13, and a fleet of airplanes: apn1, apn2, apn3, and apn4.",deterministic_rule,true,covered,The finite range tru1..tru13 uniquely generates TRU5. Golden line 66.
objects,OBJ53,"Initially, we have the following packages: obj11, obj12, obj13, obj21, obj22, obj23, obj31, obj32, obj33, obj41, obj42, obj43, obj51, obj52, obj53, obj61, obj62, obj63, obj71, obj72, obj73, obj81, obj82, obj83, obj91, obj92, obj93, obj101, obj102, obj103, obj111, obj112, obj113, obj121, obj122, obj123, obj131, obj132, obj133.",direct,true,covered,The explicit package list directly names OBJ53. Golden line 67.
objects,OBJ52,"Initially, we have the following packages: obj11, obj12, obj13, obj21, obj22, obj23, obj31, obj32, obj33, obj41, obj42, obj43, obj51, obj52, obj53, obj61, obj62, obj63, obj71, obj72, obj73, obj81, obj82, obj83, obj91, obj92, obj93, obj101, obj102, obj103, obj111, obj112, obj113, obj121, obj122, obj123, obj131, obj132, obj133.",direct,true,covered,The explicit package list directly names OBJ52. Golden line 68.
objects,OBJ51,"Initially, we have the following packages: obj11, obj12, obj13, obj21, obj22, obj23, obj31, obj32, obj33, obj41, obj42, obj43, obj51, obj52, obj53, obj61, obj62, obj63, obj71, obj72, obj73, obj81, obj82, obj83, obj91, obj92, obj93, obj101, obj102, obj103, obj111, obj112, obj113, obj121, obj122, obj123, obj131, obj132, obj133.",direct,true,covered,The explicit package list directly names OBJ51. Golden line 69.
objects,APT4,"For each X from 1 to 13, city citX has locations posX and aptX, and aptX is an airport.",deterministic_rule,true,covered,The bounded X=1..13 construction uniquely generates APT4. Golden line 70.
objects,POS4,"For each X from 1 to 13, city citX has locations posX and aptX, and aptX is an airport.",deterministic_rule,true,covered,The bounded X=1..13 construction uniquely generates POS4. Golden line 71.
objects,CIT4,"For each X from 1 to 13, city citX has locations posX and aptX, and aptX is an airport.",deterministic_rule,true,covered,The bounded X=1..13 construction uniquely generates CIT4. Golden line 72.
objects,TRU4,"Additionally, we have the following trucks: tru1 to tru13, and a fleet of airplanes: apn1, apn2, apn3, and apn4.",deterministic_rule,true,covered,The finite range tru1..tru13 uniquely generates TRU4. Golden line 73.
objects,OBJ43,"Initially, we have the following packages: obj11, obj12, obj13, obj21, obj22, obj23, obj31, obj32, obj33, obj41, obj42, obj43, obj51, obj52, obj53, obj61, obj62, obj63, obj71, obj72, obj73, obj81, obj82, obj83, obj91, obj92, obj93, obj101, obj102, obj103, obj111, obj112, obj113, obj121, obj122, obj123, obj131, obj132, obj133.",direct,true,covered,The explicit package list directly names OBJ43. Golden line 74.
objects,OBJ42,"Initially, we have the following packages: obj11, obj12, obj13, obj21, obj22, obj23, obj31, obj32, obj33, obj41, obj42, obj43, obj51, obj52, obj53, obj61, obj62, obj63, obj71, obj72, obj73, obj81, obj82, obj83, obj91, obj92, obj93, obj101, obj102, obj103, obj111, obj112, obj113, obj121, obj122, obj123, obj131, obj132, obj133.",direct,true,covered,The explicit package list directly names OBJ42. Golden line 75.
objects,OBJ41,"Initially, we have the following packages: obj11, obj12, obj13, obj21, obj22, obj23, obj31, obj32, obj33, obj41, obj42, obj43, obj51, obj52, obj53, obj61, obj62, obj63, obj71, obj72, obj73, obj81, obj82, obj83, obj91, obj92, obj93, obj101, obj102, obj103, obj111, obj112, obj113, obj121, obj122, obj123, obj131, obj132, obj133.",direct,true,covered,The explicit package list directly names OBJ41. Golden line 76.
objects,APT3,"For each X from 1 to 13, city citX has locations posX and aptX, and aptX is an airport.",deterministic_rule,true,covered,The bounded X=1..13 construction uniquely generates APT3. Golden line 77.
objects,POS3,"For each X from 1 to 13, city citX has locations posX and aptX, and aptX is an airport.",deterministic_rule,true,covered,The bounded X=1..13 construction uniquely generates POS3. Golden line 78.
objects,CIT3,"For each X from 1 to 13, city citX has locations posX and aptX, and aptX is an airport.",deterministic_rule,true,covered,The bounded X=1..13 construction uniquely generates CIT3. Golden line 79.
objects,TRU3,"Additionally, we have the following trucks: tru1 to tru13, and a fleet of airplanes: apn1, apn2, apn3, and apn4.",deterministic_rule,true,covered,The finite range tru1..tru13 uniquely generates TRU3. Golden line 80.
objects,OBJ33,"Initially, we have the following packages: obj11, obj12, obj13, obj21, obj22, obj23, obj31, obj32, obj33, obj41, obj42, obj43, obj51, obj52, obj53, obj61, obj62, obj63, obj71, obj72, obj73, obj81, obj82, obj83, obj91, obj92, obj93, obj101, obj102, obj103, obj111, obj112, obj113, obj121, obj122, obj123, obj131, obj132, obj133.",direct,true,covered,The explicit package list directly names OBJ33. Golden line 81.
objects,OBJ32,"Initially, we have the following packages: obj11, obj12, obj13, obj21, obj22, obj23, obj31, obj32, obj33, obj41, obj42, obj43, obj51, obj52, obj53, obj61, obj62, obj63, obj71, obj72, obj73, obj81, obj82, obj83, obj91, obj92, obj93, obj101, obj102, obj103, obj111, obj112, obj113, obj121, obj122, obj123, obj131, obj132, obj133.",direct,true,covered,The explicit package list directly names OBJ32. Golden line 82.
objects,OBJ31,"Initially, we have the following packages: obj11, obj12, obj13, obj21, obj22, obj23, obj31, obj32, obj33, obj41, obj42, obj43, obj51, obj52, obj53, obj61, obj62, obj63, obj71, obj72, obj73, obj81, obj82, obj83, obj91, obj92, obj93, obj101, obj102, obj103, obj111, obj112, obj113, obj121, obj122, obj123, obj131, obj132, obj133.",direct,true,covered,The explicit package list directly names OBJ31. Golden line 83.
objects,APT2,"For each X from 1 to 13, city citX has locations posX and aptX, and aptX is an airport.",deterministic_rule,true,covered,The bounded X=1..13 construction uniquely generates APT2. Golden line 84.
objects,POS2,"For each X from 1 to 13, city citX has locations posX and aptX, and aptX is an airport.",deterministic_rule,true,covered,The bounded X=1..13 construction uniquely generates POS2. Golden line 85.
objects,CIT2,"For each X from 1 to 13, city citX has locations posX and aptX, and aptX is an airport.",deterministic_rule,true,covered,The bounded X=1..13 construction uniquely generates CIT2. Golden line 86.
objects,TRU2,"Additionally, we have the following trucks: tru1 to tru13, and a fleet of airplanes: apn1, apn2, apn3, and apn4.",deterministic_rule,true,covered,The finite range tru1..tru13 uniquely generates TRU2. Golden line 87.
objects,OBJ23,"Initially, we have the following packages: obj11, obj12, obj13, obj21, obj22, obj23, obj31, obj32, obj33, obj41, obj42, obj43, obj51, obj52, obj53, obj61, obj62, obj63, obj71, obj72, obj73, obj81, obj82, obj83, obj91, obj92, obj93, obj101, obj102, obj103, obj111, obj112, obj113, obj121, obj122, obj123, obj131, obj132, obj133.",direct,true,covered,The explicit package list directly names OBJ23. Golden line 88.
objects,OBJ22,"Initially, we have the following packages: obj11, obj12, obj13, obj21, obj22, obj23, obj31, obj32, obj33, obj41, obj42, obj43, obj51, obj52, obj53, obj61, obj62, obj63, obj71, obj72, obj73, obj81, obj82, obj83, obj91, obj92, obj93, obj101, obj102, obj103, obj111, obj112, obj113, obj121, obj122, obj123, obj131, obj132, obj133.",direct,true,covered,The explicit package list directly names OBJ22. Golden line 89.
objects,OBJ21,"Initially, we have the following packages: obj11, obj12, obj13, obj21, obj22, obj23, obj31, obj32, obj33, obj41, obj42, obj43, obj51, obj52, obj53, obj61, obj62, obj63, obj71, obj72, obj73, obj81, obj82, obj83, obj91, obj92, obj93, obj101, obj102, obj103, obj111, obj112, obj113, obj121, obj122, obj123, obj131, obj132, obj133.",direct,true,covered,The explicit package list directly names OBJ21. Golden line 90.
objects,APN1,"Additionally, we have the following trucks: tru1 to tru13, and a fleet of airplanes: apn1, apn2, apn3, and apn4.",direct,true,covered,The explicit airplane list names APN1. Golden line 91.
objects,APT1,"For each X from 1 to 13, city citX has locations posX and aptX, and aptX is an airport.",deterministic_rule,true,covered,The bounded X=1..13 construction uniquely generates APT1. Golden line 92.
objects,POS1,"For each X from 1 to 13, city citX has locations posX and aptX, and aptX is an airport.",deterministic_rule,true,covered,The bounded X=1..13 construction uniquely generates POS1. Golden line 93.
objects,CIT1,"For each X from 1 to 13, city citX has locations posX and aptX, and aptX is an airport.",deterministic_rule,true,covered,The bounded X=1..13 construction uniquely generates CIT1. Golden line 94.
objects,TRU1,"Additionally, we have the following trucks: tru1 to tru13, and a fleet of airplanes: apn1, apn2, apn3, and apn4.",deterministic_rule,true,covered,The finite range tru1..tru13 uniquely generates TRU1. Golden line 95.
objects,OBJ13,"Initially, we have the following packages: obj11, obj12, obj13, obj21, obj22, obj23, obj31, obj32, obj33, obj41, obj42, obj43, obj51, obj52, obj53, obj61, obj62, obj63, obj71, obj72, obj73, obj81, obj82, obj83, obj91, obj92, obj93, obj101, obj102, obj103, obj111, obj112, obj113, obj121, obj122, obj123, obj131, obj132, obj133.",direct,true,covered,The explicit package list directly names OBJ13. Golden line 96.
objects,OBJ12,"Initially, we have the following packages: obj11, obj12, obj13, obj21, obj22, obj23, obj31, obj32, obj33, obj41, obj42, obj43, obj51, obj52, obj53, obj61, obj62, obj63, obj71, obj72, obj73, obj81, obj82, obj83, obj91, obj92, obj93, obj101, obj102, obj103, obj111, obj112, obj113, obj121, obj122, obj123, obj131, obj132, obj133.",direct,true,covered,The explicit package list directly names OBJ12. Golden line 97.
objects,OBJ11,"Initially, we have the following packages: obj11, obj12, obj13, obj21, obj22, obj23, obj31, obj32, obj33, obj41, obj42, obj43, obj51, obj52, obj53, obj61, obj62, obj63, obj71, obj72, obj73, obj81, obj82, obj83, obj91, obj92, obj93, obj101, obj102, obj103, obj111, obj112, obj113, obj121, obj122, obj123, obj131, obj132, obj133.",direct,true,covered,The explicit package list directly names OBJ11. Golden line 98.
init,(PACKAGE OBJ11),"Initially, we have the following packages: obj11, obj12, obj13, obj21, obj22, obj23, obj31, obj32, obj33, obj41, obj42, obj43, obj51, obj52, obj53, obj61, obj62, obj63, obj71, obj72, obj73, obj81, obj82, obj83, obj91, obj92, obj93, obj101, obj102, obj103, obj111, obj112, obj113, obj121, obj122, obj123, obj131, obj132, obj133.",direct,true,covered,The explicit declaration covers (PACKAGE OBJ11). Golden line 101.
init,(PACKAGE OBJ12),"Initially, we have the following packages: obj11, obj12, obj13, obj21, obj22, obj23, obj31, obj32, obj33, obj41, obj42, obj43, obj51, obj52, obj53, obj61, obj62, obj63, obj71, obj72, obj73, obj81, obj82, obj83, obj91, obj92, obj93, obj101, obj102, obj103, obj111, obj112, obj113, obj121, obj122, obj123, obj131, obj132, obj133.",direct,true,covered,The explicit declaration covers (PACKAGE OBJ12). Golden line 102.
init,(PACKAGE OBJ13),"Initially, we have the following packages: obj11, obj12, obj13, obj21, obj22, obj23, obj31, obj32, obj33, obj41, obj42, obj43, obj51, obj52, obj53, obj61, obj62, obj63, obj71, obj72, obj73, obj81, obj82, obj83, obj91, obj92, obj93, obj101, obj102, obj103, obj111, obj112, obj113, obj121, obj122, obj123, obj131, obj132, obj133.",direct,true,covered,The explicit declaration covers (PACKAGE OBJ13). Golden line 103.
init,(PACKAGE OBJ21),"Initially, we have the following packages: obj11, obj12, obj13, obj21, obj22, obj23, obj31, obj32, obj33, obj41, obj42, obj43, obj51, obj52, obj53, obj61, obj62, obj63, obj71, obj72, obj73, obj81, obj82, obj83, obj91, obj92, obj93, obj101, obj102, obj103, obj111, obj112, obj113, obj121, obj122, obj123, obj131, obj132, obj133.",direct,true,covered,The explicit declaration covers (PACKAGE OBJ21). Golden line 104.
init,(PACKAGE OBJ22),"Initially, we have the following packages: obj11, obj12, obj13, obj21, obj22, obj23, obj31, obj32, obj33, obj41, obj42, obj43, obj51, obj52, obj53, obj61, obj62, obj63, obj71, obj72, obj73, obj81, obj82, obj83, obj91, obj92, obj93, obj101, obj102, obj103, obj111, obj112, obj113, obj121, obj122, obj123, obj131, obj132, obj133.",direct,true,covered,The explicit declaration covers (PACKAGE OBJ22). Golden line 105.
init,(PACKAGE OBJ23),"Initially, we have the following packages: obj11, obj12, obj13, obj21, obj22, obj23, obj31, obj32, obj33, obj41, obj42, obj43, obj51, obj52, obj53, obj61, obj62, obj63, obj71, obj72, obj73, obj81, obj82, obj83, obj91, obj92, obj93, obj101, obj102, obj103, obj111, obj112, obj113, obj121, obj122, obj123, obj131, obj132, obj133.",direct,true,covered,The explicit declaration covers (PACKAGE OBJ23). Golden line 106.
init,(PACKAGE OBJ31),"Initially, we have the following packages: obj11, obj12, obj13, obj21, obj22, obj23, obj31, obj32, obj33, obj41, obj42, obj43, obj51, obj52, obj53, obj61, obj62, obj63, obj71, obj72, obj73, obj81, obj82, obj83, obj91, obj92, obj93, obj101, obj102, obj103, obj111, obj112, obj113, obj121, obj122, obj123, obj131, obj132, obj133.",direct,true,covered,The explicit declaration covers (PACKAGE OBJ31). Golden line 107.
init,(PACKAGE OBJ32),"Initially, we have the following packages: obj11, obj12, obj13, obj21, obj22, obj23, obj31, obj32, obj33, obj41, obj42, obj43, obj51, obj52, obj53, obj61, obj62, obj63, obj71, obj72, obj73, obj81, obj82, obj83, obj91, obj92, obj93, obj101, obj102, obj103, obj111, obj112, obj113, obj121, obj122, obj123, obj131, obj132, obj133.",direct,true,covered,The explicit declaration covers (PACKAGE OBJ32). Golden line 108.
init,(PACKAGE OBJ33),"Initially, we have the following packages: obj11, obj12, obj13, obj21, obj22, obj23, obj31, obj32, obj33, obj41, obj42, obj43, obj51, obj52, obj53, obj61, obj62, obj63, obj71, obj72, obj73, obj81, obj82, obj83, obj91, obj92, obj93, obj101, obj102, obj103, obj111, obj112, obj113, obj121, obj122, obj123, obj131, obj132, obj133.",direct,true,covered,The explicit declaration covers (PACKAGE OBJ33). Golden line 109.
init,(PACKAGE OBJ41),"Initially, we have the following packages: obj11, obj12, obj13, obj21, obj22, obj23, obj31, obj32, obj33, obj41, obj42, obj43, obj51, obj52, obj53, obj61, obj62, obj63, obj71, obj72, obj73, obj81, obj82, obj83, obj91, obj92, obj93, obj101, obj102, obj103, obj111, obj112, obj113, obj121, obj122, obj123, obj131, obj132, obj133.",direct,true,covered,The explicit declaration covers (PACKAGE OBJ41). Golden line 110.
init,(PACKAGE OBJ42),"Initially, we have the following packages: obj11, obj12, obj13, obj21, obj22, obj23, obj31, obj32, obj33, obj41, obj42, obj43, obj51, obj52, obj53, obj61, obj62, obj63, obj71, obj72, obj73, obj81, obj82, obj83, obj91, obj92, obj93, obj101, obj102, obj103, obj111, obj112, obj113, obj121, obj122, obj123, obj131, obj132, obj133.",direct,true,covered,The explicit declaration covers (PACKAGE OBJ42). Golden line 111.
init,(PACKAGE OBJ43),"Initially, we have the following packages: obj11, obj12, obj13, obj21, obj22, obj23, obj31, obj32, obj33, obj41, obj42, obj43, obj51, obj52, obj53, obj61, obj62, obj63, obj71, obj72, obj73, obj81, obj82, obj83, obj91, obj92, obj93, obj101, obj102, obj103, obj111, obj112, obj113, obj121, obj122, obj123, obj131, obj132, obj133.",direct,true,covered,The explicit declaration covers (PACKAGE OBJ43). Golden line 112.
init,(PACKAGE OBJ51),"Initially, we have the following packages: obj11, obj12, obj13, obj21, obj22, obj23, obj31, obj32, obj33, obj41, obj42, obj43, obj51, obj52, obj53, obj61, obj62, obj63, obj71, obj72, obj73, obj81, obj82, obj83, obj91, obj92, obj93, obj101, obj102, obj103, obj111, obj112, obj113, obj121, obj122, obj123, obj131, obj132, obj133.",direct,true,covered,The explicit declaration covers (PACKAGE OBJ51). Golden line 113.
init,(PACKAGE OBJ52),"Initially, we have the following packages: obj11, obj12, obj13, obj21, obj22, obj23, obj31, obj32, obj33, obj41, obj42, obj43, obj51, obj52, obj53, obj61, obj62, obj63, obj71, obj72, obj73, obj81, obj82, obj83, obj91, obj92, obj93, obj101, obj102, obj103, obj111, obj112, obj113, obj121, obj122, obj123, obj131, obj132, obj133.",direct,true,covered,The explicit declaration covers (PACKAGE OBJ52). Golden line 114.
init,(PACKAGE OBJ53),"Initially, we have the following packages: obj11, obj12, obj13, obj21, obj22, obj23, obj31, obj32, obj33, obj41, obj42, obj43, obj51, obj52, obj53, obj61, obj62, obj63, obj71, obj72, obj73, obj81, obj82, obj83, obj91, obj92, obj93, obj101, obj102, obj103, obj111, obj112, obj113, obj121, obj122, obj123, obj131, obj132, obj133.",direct,true,covered,The explicit declaration covers (PACKAGE OBJ53). Golden line 115.
init,(PACKAGE OBJ61),"Initially, we have the following packages: obj11, obj12, obj13, obj21, obj22, obj23, obj31, obj32, obj33, obj41, obj42, obj43, obj51, obj52, obj53, obj61, obj62, obj63, obj71, obj72, obj73, obj81, obj82, obj83, obj91, obj92, obj93, obj101, obj102, obj103, obj111, obj112, obj113, obj121, obj122, obj123, obj131, obj132, obj133.",direct,true,covered,The explicit declaration covers (PACKAGE OBJ61). Golden line 116.
init,(PACKAGE OBJ62),"Initially, we have the following packages: obj11, obj12, obj13, obj21, obj22, obj23, obj31, obj32, obj33, obj41, obj42, obj43, obj51, obj52, obj53, obj61, obj62, obj63, obj71, obj72, obj73, obj81, obj82, obj83, obj91, obj92, obj93, obj101, obj102, obj103, obj111, obj112, obj113, obj121, obj122, obj123, obj131, obj132, obj133.",direct,true,covered,The explicit declaration covers (PACKAGE OBJ62). Golden line 117.
init,(PACKAGE OBJ63),"Initially, we have the following packages: obj11, obj12, obj13, obj21, obj22, obj23, obj31, obj32, obj33, obj41, obj42, obj43, obj51, obj52, obj53, obj61, obj62, obj63, obj71, obj72, obj73, obj81, obj82, obj83, obj91, obj92, obj93, obj101, obj102, obj103, obj111, obj112, obj113, obj121, obj122, obj123, obj131, obj132, obj133.",direct,true,covered,The explicit declaration covers (PACKAGE OBJ63). Golden line 118.
init,(PACKAGE OBJ71),"Initially, we have the following packages: obj11, obj12, obj13, obj21, obj22, obj23, obj31, obj32, obj33, obj41, obj42, obj43, obj51, obj52, obj53, obj61, obj62, obj63, obj71, obj72, obj73, obj81, obj82, obj83, obj91, obj92, obj93, obj101, obj102, obj103, obj111, obj112, obj113, obj121, obj122, obj123, obj131, obj132, obj133.",direct,true,covered,The explicit declaration covers (PACKAGE OBJ71). Golden line 119.
init,(PACKAGE OBJ72),"Initially, we have the following packages: obj11, obj12, obj13, obj21, obj22, obj23, obj31, obj32, obj33, obj41, obj42, obj43, obj51, obj52, obj53, obj61, obj62, obj63, obj71, obj72, obj73, obj81, obj82, obj83, obj91, obj92, obj93, obj101, obj102, obj103, obj111, obj112, obj113, obj121, obj122, obj123, obj131, obj132, obj133.",direct,true,covered,The explicit declaration covers (PACKAGE OBJ72). Golden line 120.
init,(PACKAGE OBJ73),"Initially, we have the following packages: obj11, obj12, obj13, obj21, obj22, obj23, obj31, obj32, obj33, obj41, obj42, obj43, obj51, obj52, obj53, obj61, obj62, obj63, obj71, obj72, obj73, obj81, obj82, obj83, obj91, obj92, obj93, obj101, obj102, obj103, obj111, obj112, obj113, obj121, obj122, obj123, obj131, obj132, obj133.",direct,true,covered,The explicit declaration covers (PACKAGE OBJ73). Golden line 121.
init,(PACKAGE OBJ81),"Initially, we have the following packages: obj11, obj12, obj13, obj21, obj22, obj23, obj31, obj32, obj33, obj41, obj42, obj43, obj51, obj52, obj53, obj61, obj62, obj63, obj71, obj72, obj73, obj81, obj82, obj83, obj91, obj92, obj93, obj101, obj102, obj103, obj111, obj112, obj113, obj121, obj122, obj123, obj131, obj132, obj133.",direct,true,covered,The explicit declaration covers (PACKAGE OBJ81). Golden line 122.
init,(PACKAGE OBJ82),"Initially, we have the following packages: obj11, obj12, obj13, obj21, obj22, obj23, obj31, obj32, obj33, obj41, obj42, obj43, obj51, obj52, obj53, obj61, obj62, obj63, obj71, obj72, obj73, obj81, obj82, obj83, obj91, obj92, obj93, obj101, obj102, obj103, obj111, obj112, obj113, obj121, obj122, obj123, obj131, obj132, obj133.",direct,true,covered,The explicit declaration covers (PACKAGE OBJ82). Golden line 123.
init,(PACKAGE OBJ83),"Initially, we have the following packages: obj11, obj12, obj13, obj21, obj22, obj23, obj31, obj32, obj33, obj41, obj42, obj43, obj51, obj52, obj53, obj61, obj62, obj63, obj71, obj72, obj73, obj81, obj82, obj83, obj91, obj92, obj93, obj101, obj102, obj103, obj111, obj112, obj113, obj121, obj122, obj123, obj131, obj132, obj133.",direct,true,covered,The explicit declaration covers (PACKAGE OBJ83). Golden line 124.
init,(PACKAGE OBJ91),"Initially, we have the following packages: obj11, obj12, obj13, obj21, obj22, obj23, obj31, obj32, obj33, obj41, obj42, obj43, obj51, obj52, obj53, obj61, obj62, obj63, obj71, obj72, obj73, obj81, obj82, obj83, obj91, obj92, obj93, obj101, obj102, obj103, obj111, obj112, obj113, obj121, obj122, obj123, obj131, obj132, obj133.",direct,true,covered,The explicit declaration covers (PACKAGE OBJ91). Golden line 125.
init,(PACKAGE OBJ92),"Initially, we have the following packages: obj11, obj12, obj13, obj21, obj22, obj23, obj31, obj32, obj33, obj41, obj42, obj43, obj51, obj52, obj53, obj61, obj62, obj63, obj71, obj72, obj73, obj81, obj82, obj83, obj91, obj92, obj93, obj101, obj102, obj103, obj111, obj112, obj113, obj121, obj122, obj123, obj131, obj132, obj133.",direct,true,covered,The explicit declaration covers (PACKAGE OBJ92). Golden line 126.
init,(PACKAGE OBJ93),"Initially, we have the following packages: obj11, obj12, obj13, obj21, obj22, obj23, obj31, obj32, obj33, obj41, obj42, obj43, obj51, obj52, obj53, obj61, obj62, obj63, obj71, obj72, obj73, obj81, obj82, obj83, obj91, obj92, obj93, obj101, obj102, obj103, obj111, obj112, obj113, obj121, obj122, obj123, obj131, obj132, obj133.",direct,true,covered,The explicit declaration covers (PACKAGE OBJ93). Golden line 127.
init,(PACKAGE OBJ101),"Initially, we have the following packages: obj11, obj12, obj13, obj21, obj22, obj23, obj31, obj32, obj33, obj41, obj42, obj43, obj51, obj52, obj53, obj61, obj62, obj63, obj71, obj72, obj73, obj81, obj82, obj83, obj91, obj92, obj93, obj101, obj102, obj103, obj111, obj112, obj113, obj121, obj122, obj123, obj131, obj132, obj133.",direct,true,covered,The explicit declaration covers (PACKAGE OBJ101). Golden line 128.
init,(PACKAGE OBJ102),"Initially, we have the following packages: obj11, obj12, obj13, obj21, obj22, obj23, obj31, obj32, obj33, obj41, obj42, obj43, obj51, obj52, obj53, obj61, obj62, obj63, obj71, obj72, obj73, obj81, obj82, obj83, obj91, obj92, obj93, obj101, obj102, obj103, obj111, obj112, obj113, obj121, obj122, obj123, obj131, obj132, obj133.",direct,true,covered,The explicit declaration covers (PACKAGE OBJ102). Golden line 129.
init,(PACKAGE OBJ103),"Initially, we have the following packages: obj11, obj12, obj13, obj21, obj22, obj23, obj31, obj32, obj33, obj41, obj42, obj43, obj51, obj52, obj53, obj61, obj62, obj63, obj71, obj72, obj73, obj81, obj82, obj83, obj91, obj92, obj93, obj101, obj102, obj103, obj111, obj112, obj113, obj121, obj122, obj123, obj131, obj132, obj133.",direct,true,covered,The explicit declaration covers (PACKAGE OBJ103). Golden line 130.
init,(PACKAGE OBJ111),"Initially, we have the following packages: obj11, obj12, obj13, obj21, obj22, obj23, obj31, obj32, obj33, obj41, obj42, obj43, obj51, obj52, obj53, obj61, obj62, obj63, obj71, obj72, obj73, obj81, obj82, obj83, obj91, obj92, obj93, obj101, obj102, obj103, obj111, obj112, obj113, obj121, obj122, obj123, obj131, obj132, obj133.",direct,true,covered,The explicit declaration covers (PACKAGE OBJ111). Golden line 131.
init,(PACKAGE OBJ112),"Initially, we have the following packages: obj11, obj12, obj13, obj21, obj22, obj23, obj31, obj32, obj33, obj41, obj42, obj43, obj51, obj52, obj53, obj61, obj62, obj63, obj71, obj72, obj73, obj81, obj82, obj83, obj91, obj92, obj93, obj101, obj102, obj103, obj111, obj112, obj113, obj121, obj122, obj123, obj131, obj132, obj133.",direct,true,covered,The explicit declaration covers (PACKAGE OBJ112). Golden line 132.
init,(PACKAGE OBJ113),"Initially, we have the following packages: obj11, obj12, obj13, obj21, obj22, obj23, obj31, obj32, obj33, obj41, obj42, obj43, obj51, obj52, obj53, obj61, obj62, obj63, obj71, obj72, obj73, obj81, obj82, obj83, obj91, obj92, obj93, obj101, obj102, obj103, obj111, obj112, obj113, obj121, obj122, obj123, obj131, obj132, obj133.",direct,true,covered,The explicit declaration covers (PACKAGE OBJ113). Golden line 133.
init,(PACKAGE OBJ121),"Initially, we have the following packages: obj11, obj12, obj13, obj21, obj22, obj23, obj31, obj32, obj33, obj41, obj42, obj43, obj51, obj52, obj53, obj61, obj62, obj63, obj71, obj72, obj73, obj81, obj82, obj83, obj91, obj92, obj93, obj101, obj102, obj103, obj111, obj112, obj113, obj121, obj122, obj123, obj131, obj132, obj133.",direct,true,covered,The explicit declaration covers (PACKAGE OBJ121). Golden line 134.
init,(PACKAGE OBJ122),"Initially, we have the following packages: obj11, obj12, obj13, obj21, obj22, obj23, obj31, obj32, obj33, obj41, obj42, obj43, obj51, obj52, obj53, obj61, obj62, obj63, obj71, obj72, obj73, obj81, obj82, obj83, obj91, obj92, obj93, obj101, obj102, obj103, obj111, obj112, obj113, obj121, obj122, obj123, obj131, obj132, obj133.",direct,true,covered,The explicit declaration covers (PACKAGE OBJ122). Golden line 135.
init,(PACKAGE OBJ123),"Initially, we have the following packages: obj11, obj12, obj13, obj21, obj22, obj23, obj31, obj32, obj33, obj41, obj42, obj43, obj51, obj52, obj53, obj61, obj62, obj63, obj71, obj72, obj73, obj81, obj82, obj83, obj91, obj92, obj93, obj101, obj102, obj103, obj111, obj112, obj113, obj121, obj122, obj123, obj131, obj132, obj133.",direct,true,covered,The explicit declaration covers (PACKAGE OBJ123). Golden line 136.
init,(PACKAGE OBJ131),"Initially, we have the following packages: obj11, obj12, obj13, obj21, obj22, obj23, obj31, obj32, obj33, obj41, obj42, obj43, obj51, obj52, obj53, obj61, obj62, obj63, obj71, obj72, obj73, obj81, obj82, obj83, obj91, obj92, obj93, obj101, obj102, obj103, obj111, obj112, obj113, obj121, obj122, obj123, obj131, obj132, obj133.",direct,true,covered,The explicit declaration covers (PACKAGE OBJ131). Golden line 137.
init,(PACKAGE OBJ132),"Initially, we have the following packages: obj11, obj12, obj13, obj21, obj22, obj23, obj31, obj32, obj33, obj41, obj42, obj43, obj51, obj52, obj53, obj61, obj62, obj63, obj71, obj72, obj73, obj81, obj82, obj83, obj91, obj92, obj93, obj101, obj102, obj103, obj111, obj112, obj113, obj121, obj122, obj123, obj131, obj132, obj133.",direct,true,covered,The explicit declaration covers (PACKAGE OBJ132). Golden line 138.
init,(PACKAGE OBJ133),"Initially, we have the following packages: obj11, obj12, obj13, obj21, obj22, obj23, obj31, obj32, obj33, obj41, obj42, obj43, obj51, obj52, obj53, obj61, obj62, obj63, obj71, obj72, obj73, obj81, obj82, obj83, obj91, obj92, obj93, obj101, obj102, obj103, obj111, obj112, obj113, obj121, obj122, obj123, obj131, obj132, obj133.",direct,true,covered,The explicit declaration covers (PACKAGE OBJ133). Golden line 139.
init,(TRUCK TRU1),"Additionally, we have the following trucks: tru1 to tru13, and a fleet of airplanes: apn1, apn2, apn3, and apn4.",deterministic_rule,true,covered,The finite truck range covers (TRUCK TRU1). Golden line 140.
init,(TRUCK TRU2),"Additionally, we have the following trucks: tru1 to tru13, and a fleet of airplanes: apn1, apn2, apn3, and apn4.",deterministic_rule,true,covered,The finite truck range covers (TRUCK TRU2). Golden line 141.
init,(TRUCK TRU3),"Additionally, we have the following trucks: tru1 to tru13, and a fleet of airplanes: apn1, apn2, apn3, and apn4.",deterministic_rule,true,covered,The finite truck range covers (TRUCK TRU3). Golden line 142.
init,(TRUCK TRU4),"Additionally, we have the following trucks: tru1 to tru13, and a fleet of airplanes: apn1, apn2, apn3, and apn4.",deterministic_rule,true,covered,The finite truck range covers (TRUCK TRU4). Golden line 143.
init,(TRUCK TRU5),"Additionally, we have the following trucks: tru1 to tru13, and a fleet of airplanes: apn1, apn2, apn3, and apn4.",deterministic_rule,true,covered,The finite truck range covers (TRUCK TRU5). Golden line 144.
init,(TRUCK TRU6),"Additionally, we have the following trucks: tru1 to tru13, and a fleet of airplanes: apn1, apn2, apn3, and apn4.",deterministic_rule,true,covered,The finite truck range covers (TRUCK TRU6). Golden line 145.
init,(TRUCK TRU7),"Additionally, we have the following trucks: tru1 to tru13, and a fleet of airplanes: apn1, apn2, apn3, and apn4.",deterministic_rule,true,covered,The finite truck range covers (TRUCK TRU7). Golden line 146.
init,(TRUCK TRU8),"Additionally, we have the following trucks: tru1 to tru13, and a fleet of airplanes: apn1, apn2, apn3, and apn4.",deterministic_rule,true,covered,The finite truck range covers (TRUCK TRU8). Golden line 147.
init,(TRUCK TRU9),"Additionally, we have the following trucks: tru1 to tru13, and a fleet of airplanes: apn1, apn2, apn3, and apn4.",deterministic_rule,true,covered,The finite truck range covers (TRUCK TRU9). Golden line 148.
init,(TRUCK TRU10),"Additionally, we have the following trucks: tru1 to tru13, and a fleet of airplanes: apn1, apn2, apn3, and apn4.",deterministic_rule,true,covered,The finite truck range covers (TRUCK TRU10). Golden line 149.
init,(TRUCK TRU11),"Additionally, we have the following trucks: tru1 to tru13, and a fleet of airplanes: apn1, apn2, apn3, and apn4.",deterministic_rule,true,covered,The finite truck range covers (TRUCK TRU11). Golden line 150.
init,(TRUCK TRU12),"Additionally, we have the following trucks: tru1 to tru13, and a fleet of airplanes: apn1, apn2, apn3, and apn4.",deterministic_rule,true,covered,The finite truck range covers (TRUCK TRU12). Golden line 151.
init,(TRUCK TRU13),"Additionally, we have the following trucks: tru1 to tru13, and a fleet of airplanes: apn1, apn2, apn3, and apn4.",deterministic_rule,true,covered,The finite truck range covers (TRUCK TRU13). Golden line 152.
init,(CITY CIT1),"For each X from 1 to 13, city citX has locations posX and aptX, and aptX is an airport.",deterministic_rule,true,covered,Substitution in X=1..13 yields (CITY CIT1) with no extra sibling. Golden line 153.
init,(CITY CIT2),"For each X from 1 to 13, city citX has locations posX and aptX, and aptX is an airport.",deterministic_rule,true,covered,Substitution in X=1..13 yields (CITY CIT2) with no extra sibling. Golden line 154.
init,(CITY CIT3),"For each X from 1 to 13, city citX has locations posX and aptX, and aptX is an airport.",deterministic_rule,true,covered,Substitution in X=1..13 yields (CITY CIT3) with no extra sibling. Golden line 155.
init,(CITY CIT4),"For each X from 1 to 13, city citX has locations posX and aptX, and aptX is an airport.",deterministic_rule,true,covered,Substitution in X=1..13 yields (CITY CIT4) with no extra sibling. Golden line 156.
init,(CITY CIT5),"For each X from 1 to 13, city citX has locations posX and aptX, and aptX is an airport.",deterministic_rule,true,covered,Substitution in X=1..13 yields (CITY CIT5) with no extra sibling. Golden line 157.
init,(CITY CIT6),"For each X from 1 to 13, city citX has locations posX and aptX, and aptX is an airport.",deterministic_rule,true,covered,Substitution in X=1..13 yields (CITY CIT6) with no extra sibling. Golden line 158.
init,(CITY CIT7),"For each X from 1 to 13, city citX has locations posX and aptX, and aptX is an airport.",deterministic_rule,true,covered,Substitution in X=1..13 yields (CITY CIT7) with no extra sibling. Golden line 159.
init,(CITY CIT8),"For each X from 1 to 13, city citX has locations posX and aptX, and aptX is an airport.",deterministic_rule,true,covered,Substitution in X=1..13 yields (CITY CIT8) with no extra sibling. Golden line 160.
init,(CITY CIT9),"For each X from 1 to 13, city citX has locations posX and aptX, and aptX is an airport.",deterministic_rule,true,covered,Substitution in X=1..13 yields (CITY CIT9) with no extra sibling. Golden line 161.
init,(CITY CIT10),"For each X from 1 to 13, city citX has locations posX and aptX, and aptX is an airport.",deterministic_rule,true,covered,Substitution in X=1..13 yields (CITY CIT10) with no extra sibling. Golden line 162.
init,(CITY CIT11),"For each X from 1 to 13, city citX has locations posX and aptX, and aptX is an airport.",deterministic_rule,true,covered,Substitution in X=1..13 yields (CITY CIT11) with no extra sibling. Golden line 163.
init,(CITY CIT12),"For each X from 1 to 13, city citX has locations posX and aptX, and aptX is an airport.",deterministic_rule,true,covered,Substitution in X=1..13 yields (CITY CIT12) with no extra sibling. Golden line 164.
init,(CITY CIT13),"For each X from 1 to 13, city citX has locations posX and aptX, and aptX is an airport.",deterministic_rule,true,covered,Substitution in X=1..13 yields (CITY CIT13) with no extra sibling. Golden line 165.
init,(LOCATION POS1),"For each X from 1 to 13, city citX has locations posX and aptX, and aptX is an airport.",deterministic_rule,true,covered,Substitution in X=1..13 yields (LOCATION POS1) with no extra sibling. Golden line 166.
init,(LOCATION APT1),"For each X from 1 to 13, city citX has locations posX and aptX, and aptX is an airport.",deterministic_rule,true,covered,Substitution in X=1..13 yields (LOCATION APT1) with no extra sibling. Golden line 167.
init,(LOCATION POS2),"For each X from 1 to 13, city citX has locations posX and aptX, and aptX is an airport.",deterministic_rule,true,covered,Substitution in X=1..13 yields (LOCATION POS2) with no extra sibling. Golden line 168.
init,(LOCATION APT2),"For each X from 1 to 13, city citX has locations posX and aptX, and aptX is an airport.",deterministic_rule,true,covered,Substitution in X=1..13 yields (LOCATION APT2) with no extra sibling. Golden line 169.
init,(LOCATION POS3),"For each X from 1 to 13, city citX has locations posX and aptX, and aptX is an airport.",deterministic_rule,true,covered,Substitution in X=1..13 yields (LOCATION POS3) with no extra sibling. Golden line 170.
init,(LOCATION APT3),"For each X from 1 to 13, city citX has locations posX and aptX, and aptX is an airport.",deterministic_rule,true,covered,Substitution in X=1..13 yields (LOCATION APT3) with no extra sibling. Golden line 171.
init,(LOCATION POS4),"For each X from 1 to 13, city citX has locations posX and aptX, and aptX is an airport.",deterministic_rule,true,covered,Substitution in X=1..13 yields (LOCATION POS4) with no extra sibling. Golden line 172.
init,(LOCATION APT4),"For each X from 1 to 13, city citX has locations posX and aptX, and aptX is an airport.",deterministic_rule,true,covered,Substitution in X=1..13 yields (LOCATION APT4) with no extra sibling. Golden line 173.
init,(LOCATION POS5),"For each X from 1 to 13, city citX has locations posX and aptX, and aptX is an airport.",deterministic_rule,true,covered,Substitution in X=1..13 yields (LOCATION POS5) with no extra sibling. Golden line 174.
init,(LOCATION APT5),"For each X from 1 to 13, city citX has locations posX and aptX, and aptX is an airport.",deterministic_rule,true,covered,Substitution in X=1..13 yields (LOCATION APT5) with no extra sibling. Golden line 175.
init,(LOCATION POS6),"For each X from 1 to 13, city citX has locations posX and aptX, and aptX is an airport.",deterministic_rule,true,covered,Substitution in X=1..13 yields (LOCATION POS6) with no extra sibling. Golden line 176.
init,(LOCATION APT6),"For each X from 1 to 13, city citX has locations posX and aptX, and aptX is an airport.",deterministic_rule,true,covered,Substitution in X=1..13 yields (LOCATION APT6) with no extra sibling. Golden line 177.
init,(LOCATION POS7),"For each X from 1 to 13, city citX has locations posX and aptX, and aptX is an airport.",deterministic_rule,true,covered,Substitution in X=1..13 yields (LOCATION POS7) with no extra sibling. Golden line 178.
init,(LOCATION APT7),"For each X from 1 to 13, city citX has locations posX and aptX, and aptX is an airport.",deterministic_rule,true,covered,Substitution in X=1..13 yields (LOCATION APT7) with no extra sibling. Golden line 179.
init,(LOCATION POS8),"For each X from 1 to 13, city citX has locations posX and aptX, and aptX is an airport.",deterministic_rule,true,covered,Substitution in X=1..13 yields (LOCATION POS8) with no extra sibling. Golden line 180.
init,(LOCATION APT8),"For each X from 1 to 13, city citX has locations posX and aptX, and aptX is an airport.",deterministic_rule,true,covered,Substitution in X=1..13 yields (LOCATION APT8) with no extra sibling. Golden line 181.
init,(LOCATION POS9),"For each X from 1 to 13, city citX has locations posX and aptX, and aptX is an airport.",deterministic_rule,true,covered,Substitution in X=1..13 yields (LOCATION POS9) with no extra sibling. Golden line 182.
init,(LOCATION APT9),"For each X from 1 to 13, city citX has locations posX and aptX, and aptX is an airport.",deterministic_rule,true,covered,Substitution in X=1..13 yields (LOCATION APT9) with no extra sibling. Golden line 183.
init,(LOCATION POS10),"For each X from 1 to 13, city citX has locations posX and aptX, and aptX is an airport.",deterministic_rule,true,covered,Substitution in X=1..13 yields (LOCATION POS10) with no extra sibling. Golden line 184.
init,(LOCATION APT10),"For each X from 1 to 13, city citX has locations posX and aptX, and aptX is an airport.",deterministic_rule,true,covered,Substitution in X=1..13 yields (LOCATION APT10) with no extra sibling. Golden line 185.
init,(LOCATION POS11),"For each X from 1 to 13, city citX has locations posX and aptX, and aptX is an airport.",deterministic_rule,true,covered,Substitution in X=1..13 yields (LOCATION POS11) with no extra sibling. Golden line 186.
init,(LOCATION APT11),"For each X from 1 to 13, city citX has locations posX and aptX, and aptX is an airport.",deterministic_rule,true,covered,Substitution in X=1..13 yields (LOCATION APT11) with no extra sibling. Golden line 187.
init,(LOCATION POS12),"For each X from 1 to 13, city citX has locations posX and aptX, and aptX is an airport.",deterministic_rule,true,covered,Substitution in X=1..13 yields (LOCATION POS12) with no extra sibling. Golden line 188.
init,(LOCATION APT12),"For each X from 1 to 13, city citX has locations posX and aptX, and aptX is an airport.",deterministic_rule,true,covered,Substitution in X=1..13 yields (LOCATION APT12) with no extra sibling. Golden line 189.
init,(LOCATION POS13),"For each X from 1 to 13, city citX has locations posX and aptX, and aptX is an airport.",deterministic_rule,true,covered,Substitution in X=1..13 yields (LOCATION POS13) with no extra sibling. Golden line 190.
init,(LOCATION APT13),"For each X from 1 to 13, city citX has locations posX and aptX, and aptX is an airport.",deterministic_rule,true,covered,Substitution in X=1..13 yields (LOCATION APT13) with no extra sibling. Golden line 191.
init,(AIRPORT APT1),"For each X from 1 to 13, city citX has locations posX and aptX, and aptX is an airport.",deterministic_rule,true,covered,Substitution in X=1..13 yields (AIRPORT APT1) with no extra sibling. Golden line 192.
init,(AIRPORT APT2),"For each X from 1 to 13, city citX has locations posX and aptX, and aptX is an airport.",deterministic_rule,true,covered,Substitution in X=1..13 yields (AIRPORT APT2) with no extra sibling. Golden line 193.
init,(AIRPORT APT3),"For each X from 1 to 13, city citX has locations posX and aptX, and aptX is an airport.",deterministic_rule,true,covered,Substitution in X=1..13 yields (AIRPORT APT3) with no extra sibling. Golden line 194.
init,(AIRPORT APT4),"For each X from 1 to 13, city citX has locations posX and aptX, and aptX is an airport.",deterministic_rule,true,covered,Substitution in X=1..13 yields (AIRPORT APT4) with no extra sibling. Golden line 195.
init,(AIRPORT APT5),"For each X from 1 to 13, city citX has locations posX and aptX, and aptX is an airport.",deterministic_rule,true,covered,Substitution in X=1..13 yields (AIRPORT APT5) with no extra sibling. Golden line 196.
init,(AIRPORT APT6),"For each X from 1 to 13, city citX has locations posX and aptX, and aptX is an airport.",deterministic_rule,true,covered,Substitution in X=1..13 yields (AIRPORT APT6) with no extra sibling. Golden line 197.
init,(AIRPORT APT7),"For each X from 1 to 13, city citX has locations posX and aptX, and aptX is an airport.",deterministic_rule,true,covered,Substitution in X=1..13 yields (AIRPORT APT7) with no extra sibling. Golden line 198.
init,(AIRPORT APT8),"For each X from 1 to 13, city citX has locations posX and aptX, and aptX is an airport.",deterministic_rule,true,covered,Substitution in X=1..13 yields (AIRPORT APT8) with no extra sibling. Golden line 199.
init,(AIRPORT APT9),"For each X from 1 to 13, city citX has locations posX and aptX, and aptX is an airport.",deterministic_rule,true,covered,Substitution in X=1..13 yields (AIRPORT APT9) with no extra sibling. Golden line 200.
init,(AIRPORT APT10),"For each X from 1 to 13, city citX has locations posX and aptX, and aptX is an airport.",deterministic_rule,true,covered,Substitution in X=1..13 yields (AIRPORT APT10) with no extra sibling. Golden line 201.
init,(AIRPORT APT11),"For each X from 1 to 13, city citX has locations posX and aptX, and aptX is an airport.",deterministic_rule,true,covered,Substitution in X=1..13 yields (AIRPORT APT11) with no extra sibling. Golden line 202.
init,(AIRPORT APT12),"For each X from 1 to 13, city citX has locations posX and aptX, and aptX is an airport.",deterministic_rule,true,covered,Substitution in X=1..13 yields (AIRPORT APT12) with no extra sibling. Golden line 203.
init,(AIRPORT APT13),"For each X from 1 to 13, city citX has locations posX and aptX, and aptX is an airport.",deterministic_rule,true,covered,Substitution in X=1..13 yields (AIRPORT APT13) with no extra sibling. Golden line 204.
init,(AIRPLANE APN1),"Additionally, we have the following trucks: tru1 to tru13, and a fleet of airplanes: apn1, apn2, apn3, and apn4.",direct,true,covered,The airplane declaration covers (AIRPLANE APN1). Golden line 205.
init,(AIRPLANE APN2),"Additionally, we have the following trucks: tru1 to tru13, and a fleet of airplanes: apn1, apn2, apn3, and apn4.",direct,true,covered,The airplane declaration covers (AIRPLANE APN2). Golden line 206.
init,(AIRPLANE APN3),"Additionally, we have the following trucks: tru1 to tru13, and a fleet of airplanes: apn1, apn2, apn3, and apn4.",direct,true,covered,The airplane declaration covers (AIRPLANE APN3). Golden line 207.
init,(AIRPLANE APN4),"Additionally, we have the following trucks: tru1 to tru13, and a fleet of airplanes: apn1, apn2, apn3, and apn4.",direct,true,covered,The airplane declaration covers (AIRPLANE APN4). Golden line 208.
init,(AT APN1 APT6),"Airports include apt1 to apt13 and airplanes can initially be found at: apn1 in apt6, apn2 in apt1, apn3 in apt2, and apn4 in apt1.",direct,true,covered,The explicit airplane mapping states (AT APN1 APT6). Golden line 209.
init,(AT APN2 APT1),"Airports include apt1 to apt13 and airplanes can initially be found at: apn1 in apt6, apn2 in apt1, apn3 in apt2, and apn4 in apt1.",direct,true,covered,The explicit airplane mapping states (AT APN2 APT1). Golden line 210.
init,(AT APN3 APT2),"Airports include apt1 to apt13 and airplanes can initially be found at: apn1 in apt6, apn2 in apt1, apn3 in apt2, and apn4 in apt1.",direct,true,covered,The explicit airplane mapping states (AT APN3 APT2). Golden line 211.
init,(AT APN4 APT1),"Airports include apt1 to apt13 and airplanes can initially be found at: apn1 in apt6, apn2 in apt1, apn3 in apt2, and apn4 in apt1.",direct,true,covered,The explicit airplane mapping states (AT APN4 APT1). Golden line 212.
init,(AT TRU1 POS1),"For each X from 1 to 13, truck truX and packages objX1, objX2, and objX3 are initially at posX.",deterministic_rule,true,covered,The bounded suffix rule uniquely yields (AT TRU1 POS1). Golden line 213.
init,(AT OBJ11 POS1),"For each X from 1 to 13, truck truX and packages objX1, objX2, and objX3 are initially at posX.",deterministic_rule,true,covered,The bounded suffix rule uniquely yields (AT OBJ11 POS1). Golden line 214.
init,(AT OBJ12 POS1),"For each X from 1 to 13, truck truX and packages objX1, objX2, and objX3 are initially at posX.",deterministic_rule,true,covered,The bounded suffix rule uniquely yields (AT OBJ12 POS1). Golden line 215.
init,(AT OBJ13 POS1),"For each X from 1 to 13, truck truX and packages objX1, objX2, and objX3 are initially at posX.",deterministic_rule,true,covered,The bounded suffix rule uniquely yields (AT OBJ13 POS1). Golden line 216.
init,(AT TRU2 POS2),"For each X from 1 to 13, truck truX and packages objX1, objX2, and objX3 are initially at posX.",deterministic_rule,true,covered,The bounded suffix rule uniquely yields (AT TRU2 POS2). Golden line 217.
init,(AT OBJ21 POS2),"For each X from 1 to 13, truck truX and packages objX1, objX2, and objX3 are initially at posX.",deterministic_rule,true,covered,The bounded suffix rule uniquely yields (AT OBJ21 POS2). Golden line 218.
init,(AT OBJ22 POS2),"For each X from 1 to 13, truck truX and packages objX1, objX2, and objX3 are initially at posX.",deterministic_rule,true,covered,The bounded suffix rule uniquely yields (AT OBJ22 POS2). Golden line 219.
init,(AT OBJ23 POS2),"For each X from 1 to 13, truck truX and packages objX1, objX2, and objX3 are initially at posX.",deterministic_rule,true,covered,The bounded suffix rule uniquely yields (AT OBJ23 POS2). Golden line 220.
init,(AT TRU3 POS3),"For each X from 1 to 13, truck truX and packages objX1, objX2, and objX3 are initially at posX.",deterministic_rule,true,covered,The bounded suffix rule uniquely yields (AT TRU3 POS3). Golden line 221.
init,(AT OBJ31 POS3),"For each X from 1 to 13, truck truX and packages objX1, objX2, and objX3 are initially at posX.",deterministic_rule,true,covered,The bounded suffix rule uniquely yields (AT OBJ31 POS3). Golden line 222.
init,(AT OBJ32 POS3),"For each X from 1 to 13, truck truX and packages objX1, objX2, and objX3 are initially at posX.",deterministic_rule,true,covered,The bounded suffix rule uniquely yields (AT OBJ32 POS3). Golden line 223.
init,(AT OBJ33 POS3),"For each X from 1 to 13, truck truX and packages objX1, objX2, and objX3 are initially at posX.",deterministic_rule,true,covered,The bounded suffix rule uniquely yields (AT OBJ33 POS3). Golden line 224.
init,(AT TRU4 POS4),"For each X from 1 to 13, truck truX and packages objX1, objX2, and objX3 are initially at posX.",deterministic_rule,true,covered,The bounded suffix rule uniquely yields (AT TRU4 POS4). Golden line 225.
init,(AT OBJ41 POS4),"For each X from 1 to 13, truck truX and packages objX1, objX2, and objX3 are initially at posX.",deterministic_rule,true,covered,The bounded suffix rule uniquely yields (AT OBJ41 POS4). Golden line 226.
init,(AT OBJ42 POS4),"For each X from 1 to 13, truck truX and packages objX1, objX2, and objX3 are initially at posX.",deterministic_rule,true,covered,The bounded suffix rule uniquely yields (AT OBJ42 POS4). Golden line 227.
init,(AT OBJ43 POS4),"For each X from 1 to 13, truck truX and packages objX1, objX2, and objX3 are initially at posX.",deterministic_rule,true,covered,The bounded suffix rule uniquely yields (AT OBJ43 POS4). Golden line 228.
init,(AT TRU5 POS5),"For each X from 1 to 13, truck truX and packages objX1, objX2, and objX3 are initially at posX.",deterministic_rule,true,covered,The bounded suffix rule uniquely yields (AT TRU5 POS5). Golden line 229.
init,(AT OBJ51 POS5),"For each X from 1 to 13, truck truX and packages objX1, objX2, and objX3 are initially at posX.",deterministic_rule,true,covered,The bounded suffix rule uniquely yields (AT OBJ51 POS5). Golden line 230.
init,(AT OBJ52 POS5),"For each X from 1 to 13, truck truX and packages objX1, objX2, and objX3 are initially at posX.",deterministic_rule,true,covered,The bounded suffix rule uniquely yields (AT OBJ52 POS5). Golden line 231.
init,(AT OBJ53 POS5),"For each X from 1 to 13, truck truX and packages objX1, objX2, and objX3 are initially at posX.",deterministic_rule,true,covered,The bounded suffix rule uniquely yields (AT OBJ53 POS5). Golden line 232.
init,(AT TRU6 POS6),"For each X from 1 to 13, truck truX and packages objX1, objX2, and objX3 are initially at posX.",deterministic_rule,true,covered,The bounded suffix rule uniquely yields (AT TRU6 POS6). Golden line 233.
init,(AT OBJ61 POS6),"For each X from 1 to 13, truck truX and packages objX1, objX2, and objX3 are initially at posX.",deterministic_rule,true,covered,The bounded suffix rule uniquely yields (AT OBJ61 POS6). Golden line 234.
init,(AT OBJ62 POS6),"For each X from 1 to 13, truck truX and packages objX1, objX2, and objX3 are initially at posX.",deterministic_rule,true,covered,The bounded suffix rule uniquely yields (AT OBJ62 POS6). Golden line 235.
init,(AT OBJ63 POS6),"For each X from 1 to 13, truck truX and packages objX1, objX2, and objX3 are initially at posX.",deterministic_rule,true,covered,The bounded suffix rule uniquely yields (AT OBJ63 POS6). Golden line 236.
init,(AT TRU7 POS7),"For each X from 1 to 13, truck truX and packages objX1, objX2, and objX3 are initially at posX.",deterministic_rule,true,covered,The bounded suffix rule uniquely yields (AT TRU7 POS7). Golden line 237.
init,(AT OBJ71 POS7),"For each X from 1 to 13, truck truX and packages objX1, objX2, and objX3 are initially at posX.",deterministic_rule,true,covered,The bounded suffix rule uniquely yields (AT OBJ71 POS7). Golden line 238.
init,(AT OBJ72 POS7),"For each X from 1 to 13, truck truX and packages objX1, objX2, and objX3 are initially at posX.",deterministic_rule,true,covered,The bounded suffix rule uniquely yields (AT OBJ72 POS7). Golden line 239.
init,(AT OBJ73 POS7),"For each X from 1 to 13, truck truX and packages objX1, objX2, and objX3 are initially at posX.",deterministic_rule,true,covered,The bounded suffix rule uniquely yields (AT OBJ73 POS7). Golden line 240.
init,(AT TRU8 POS8),"For each X from 1 to 13, truck truX and packages objX1, objX2, and objX3 are initially at posX.",deterministic_rule,true,covered,The bounded suffix rule uniquely yields (AT TRU8 POS8). Golden line 241.
init,(AT OBJ81 POS8),"For each X from 1 to 13, truck truX and packages objX1, objX2, and objX3 are initially at posX.",deterministic_rule,true,covered,The bounded suffix rule uniquely yields (AT OBJ81 POS8). Golden line 242.
init,(AT OBJ82 POS8),"For each X from 1 to 13, truck truX and packages objX1, objX2, and objX3 are initially at posX.",deterministic_rule,true,covered,The bounded suffix rule uniquely yields (AT OBJ82 POS8). Golden line 243.
init,(AT OBJ83 POS8),"For each X from 1 to 13, truck truX and packages objX1, objX2, and objX3 are initially at posX.",deterministic_rule,true,covered,The bounded suffix rule uniquely yields (AT OBJ83 POS8). Golden line 244.
init,(AT TRU9 POS9),"For each X from 1 to 13, truck truX and packages objX1, objX2, and objX3 are initially at posX.",deterministic_rule,true,covered,The bounded suffix rule uniquely yields (AT TRU9 POS9). Golden line 245.
init,(AT OBJ91 POS9),"For each X from 1 to 13, truck truX and packages objX1, objX2, and objX3 are initially at posX.",deterministic_rule,true,covered,The bounded suffix rule uniquely yields (AT OBJ91 POS9). Golden line 246.
init,(AT OBJ92 POS9),"For each X from 1 to 13, truck truX and packages objX1, objX2, and objX3 are initially at posX.",deterministic_rule,true,covered,The bounded suffix rule uniquely yields (AT OBJ92 POS9). Golden line 247.
init,(AT OBJ93 POS9),"For each X from 1 to 13, truck truX and packages objX1, objX2, and objX3 are initially at posX.",deterministic_rule,true,covered,The bounded suffix rule uniquely yields (AT OBJ93 POS9). Golden line 248.
init,(AT TRU10 POS10),"For each X from 1 to 13, truck truX and packages objX1, objX2, and objX3 are initially at posX.",deterministic_rule,true,covered,The bounded suffix rule uniquely yields (AT TRU10 POS10). Golden line 249.
init,(AT OBJ101 POS10),"For each X from 1 to 13, truck truX and packages objX1, objX2, and objX3 are initially at posX.",deterministic_rule,true,covered,The bounded suffix rule uniquely yields (AT OBJ101 POS10). Golden line 250.
init,(AT OBJ102 POS10),"For each X from 1 to 13, truck truX and packages objX1, objX2, and objX3 are initially at posX.",deterministic_rule,true,covered,The bounded suffix rule uniquely yields (AT OBJ102 POS10). Golden line 251.
init,(AT OBJ103 POS10),"For each X from 1 to 13, truck truX and packages objX1, objX2, and objX3 are initially at posX.",deterministic_rule,true,covered,The bounded suffix rule uniquely yields (AT OBJ103 POS10). Golden line 252.
init,(AT TRU11 POS11),"For each X from 1 to 13, truck truX and packages objX1, objX2, and objX3 are initially at posX.",deterministic_rule,true,covered,The bounded suffix rule uniquely yields (AT TRU11 POS11). Golden line 253.
init,(AT OBJ111 POS11),"For each X from 1 to 13, truck truX and packages objX1, objX2, and objX3 are initially at posX.",deterministic_rule,true,covered,The bounded suffix rule uniquely yields (AT OBJ111 POS11). Golden line 254.
init,(AT OBJ112 POS11),"For each X from 1 to 13, truck truX and packages objX1, objX2, and objX3 are initially at posX.",deterministic_rule,true,covered,The bounded suffix rule uniquely yields (AT OBJ112 POS11). Golden line 255.
init,(AT OBJ113 POS11),"For each X from 1 to 13, truck truX and packages objX1, objX2, and objX3 are initially at posX.",deterministic_rule,true,covered,The bounded suffix rule uniquely yields (AT OBJ113 POS11). Golden line 256.
init,(AT TRU12 POS12),"For each X from 1 to 13, truck truX and packages objX1, objX2, and objX3 are initially at posX.",deterministic_rule,true,covered,The bounded suffix rule uniquely yields (AT TRU12 POS12). Golden line 257.
init,(AT OBJ121 POS12),"For each X from 1 to 13, truck truX and packages objX1, objX2, and objX3 are initially at posX.",deterministic_rule,true,covered,The bounded suffix rule uniquely yields (AT OBJ121 POS12). Golden line 258.
init,(AT OBJ122 POS12),"For each X from 1 to 13, truck truX and packages objX1, objX2, and objX3 are initially at posX.",deterministic_rule,true,covered,The bounded suffix rule uniquely yields (AT OBJ122 POS12). Golden line 259.
init,(AT OBJ123 POS12),"For each X from 1 to 13, truck truX and packages objX1, objX2, and objX3 are initially at posX.",deterministic_rule,true,covered,The bounded suffix rule uniquely yields (AT OBJ123 POS12). Golden line 260.
init,(AT TRU13 POS13),"For each X from 1 to 13, truck truX and packages objX1, objX2, and objX3 are initially at posX.",deterministic_rule,true,covered,The bounded suffix rule uniquely yields (AT TRU13 POS13). Golden line 261.
init,(AT OBJ131 POS13),"For each X from 1 to 13, truck truX and packages objX1, objX2, and objX3 are initially at posX.",deterministic_rule,true,covered,The bounded suffix rule uniquely yields (AT OBJ131 POS13). Golden line 262.
init,(AT OBJ132 POS13),"For each X from 1 to 13, truck truX and packages objX1, objX2, and objX3 are initially at posX.",deterministic_rule,true,covered,The bounded suffix rule uniquely yields (AT OBJ132 POS13). Golden line 263.
init,(AT OBJ133 POS13),"For each X from 1 to 13, truck truX and packages objX1, objX2, and objX3 are initially at posX.",deterministic_rule,true,covered,The bounded suffix rule uniquely yields (AT OBJ133 POS13). Golden line 264.
init,(IN-CITY POS1 CIT1),"For each X from 1 to 13, city citX has locations posX and aptX, and aptX is an airport.",deterministic_rule,true,covered,Substitution in X=1..13 yields (IN-CITY POS1 CIT1) with no extra sibling. Golden line 265.
init,(IN-CITY APT1 CIT1),"For each X from 1 to 13, city citX has locations posX and aptX, and aptX is an airport.",deterministic_rule,true,covered,Substitution in X=1..13 yields (IN-CITY APT1 CIT1) with no extra sibling. Golden line 266.
init,(IN-CITY POS2 CIT2),"For each X from 1 to 13, city citX has locations posX and aptX, and aptX is an airport.",deterministic_rule,true,covered,Substitution in X=1..13 yields (IN-CITY POS2 CIT2) with no extra sibling. Golden line 267.
init,(IN-CITY APT2 CIT2),"For each X from 1 to 13, city citX has locations posX and aptX, and aptX is an airport.",deterministic_rule,true,covered,Substitution in X=1..13 yields (IN-CITY APT2 CIT2) with no extra sibling. Golden line 268.
init,(IN-CITY POS3 CIT3),"For each X from 1 to 13, city citX has locations posX and aptX, and aptX is an airport.",deterministic_rule,true,covered,Substitution in X=1..13 yields (IN-CITY POS3 CIT3) with no extra sibling. Golden line 269.
init,(IN-CITY APT3 CIT3),"For each X from 1 to 13, city citX has locations posX and aptX, and aptX is an airport.",deterministic_rule,true,covered,Substitution in X=1..13 yields (IN-CITY APT3 CIT3) with no extra sibling. Golden line 270.
init,(IN-CITY POS4 CIT4),"For each X from 1 to 13, city citX has locations posX and aptX, and aptX is an airport.",deterministic_rule,true,covered,Substitution in X=1..13 yields (IN-CITY POS4 CIT4) with no extra sibling. Golden line 271.
init,(IN-CITY APT4 CIT4),"For each X from 1 to 13, city citX has locations posX and aptX, and aptX is an airport.",deterministic_rule,true,covered,Substitution in X=1..13 yields (IN-CITY APT4 CIT4) with no extra sibling. Golden line 272.
init,(IN-CITY POS5 CIT5),"For each X from 1 to 13, city citX has locations posX and aptX, and aptX is an airport.",deterministic_rule,true,covered,Substitution in X=1..13 yields (IN-CITY POS5 CIT5) with no extra sibling. Golden line 273.
init,(IN-CITY APT5 CIT5),"For each X from 1 to 13, city citX has locations posX and aptX, and aptX is an airport.",deterministic_rule,true,covered,Substitution in X=1..13 yields (IN-CITY APT5 CIT5) with no extra sibling. Golden line 274.
init,(IN-CITY POS6 CIT6),"For each X from 1 to 13, city citX has locations posX and aptX, and aptX is an airport.",deterministic_rule,true,covered,Substitution in X=1..13 yields (IN-CITY POS6 CIT6) with no extra sibling. Golden line 275.
init,(IN-CITY APT6 CIT6),"For each X from 1 to 13, city citX has locations posX and aptX, and aptX is an airport.",deterministic_rule,true,covered,Substitution in X=1..13 yields (IN-CITY APT6 CIT6) with no extra sibling. Golden line 276.
init,(IN-CITY POS7 CIT7),"For each X from 1 to 13, city citX has locations posX and aptX, and aptX is an airport.",deterministic_rule,true,covered,Substitution in X=1..13 yields (IN-CITY POS7 CIT7) with no extra sibling. Golden line 277.
init,(IN-CITY APT7 CIT7),"For each X from 1 to 13, city citX has locations posX and aptX, and aptX is an airport.",deterministic_rule,true,covered,Substitution in X=1..13 yields (IN-CITY APT7 CIT7) with no extra sibling. Golden line 278.
init,(IN-CITY POS8 CIT8),"For each X from 1 to 13, city citX has locations posX and aptX, and aptX is an airport.",deterministic_rule,true,covered,Substitution in X=1..13 yields (IN-CITY POS8 CIT8) with no extra sibling. Golden line 279.
init,(IN-CITY APT8 CIT8),"For each X from 1 to 13, city citX has locations posX and aptX, and aptX is an airport.",deterministic_rule,true,covered,Substitution in X=1..13 yields (IN-CITY APT8 CIT8) with no extra sibling. Golden line 280.
init,(IN-CITY POS9 CIT9),"For each X from 1 to 13, city citX has locations posX and aptX, and aptX is an airport.",deterministic_rule,true,covered,Substitution in X=1..13 yields (IN-CITY POS9 CIT9) with no extra sibling. Golden line 281.
init,(IN-CITY APT9 CIT9),"For each X from 1 to 13, city citX has locations posX and aptX, and aptX is an airport.",deterministic_rule,true,covered,Substitution in X=1..13 yields (IN-CITY APT9 CIT9) with no extra sibling. Golden line 282.
init,(IN-CITY POS10 CIT10),"For each X from 1 to 13, city citX has locations posX and aptX, and aptX is an airport.",deterministic_rule,true,covered,Substitution in X=1..13 yields (IN-CITY POS10 CIT10) with no extra sibling. Golden line 283.
init,(IN-CITY APT10 CIT10),"For each X from 1 to 13, city citX has locations posX and aptX, and aptX is an airport.",deterministic_rule,true,covered,Substitution in X=1..13 yields (IN-CITY APT10 CIT10) with no extra sibling. Golden line 284.
init,(IN-CITY POS11 CIT11),"For each X from 1 to 13, city citX has locations posX and aptX, and aptX is an airport.",deterministic_rule,true,covered,Substitution in X=1..13 yields (IN-CITY POS11 CIT11) with no extra sibling. Golden line 285.
init,(IN-CITY APT11 CIT11),"For each X from 1 to 13, city citX has locations posX and aptX, and aptX is an airport.",deterministic_rule,true,covered,Substitution in X=1..13 yields (IN-CITY APT11 CIT11) with no extra sibling. Golden line 286.
init,(IN-CITY POS12 CIT12),"For each X from 1 to 13, city citX has locations posX and aptX, and aptX is an airport.",deterministic_rule,true,covered,Substitution in X=1..13 yields (IN-CITY POS12 CIT12) with no extra sibling. Golden line 287.
init,(IN-CITY APT12 CIT12),"For each X from 1 to 13, city citX has locations posX and aptX, and aptX is an airport.",deterministic_rule,true,covered,Substitution in X=1..13 yields (IN-CITY APT12 CIT12) with no extra sibling. Golden line 288.
init,(IN-CITY POS13 CIT13),"For each X from 1 to 13, city citX has locations posX and aptX, and aptX is an airport.",deterministic_rule,true,covered,Substitution in X=1..13 yields (IN-CITY POS13 CIT13) with no extra sibling. Golden line 289.
init,(IN-CITY APT13 CIT13),"For each X from 1 to 13, city citX has locations posX and aptX, and aptX is an airport.",deterministic_rule,true,covered,Substitution in X=1..13 yields (IN-CITY APT13 CIT13) with no extra sibling. Golden line 290.
goal,(AT OBJ21 APT3),Our goal is to rearrange packages to specific targets: obj21 must be at apt3; obj62 must be at apt8; obj133 must be at apt10; obj132 must be at apt11; obj63 must be at pos10; obj92 must be at pos12; obj93 must be at apt3; obj32 must be at apt7; obj72 must be at pos2; obj91 must be at pos9; obj43 must be at pos7; obj33 must be at pos11; obj53 must be at pos8; obj31 must be at pos12; obj113 must be at apt7; obj23 must be at pos4; obj41 must be at apt13; obj52 must be at apt10; obj103 must be at pos13; obj83 must be at apt12; obj123 must be at pos6; obj73 must be at apt11; obj122 must be at apt7; obj13 must be at apt3; obj121 must be at pos7; obj82 must be at apt2; obj11 must be at apt4; obj101 must be at apt13; obj71 must be at pos3; obj131 must be at apt4; obj42 must be at apt8; obj61 must be at pos9; obj102 must be at apt2; obj112 must be at apt11; obj12 must be at pos13; obj111 must be at pos1; obj51 must be at apt12; obj22 must be at pos1; obj81 must be at apt13.,direct,true,covered,The complete irregular goal sentence includes (AT OBJ21 APT3); all 39 atoms are simultaneous. Golden line 293.
goal,(AT OBJ62 APT8),Our goal is to rearrange packages to specific targets: obj21 must be at apt3; obj62 must be at apt8; obj133 must be at apt10; obj132 must be at apt11; obj63 must be at pos10; obj92 must be at pos12; obj93 must be at apt3; obj32 must be at apt7; obj72 must be at pos2; obj91 must be at pos9; obj43 must be at pos7; obj33 must be at pos11; obj53 must be at pos8; obj31 must be at pos12; obj113 must be at apt7; obj23 must be at pos4; obj41 must be at apt13; obj52 must be at apt10; obj103 must be at pos13; obj83 must be at apt12; obj123 must be at pos6; obj73 must be at apt11; obj122 must be at apt7; obj13 must be at apt3; obj121 must be at pos7; obj82 must be at apt2; obj11 must be at apt4; obj101 must be at apt13; obj71 must be at pos3; obj131 must be at apt4; obj42 must be at apt8; obj61 must be at pos9; obj102 must be at apt2; obj112 must be at apt11; obj12 must be at pos13; obj111 must be at pos1; obj51 must be at apt12; obj22 must be at pos1; obj81 must be at apt13.,direct,true,covered,The complete irregular goal sentence includes (AT OBJ62 APT8); all 39 atoms are simultaneous. Golden line 294.
goal,(AT OBJ133 APT10),Our goal is to rearrange packages to specific targets: obj21 must be at apt3; obj62 must be at apt8; obj133 must be at apt10; obj132 must be at apt11; obj63 must be at pos10; obj92 must be at pos12; obj93 must be at apt3; obj32 must be at apt7; obj72 must be at pos2; obj91 must be at pos9; obj43 must be at pos7; obj33 must be at pos11; obj53 must be at pos8; obj31 must be at pos12; obj113 must be at apt7; obj23 must be at pos4; obj41 must be at apt13; obj52 must be at apt10; obj103 must be at pos13; obj83 must be at apt12; obj123 must be at pos6; obj73 must be at apt11; obj122 must be at apt7; obj13 must be at apt3; obj121 must be at pos7; obj82 must be at apt2; obj11 must be at apt4; obj101 must be at apt13; obj71 must be at pos3; obj131 must be at apt4; obj42 must be at apt8; obj61 must be at pos9; obj102 must be at apt2; obj112 must be at apt11; obj12 must be at pos13; obj111 must be at pos1; obj51 must be at apt12; obj22 must be at pos1; obj81 must be at apt13.,direct,true,covered,The complete irregular goal sentence includes (AT OBJ133 APT10); all 39 atoms are simultaneous. Golden line 295.
goal,(AT OBJ132 APT11),Our goal is to rearrange packages to specific targets: obj21 must be at apt3; obj62 must be at apt8; obj133 must be at apt10; obj132 must be at apt11; obj63 must be at pos10; obj92 must be at pos12; obj93 must be at apt3; obj32 must be at apt7; obj72 must be at pos2; obj91 must be at pos9; obj43 must be at pos7; obj33 must be at pos11; obj53 must be at pos8; obj31 must be at pos12; obj113 must be at apt7; obj23 must be at pos4; obj41 must be at apt13; obj52 must be at apt10; obj103 must be at pos13; obj83 must be at apt12; obj123 must be at pos6; obj73 must be at apt11; obj122 must be at apt7; obj13 must be at apt3; obj121 must be at pos7; obj82 must be at apt2; obj11 must be at apt4; obj101 must be at apt13; obj71 must be at pos3; obj131 must be at apt4; obj42 must be at apt8; obj61 must be at pos9; obj102 must be at apt2; obj112 must be at apt11; obj12 must be at pos13; obj111 must be at pos1; obj51 must be at apt12; obj22 must be at pos1; obj81 must be at apt13.,direct,true,covered,The complete irregular goal sentence includes (AT OBJ132 APT11); all 39 atoms are simultaneous. Golden line 296.
goal,(AT OBJ63 POS10),Our goal is to rearrange packages to specific targets: obj21 must be at apt3; obj62 must be at apt8; obj133 must be at apt10; obj132 must be at apt11; obj63 must be at pos10; obj92 must be at pos12; obj93 must be at apt3; obj32 must be at apt7; obj72 must be at pos2; obj91 must be at pos9; obj43 must be at pos7; obj33 must be at pos11; obj53 must be at pos8; obj31 must be at pos12; obj113 must be at apt7; obj23 must be at pos4; obj41 must be at apt13; obj52 must be at apt10; obj103 must be at pos13; obj83 must be at apt12; obj123 must be at pos6; obj73 must be at apt11; obj122 must be at apt7; obj13 must be at apt3; obj121 must be at pos7; obj82 must be at apt2; obj11 must be at apt4; obj101 must be at apt13; obj71 must be at pos3; obj131 must be at apt4; obj42 must be at apt8; obj61 must be at pos9; obj102 must be at apt2; obj112 must be at apt11; obj12 must be at pos13; obj111 must be at pos1; obj51 must be at apt12; obj22 must be at pos1; obj81 must be at apt13.,direct,true,covered,The complete irregular goal sentence includes (AT OBJ63 POS10); all 39 atoms are simultaneous. Golden line 297.
goal,(AT OBJ92 POS12),Our goal is to rearrange packages to specific targets: obj21 must be at apt3; obj62 must be at apt8; obj133 must be at apt10; obj132 must be at apt11; obj63 must be at pos10; obj92 must be at pos12; obj93 must be at apt3; obj32 must be at apt7; obj72 must be at pos2; obj91 must be at pos9; obj43 must be at pos7; obj33 must be at pos11; obj53 must be at pos8; obj31 must be at pos12; obj113 must be at apt7; obj23 must be at pos4; obj41 must be at apt13; obj52 must be at apt10; obj103 must be at pos13; obj83 must be at apt12; obj123 must be at pos6; obj73 must be at apt11; obj122 must be at apt7; obj13 must be at apt3; obj121 must be at pos7; obj82 must be at apt2; obj11 must be at apt4; obj101 must be at apt13; obj71 must be at pos3; obj131 must be at apt4; obj42 must be at apt8; obj61 must be at pos9; obj102 must be at apt2; obj112 must be at apt11; obj12 must be at pos13; obj111 must be at pos1; obj51 must be at apt12; obj22 must be at pos1; obj81 must be at apt13.,direct,true,covered,The complete irregular goal sentence includes (AT OBJ92 POS12); all 39 atoms are simultaneous. Golden line 298.
goal,(AT OBJ93 APT3),Our goal is to rearrange packages to specific targets: obj21 must be at apt3; obj62 must be at apt8; obj133 must be at apt10; obj132 must be at apt11; obj63 must be at pos10; obj92 must be at pos12; obj93 must be at apt3; obj32 must be at apt7; obj72 must be at pos2; obj91 must be at pos9; obj43 must be at pos7; obj33 must be at pos11; obj53 must be at pos8; obj31 must be at pos12; obj113 must be at apt7; obj23 must be at pos4; obj41 must be at apt13; obj52 must be at apt10; obj103 must be at pos13; obj83 must be at apt12; obj123 must be at pos6; obj73 must be at apt11; obj122 must be at apt7; obj13 must be at apt3; obj121 must be at pos7; obj82 must be at apt2; obj11 must be at apt4; obj101 must be at apt13; obj71 must be at pos3; obj131 must be at apt4; obj42 must be at apt8; obj61 must be at pos9; obj102 must be at apt2; obj112 must be at apt11; obj12 must be at pos13; obj111 must be at pos1; obj51 must be at apt12; obj22 must be at pos1; obj81 must be at apt13.,direct,true,covered,The complete irregular goal sentence includes (AT OBJ93 APT3); all 39 atoms are simultaneous. Golden line 299.
goal,(AT OBJ32 APT7),Our goal is to rearrange packages to specific targets: obj21 must be at apt3; obj62 must be at apt8; obj133 must be at apt10; obj132 must be at apt11; obj63 must be at pos10; obj92 must be at pos12; obj93 must be at apt3; obj32 must be at apt7; obj72 must be at pos2; obj91 must be at pos9; obj43 must be at pos7; obj33 must be at pos11; obj53 must be at pos8; obj31 must be at pos12; obj113 must be at apt7; obj23 must be at pos4; obj41 must be at apt13; obj52 must be at apt10; obj103 must be at pos13; obj83 must be at apt12; obj123 must be at pos6; obj73 must be at apt11; obj122 must be at apt7; obj13 must be at apt3; obj121 must be at pos7; obj82 must be at apt2; obj11 must be at apt4; obj101 must be at apt13; obj71 must be at pos3; obj131 must be at apt4; obj42 must be at apt8; obj61 must be at pos9; obj102 must be at apt2; obj112 must be at apt11; obj12 must be at pos13; obj111 must be at pos1; obj51 must be at apt12; obj22 must be at pos1; obj81 must be at apt13.,direct,true,covered,The complete irregular goal sentence includes (AT OBJ32 APT7); all 39 atoms are simultaneous. Golden line 300.
goal,(AT OBJ72 POS2),Our goal is to rearrange packages to specific targets: obj21 must be at apt3; obj62 must be at apt8; obj133 must be at apt10; obj132 must be at apt11; obj63 must be at pos10; obj92 must be at pos12; obj93 must be at apt3; obj32 must be at apt7; obj72 must be at pos2; obj91 must be at pos9; obj43 must be at pos7; obj33 must be at pos11; obj53 must be at pos8; obj31 must be at pos12; obj113 must be at apt7; obj23 must be at pos4; obj41 must be at apt13; obj52 must be at apt10; obj103 must be at pos13; obj83 must be at apt12; obj123 must be at pos6; obj73 must be at apt11; obj122 must be at apt7; obj13 must be at apt3; obj121 must be at pos7; obj82 must be at apt2; obj11 must be at apt4; obj101 must be at apt13; obj71 must be at pos3; obj131 must be at apt4; obj42 must be at apt8; obj61 must be at pos9; obj102 must be at apt2; obj112 must be at apt11; obj12 must be at pos13; obj111 must be at pos1; obj51 must be at apt12; obj22 must be at pos1; obj81 must be at apt13.,direct,true,covered,The complete irregular goal sentence includes (AT OBJ72 POS2); all 39 atoms are simultaneous. Golden line 301.
goal,(AT OBJ91 POS9),Our goal is to rearrange packages to specific targets: obj21 must be at apt3; obj62 must be at apt8; obj133 must be at apt10; obj132 must be at apt11; obj63 must be at pos10; obj92 must be at pos12; obj93 must be at apt3; obj32 must be at apt7; obj72 must be at pos2; obj91 must be at pos9; obj43 must be at pos7; obj33 must be at pos11; obj53 must be at pos8; obj31 must be at pos12; obj113 must be at apt7; obj23 must be at pos4; obj41 must be at apt13; obj52 must be at apt10; obj103 must be at pos13; obj83 must be at apt12; obj123 must be at pos6; obj73 must be at apt11; obj122 must be at apt7; obj13 must be at apt3; obj121 must be at pos7; obj82 must be at apt2; obj11 must be at apt4; obj101 must be at apt13; obj71 must be at pos3; obj131 must be at apt4; obj42 must be at apt8; obj61 must be at pos9; obj102 must be at apt2; obj112 must be at apt11; obj12 must be at pos13; obj111 must be at pos1; obj51 must be at apt12; obj22 must be at pos1; obj81 must be at apt13.,direct,true,covered,The complete irregular goal sentence includes (AT OBJ91 POS9); all 39 atoms are simultaneous. Golden line 302.
goal,(AT OBJ43 POS7),Our goal is to rearrange packages to specific targets: obj21 must be at apt3; obj62 must be at apt8; obj133 must be at apt10; obj132 must be at apt11; obj63 must be at pos10; obj92 must be at pos12; obj93 must be at apt3; obj32 must be at apt7; obj72 must be at pos2; obj91 must be at pos9; obj43 must be at pos7; obj33 must be at pos11; obj53 must be at pos8; obj31 must be at pos12; obj113 must be at apt7; obj23 must be at pos4; obj41 must be at apt13; obj52 must be at apt10; obj103 must be at pos13; obj83 must be at apt12; obj123 must be at pos6; obj73 must be at apt11; obj122 must be at apt7; obj13 must be at apt3; obj121 must be at pos7; obj82 must be at apt2; obj11 must be at apt4; obj101 must be at apt13; obj71 must be at pos3; obj131 must be at apt4; obj42 must be at apt8; obj61 must be at pos9; obj102 must be at apt2; obj112 must be at apt11; obj12 must be at pos13; obj111 must be at pos1; obj51 must be at apt12; obj22 must be at pos1; obj81 must be at apt13.,direct,true,covered,The complete irregular goal sentence includes (AT OBJ43 POS7); all 39 atoms are simultaneous. Golden line 303.
goal,(AT OBJ33 POS11),Our goal is to rearrange packages to specific targets: obj21 must be at apt3; obj62 must be at apt8; obj133 must be at apt10; obj132 must be at apt11; obj63 must be at pos10; obj92 must be at pos12; obj93 must be at apt3; obj32 must be at apt7; obj72 must be at pos2; obj91 must be at pos9; obj43 must be at pos7; obj33 must be at pos11; obj53 must be at pos8; obj31 must be at pos12; obj113 must be at apt7; obj23 must be at pos4; obj41 must be at apt13; obj52 must be at apt10; obj103 must be at pos13; obj83 must be at apt12; obj123 must be at pos6; obj73 must be at apt11; obj122 must be at apt7; obj13 must be at apt3; obj121 must be at pos7; obj82 must be at apt2; obj11 must be at apt4; obj101 must be at apt13; obj71 must be at pos3; obj131 must be at apt4; obj42 must be at apt8; obj61 must be at pos9; obj102 must be at apt2; obj112 must be at apt11; obj12 must be at pos13; obj111 must be at pos1; obj51 must be at apt12; obj22 must be at pos1; obj81 must be at apt13.,direct,true,covered,The complete irregular goal sentence includes (AT OBJ33 POS11); all 39 atoms are simultaneous. Golden line 304.
goal,(AT OBJ53 POS8),Our goal is to rearrange packages to specific targets: obj21 must be at apt3; obj62 must be at apt8; obj133 must be at apt10; obj132 must be at apt11; obj63 must be at pos10; obj92 must be at pos12; obj93 must be at apt3; obj32 must be at apt7; obj72 must be at pos2; obj91 must be at pos9; obj43 must be at pos7; obj33 must be at pos11; obj53 must be at pos8; obj31 must be at pos12; obj113 must be at apt7; obj23 must be at pos4; obj41 must be at apt13; obj52 must be at apt10; obj103 must be at pos13; obj83 must be at apt12; obj123 must be at pos6; obj73 must be at apt11; obj122 must be at apt7; obj13 must be at apt3; obj121 must be at pos7; obj82 must be at apt2; obj11 must be at apt4; obj101 must be at apt13; obj71 must be at pos3; obj131 must be at apt4; obj42 must be at apt8; obj61 must be at pos9; obj102 must be at apt2; obj112 must be at apt11; obj12 must be at pos13; obj111 must be at pos1; obj51 must be at apt12; obj22 must be at pos1; obj81 must be at apt13.,direct,true,covered,The complete irregular goal sentence includes (AT OBJ53 POS8); all 39 atoms are simultaneous. Golden line 305.
goal,(AT OBJ31 POS12),Our goal is to rearrange packages to specific targets: obj21 must be at apt3; obj62 must be at apt8; obj133 must be at apt10; obj132 must be at apt11; obj63 must be at pos10; obj92 must be at pos12; obj93 must be at apt3; obj32 must be at apt7; obj72 must be at pos2; obj91 must be at pos9; obj43 must be at pos7; obj33 must be at pos11; obj53 must be at pos8; obj31 must be at pos12; obj113 must be at apt7; obj23 must be at pos4; obj41 must be at apt13; obj52 must be at apt10; obj103 must be at pos13; obj83 must be at apt12; obj123 must be at pos6; obj73 must be at apt11; obj122 must be at apt7; obj13 must be at apt3; obj121 must be at pos7; obj82 must be at apt2; obj11 must be at apt4; obj101 must be at apt13; obj71 must be at pos3; obj131 must be at apt4; obj42 must be at apt8; obj61 must be at pos9; obj102 must be at apt2; obj112 must be at apt11; obj12 must be at pos13; obj111 must be at pos1; obj51 must be at apt12; obj22 must be at pos1; obj81 must be at apt13.,direct,true,covered,The complete irregular goal sentence includes (AT OBJ31 POS12); all 39 atoms are simultaneous. Golden line 306.
goal,(AT OBJ113 APT7),Our goal is to rearrange packages to specific targets: obj21 must be at apt3; obj62 must be at apt8; obj133 must be at apt10; obj132 must be at apt11; obj63 must be at pos10; obj92 must be at pos12; obj93 must be at apt3; obj32 must be at apt7; obj72 must be at pos2; obj91 must be at pos9; obj43 must be at pos7; obj33 must be at pos11; obj53 must be at pos8; obj31 must be at pos12; obj113 must be at apt7; obj23 must be at pos4; obj41 must be at apt13; obj52 must be at apt10; obj103 must be at pos13; obj83 must be at apt12; obj123 must be at pos6; obj73 must be at apt11; obj122 must be at apt7; obj13 must be at apt3; obj121 must be at pos7; obj82 must be at apt2; obj11 must be at apt4; obj101 must be at apt13; obj71 must be at pos3; obj131 must be at apt4; obj42 must be at apt8; obj61 must be at pos9; obj102 must be at apt2; obj112 must be at apt11; obj12 must be at pos13; obj111 must be at pos1; obj51 must be at apt12; obj22 must be at pos1; obj81 must be at apt13.,direct,true,covered,The complete irregular goal sentence includes (AT OBJ113 APT7); all 39 atoms are simultaneous. Golden line 307.
goal,(AT OBJ23 POS4),Our goal is to rearrange packages to specific targets: obj21 must be at apt3; obj62 must be at apt8; obj133 must be at apt10; obj132 must be at apt11; obj63 must be at pos10; obj92 must be at pos12; obj93 must be at apt3; obj32 must be at apt7; obj72 must be at pos2; obj91 must be at pos9; obj43 must be at pos7; obj33 must be at pos11; obj53 must be at pos8; obj31 must be at pos12; obj113 must be at apt7; obj23 must be at pos4; obj41 must be at apt13; obj52 must be at apt10; obj103 must be at pos13; obj83 must be at apt12; obj123 must be at pos6; obj73 must be at apt11; obj122 must be at apt7; obj13 must be at apt3; obj121 must be at pos7; obj82 must be at apt2; obj11 must be at apt4; obj101 must be at apt13; obj71 must be at pos3; obj131 must be at apt4; obj42 must be at apt8; obj61 must be at pos9; obj102 must be at apt2; obj112 must be at apt11; obj12 must be at pos13; obj111 must be at pos1; obj51 must be at apt12; obj22 must be at pos1; obj81 must be at apt13.,direct,true,covered,The complete irregular goal sentence includes (AT OBJ23 POS4); all 39 atoms are simultaneous. Golden line 308.
goal,(AT OBJ41 APT13),Our goal is to rearrange packages to specific targets: obj21 must be at apt3; obj62 must be at apt8; obj133 must be at apt10; obj132 must be at apt11; obj63 must be at pos10; obj92 must be at pos12; obj93 must be at apt3; obj32 must be at apt7; obj72 must be at pos2; obj91 must be at pos9; obj43 must be at pos7; obj33 must be at pos11; obj53 must be at pos8; obj31 must be at pos12; obj113 must be at apt7; obj23 must be at pos4; obj41 must be at apt13; obj52 must be at apt10; obj103 must be at pos13; obj83 must be at apt12; obj123 must be at pos6; obj73 must be at apt11; obj122 must be at apt7; obj13 must be at apt3; obj121 must be at pos7; obj82 must be at apt2; obj11 must be at apt4; obj101 must be at apt13; obj71 must be at pos3; obj131 must be at apt4; obj42 must be at apt8; obj61 must be at pos9; obj102 must be at apt2; obj112 must be at apt11; obj12 must be at pos13; obj111 must be at pos1; obj51 must be at apt12; obj22 must be at pos1; obj81 must be at apt13.,direct,true,covered,The complete irregular goal sentence includes (AT OBJ41 APT13); all 39 atoms are simultaneous. Golden line 309.
goal,(AT OBJ52 APT10),Our goal is to rearrange packages to specific targets: obj21 must be at apt3; obj62 must be at apt8; obj133 must be at apt10; obj132 must be at apt11; obj63 must be at pos10; obj92 must be at pos12; obj93 must be at apt3; obj32 must be at apt7; obj72 must be at pos2; obj91 must be at pos9; obj43 must be at pos7; obj33 must be at pos11; obj53 must be at pos8; obj31 must be at pos12; obj113 must be at apt7; obj23 must be at pos4; obj41 must be at apt13; obj52 must be at apt10; obj103 must be at pos13; obj83 must be at apt12; obj123 must be at pos6; obj73 must be at apt11; obj122 must be at apt7; obj13 must be at apt3; obj121 must be at pos7; obj82 must be at apt2; obj11 must be at apt4; obj101 must be at apt13; obj71 must be at pos3; obj131 must be at apt4; obj42 must be at apt8; obj61 must be at pos9; obj102 must be at apt2; obj112 must be at apt11; obj12 must be at pos13; obj111 must be at pos1; obj51 must be at apt12; obj22 must be at pos1; obj81 must be at apt13.,direct,true,covered,The complete irregular goal sentence includes (AT OBJ52 APT10); all 39 atoms are simultaneous. Golden line 310.
goal,(AT OBJ103 POS13),Our goal is to rearrange packages to specific targets: obj21 must be at apt3; obj62 must be at apt8; obj133 must be at apt10; obj132 must be at apt11; obj63 must be at pos10; obj92 must be at pos12; obj93 must be at apt3; obj32 must be at apt7; obj72 must be at pos2; obj91 must be at pos9; obj43 must be at pos7; obj33 must be at pos11; obj53 must be at pos8; obj31 must be at pos12; obj113 must be at apt7; obj23 must be at pos4; obj41 must be at apt13; obj52 must be at apt10; obj103 must be at pos13; obj83 must be at apt12; obj123 must be at pos6; obj73 must be at apt11; obj122 must be at apt7; obj13 must be at apt3; obj121 must be at pos7; obj82 must be at apt2; obj11 must be at apt4; obj101 must be at apt13; obj71 must be at pos3; obj131 must be at apt4; obj42 must be at apt8; obj61 must be at pos9; obj102 must be at apt2; obj112 must be at apt11; obj12 must be at pos13; obj111 must be at pos1; obj51 must be at apt12; obj22 must be at pos1; obj81 must be at apt13.,direct,true,covered,The complete irregular goal sentence includes (AT OBJ103 POS13); all 39 atoms are simultaneous. Golden line 311.
goal,(AT OBJ83 APT12),Our goal is to rearrange packages to specific targets: obj21 must be at apt3; obj62 must be at apt8; obj133 must be at apt10; obj132 must be at apt11; obj63 must be at pos10; obj92 must be at pos12; obj93 must be at apt3; obj32 must be at apt7; obj72 must be at pos2; obj91 must be at pos9; obj43 must be at pos7; obj33 must be at pos11; obj53 must be at pos8; obj31 must be at pos12; obj113 must be at apt7; obj23 must be at pos4; obj41 must be at apt13; obj52 must be at apt10; obj103 must be at pos13; obj83 must be at apt12; obj123 must be at pos6; obj73 must be at apt11; obj122 must be at apt7; obj13 must be at apt3; obj121 must be at pos7; obj82 must be at apt2; obj11 must be at apt4; obj101 must be at apt13; obj71 must be at pos3; obj131 must be at apt4; obj42 must be at apt8; obj61 must be at pos9; obj102 must be at apt2; obj112 must be at apt11; obj12 must be at pos13; obj111 must be at pos1; obj51 must be at apt12; obj22 must be at pos1; obj81 must be at apt13.,direct,true,covered,The complete irregular goal sentence includes (AT OBJ83 APT12); all 39 atoms are simultaneous. Golden line 312.
goal,(AT OBJ123 POS6),Our goal is to rearrange packages to specific targets: obj21 must be at apt3; obj62 must be at apt8; obj133 must be at apt10; obj132 must be at apt11; obj63 must be at pos10; obj92 must be at pos12; obj93 must be at apt3; obj32 must be at apt7; obj72 must be at pos2; obj91 must be at pos9; obj43 must be at pos7; obj33 must be at pos11; obj53 must be at pos8; obj31 must be at pos12; obj113 must be at apt7; obj23 must be at pos4; obj41 must be at apt13; obj52 must be at apt10; obj103 must be at pos13; obj83 must be at apt12; obj123 must be at pos6; obj73 must be at apt11; obj122 must be at apt7; obj13 must be at apt3; obj121 must be at pos7; obj82 must be at apt2; obj11 must be at apt4; obj101 must be at apt13; obj71 must be at pos3; obj131 must be at apt4; obj42 must be at apt8; obj61 must be at pos9; obj102 must be at apt2; obj112 must be at apt11; obj12 must be at pos13; obj111 must be at pos1; obj51 must be at apt12; obj22 must be at pos1; obj81 must be at apt13.,direct,true,covered,The complete irregular goal sentence includes (AT OBJ123 POS6); all 39 atoms are simultaneous. Golden line 313.
goal,(AT OBJ73 APT11),Our goal is to rearrange packages to specific targets: obj21 must be at apt3; obj62 must be at apt8; obj133 must be at apt10; obj132 must be at apt11; obj63 must be at pos10; obj92 must be at pos12; obj93 must be at apt3; obj32 must be at apt7; obj72 must be at pos2; obj91 must be at pos9; obj43 must be at pos7; obj33 must be at pos11; obj53 must be at pos8; obj31 must be at pos12; obj113 must be at apt7; obj23 must be at pos4; obj41 must be at apt13; obj52 must be at apt10; obj103 must be at pos13; obj83 must be at apt12; obj123 must be at pos6; obj73 must be at apt11; obj122 must be at apt7; obj13 must be at apt3; obj121 must be at pos7; obj82 must be at apt2; obj11 must be at apt4; obj101 must be at apt13; obj71 must be at pos3; obj131 must be at apt4; obj42 must be at apt8; obj61 must be at pos9; obj102 must be at apt2; obj112 must be at apt11; obj12 must be at pos13; obj111 must be at pos1; obj51 must be at apt12; obj22 must be at pos1; obj81 must be at apt13.,direct,true,covered,The complete irregular goal sentence includes (AT OBJ73 APT11); all 39 atoms are simultaneous. Golden line 314.
goal,(AT OBJ122 APT7),Our goal is to rearrange packages to specific targets: obj21 must be at apt3; obj62 must be at apt8; obj133 must be at apt10; obj132 must be at apt11; obj63 must be at pos10; obj92 must be at pos12; obj93 must be at apt3; obj32 must be at apt7; obj72 must be at pos2; obj91 must be at pos9; obj43 must be at pos7; obj33 must be at pos11; obj53 must be at pos8; obj31 must be at pos12; obj113 must be at apt7; obj23 must be at pos4; obj41 must be at apt13; obj52 must be at apt10; obj103 must be at pos13; obj83 must be at apt12; obj123 must be at pos6; obj73 must be at apt11; obj122 must be at apt7; obj13 must be at apt3; obj121 must be at pos7; obj82 must be at apt2; obj11 must be at apt4; obj101 must be at apt13; obj71 must be at pos3; obj131 must be at apt4; obj42 must be at apt8; obj61 must be at pos9; obj102 must be at apt2; obj112 must be at apt11; obj12 must be at pos13; obj111 must be at pos1; obj51 must be at apt12; obj22 must be at pos1; obj81 must be at apt13.,direct,true,covered,The complete irregular goal sentence includes (AT OBJ122 APT7); all 39 atoms are simultaneous. Golden line 315.
goal,(AT OBJ13 APT3),Our goal is to rearrange packages to specific targets: obj21 must be at apt3; obj62 must be at apt8; obj133 must be at apt10; obj132 must be at apt11; obj63 must be at pos10; obj92 must be at pos12; obj93 must be at apt3; obj32 must be at apt7; obj72 must be at pos2; obj91 must be at pos9; obj43 must be at pos7; obj33 must be at pos11; obj53 must be at pos8; obj31 must be at pos12; obj113 must be at apt7; obj23 must be at pos4; obj41 must be at apt13; obj52 must be at apt10; obj103 must be at pos13; obj83 must be at apt12; obj123 must be at pos6; obj73 must be at apt11; obj122 must be at apt7; obj13 must be at apt3; obj121 must be at pos7; obj82 must be at apt2; obj11 must be at apt4; obj101 must be at apt13; obj71 must be at pos3; obj131 must be at apt4; obj42 must be at apt8; obj61 must be at pos9; obj102 must be at apt2; obj112 must be at apt11; obj12 must be at pos13; obj111 must be at pos1; obj51 must be at apt12; obj22 must be at pos1; obj81 must be at apt13.,direct,true,covered,The complete irregular goal sentence includes (AT OBJ13 APT3); all 39 atoms are simultaneous. Golden line 316.
goal,(AT OBJ121 POS7),Our goal is to rearrange packages to specific targets: obj21 must be at apt3; obj62 must be at apt8; obj133 must be at apt10; obj132 must be at apt11; obj63 must be at pos10; obj92 must be at pos12; obj93 must be at apt3; obj32 must be at apt7; obj72 must be at pos2; obj91 must be at pos9; obj43 must be at pos7; obj33 must be at pos11; obj53 must be at pos8; obj31 must be at pos12; obj113 must be at apt7; obj23 must be at pos4; obj41 must be at apt13; obj52 must be at apt10; obj103 must be at pos13; obj83 must be at apt12; obj123 must be at pos6; obj73 must be at apt11; obj122 must be at apt7; obj13 must be at apt3; obj121 must be at pos7; obj82 must be at apt2; obj11 must be at apt4; obj101 must be at apt13; obj71 must be at pos3; obj131 must be at apt4; obj42 must be at apt8; obj61 must be at pos9; obj102 must be at apt2; obj112 must be at apt11; obj12 must be at pos13; obj111 must be at pos1; obj51 must be at apt12; obj22 must be at pos1; obj81 must be at apt13.,direct,true,covered,The complete irregular goal sentence includes (AT OBJ121 POS7); all 39 atoms are simultaneous. Golden line 317.
goal,(AT OBJ82 APT2),Our goal is to rearrange packages to specific targets: obj21 must be at apt3; obj62 must be at apt8; obj133 must be at apt10; obj132 must be at apt11; obj63 must be at pos10; obj92 must be at pos12; obj93 must be at apt3; obj32 must be at apt7; obj72 must be at pos2; obj91 must be at pos9; obj43 must be at pos7; obj33 must be at pos11; obj53 must be at pos8; obj31 must be at pos12; obj113 must be at apt7; obj23 must be at pos4; obj41 must be at apt13; obj52 must be at apt10; obj103 must be at pos13; obj83 must be at apt12; obj123 must be at pos6; obj73 must be at apt11; obj122 must be at apt7; obj13 must be at apt3; obj121 must be at pos7; obj82 must be at apt2; obj11 must be at apt4; obj101 must be at apt13; obj71 must be at pos3; obj131 must be at apt4; obj42 must be at apt8; obj61 must be at pos9; obj102 must be at apt2; obj112 must be at apt11; obj12 must be at pos13; obj111 must be at pos1; obj51 must be at apt12; obj22 must be at pos1; obj81 must be at apt13.,direct,true,covered,The complete irregular goal sentence includes (AT OBJ82 APT2); all 39 atoms are simultaneous. Golden line 318.
goal,(AT OBJ11 APT4),Our goal is to rearrange packages to specific targets: obj21 must be at apt3; obj62 must be at apt8; obj133 must be at apt10; obj132 must be at apt11; obj63 must be at pos10; obj92 must be at pos12; obj93 must be at apt3; obj32 must be at apt7; obj72 must be at pos2; obj91 must be at pos9; obj43 must be at pos7; obj33 must be at pos11; obj53 must be at pos8; obj31 must be at pos12; obj113 must be at apt7; obj23 must be at pos4; obj41 must be at apt13; obj52 must be at apt10; obj103 must be at pos13; obj83 must be at apt12; obj123 must be at pos6; obj73 must be at apt11; obj122 must be at apt7; obj13 must be at apt3; obj121 must be at pos7; obj82 must be at apt2; obj11 must be at apt4; obj101 must be at apt13; obj71 must be at pos3; obj131 must be at apt4; obj42 must be at apt8; obj61 must be at pos9; obj102 must be at apt2; obj112 must be at apt11; obj12 must be at pos13; obj111 must be at pos1; obj51 must be at apt12; obj22 must be at pos1; obj81 must be at apt13.,direct,true,covered,The complete irregular goal sentence includes (AT OBJ11 APT4); all 39 atoms are simultaneous. Golden line 319.
goal,(AT OBJ101 APT13),Our goal is to rearrange packages to specific targets: obj21 must be at apt3; obj62 must be at apt8; obj133 must be at apt10; obj132 must be at apt11; obj63 must be at pos10; obj92 must be at pos12; obj93 must be at apt3; obj32 must be at apt7; obj72 must be at pos2; obj91 must be at pos9; obj43 must be at pos7; obj33 must be at pos11; obj53 must be at pos8; obj31 must be at pos12; obj113 must be at apt7; obj23 must be at pos4; obj41 must be at apt13; obj52 must be at apt10; obj103 must be at pos13; obj83 must be at apt12; obj123 must be at pos6; obj73 must be at apt11; obj122 must be at apt7; obj13 must be at apt3; obj121 must be at pos7; obj82 must be at apt2; obj11 must be at apt4; obj101 must be at apt13; obj71 must be at pos3; obj131 must be at apt4; obj42 must be at apt8; obj61 must be at pos9; obj102 must be at apt2; obj112 must be at apt11; obj12 must be at pos13; obj111 must be at pos1; obj51 must be at apt12; obj22 must be at pos1; obj81 must be at apt13.,direct,true,covered,The complete irregular goal sentence includes (AT OBJ101 APT13); all 39 atoms are simultaneous. Golden line 320.
goal,(AT OBJ71 POS3),Our goal is to rearrange packages to specific targets: obj21 must be at apt3; obj62 must be at apt8; obj133 must be at apt10; obj132 must be at apt11; obj63 must be at pos10; obj92 must be at pos12; obj93 must be at apt3; obj32 must be at apt7; obj72 must be at pos2; obj91 must be at pos9; obj43 must be at pos7; obj33 must be at pos11; obj53 must be at pos8; obj31 must be at pos12; obj113 must be at apt7; obj23 must be at pos4; obj41 must be at apt13; obj52 must be at apt10; obj103 must be at pos13; obj83 must be at apt12; obj123 must be at pos6; obj73 must be at apt11; obj122 must be at apt7; obj13 must be at apt3; obj121 must be at pos7; obj82 must be at apt2; obj11 must be at apt4; obj101 must be at apt13; obj71 must be at pos3; obj131 must be at apt4; obj42 must be at apt8; obj61 must be at pos9; obj102 must be at apt2; obj112 must be at apt11; obj12 must be at pos13; obj111 must be at pos1; obj51 must be at apt12; obj22 must be at pos1; obj81 must be at apt13.,direct,true,covered,The complete irregular goal sentence includes (AT OBJ71 POS3); all 39 atoms are simultaneous. Golden line 321.
goal,(AT OBJ131 APT4),Our goal is to rearrange packages to specific targets: obj21 must be at apt3; obj62 must be at apt8; obj133 must be at apt10; obj132 must be at apt11; obj63 must be at pos10; obj92 must be at pos12; obj93 must be at apt3; obj32 must be at apt7; obj72 must be at pos2; obj91 must be at pos9; obj43 must be at pos7; obj33 must be at pos11; obj53 must be at pos8; obj31 must be at pos12; obj113 must be at apt7; obj23 must be at pos4; obj41 must be at apt13; obj52 must be at apt10; obj103 must be at pos13; obj83 must be at apt12; obj123 must be at pos6; obj73 must be at apt11; obj122 must be at apt7; obj13 must be at apt3; obj121 must be at pos7; obj82 must be at apt2; obj11 must be at apt4; obj101 must be at apt13; obj71 must be at pos3; obj131 must be at apt4; obj42 must be at apt8; obj61 must be at pos9; obj102 must be at apt2; obj112 must be at apt11; obj12 must be at pos13; obj111 must be at pos1; obj51 must be at apt12; obj22 must be at pos1; obj81 must be at apt13.,direct,true,covered,The complete irregular goal sentence includes (AT OBJ131 APT4); all 39 atoms are simultaneous. Golden line 322.
goal,(AT OBJ42 APT8),Our goal is to rearrange packages to specific targets: obj21 must be at apt3; obj62 must be at apt8; obj133 must be at apt10; obj132 must be at apt11; obj63 must be at pos10; obj92 must be at pos12; obj93 must be at apt3; obj32 must be at apt7; obj72 must be at pos2; obj91 must be at pos9; obj43 must be at pos7; obj33 must be at pos11; obj53 must be at pos8; obj31 must be at pos12; obj113 must be at apt7; obj23 must be at pos4; obj41 must be at apt13; obj52 must be at apt10; obj103 must be at pos13; obj83 must be at apt12; obj123 must be at pos6; obj73 must be at apt11; obj122 must be at apt7; obj13 must be at apt3; obj121 must be at pos7; obj82 must be at apt2; obj11 must be at apt4; obj101 must be at apt13; obj71 must be at pos3; obj131 must be at apt4; obj42 must be at apt8; obj61 must be at pos9; obj102 must be at apt2; obj112 must be at apt11; obj12 must be at pos13; obj111 must be at pos1; obj51 must be at apt12; obj22 must be at pos1; obj81 must be at apt13.,direct,true,covered,The complete irregular goal sentence includes (AT OBJ42 APT8); all 39 atoms are simultaneous. Golden line 323.
goal,(AT OBJ61 POS9),Our goal is to rearrange packages to specific targets: obj21 must be at apt3; obj62 must be at apt8; obj133 must be at apt10; obj132 must be at apt11; obj63 must be at pos10; obj92 must be at pos12; obj93 must be at apt3; obj32 must be at apt7; obj72 must be at pos2; obj91 must be at pos9; obj43 must be at pos7; obj33 must be at pos11; obj53 must be at pos8; obj31 must be at pos12; obj113 must be at apt7; obj23 must be at pos4; obj41 must be at apt13; obj52 must be at apt10; obj103 must be at pos13; obj83 must be at apt12; obj123 must be at pos6; obj73 must be at apt11; obj122 must be at apt7; obj13 must be at apt3; obj121 must be at pos7; obj82 must be at apt2; obj11 must be at apt4; obj101 must be at apt13; obj71 must be at pos3; obj131 must be at apt4; obj42 must be at apt8; obj61 must be at pos9; obj102 must be at apt2; obj112 must be at apt11; obj12 must be at pos13; obj111 must be at pos1; obj51 must be at apt12; obj22 must be at pos1; obj81 must be at apt13.,direct,true,covered,The complete irregular goal sentence includes (AT OBJ61 POS9); all 39 atoms are simultaneous. Golden line 324.
goal,(AT OBJ102 APT2),Our goal is to rearrange packages to specific targets: obj21 must be at apt3; obj62 must be at apt8; obj133 must be at apt10; obj132 must be at apt11; obj63 must be at pos10; obj92 must be at pos12; obj93 must be at apt3; obj32 must be at apt7; obj72 must be at pos2; obj91 must be at pos9; obj43 must be at pos7; obj33 must be at pos11; obj53 must be at pos8; obj31 must be at pos12; obj113 must be at apt7; obj23 must be at pos4; obj41 must be at apt13; obj52 must be at apt10; obj103 must be at pos13; obj83 must be at apt12; obj123 must be at pos6; obj73 must be at apt11; obj122 must be at apt7; obj13 must be at apt3; obj121 must be at pos7; obj82 must be at apt2; obj11 must be at apt4; obj101 must be at apt13; obj71 must be at pos3; obj131 must be at apt4; obj42 must be at apt8; obj61 must be at pos9; obj102 must be at apt2; obj112 must be at apt11; obj12 must be at pos13; obj111 must be at pos1; obj51 must be at apt12; obj22 must be at pos1; obj81 must be at apt13.,direct,true,covered,The complete irregular goal sentence includes (AT OBJ102 APT2); all 39 atoms are simultaneous. Golden line 325.
goal,(AT OBJ112 APT11),Our goal is to rearrange packages to specific targets: obj21 must be at apt3; obj62 must be at apt8; obj133 must be at apt10; obj132 must be at apt11; obj63 must be at pos10; obj92 must be at pos12; obj93 must be at apt3; obj32 must be at apt7; obj72 must be at pos2; obj91 must be at pos9; obj43 must be at pos7; obj33 must be at pos11; obj53 must be at pos8; obj31 must be at pos12; obj113 must be at apt7; obj23 must be at pos4; obj41 must be at apt13; obj52 must be at apt10; obj103 must be at pos13; obj83 must be at apt12; obj123 must be at pos6; obj73 must be at apt11; obj122 must be at apt7; obj13 must be at apt3; obj121 must be at pos7; obj82 must be at apt2; obj11 must be at apt4; obj101 must be at apt13; obj71 must be at pos3; obj131 must be at apt4; obj42 must be at apt8; obj61 must be at pos9; obj102 must be at apt2; obj112 must be at apt11; obj12 must be at pos13; obj111 must be at pos1; obj51 must be at apt12; obj22 must be at pos1; obj81 must be at apt13.,direct,true,covered,The complete irregular goal sentence includes (AT OBJ112 APT11); all 39 atoms are simultaneous. Golden line 326.
goal,(AT OBJ12 POS13),Our goal is to rearrange packages to specific targets: obj21 must be at apt3; obj62 must be at apt8; obj133 must be at apt10; obj132 must be at apt11; obj63 must be at pos10; obj92 must be at pos12; obj93 must be at apt3; obj32 must be at apt7; obj72 must be at pos2; obj91 must be at pos9; obj43 must be at pos7; obj33 must be at pos11; obj53 must be at pos8; obj31 must be at pos12; obj113 must be at apt7; obj23 must be at pos4; obj41 must be at apt13; obj52 must be at apt10; obj103 must be at pos13; obj83 must be at apt12; obj123 must be at pos6; obj73 must be at apt11; obj122 must be at apt7; obj13 must be at apt3; obj121 must be at pos7; obj82 must be at apt2; obj11 must be at apt4; obj101 must be at apt13; obj71 must be at pos3; obj131 must be at apt4; obj42 must be at apt8; obj61 must be at pos9; obj102 must be at apt2; obj112 must be at apt11; obj12 must be at pos13; obj111 must be at pos1; obj51 must be at apt12; obj22 must be at pos1; obj81 must be at apt13.,direct,true,covered,The complete irregular goal sentence includes (AT OBJ12 POS13); all 39 atoms are simultaneous. Golden line 327.
goal,(AT OBJ111 POS1),Our goal is to rearrange packages to specific targets: obj21 must be at apt3; obj62 must be at apt8; obj133 must be at apt10; obj132 must be at apt11; obj63 must be at pos10; obj92 must be at pos12; obj93 must be at apt3; obj32 must be at apt7; obj72 must be at pos2; obj91 must be at pos9; obj43 must be at pos7; obj33 must be at pos11; obj53 must be at pos8; obj31 must be at pos12; obj113 must be at apt7; obj23 must be at pos4; obj41 must be at apt13; obj52 must be at apt10; obj103 must be at pos13; obj83 must be at apt12; obj123 must be at pos6; obj73 must be at apt11; obj122 must be at apt7; obj13 must be at apt3; obj121 must be at pos7; obj82 must be at apt2; obj11 must be at apt4; obj101 must be at apt13; obj71 must be at pos3; obj131 must be at apt4; obj42 must be at apt8; obj61 must be at pos9; obj102 must be at apt2; obj112 must be at apt11; obj12 must be at pos13; obj111 must be at pos1; obj51 must be at apt12; obj22 must be at pos1; obj81 must be at apt13.,direct,true,covered,The complete irregular goal sentence includes (AT OBJ111 POS1); all 39 atoms are simultaneous. Golden line 328.
goal,(AT OBJ51 APT12),Our goal is to rearrange packages to specific targets: obj21 must be at apt3; obj62 must be at apt8; obj133 must be at apt10; obj132 must be at apt11; obj63 must be at pos10; obj92 must be at pos12; obj93 must be at apt3; obj32 must be at apt7; obj72 must be at pos2; obj91 must be at pos9; obj43 must be at pos7; obj33 must be at pos11; obj53 must be at pos8; obj31 must be at pos12; obj113 must be at apt7; obj23 must be at pos4; obj41 must be at apt13; obj52 must be at apt10; obj103 must be at pos13; obj83 must be at apt12; obj123 must be at pos6; obj73 must be at apt11; obj122 must be at apt7; obj13 must be at apt3; obj121 must be at pos7; obj82 must be at apt2; obj11 must be at apt4; obj101 must be at apt13; obj71 must be at pos3; obj131 must be at apt4; obj42 must be at apt8; obj61 must be at pos9; obj102 must be at apt2; obj112 must be at apt11; obj12 must be at pos13; obj111 must be at pos1; obj51 must be at apt12; obj22 must be at pos1; obj81 must be at apt13.,direct,true,covered,The complete irregular goal sentence includes (AT OBJ51 APT12); all 39 atoms are simultaneous. Golden line 329.
goal,(AT OBJ22 POS1),Our goal is to rearrange packages to specific targets: obj21 must be at apt3; obj62 must be at apt8; obj133 must be at apt10; obj132 must be at apt11; obj63 must be at pos10; obj92 must be at pos12; obj93 must be at apt3; obj32 must be at apt7; obj72 must be at pos2; obj91 must be at pos9; obj43 must be at pos7; obj33 must be at pos11; obj53 must be at pos8; obj31 must be at pos12; obj113 must be at apt7; obj23 must be at pos4; obj41 must be at apt13; obj52 must be at apt10; obj103 must be at pos13; obj83 must be at apt12; obj123 must be at pos6; obj73 must be at apt11; obj122 must be at apt7; obj13 must be at apt3; obj121 must be at pos7; obj82 must be at apt2; obj11 must be at apt4; obj101 must be at apt13; obj71 must be at pos3; obj131 must be at apt4; obj42 must be at apt8; obj61 must be at pos9; obj102 must be at apt2; obj112 must be at apt11; obj12 must be at pos13; obj111 must be at pos1; obj51 must be at apt12; obj22 must be at pos1; obj81 must be at apt13.,direct,true,covered,The complete irregular goal sentence includes (AT OBJ22 POS1); all 39 atoms are simultaneous. Golden line 330.
goal,(AT OBJ81 APT13),Our goal is to rearrange packages to specific targets: obj21 must be at apt3; obj62 must be at apt8; obj133 must be at apt10; obj132 must be at apt11; obj63 must be at pos10; obj92 must be at pos12; obj93 must be at apt3; obj32 must be at apt7; obj72 must be at pos2; obj91 must be at pos9; obj43 must be at pos7; obj33 must be at pos11; obj53 must be at pos8; obj31 must be at pos12; obj113 must be at apt7; obj23 must be at pos4; obj41 must be at apt13; obj52 must be at apt10; obj103 must be at pos13; obj83 must be at apt12; obj123 must be at pos6; obj73 must be at apt11; obj122 must be at apt7; obj13 must be at apt3; obj121 must be at pos7; obj82 must be at apt2; obj11 must be at apt4; obj101 must be at apt13; obj71 must be at pos3; obj131 must be at apt4; obj42 must be at apt8; obj61 must be at pos9; obj102 must be at apt2; obj112 must be at apt11; obj12 must be at pos13; obj111 must be at pos1; obj51 must be at apt12; obj22 must be at pos1; obj81 must be at apt13.,direct,true,covered,The complete irregular goal sentence includes (AT OBJ81 APT13); all 39 atoms are simultaneous. Golden line 331.
