section,pddl_item,evidence,evidence_kind,unique,status,notes
objects,APN4,"Further, the game includes four airplanes, apn1 through apn4, currently parked at airports apt12, apt8, apt5, and apt6 respectively.",deterministic_rule,true,covered,The finite range apn1 through apn4 includes exactly this airplane.
objects,APT13,"The setting includes cities cit1 through cit13; for each integer i from 1 through 13, the names citi, posi, and apti are formed by concatenating cit, pos, and apt respectively with i, posi and apti are locations, apti is an airport, and both posi and apti are in citi, creating a map of interrelated locations.",deterministic_rule,true,covered,Substituting this index for i yields exactly this city/location/airport label.
objects,POS13,"The setting includes cities cit1 through cit13; for each integer i from 1 through 13, the names citi, posi, and apti are formed by concatenating cit, pos, and apt respectively with i, posi and apti are locations, apti is an airport, and both posi and apti are in citi, creating a map of interrelated locations.",deterministic_rule,true,covered,Substituting this index for i yields exactly this city/location/airport label.
objects,CIT13,"The setting includes cities cit1 through cit13; for each integer i from 1 through 13, the names citi, posi, and apti are formed by concatenating cit, pos, and apt respectively with i, posi and apti are locations, apti is an airport, and both posi and apti are in citi, creating a map of interrelated locations.",deterministic_rule,true,covered,Substituting this index for i yields exactly this city/location/airport label.
objects,TRU13,"We also have a series of trucks, tru1 through tru13; for each integer i from 1 through 13, the truck named by concatenating tru and i is initially stationed at the position named by concatenating pos and the same i.",deterministic_rule,true,covered,Substituting this index for i yields exactly this truck and its initial position.
objects,OBJ133,"There are exactly 39 packages: for each integer i from 1 through 13, the three package names are formed by concatenating obj, i, and each of 1, 2, and 3, and all three packages are initially located at the position named by concatenating pos and the same i.",deterministic_rule,true,covered,"Bounded i=1..13 with suffixes 1, 2, and 3 yields exactly 39 package labels."
objects,OBJ132,"There are exactly 39 packages: for each integer i from 1 through 13, the three package names are formed by concatenating obj, i, and each of 1, 2, and 3, and all three packages are initially located at the position named by concatenating pos and the same i.",deterministic_rule,true,covered,"Bounded i=1..13 with suffixes 1, 2, and 3 yields exactly 39 package labels."
objects,OBJ131,"There are exactly 39 packages: for each integer i from 1 through 13, the three package names are formed by concatenating obj, i, and each of 1, 2, and 3, and all three packages are initially located at the position named by concatenating pos and the same i.",deterministic_rule,true,covered,"Bounded i=1..13 with suffixes 1, 2, and 3 yields exactly 39 package labels."
objects,APT12,"The setting includes cities cit1 through cit13; for each integer i from 1 through 13, the names citi, posi, and apti are formed by concatenating cit, pos, and apt respectively with i, posi and apti are locations, apti is an airport, and both posi and apti are in citi, creating a map of interrelated locations.",deterministic_rule,true,covered,Substituting this index for i yields exactly this city/location/airport label.
objects,POS12,"The setting includes cities cit1 through cit13; for each integer i from 1 through 13, the names citi, posi, and apti are formed by concatenating cit, pos, and apt respectively with i, posi and apti are locations, apti is an airport, and both posi and apti are in citi, creating a map of interrelated locations.",deterministic_rule,true,covered,Substituting this index for i yields exactly this city/location/airport label.
objects,CIT12,"The setting includes cities cit1 through cit13; for each integer i from 1 through 13, the names citi, posi, and apti are formed by concatenating cit, pos, and apt respectively with i, posi and apti are locations, apti is an airport, and both posi and apti are in citi, creating a map of interrelated locations.",deterministic_rule,true,covered,Substituting this index for i yields exactly this city/location/airport label.
objects,TRU12,"We also have a series of trucks, tru1 through tru13; for each integer i from 1 through 13, the truck named by concatenating tru and i is initially stationed at the position named by concatenating pos and the same i.",deterministic_rule,true,covered,Substituting this index for i yields exactly this truck and its initial position.
objects,OBJ123,"There are exactly 39 packages: for each integer i from 1 through 13, the three package names are formed by concatenating obj, i, and each of 1, 2, and 3, and all three packages are initially located at the position named by concatenating pos and the same i.",deterministic_rule,true,covered,"Bounded i=1..13 with suffixes 1, 2, and 3 yields exactly 39 package labels."
objects,OBJ122,"There are exactly 39 packages: for each integer i from 1 through 13, the three package names are formed by concatenating obj, i, and each of 1, 2, and 3, and all three packages are initially located at the position named by concatenating pos and the same i.",deterministic_rule,true,covered,"Bounded i=1..13 with suffixes 1, 2, and 3 yields exactly 39 package labels."
objects,OBJ121,"There are exactly 39 packages: for each integer i from 1 through 13, the three package names are formed by concatenating obj, i, and each of 1, 2, and 3, and all three packages are initially located at the position named by concatenating pos and the same i.",deterministic_rule,true,covered,"Bounded i=1..13 with suffixes 1, 2, and 3 yields exactly 39 package labels."
objects,APT11,"The setting includes cities cit1 through cit13; for each integer i from 1 through 13, the names citi, posi, and apti are formed by concatenating cit, pos, and apt respectively with i, posi and apti are locations, apti is an airport, and both posi and apti are in citi, creating a map of interrelated locations.",deterministic_rule,true,covered,Substituting this index for i yields exactly this city/location/airport label.
objects,POS11,"The setting includes cities cit1 through cit13; for each integer i from 1 through 13, the names citi, posi, and apti are formed by concatenating cit, pos, and apt respectively with i, posi and apti are locations, apti is an airport, and both posi and apti are in citi, creating a map of interrelated locations.",deterministic_rule,true,covered,Substituting this index for i yields exactly this city/location/airport label.
objects,CIT11,"The setting includes cities cit1 through cit13; for each integer i from 1 through 13, the names citi, posi, and apti are formed by concatenating cit, pos, and apt respectively with i, posi and apti are locations, apti is an airport, and both posi and apti are in citi, creating a map of interrelated locations.",deterministic_rule,true,covered,Substituting this index for i yields exactly this city/location/airport label.
objects,TRU11,"We also have a series of trucks, tru1 through tru13; for each integer i from 1 through 13, the truck named by concatenating tru and i is initially stationed at the position named by concatenating pos and the same i.",deterministic_rule,true,covered,Substituting this index for i yields exactly this truck and its initial position.
objects,OBJ113,"There are exactly 39 packages: for each integer i from 1 through 13, the three package names are formed by concatenating obj, i, and each of 1, 2, and 3, and all three packages are initially located at the position named by concatenating pos and the same i.",deterministic_rule,true,covered,"Bounded i=1..13 with suffixes 1, 2, and 3 yields exactly 39 package labels."
objects,OBJ112,"There are exactly 39 packages: for each integer i from 1 through 13, the three package names are formed by concatenating obj, i, and each of 1, 2, and 3, and all three packages are initially located at the position named by concatenating pos and the same i.",deterministic_rule,true,covered,"Bounded i=1..13 with suffixes 1, 2, and 3 yields exactly 39 package labels."
objects,OBJ111,"There are exactly 39 packages: for each integer i from 1 through 13, the three package names are formed by concatenating obj, i, and each of 1, 2, and 3, and all three packages are initially located at the position named by concatenating pos and the same i.",deterministic_rule,true,covered,"Bounded i=1..13 with suffixes 1, 2, and 3 yields exactly 39 package labels."
objects,APT10,"The setting includes cities cit1 through cit13; for each integer i from 1 through 13, the names citi, posi, and apti are formed by concatenating cit, pos, and apt respectively with i, posi and apti are locations, apti is an airport, and both posi and apti are in citi, creating a map of interrelated locations.",deterministic_rule,true,covered,Substituting this index for i yields exactly this city/location/airport label.
objects,POS10,"The setting includes cities cit1 through cit13; for each integer i from 1 through 13, the names citi, posi, and apti are formed by concatenating cit, pos, and apt respectively with i, posi and apti are locations, apti is an airport, and both posi and apti are in citi, creating a map of interrelated locations.",deterministic_rule,true,covered,Substituting this index for i yields exactly this city/location/airport label.
objects,CIT10,"The setting includes cities cit1 through cit13; for each integer i from 1 through 13, the names citi, posi, and apti are formed by concatenating cit, pos, and apt respectively with i, posi and apti are locations, apti is an airport, and both posi and apti are in citi, creating a map of interrelated locations.",deterministic_rule,true,covered,Substituting this index for i yields exactly this city/location/airport label.
objects,TRU10,"We also have a series of trucks, tru1 through tru13; for each integer i from 1 through 13, the truck named by concatenating tru and i is initially stationed at the position named by concatenating pos and the same i.",deterministic_rule,true,covered,Substituting this index for i yields exactly this truck and its initial position.
objects,OBJ103,"There are exactly 39 packages: for each integer i from 1 through 13, the three package names are formed by concatenating obj, i, and each of 1, 2, and 3, and all three packages are initially located at the position named by concatenating pos and the same i.",deterministic_rule,true,covered,"Bounded i=1..13 with suffixes 1, 2, and 3 yields exactly 39 package labels."
objects,OBJ102,"There are exactly 39 packages: for each integer i from 1 through 13, the three package names are formed by concatenating obj, i, and each of 1, 2, and 3, and all three packages are initially located at the position named by concatenating pos and the same i.",deterministic_rule,true,covered,"Bounded i=1..13 with suffixes 1, 2, and 3 yields exactly 39 package labels."
objects,OBJ101,"There are exactly 39 packages: for each integer i from 1 through 13, the three package names are formed by concatenating obj, i, and each of 1, 2, and 3, and all three packages are initially located at the position named by concatenating pos and the same i.",deterministic_rule,true,covered,"Bounded i=1..13 with suffixes 1, 2, and 3 yields exactly 39 package labels."
objects,APN3,"Further, the game includes four airplanes, apn1 through apn4, currently parked at airports apt12, apt8, apt5, and apt6 respectively.",deterministic_rule,true,covered,The finite range apn1 through apn4 includes exactly this airplane.
objects,APT9,"The setting includes cities cit1 through cit13; for each integer i from 1 through 13, the names citi, posi, and apti are formed by concatenating cit, pos, and apt respectively with i, posi and apti are locations, apti is an airport, and both posi and apti are in citi, creating a map of interrelated locations.",deterministic_rule,true,covered,Substituting this index for i yields exactly this city/location/airport label.
objects,POS9,"The setting includes cities cit1 through cit13; for each integer i from 1 through 13, the names citi, posi, and apti are formed by concatenating cit, pos, and apt respectively with i, posi and apti are locations, apti is an airport, and both posi and apti are in citi, creating a map of interrelated locations.",deterministic_rule,true,covered,Substituting this index for i yields exactly this city/location/airport label.
objects,CIT9,"The setting includes cities cit1 through cit13; for each integer i from 1 through 13, the names citi, posi, and apti are formed by concatenating cit, pos, and apt respectively with i, posi and apti are locations, apti is an airport, and both posi and apti are in citi, creating a map of interrelated locations.",deterministic_rule,true,covered,Substituting this index for i yields exactly this city/location/airport label.
objects,TRU9,"We also have a series of trucks, tru1 through tru13; for each integer i from 1 through 13, the truck named by concatenating tru and i is initially stationed at the position named by concatenating pos and the same i.",deterministic_rule,true,covered,Substituting this index for i yields exactly this truck and its initial position.
objects,OBJ93,"There are exactly 39 packages: for each integer i from 1 through 13, the three package names are formed by concatenating obj, i, and each of 1, 2, and 3, and all three packages are initially located at the position named by concatenating pos and the same i.",deterministic_rule,true,covered,"Bounded i=1..13 with suffixes 1, 2, and 3 yields exactly 39 package labels."
objects,OBJ92,"There are exactly 39 packages: for each integer i from 1 through 13, the three package names are formed by concatenating obj, i, and each of 1, 2, and 3, and all three packages are initially located at the position named by concatenating pos and the same i.",deterministic_rule,true,covered,"Bounded i=1..13 with suffixes 1, 2, and 3 yields exactly 39 package labels."
objects,OBJ91,"There are exactly 39 packages: for each integer i from 1 through 13, the three package names are formed by concatenating obj, i, and each of 1, 2, and 3, and all three packages are initially located at the position named by concatenating pos and the same i.",deterministic_rule,true,covered,"Bounded i=1..13 with suffixes 1, 2, and 3 yields exactly 39 package labels."
objects,APT8,"The setting includes cities cit1 through cit13; for each integer i from 1 through 13, the names citi, posi, and apti are formed by concatenating cit, pos, and apt respectively with i, posi and apti are locations, apti is an airport, and both posi and apti are in citi, creating a map of interrelated locations.",deterministic_rule,true,covered,Substituting this index for i yields exactly this city/location/airport label.
objects,POS8,"The setting includes cities cit1 through cit13; for each integer i from 1 through 13, the names citi, posi, and apti are formed by concatenating cit, pos, and apt respectively with i, posi and apti are locations, apti is an airport, and both posi and apti are in citi, creating a map of interrelated locations.",deterministic_rule,true,covered,Substituting this index for i yields exactly this city/location/airport label.
objects,CIT8,"The setting includes cities cit1 through cit13; for each integer i from 1 through 13, the names citi, posi, and apti are formed by concatenating cit, pos, and apt respectively with i, posi and apti are locations, apti is an airport, and both posi and apti are in citi, creating a map of interrelated locations.",deterministic_rule,true,covered,Substituting this index for i yields exactly this city/location/airport label.
objects,TRU8,"We also have a series of trucks, tru1 through tru13; for each integer i from 1 through 13, the truck named by concatenating tru and i is initially stationed at the position named by concatenating pos and the same i.",deterministic_rule,true,covered,Substituting this index for i yields exactly this truck and its initial position.
objects,OBJ83,"There are exactly 39 packages: for each integer i from 1 through 13, the three package names are formed by concatenating obj, i, and each of 1, 2, and 3, and all three packages are initially located at the position named by concatenating pos and the same i.",deterministic_rule,true,covered,"Bounded i=1..13 with suffixes 1, 2, and 3 yields exactly 39 package labels."
objects,OBJ82,"There are exactly 39 packages: for each integer i from 1 through 13, the three package names are formed by concatenating obj, i, and each of 1, 2, and 3, and all three packages are initially located at the position named by concatenating pos and the same i.",deterministic_rule,true,covered,"Bounded i=1..13 with suffixes 1, 2, and 3 yields exactly 39 package labels."
objects,OBJ81,"There are exactly 39 packages: for each integer i from 1 through 13, the three package names are formed by concatenating obj, i, and each of 1, 2, and 3, and all three packages are initially located at the position named by concatenating pos and the same i.",deterministic_rule,true,covered,"Bounded i=1..13 with suffixes 1, 2, and 3 yields exactly 39 package labels."
objects,APT7,"The setting includes cities cit1 through cit13; for each integer i from 1 through 13, the names citi, posi, and apti are formed by concatenating cit, pos, and apt respectively with i, posi and apti are locations, apti is an airport, and both posi and apti are in citi, creating a map of interrelated locations.",deterministic_rule,true,covered,Substituting this index for i yields exactly this city/location/airport label.
objects,POS7,"The setting includes cities cit1 through cit13; for each integer i from 1 through 13, the names citi, posi, and apti are formed by concatenating cit, pos, and apt respectively with i, posi and apti are locations, apti is an airport, and both posi and apti are in citi, creating a map of interrelated locations.",deterministic_rule,true,covered,Substituting this index for i yields exactly this city/location/airport label.
objects,CIT7,"The setting includes cities cit1 through cit13; for each integer i from 1 through 13, the names citi, posi, and apti are formed by concatenating cit, pos, and apt respectively with i, posi and apti are locations, apti is an airport, and both posi and apti are in citi, creating a map of interrelated locations.",deterministic_rule,true,covered,Substituting this index for i yields exactly this city/location/airport label.
objects,TRU7,"We also have a series of trucks, tru1 through tru13; for each integer i from 1 through 13, the truck named by concatenating tru and i is initially stationed at the position named by concatenating pos and the same i.",deterministic_rule,true,covered,Substituting this index for i yields exactly this truck and its initial position.
objects,OBJ73,"There are exactly 39 packages: for each integer i from 1 through 13, the three package names are formed by concatenating obj, i, and each of 1, 2, and 3, and all three packages are initially located at the position named by concatenating pos and the same i.",deterministic_rule,true,covered,"Bounded i=1..13 with suffixes 1, 2, and 3 yields exactly 39 package labels."
objects,OBJ72,"There are exactly 39 packages: for each integer i from 1 through 13, the three package names are formed by concatenating obj, i, and each of 1, 2, and 3, and all three packages are initially located at the position named by concatenating pos and the same i.",deterministic_rule,true,covered,"Bounded i=1..13 with suffixes 1, 2, and 3 yields exactly 39 package labels."
objects,OBJ71,"There are exactly 39 packages: for each integer i from 1 through 13, the three package names are formed by concatenating obj, i, and each of 1, 2, and 3, and all three packages are initially located at the position named by concatenating pos and the same i.",deterministic_rule,true,covered,"Bounded i=1..13 with suffixes 1, 2, and 3 yields exactly 39 package labels."
objects,APT6,"The setting includes cities cit1 through cit13; for each integer i from 1 through 13, the names citi, posi, and apti are formed by concatenating cit, pos, and apt respectively with i, posi and apti are locations, apti is an airport, and both posi and apti are in citi, creating a map of interrelated locations.",deterministic_rule,true,covered,Substituting this index for i yields exactly this city/location/airport label.
objects,POS6,"The setting includes cities cit1 through cit13; for each integer i from 1 through 13, the names citi, posi, and apti are formed by concatenating cit, pos, and apt respectively with i, posi and apti are locations, apti is an airport, and both posi and apti are in citi, creating a map of interrelated locations.",deterministic_rule,true,covered,Substituting this index for i yields exactly this city/location/airport label.
objects,CIT6,"The setting includes cities cit1 through cit13; for each integer i from 1 through 13, the names citi, posi, and apti are formed by concatenating cit, pos, and apt respectively with i, posi and apti are locations, apti is an airport, and both posi and apti are in citi, creating a map of interrelated locations.",deterministic_rule,true,covered,Substituting this index for i yields exactly this city/location/airport label.
objects,TRU6,"We also have a series of trucks, tru1 through tru13; for each integer i from 1 through 13, the truck named by concatenating tru and i is initially stationed at the position named by concatenating pos and the same i.",deterministic_rule,true,covered,Substituting this index for i yields exactly this truck and its initial position.
objects,OBJ63,"There are exactly 39 packages: for each integer i from 1 through 13, the three package names are formed by concatenating obj, i, and each of 1, 2, and 3, and all three packages are initially located at the position named by concatenating pos and the same i.",deterministic_rule,true,covered,"Bounded i=1..13 with suffixes 1, 2, and 3 yields exactly 39 package labels."
objects,OBJ62,"There are exactly 39 packages: for each integer i from 1 through 13, the three package names are formed by concatenating obj, i, and each of 1, 2, and 3, and all three packages are initially located at the position named by concatenating pos and the same i.",deterministic_rule,true,covered,"Bounded i=1..13 with suffixes 1, 2, and 3 yields exactly 39 package labels."
objects,OBJ61,"There are exactly 39 packages: for each integer i from 1 through 13, the three package names are formed by concatenating obj, i, and each of 1, 2, and 3, and all three packages are initially located at the position named by concatenating pos and the same i.",deterministic_rule,true,covered,"Bounded i=1..13 with suffixes 1, 2, and 3 yields exactly 39 package labels."
objects,APN2,"Further, the game includes four airplanes, apn1 through apn4, currently parked at airports apt12, apt8, apt5, and apt6 respectively.",deterministic_rule,true,covered,The finite range apn1 through apn4 includes exactly this airplane.
objects,APT5,"The setting includes cities cit1 through cit13; for each integer i from 1 through 13, the names citi, posi, and apti are formed by concatenating cit, pos, and apt respectively with i, posi and apti are locations, apti is an airport, and both posi and apti are in citi, creating a map of interrelated locations.",deterministic_rule,true,covered,Substituting this index for i yields exactly this city/location/airport label.
objects,POS5,"The setting includes cities cit1 through cit13; for each integer i from 1 through 13, the names citi, posi, and apti are formed by concatenating cit, pos, and apt respectively with i, posi and apti are locations, apti is an airport, and both posi and apti are in citi, creating a map of interrelated locations.",deterministic_rule,true,covered,Substituting this index for i yields exactly this city/location/airport label.
objects,CIT5,"The setting includes cities cit1 through cit13; for each integer i from 1 through 13, the names citi, posi, and apti are formed by concatenating cit, pos, and apt respectively with i, posi and apti are locations, apti is an airport, and both posi and apti are in citi, creating a map of interrelated locations.",deterministic_rule,true,covered,Substituting this index for i yields exactly this city/location/airport label.
objects,TRU5,"We also have a series of trucks, tru1 through tru13; for each integer i from 1 through 13, the truck named by concatenating tru and i is initially stationed at the position named by concatenating pos and the same i.",deterministic_rule,true,covered,Substituting this index for i yields exactly this truck and its initial position.
objects,OBJ53,"There are exactly 39 packages: for each integer i from 1 through 13, the three package names are formed by concatenating obj, i, and each of 1, 2, and 3, and all three packages are initially located at the position named by concatenating pos and the same i.",deterministic_rule,true,covered,"Bounded i=1..13 with suffixes 1, 2, and 3 yields exactly 39 package labels."
objects,OBJ52,"There are exactly 39 packages: for each integer i from 1 through 13, the three package names are formed by concatenating obj, i, and each of 1, 2, and 3, and all three packages are initially located at the position named by concatenating pos and the same i.",deterministic_rule,true,covered,"Bounded i=1..13 with suffixes 1, 2, and 3 yields exactly 39 package labels."
objects,OBJ51,"There are exactly 39 packages: for each integer i from 1 through 13, the three package names are formed by concatenating obj, i, and each of 1, 2, and 3, and all three packages are initially located at the position named by concatenating pos and the same i.",deterministic_rule,true,covered,"Bounded i=1..13 with suffixes 1, 2, and 3 yields exactly 39 package labels."
objects,APT4,"The setting includes cities cit1 through cit13; for each integer i from 1 through 13, the names citi, posi, and apti are formed by concatenating cit, pos, and apt respectively with i, posi and apti are locations, apti is an airport, and both posi and apti are in citi, creating a map of interrelated locations.",deterministic_rule,true,covered,Substituting this index for i yields exactly this city/location/airport label.
objects,POS4,"The setting includes cities cit1 through cit13; for each integer i from 1 through 13, the names citi, posi, and apti are formed by concatenating cit, pos, and apt respectively with i, posi and apti are locations, apti is an airport, and both posi and apti are in citi, creating a map of interrelated locations.",deterministic_rule,true,covered,Substituting this index for i yields exactly this city/location/airport label.
objects,CIT4,"The setting includes cities cit1 through cit13; for each integer i from 1 through 13, the names citi, posi, and apti are formed by concatenating cit, pos, and apt respectively with i, posi and apti are locations, apti is an airport, and both posi and apti are in citi, creating a map of interrelated locations.",deterministic_rule,true,covered,Substituting this index for i yields exactly this city/location/airport label.
objects,TRU4,"We also have a series of trucks, tru1 through tru13; for each integer i from 1 through 13, the truck named by concatenating tru and i is initially stationed at the position named by concatenating pos and the same i.",deterministic_rule,true,covered,Substituting this index for i yields exactly this truck and its initial position.
objects,OBJ43,"There are exactly 39 packages: for each integer i from 1 through 13, the three package names are formed by concatenating obj, i, and each of 1, 2, and 3, and all three packages are initially located at the position named by concatenating pos and the same i.",deterministic_rule,true,covered,"Bounded i=1..13 with suffixes 1, 2, and 3 yields exactly 39 package labels."
objects,OBJ42,"There are exactly 39 packages: for each integer i from 1 through 13, the three package names are formed by concatenating obj, i, and each of 1, 2, and 3, and all three packages are initially located at the position named by concatenating pos and the same i.",deterministic_rule,true,covered,"Bounded i=1..13 with suffixes 1, 2, and 3 yields exactly 39 package labels."
objects,OBJ41,"There are exactly 39 packages: for each integer i from 1 through 13, the three package names are formed by concatenating obj, i, and each of 1, 2, and 3, and all three packages are initially located at the position named by concatenating pos and the same i.",deterministic_rule,true,covered,"Bounded i=1..13 with suffixes 1, 2, and 3 yields exactly 39 package labels."
objects,APT3,"The setting includes cities cit1 through cit13; for each integer i from 1 through 13, the names citi, posi, and apti are formed by concatenating cit, pos, and apt respectively with i, posi and apti are locations, apti is an airport, and both posi and apti are in citi, creating a map of interrelated locations.",deterministic_rule,true,covered,Substituting this index for i yields exactly this city/location/airport label.
objects,POS3,"The setting includes cities cit1 through cit13; for each integer i from 1 through 13, the names citi, posi, and apti are formed by concatenating cit, pos, and apt respectively with i, posi and apti are locations, apti is an airport, and both posi and apti are in citi, creating a map of interrelated locations.",deterministic_rule,true,covered,Substituting this index for i yields exactly this city/location/airport label.
objects,CIT3,"The setting includes cities cit1 through cit13; for each integer i from 1 through 13, the names citi, posi, and apti are formed by concatenating cit, pos, and apt respectively with i, posi and apti are locations, apti is an airport, and both posi and apti are in citi, creating a map of interrelated locations.",deterministic_rule,true,covered,Substituting this index for i yields exactly this city/location/airport label.
objects,TRU3,"We also have a series of trucks, tru1 through tru13; for each integer i from 1 through 13, the truck named by concatenating tru and i is initially stationed at the position named by concatenating pos and the same i.",deterministic_rule,true,covered,Substituting this index for i yields exactly this truck and its initial position.
objects,OBJ33,"There are exactly 39 packages: for each integer i from 1 through 13, the three package names are formed by concatenating obj, i, and each of 1, 2, and 3, and all three packages are initially located at the position named by concatenating pos and the same i.",deterministic_rule,true,covered,"Bounded i=1..13 with suffixes 1, 2, and 3 yields exactly 39 package labels."
objects,OBJ32,"There are exactly 39 packages: for each integer i from 1 through 13, the three package names are formed by concatenating obj, i, and each of 1, 2, and 3, and all three packages are initially located at the position named by concatenating pos and the same i.",deterministic_rule,true,covered,"Bounded i=1..13 with suffixes 1, 2, and 3 yields exactly 39 package labels."
objects,OBJ31,"There are exactly 39 packages: for each integer i from 1 through 13, the three package names are formed by concatenating obj, i, and each of 1, 2, and 3, and all three packages are initially located at the position named by concatenating pos and the same i.",deterministic_rule,true,covered,"Bounded i=1..13 with suffixes 1, 2, and 3 yields exactly 39 package labels."
objects,APT2,"The setting includes cities cit1 through cit13; for each integer i from 1 through 13, the names citi, posi, and apti are formed by concatenating cit, pos, and apt respectively with i, posi and apti are locations, apti is an airport, and both posi and apti are in citi, creating a map of interrelated locations.",deterministic_rule,true,covered,Substituting this index for i yields exactly this city/location/airport label.
objects,POS2,"The setting includes cities cit1 through cit13; for each integer i from 1 through 13, the names citi, posi, and apti are formed by concatenating cit, pos, and apt respectively with i, posi and apti are locations, apti is an airport, and both posi and apti are in citi, creating a map of interrelated locations.",deterministic_rule,true,covered,Substituting this index for i yields exactly this city/location/airport label.
objects,CIT2,"The setting includes cities cit1 through cit13; for each integer i from 1 through 13, the names citi, posi, and apti are formed by concatenating cit, pos, and apt respectively with i, posi and apti are locations, apti is an airport, and both posi and apti are in citi, creating a map of interrelated locations.",deterministic_rule,true,covered,Substituting this index for i yields exactly this city/location/airport label.
objects,TRU2,"We also have a series of trucks, tru1 through tru13; for each integer i from 1 through 13, the truck named by concatenating tru and i is initially stationed at the position named by concatenating pos and the same i.",deterministic_rule,true,covered,Substituting this index for i yields exactly this truck and its initial position.
objects,OBJ23,"There are exactly 39 packages: for each integer i from 1 through 13, the three package names are formed by concatenating obj, i, and each of 1, 2, and 3, and all three packages are initially located at the position named by concatenating pos and the same i.",deterministic_rule,true,covered,"Bounded i=1..13 with suffixes 1, 2, and 3 yields exactly 39 package labels."
objects,OBJ22,"There are exactly 39 packages: for each integer i from 1 through 13, the three package names are formed by concatenating obj, i, and each of 1, 2, and 3, and all three packages are initially located at the position named by concatenating pos and the same i.",deterministic_rule,true,covered,"Bounded i=1..13 with suffixes 1, 2, and 3 yields exactly 39 package labels."
objects,OBJ21,"There are exactly 39 packages: for each integer i from 1 through 13, the three package names are formed by concatenating obj, i, and each of 1, 2, and 3, and all three packages are initially located at the position named by concatenating pos and the same i.",deterministic_rule,true,covered,"Bounded i=1..13 with suffixes 1, 2, and 3 yields exactly 39 package labels."
objects,APN1,"Further, the game includes four airplanes, apn1 through apn4, currently parked at airports apt12, apt8, apt5, and apt6 respectively.",deterministic_rule,true,covered,The finite range apn1 through apn4 includes exactly this airplane.
objects,APT1,"The setting includes cities cit1 through cit13; for each integer i from 1 through 13, the names citi, posi, and apti are formed by concatenating cit, pos, and apt respectively with i, posi and apti are locations, apti is an airport, and both posi and apti are in citi, creating a map of interrelated locations.",deterministic_rule,true,covered,Substituting this index for i yields exactly this city/location/airport label.
objects,POS1,"The setting includes cities cit1 through cit13; for each integer i from 1 through 13, the names citi, posi, and apti are formed by concatenating cit, pos, and apt respectively with i, posi and apti are locations, apti is an airport, and both posi and apti are in citi, creating a map of interrelated locations.",deterministic_rule,true,covered,Substituting this index for i yields exactly this city/location/airport label.
objects,CIT1,"The setting includes cities cit1 through cit13; for each integer i from 1 through 13, the names citi, posi, and apti are formed by concatenating cit, pos, and apt respectively with i, posi and apti are locations, apti is an airport, and both posi and apti are in citi, creating a map of interrelated locations.",deterministic_rule,true,covered,Substituting this index for i yields exactly this city/location/airport label.
objects,TRU1,"We also have a series of trucks, tru1 through tru13; for each integer i from 1 through 13, the truck named by concatenating tru and i is initially stationed at the position named by concatenating pos and the same i.",deterministic_rule,true,covered,Substituting this index for i yields exactly this truck and its initial position.
objects,OBJ13,"There are exactly 39 packages: for each integer i from 1 through 13, the three package names are formed by concatenating obj, i, and each of 1, 2, and 3, and all three packages are initially located at the position named by concatenating pos and the same i.",deterministic_rule,true,covered,"Bounded i=1..13 with suffixes 1, 2, and 3 yields exactly 39 package labels."
objects,OBJ12,"There are exactly 39 packages: for each integer i from 1 through 13, the three package names are formed by concatenating obj, i, and each of 1, 2, and 3, and all three packages are initially located at the position named by concatenating pos and the same i.",deterministic_rule,true,covered,"Bounded i=1..13 with suffixes 1, 2, and 3 yields exactly 39 package labels."
objects,OBJ11,"There are exactly 39 packages: for each integer i from 1 through 13, the three package names are formed by concatenating obj, i, and each of 1, 2, and 3, and all three packages are initially located at the position named by concatenating pos and the same i.",deterministic_rule,true,covered,"Bounded i=1..13 with suffixes 1, 2, and 3 yields exactly 39 package labels."
init,(PACKAGE OBJ11),"There are exactly 39 packages: for each integer i from 1 through 13, the three package names are formed by concatenating obj, i, and each of 1, 2, and 3, and all three packages are initially located at the position named by concatenating pos and the same i.",deterministic_rule,true,covered,The bounded construction rule expands to this package/type/location atom.
init,(PACKAGE OBJ12),"There are exactly 39 packages: for each integer i from 1 through 13, the three package names are formed by concatenating obj, i, and each of 1, 2, and 3, and all three packages are initially located at the position named by concatenating pos and the same i.",deterministic_rule,true,covered,The bounded construction rule expands to this package/type/location atom.
init,(PACKAGE OBJ13),"There are exactly 39 packages: for each integer i from 1 through 13, the three package names are formed by concatenating obj, i, and each of 1, 2, and 3, and all three packages are initially located at the position named by concatenating pos and the same i.",deterministic_rule,true,covered,The bounded construction rule expands to this package/type/location atom.
init,(PACKAGE OBJ21),"There are exactly 39 packages: for each integer i from 1 through 13, the three package names are formed by concatenating obj, i, and each of 1, 2, and 3, and all three packages are initially located at the position named by concatenating pos and the same i.",deterministic_rule,true,covered,The bounded construction rule expands to this package/type/location atom.
init,(PACKAGE OBJ22),"There are exactly 39 packages: for each integer i from 1 through 13, the three package names are formed by concatenating obj, i, and each of 1, 2, and 3, and all three packages are initially located at the position named by concatenating pos and the same i.",deterministic_rule,true,covered,The bounded construction rule expands to this package/type/location atom.
init,(PACKAGE OBJ23),"There are exactly 39 packages: for each integer i from 1 through 13, the three package names are formed by concatenating obj, i, and each of 1, 2, and 3, and all three packages are initially located at the position named by concatenating pos and the same i.",deterministic_rule,true,covered,The bounded construction rule expands to this package/type/location atom.
init,(PACKAGE OBJ31),"There are exactly 39 packages: for each integer i from 1 through 13, the three package names are formed by concatenating obj, i, and each of 1, 2, and 3, and all three packages are initially located at the position named by concatenating pos and the same i.",deterministic_rule,true,covered,The bounded construction rule expands to this package/type/location atom.
init,(PACKAGE OBJ32),"There are exactly 39 packages: for each integer i from 1 through 13, the three package names are formed by concatenating obj, i, and each of 1, 2, and 3, and all three packages are initially located at the position named by concatenating pos and the same i.",deterministic_rule,true,covered,The bounded construction rule expands to this package/type/location atom.
init,(PACKAGE OBJ33),"There are exactly 39 packages: for each integer i from 1 through 13, the three package names are formed by concatenating obj, i, and each of 1, 2, and 3, and all three packages are initially located at the position named by concatenating pos and the same i.",deterministic_rule,true,covered,The bounded construction rule expands to this package/type/location atom.
init,(PACKAGE OBJ41),"There are exactly 39 packages: for each integer i from 1 through 13, the three package names are formed by concatenating obj, i, and each of 1, 2, and 3, and all three packages are initially located at the position named by concatenating pos and the same i.",deterministic_rule,true,covered,The bounded construction rule expands to this package/type/location atom.
init,(PACKAGE OBJ42),"There are exactly 39 packages: for each integer i from 1 through 13, the three package names are formed by concatenating obj, i, and each of 1, 2, and 3, and all three packages are initially located at the position named by concatenating pos and the same i.",deterministic_rule,true,covered,The bounded construction rule expands to this package/type/location atom.
init,(PACKAGE OBJ43),"There are exactly 39 packages: for each integer i from 1 through 13, the three package names are formed by concatenating obj, i, and each of 1, 2, and 3, and all three packages are initially located at the position named by concatenating pos and the same i.",deterministic_rule,true,covered,The bounded construction rule expands to this package/type/location atom.
init,(PACKAGE OBJ51),"There are exactly 39 packages: for each integer i from 1 through 13, the three package names are formed by concatenating obj, i, and each of 1, 2, and 3, and all three packages are initially located at the position named by concatenating pos and the same i.",deterministic_rule,true,covered,The bounded construction rule expands to this package/type/location atom.
init,(PACKAGE OBJ52),"There are exactly 39 packages: for each integer i from 1 through 13, the three package names are formed by concatenating obj, i, and each of 1, 2, and 3, and all three packages are initially located at the position named by concatenating pos and the same i.",deterministic_rule,true,covered,The bounded construction rule expands to this package/type/location atom.
init,(PACKAGE OBJ53),"There are exactly 39 packages: for each integer i from 1 through 13, the three package names are formed by concatenating obj, i, and each of 1, 2, and 3, and all three packages are initially located at the position named by concatenating pos and the same i.",deterministic_rule,true,covered,The bounded construction rule expands to this package/type/location atom.
init,(PACKAGE OBJ61),"There are exactly 39 packages: for each integer i from 1 through 13, the three package names are formed by concatenating obj, i, and each of 1, 2, and 3, and all three packages are initially located at the position named by concatenating pos and the same i.",deterministic_rule,true,covered,The bounded construction rule expands to this package/type/location atom.
init,(PACKAGE OBJ62),"There are exactly 39 packages: for each integer i from 1 through 13, the three package names are formed by concatenating obj, i, and each of 1, 2, and 3, and all three packages are initially located at the position named by concatenating pos and the same i.",deterministic_rule,true,covered,The bounded construction rule expands to this package/type/location atom.
init,(PACKAGE OBJ63),"There are exactly 39 packages: for each integer i from 1 through 13, the three package names are formed by concatenating obj, i, and each of 1, 2, and 3, and all three packages are initially located at the position named by concatenating pos and the same i.",deterministic_rule,true,covered,The bounded construction rule expands to this package/type/location atom.
init,(PACKAGE OBJ71),"There are exactly 39 packages: for each integer i from 1 through 13, the three package names are formed by concatenating obj, i, and each of 1, 2, and 3, and all three packages are initially located at the position named by concatenating pos and the same i.",deterministic_rule,true,covered,The bounded construction rule expands to this package/type/location atom.
init,(PACKAGE OBJ72),"There are exactly 39 packages: for each integer i from 1 through 13, the three package names are formed by concatenating obj, i, and each of 1, 2, and 3, and all three packages are initially located at the position named by concatenating pos and the same i.",deterministic_rule,true,covered,The bounded construction rule expands to this package/type/location atom.
init,(PACKAGE OBJ73),"There are exactly 39 packages: for each integer i from 1 through 13, the three package names are formed by concatenating obj, i, and each of 1, 2, and 3, and all three packages are initially located at the position named by concatenating pos and the same i.",deterministic_rule,true,covered,The bounded construction rule expands to this package/type/location atom.
init,(PACKAGE OBJ81),"There are exactly 39 packages: for each integer i from 1 through 13, the three package names are formed by concatenating obj, i, and each of 1, 2, and 3, and all three packages are initially located at the position named by concatenating pos and the same i.",deterministic_rule,true,covered,The bounded construction rule expands to this package/type/location atom.
init,(PACKAGE OBJ82),"There are exactly 39 packages: for each integer i from 1 through 13, the three package names are formed by concatenating obj, i, and each of 1, 2, and 3, and all three packages are initially located at the position named by concatenating pos and the same i.",deterministic_rule,true,covered,The bounded construction rule expands to this package/type/location atom.
init,(PACKAGE OBJ83),"There are exactly 39 packages: for each integer i from 1 through 13, the three package names are formed by concatenating obj, i, and each of 1, 2, and 3, and all three packages are initially located at the position named by concatenating pos and the same i.",deterministic_rule,true,covered,The bounded construction rule expands to this package/type/location atom.
init,(PACKAGE OBJ91),"There are exactly 39 packages: for each integer i from 1 through 13, the three package names are formed by concatenating obj, i, and each of 1, 2, and 3, and all three packages are initially located at the position named by concatenating pos and the same i.",deterministic_rule,true,covered,The bounded construction rule expands to this package/type/location atom.
init,(PACKAGE OBJ92),"There are exactly 39 packages: for each integer i from 1 through 13, the three package names are formed by concatenating obj, i, and each of 1, 2, and 3, and all three packages are initially located at the position named by concatenating pos and the same i.",deterministic_rule,true,covered,The bounded construction rule expands to this package/type/location atom.
init,(PACKAGE OBJ93),"There are exactly 39 packages: for each integer i from 1 through 13, the three package names are formed by concatenating obj, i, and each of 1, 2, and 3, and all three packages are initially located at the position named by concatenating pos and the same i.",deterministic_rule,true,covered,The bounded construction rule expands to this package/type/location atom.
init,(PACKAGE OBJ101),"There are exactly 39 packages: for each integer i from 1 through 13, the three package names are formed by concatenating obj, i, and each of 1, 2, and 3, and all three packages are initially located at the position named by concatenating pos and the same i.",deterministic_rule,true,covered,The bounded construction rule expands to this package/type/location atom.
init,(PACKAGE OBJ102),"There are exactly 39 packages: for each integer i from 1 through 13, the three package names are formed by concatenating obj, i, and each of 1, 2, and 3, and all three packages are initially located at the position named by concatenating pos and the same i.",deterministic_rule,true,covered,The bounded construction rule expands to this package/type/location atom.
init,(PACKAGE OBJ103),"There are exactly 39 packages: for each integer i from 1 through 13, the three package names are formed by concatenating obj, i, and each of 1, 2, and 3, and all three packages are initially located at the position named by concatenating pos and the same i.",deterministic_rule,true,covered,The bounded construction rule expands to this package/type/location atom.
init,(PACKAGE OBJ111),"There are exactly 39 packages: for each integer i from 1 through 13, the three package names are formed by concatenating obj, i, and each of 1, 2, and 3, and all three packages are initially located at the position named by concatenating pos and the same i.",deterministic_rule,true,covered,The bounded construction rule expands to this package/type/location atom.
init,(PACKAGE OBJ112),"There are exactly 39 packages: for each integer i from 1 through 13, the three package names are formed by concatenating obj, i, and each of 1, 2, and 3, and all three packages are initially located at the position named by concatenating pos and the same i.",deterministic_rule,true,covered,The bounded construction rule expands to this package/type/location atom.
init,(PACKAGE OBJ113),"There are exactly 39 packages: for each integer i from 1 through 13, the three package names are formed by concatenating obj, i, and each of 1, 2, and 3, and all three packages are initially located at the position named by concatenating pos and the same i.",deterministic_rule,true,covered,The bounded construction rule expands to this package/type/location atom.
init,(PACKAGE OBJ121),"There are exactly 39 packages: for each integer i from 1 through 13, the three package names are formed by concatenating obj, i, and each of 1, 2, and 3, and all three packages are initially located at the position named by concatenating pos and the same i.",deterministic_rule,true,covered,The bounded construction rule expands to this package/type/location atom.
init,(PACKAGE OBJ122),"There are exactly 39 packages: for each integer i from 1 through 13, the three package names are formed by concatenating obj, i, and each of 1, 2, and 3, and all three packages are initially located at the position named by concatenating pos and the same i.",deterministic_rule,true,covered,The bounded construction rule expands to this package/type/location atom.
init,(PACKAGE OBJ123),"There are exactly 39 packages: for each integer i from 1 through 13, the three package names are formed by concatenating obj, i, and each of 1, 2, and 3, and all three packages are initially located at the position named by concatenating pos and the same i.",deterministic_rule,true,covered,The bounded construction rule expands to this package/type/location atom.
init,(PACKAGE OBJ131),"There are exactly 39 packages: for each integer i from 1 through 13, the three package names are formed by concatenating obj, i, and each of 1, 2, and 3, and all three packages are initially located at the position named by concatenating pos and the same i.",deterministic_rule,true,covered,The bounded construction rule expands to this package/type/location atom.
init,(PACKAGE OBJ132),"There are exactly 39 packages: for each integer i from 1 through 13, the three package names are formed by concatenating obj, i, and each of 1, 2, and 3, and all three packages are initially located at the position named by concatenating pos and the same i.",deterministic_rule,true,covered,The bounded construction rule expands to this package/type/location atom.
init,(PACKAGE OBJ133),"There are exactly 39 packages: for each integer i from 1 through 13, the three package names are formed by concatenating obj, i, and each of 1, 2, and 3, and all three packages are initially located at the position named by concatenating pos and the same i.",deterministic_rule,true,covered,The bounded construction rule expands to this package/type/location atom.
init,(TRUCK TRU1),"We also have a series of trucks, tru1 through tru13; for each integer i from 1 through 13, the truck named by concatenating tru and i is initially stationed at the position named by concatenating pos and the same i.",deterministic_rule,true,covered,The bounded construction rule expands to this truck/type/location atom.
init,(TRUCK TRU2),"We also have a series of trucks, tru1 through tru13; for each integer i from 1 through 13, the truck named by concatenating tru and i is initially stationed at the position named by concatenating pos and the same i.",deterministic_rule,true,covered,The bounded construction rule expands to this truck/type/location atom.
init,(TRUCK TRU3),"We also have a series of trucks, tru1 through tru13; for each integer i from 1 through 13, the truck named by concatenating tru and i is initially stationed at the position named by concatenating pos and the same i.",deterministic_rule,true,covered,The bounded construction rule expands to this truck/type/location atom.
init,(TRUCK TRU4),"We also have a series of trucks, tru1 through tru13; for each integer i from 1 through 13, the truck named by concatenating tru and i is initially stationed at the position named by concatenating pos and the same i.",deterministic_rule,true,covered,The bounded construction rule expands to this truck/type/location atom.
init,(TRUCK TRU5),"We also have a series of trucks, tru1 through tru13; for each integer i from 1 through 13, the truck named by concatenating tru and i is initially stationed at the position named by concatenating pos and the same i.",deterministic_rule,true,covered,The bounded construction rule expands to this truck/type/location atom.
init,(TRUCK TRU6),"We also have a series of trucks, tru1 through tru13; for each integer i from 1 through 13, the truck named by concatenating tru and i is initially stationed at the position named by concatenating pos and the same i.",deterministic_rule,true,covered,The bounded construction rule expands to this truck/type/location atom.
init,(TRUCK TRU7),"We also have a series of trucks, tru1 through tru13; for each integer i from 1 through 13, the truck named by concatenating tru and i is initially stationed at the position named by concatenating pos and the same i.",deterministic_rule,true,covered,The bounded construction rule expands to this truck/type/location atom.
init,(TRUCK TRU8),"We also have a series of trucks, tru1 through tru13; for each integer i from 1 through 13, the truck named by concatenating tru and i is initially stationed at the position named by concatenating pos and the same i.",deterministic_rule,true,covered,The bounded construction rule expands to this truck/type/location atom.
init,(TRUCK TRU9),"We also have a series of trucks, tru1 through tru13; for each integer i from 1 through 13, the truck named by concatenating tru and i is initially stationed at the position named by concatenating pos and the same i.",deterministic_rule,true,covered,The bounded construction rule expands to this truck/type/location atom.
init,(TRUCK TRU10),"We also have a series of trucks, tru1 through tru13; for each integer i from 1 through 13, the truck named by concatenating tru and i is initially stationed at the position named by concatenating pos and the same i.",deterministic_rule,true,covered,The bounded construction rule expands to this truck/type/location atom.
init,(TRUCK TRU11),"We also have a series of trucks, tru1 through tru13; for each integer i from 1 through 13, the truck named by concatenating tru and i is initially stationed at the position named by concatenating pos and the same i.",deterministic_rule,true,covered,The bounded construction rule expands to this truck/type/location atom.
init,(TRUCK TRU12),"We also have a series of trucks, tru1 through tru13; for each integer i from 1 through 13, the truck named by concatenating tru and i is initially stationed at the position named by concatenating pos and the same i.",deterministic_rule,true,covered,The bounded construction rule expands to this truck/type/location atom.
init,(TRUCK TRU13),"We also have a series of trucks, tru1 through tru13; for each integer i from 1 through 13, the truck named by concatenating tru and i is initially stationed at the position named by concatenating pos and the same i.",deterministic_rule,true,covered,The bounded construction rule expands to this truck/type/location atom.
init,(CITY CIT1),"The setting includes cities cit1 through cit13; for each integer i from 1 through 13, the names citi, posi, and apti are formed by concatenating cit, pos, and apt respectively with i, posi and apti are locations, apti is an airport, and both posi and apti are in citi, creating a map of interrelated locations.",deterministic_rule,true,covered,The shared-index rule expands uniquely to this type or in-city atom.
init,(CITY CIT2),"The setting includes cities cit1 through cit13; for each integer i from 1 through 13, the names citi, posi, and apti are formed by concatenating cit, pos, and apt respectively with i, posi and apti are locations, apti is an airport, and both posi and apti are in citi, creating a map of interrelated locations.",deterministic_rule,true,covered,The shared-index rule expands uniquely to this type or in-city atom.
init,(CITY CIT3),"The setting includes cities cit1 through cit13; for each integer i from 1 through 13, the names citi, posi, and apti are formed by concatenating cit, pos, and apt respectively with i, posi and apti are locations, apti is an airport, and both posi and apti are in citi, creating a map of interrelated locations.",deterministic_rule,true,covered,The shared-index rule expands uniquely to this type or in-city atom.
init,(CITY CIT4),"The setting includes cities cit1 through cit13; for each integer i from 1 through 13, the names citi, posi, and apti are formed by concatenating cit, pos, and apt respectively with i, posi and apti are locations, apti is an airport, and both posi and apti are in citi, creating a map of interrelated locations.",deterministic_rule,true,covered,The shared-index rule expands uniquely to this type or in-city atom.
init,(CITY CIT5),"The setting includes cities cit1 through cit13; for each integer i from 1 through 13, the names citi, posi, and apti are formed by concatenating cit, pos, and apt respectively with i, posi and apti are locations, apti is an airport, and both posi and apti are in citi, creating a map of interrelated locations.",deterministic_rule,true,covered,The shared-index rule expands uniquely to this type or in-city atom.
init,(CITY CIT6),"The setting includes cities cit1 through cit13; for each integer i from 1 through 13, the names citi, posi, and apti are formed by concatenating cit, pos, and apt respectively with i, posi and apti are locations, apti is an airport, and both posi and apti are in citi, creating a map of interrelated locations.",deterministic_rule,true,covered,The shared-index rule expands uniquely to this type or in-city atom.
init,(CITY CIT7),"The setting includes cities cit1 through cit13; for each integer i from 1 through 13, the names citi, posi, and apti are formed by concatenating cit, pos, and apt respectively with i, posi and apti are locations, apti is an airport, and both posi and apti are in citi, creating a map of interrelated locations.",deterministic_rule,true,covered,The shared-index rule expands uniquely to this type or in-city atom.
init,(CITY CIT8),"The setting includes cities cit1 through cit13; for each integer i from 1 through 13, the names citi, posi, and apti are formed by concatenating cit, pos, and apt respectively with i, posi and apti are locations, apti is an airport, and both posi and apti are in citi, creating a map of interrelated locations.",deterministic_rule,true,covered,The shared-index rule expands uniquely to this type or in-city atom.
init,(CITY CIT9),"The setting includes cities cit1 through cit13; for each integer i from 1 through 13, the names citi, posi, and apti are formed by concatenating cit, pos, and apt respectively with i, posi and apti are locations, apti is an airport, and both posi and apti are in citi, creating a map of interrelated locations.",deterministic_rule,true,covered,The shared-index rule expands uniquely to this type or in-city atom.
init,(CITY CIT10),"The setting includes cities cit1 through cit13; for each integer i from 1 through 13, the names citi, posi, and apti are formed by concatenating cit, pos, and apt respectively with i, posi and apti are locations, apti is an airport, and both posi and apti are in citi, creating a map of interrelated locations.",deterministic_rule,true,covered,The shared-index rule expands uniquely to this type or in-city atom.
init,(CITY CIT11),"The setting includes cities cit1 through cit13; for each integer i from 1 through 13, the names citi, posi, and apti are formed by concatenating cit, pos, and apt respectively with i, posi and apti are locations, apti is an airport, and both posi and apti are in citi, creating a map of interrelated locations.",deterministic_rule,true,covered,The shared-index rule expands uniquely to this type or in-city atom.
init,(CITY CIT12),"The setting includes cities cit1 through cit13; for each integer i from 1 through 13, the names citi, posi, and apti are formed by concatenating cit, pos, and apt respectively with i, posi and apti are locations, apti is an airport, and both posi and apti are in citi, creating a map of interrelated locations.",deterministic_rule,true,covered,The shared-index rule expands uniquely to this type or in-city atom.
init,(CITY CIT13),"The setting includes cities cit1 through cit13; for each integer i from 1 through 13, the names citi, posi, and apti are formed by concatenating cit, pos, and apt respectively with i, posi and apti are locations, apti is an airport, and both posi and apti are in citi, creating a map of interrelated locations.",deterministic_rule,true,covered,The shared-index rule expands uniquely to this type or in-city atom.
init,(LOCATION POS1),"The setting includes cities cit1 through cit13; for each integer i from 1 through 13, the names citi, posi, and apti are formed by concatenating cit, pos, and apt respectively with i, posi and apti are locations, apti is an airport, and both posi and apti are in citi, creating a map of interrelated locations.",deterministic_rule,true,covered,The shared-index rule expands uniquely to this type or in-city atom.
init,(LOCATION APT1),"The setting includes cities cit1 through cit13; for each integer i from 1 through 13, the names citi, posi, and apti are formed by concatenating cit, pos, and apt respectively with i, posi and apti are locations, apti is an airport, and both posi and apti are in citi, creating a map of interrelated locations.",deterministic_rule,true,covered,The shared-index rule expands uniquely to this type or in-city atom.
init,(LOCATION POS2),"The setting includes cities cit1 through cit13; for each integer i from 1 through 13, the names citi, posi, and apti are formed by concatenating cit, pos, and apt respectively with i, posi and apti are locations, apti is an airport, and both posi and apti are in citi, creating a map of interrelated locations.",deterministic_rule,true,covered,The shared-index rule expands uniquely to this type or in-city atom.
init,(LOCATION APT2),"The setting includes cities cit1 through cit13; for each integer i from 1 through 13, the names citi, posi, and apti are formed by concatenating cit, pos, and apt respectively with i, posi and apti are locations, apti is an airport, and both posi and apti are in citi, creating a map of interrelated locations.",deterministic_rule,true,covered,The shared-index rule expands uniquely to this type or in-city atom.
init,(LOCATION POS3),"The setting includes cities cit1 through cit13; for each integer i from 1 through 13, the names citi, posi, and apti are formed by concatenating cit, pos, and apt respectively with i, posi and apti are locations, apti is an airport, and both posi and apti are in citi, creating a map of interrelated locations.",deterministic_rule,true,covered,The shared-index rule expands uniquely to this type or in-city atom.
init,(LOCATION APT3),"The setting includes cities cit1 through cit13; for each integer i from 1 through 13, the names citi, posi, and apti are formed by concatenating cit, pos, and apt respectively with i, posi and apti are locations, apti is an airport, and both posi and apti are in citi, creating a map of interrelated locations.",deterministic_rule,true,covered,The shared-index rule expands uniquely to this type or in-city atom.
init,(LOCATION POS4),"The setting includes cities cit1 through cit13; for each integer i from 1 through 13, the names citi, posi, and apti are formed by concatenating cit, pos, and apt respectively with i, posi and apti are locations, apti is an airport, and both posi and apti are in citi, creating a map of interrelated locations.",deterministic_rule,true,covered,The shared-index rule expands uniquely to this type or in-city atom.
init,(LOCATION APT4),"The setting includes cities cit1 through cit13; for each integer i from 1 through 13, the names citi, posi, and apti are formed by concatenating cit, pos, and apt respectively with i, posi and apti are locations, apti is an airport, and both posi and apti are in citi, creating a map of interrelated locations.",deterministic_rule,true,covered,The shared-index rule expands uniquely to this type or in-city atom.
init,(LOCATION POS5),"The setting includes cities cit1 through cit13; for each integer i from 1 through 13, the names citi, posi, and apti are formed by concatenating cit, pos, and apt respectively with i, posi and apti are locations, apti is an airport, and both posi and apti are in citi, creating a map of interrelated locations.",deterministic_rule,true,covered,The shared-index rule expands uniquely to this type or in-city atom.
init,(LOCATION APT5),"The setting includes cities cit1 through cit13; for each integer i from 1 through 13, the names citi, posi, and apti are formed by concatenating cit, pos, and apt respectively with i, posi and apti are locations, apti is an airport, and both posi and apti are in citi, creating a map of interrelated locations.",deterministic_rule,true,covered,The shared-index rule expands uniquely to this type or in-city atom.
init,(LOCATION POS6),"The setting includes cities cit1 through cit13; for each integer i from 1 through 13, the names citi, posi, and apti are formed by concatenating cit, pos, and apt respectively with i, posi and apti are locations, apti is an airport, and both posi and apti are in citi, creating a map of interrelated locations.",deterministic_rule,true,covered,The shared-index rule expands uniquely to this type or in-city atom.
init,(LOCATION APT6),"The setting includes cities cit1 through cit13; for each integer i from 1 through 13, the names citi, posi, and apti are formed by concatenating cit, pos, and apt respectively with i, posi and apti are locations, apti is an airport, and both posi and apti are in citi, creating a map of interrelated locations.",deterministic_rule,true,covered,The shared-index rule expands uniquely to this type or in-city atom.
init,(LOCATION POS7),"The setting includes cities cit1 through cit13; for each integer i from 1 through 13, the names citi, posi, and apti are formed by concatenating cit, pos, and apt respectively with i, posi and apti are locations, apti is an airport, and both posi and apti are in citi, creating a map of interrelated locations.",deterministic_rule,true,covered,The shared-index rule expands uniquely to this type or in-city atom.
init,(LOCATION APT7),"The setting includes cities cit1 through cit13; for each integer i from 1 through 13, the names citi, posi, and apti are formed by concatenating cit, pos, and apt respectively with i, posi and apti are locations, apti is an airport, and both posi and apti are in citi, creating a map of interrelated locations.",deterministic_rule,true,covered,The shared-index rule expands uniquely to this type or in-city atom.
init,(LOCATION POS8),"The setting includes cities cit1 through cit13; for each integer i from 1 through 13, the names citi, posi, and apti are formed by concatenating cit, pos, and apt respectively with i, posi and apti are locations, apti is an airport, and both posi and apti are in citi, creating a map of interrelated locations.",deterministic_rule,true,covered,The shared-index rule expands uniquely to this type or in-city atom.
init,(LOCATION APT8),"The setting includes cities cit1 through cit13; for each integer i from 1 through 13, the names citi, posi, and apti are formed by concatenating cit, pos, and apt respectively with i, posi and apti are locations, apti is an airport, and both posi and apti are in citi, creating a map of interrelated locations.",deterministic_rule,true,covered,The shared-index rule expands uniquely to this type or in-city atom.
init,(LOCATION POS9),"The setting includes cities cit1 through cit13; for each integer i from 1 through 13, the names citi, posi, and apti are formed by concatenating cit, pos, and apt respectively with i, posi and apti are locations, apti is an airport, and both posi and apti are in citi, creating a map of interrelated locations.",deterministic_rule,true,covered,The shared-index rule expands uniquely to this type or in-city atom.
init,(LOCATION APT9),"The setting includes cities cit1 through cit13; for each integer i from 1 through 13, the names citi, posi, and apti are formed by concatenating cit, pos, and apt respectively with i, posi and apti are locations, apti is an airport, and both posi and apti are in citi, creating a map of interrelated locations.",deterministic_rule,true,covered,The shared-index rule expands uniquely to this type or in-city atom.
init,(LOCATION POS10),"The setting includes cities cit1 through cit13; for each integer i from 1 through 13, the names citi, posi, and apti are formed by concatenating cit, pos, and apt respectively with i, posi and apti are locations, apti is an airport, and both posi and apti are in citi, creating a map of interrelated locations.",deterministic_rule,true,covered,The shared-index rule expands uniquely to this type or in-city atom.
init,(LOCATION APT10),"The setting includes cities cit1 through cit13; for each integer i from 1 through 13, the names citi, posi, and apti are formed by concatenating cit, pos, and apt respectively with i, posi and apti are locations, apti is an airport, and both posi and apti are in citi, creating a map of interrelated locations.",deterministic_rule,true,covered,The shared-index rule expands uniquely to this type or in-city atom.
init,(LOCATION POS11),"The setting includes cities cit1 through cit13; for each integer i from 1 through 13, the names citi, posi, and apti are formed by concatenating cit, pos, and apt respectively with i, posi and apti are locations, apti is an airport, and both posi and apti are in citi, creating a map of interrelated locations.",deterministic_rule,true,covered,The shared-index rule expands uniquely to this type or in-city atom.
init,(LOCATION APT11),"The setting includes cities cit1 through cit13; for each integer i from 1 through 13, the names citi, posi, and apti are formed by concatenating cit, pos, and apt respectively with i, posi and apti are locations, apti is an airport, and both posi and apti are in citi, creating a map of interrelated locations.",deterministic_rule,true,covered,The shared-index rule expands uniquely to this type or in-city atom.
init,(LOCATION POS12),"The setting includes cities cit1 through cit13; for each integer i from 1 through 13, the names citi, posi, and apti are formed by concatenating cit, pos, and apt respectively with i, posi and apti are locations, apti is an airport, and both posi and apti are in citi, creating a map of interrelated locations.",deterministic_rule,true,covered,The shared-index rule expands uniquely to this type or in-city atom.
init,(LOCATION APT12),"The setting includes cities cit1 through cit13; for each integer i from 1 through 13, the names citi, posi, and apti are formed by concatenating cit, pos, and apt respectively with i, posi and apti are locations, apti is an airport, and both posi and apti are in citi, creating a map of interrelated locations.",deterministic_rule,true,covered,The shared-index rule expands uniquely to this type or in-city atom.
init,(LOCATION POS13),"The setting includes cities cit1 through cit13; for each integer i from 1 through 13, the names citi, posi, and apti are formed by concatenating cit, pos, and apt respectively with i, posi and apti are locations, apti is an airport, and both posi and apti are in citi, creating a map of interrelated locations.",deterministic_rule,true,covered,The shared-index rule expands uniquely to this type or in-city atom.
init,(LOCATION APT13),"The setting includes cities cit1 through cit13; for each integer i from 1 through 13, the names citi, posi, and apti are formed by concatenating cit, pos, and apt respectively with i, posi and apti are locations, apti is an airport, and both posi and apti are in citi, creating a map of interrelated locations.",deterministic_rule,true,covered,The shared-index rule expands uniquely to this type or in-city atom.
init,(AIRPORT APT1),"The setting includes cities cit1 through cit13; for each integer i from 1 through 13, the names citi, posi, and apti are formed by concatenating cit, pos, and apt respectively with i, posi and apti are locations, apti is an airport, and both posi and apti are in citi, creating a map of interrelated locations.",deterministic_rule,true,covered,The shared-index rule expands uniquely to this type or in-city atom.
init,(AIRPORT APT2),"The setting includes cities cit1 through cit13; for each integer i from 1 through 13, the names citi, posi, and apti are formed by concatenating cit, pos, and apt respectively with i, posi and apti are locations, apti is an airport, and both posi and apti are in citi, creating a map of interrelated locations.",deterministic_rule,true,covered,The shared-index rule expands uniquely to this type or in-city atom.
init,(AIRPORT APT3),"The setting includes cities cit1 through cit13; for each integer i from 1 through 13, the names citi, posi, and apti are formed by concatenating cit, pos, and apt respectively with i, posi and apti are locations, apti is an airport, and both posi and apti are in citi, creating a map of interrelated locations.",deterministic_rule,true,covered,The shared-index rule expands uniquely to this type or in-city atom.
init,(AIRPORT APT4),"The setting includes cities cit1 through cit13; for each integer i from 1 through 13, the names citi, posi, and apti are formed by concatenating cit, pos, and apt respectively with i, posi and apti are locations, apti is an airport, and both posi and apti are in citi, creating a map of interrelated locations.",deterministic_rule,true,covered,The shared-index rule expands uniquely to this type or in-city atom.
init,(AIRPORT APT5),"The setting includes cities cit1 through cit13; for each integer i from 1 through 13, the names citi, posi, and apti are formed by concatenating cit, pos, and apt respectively with i, posi and apti are locations, apti is an airport, and both posi and apti are in citi, creating a map of interrelated locations.",deterministic_rule,true,covered,The shared-index rule expands uniquely to this type or in-city atom.
init,(AIRPORT APT6),"The setting includes cities cit1 through cit13; for each integer i from 1 through 13, the names citi, posi, and apti are formed by concatenating cit, pos, and apt respectively with i, posi and apti are locations, apti is an airport, and both posi and apti are in citi, creating a map of interrelated locations.",deterministic_rule,true,covered,The shared-index rule expands uniquely to this type or in-city atom.
init,(AIRPORT APT7),"The setting includes cities cit1 through cit13; for each integer i from 1 through 13, the names citi, posi, and apti are formed by concatenating cit, pos, and apt respectively with i, posi and apti are locations, apti is an airport, and both posi and apti are in citi, creating a map of interrelated locations.",deterministic_rule,true,covered,The shared-index rule expands uniquely to this type or in-city atom.
init,(AIRPORT APT8),"The setting includes cities cit1 through cit13; for each integer i from 1 through 13, the names citi, posi, and apti are formed by concatenating cit, pos, and apt respectively with i, posi and apti are locations, apti is an airport, and both posi and apti are in citi, creating a map of interrelated locations.",deterministic_rule,true,covered,The shared-index rule expands uniquely to this type or in-city atom.
init,(AIRPORT APT9),"The setting includes cities cit1 through cit13; for each integer i from 1 through 13, the names citi, posi, and apti are formed by concatenating cit, pos, and apt respectively with i, posi and apti are locations, apti is an airport, and both posi and apti are in citi, creating a map of interrelated locations.",deterministic_rule,true,covered,The shared-index rule expands uniquely to this type or in-city atom.
init,(AIRPORT APT10),"The setting includes cities cit1 through cit13; for each integer i from 1 through 13, the names citi, posi, and apti are formed by concatenating cit, pos, and apt respectively with i, posi and apti are locations, apti is an airport, and both posi and apti are in citi, creating a map of interrelated locations.",deterministic_rule,true,covered,The shared-index rule expands uniquely to this type or in-city atom.
init,(AIRPORT APT11),"The setting includes cities cit1 through cit13; for each integer i from 1 through 13, the names citi, posi, and apti are formed by concatenating cit, pos, and apt respectively with i, posi and apti are locations, apti is an airport, and both posi and apti are in citi, creating a map of interrelated locations.",deterministic_rule,true,covered,The shared-index rule expands uniquely to this type or in-city atom.
init,(AIRPORT APT12),"The setting includes cities cit1 through cit13; for each integer i from 1 through 13, the names citi, posi, and apti are formed by concatenating cit, pos, and apt respectively with i, posi and apti are locations, apti is an airport, and both posi and apti are in citi, creating a map of interrelated locations.",deterministic_rule,true,covered,The shared-index rule expands uniquely to this type or in-city atom.
init,(AIRPORT APT13),"The setting includes cities cit1 through cit13; for each integer i from 1 through 13, the names citi, posi, and apti are formed by concatenating cit, pos, and apt respectively with i, posi and apti are locations, apti is an airport, and both posi and apti are in citi, creating a map of interrelated locations.",deterministic_rule,true,covered,The shared-index rule expands uniquely to this type or in-city atom.
init,(AIRPLANE APN1),"Further, the game includes four airplanes, apn1 through apn4, currently parked at airports apt12, apt8, apt5, and apt6 respectively.",deterministic_rule,true,covered,The finite range or ordered respectively mapping uniquely supports this atom.
init,(AIRPLANE APN2),"Further, the game includes four airplanes, apn1 through apn4, currently parked at airports apt12, apt8, apt5, and apt6 respectively.",deterministic_rule,true,covered,The finite range or ordered respectively mapping uniquely supports this atom.
init,(AIRPLANE APN3),"Further, the game includes four airplanes, apn1 through apn4, currently parked at airports apt12, apt8, apt5, and apt6 respectively.",deterministic_rule,true,covered,The finite range or ordered respectively mapping uniquely supports this atom.
init,(AIRPLANE APN4),"Further, the game includes four airplanes, apn1 through apn4, currently parked at airports apt12, apt8, apt5, and apt6 respectively.",deterministic_rule,true,covered,The finite range or ordered respectively mapping uniquely supports this atom.
init,(AT APN1 APT12),"Further, the game includes four airplanes, apn1 through apn4, currently parked at airports apt12, apt8, apt5, and apt6 respectively.",deterministic_rule,true,covered,The finite range or ordered respectively mapping uniquely supports this atom.
init,(AT APN2 APT8),"Further, the game includes four airplanes, apn1 through apn4, currently parked at airports apt12, apt8, apt5, and apt6 respectively.",deterministic_rule,true,covered,The finite range or ordered respectively mapping uniquely supports this atom.
init,(AT APN3 APT5),"Further, the game includes four airplanes, apn1 through apn4, currently parked at airports apt12, apt8, apt5, and apt6 respectively.",deterministic_rule,true,covered,The finite range or ordered respectively mapping uniquely supports this atom.
init,(AT APN4 APT6),"Further, the game includes four airplanes, apn1 through apn4, currently parked at airports apt12, apt8, apt5, and apt6 respectively.",deterministic_rule,true,covered,The finite range or ordered respectively mapping uniquely supports this atom.
init,(AT TRU1 POS1),"We also have a series of trucks, tru1 through tru13; for each integer i from 1 through 13, the truck named by concatenating tru and i is initially stationed at the position named by concatenating pos and the same i.",deterministic_rule,true,covered,The bounded construction rule expands to this truck/type/location atom.
init,(AT OBJ11 POS1),"There are exactly 39 packages: for each integer i from 1 through 13, the three package names are formed by concatenating obj, i, and each of 1, 2, and 3, and all three packages are initially located at the position named by concatenating pos and the same i.",deterministic_rule,true,covered,The bounded construction rule expands to this package/type/location atom.
init,(AT OBJ12 POS1),"There are exactly 39 packages: for each integer i from 1 through 13, the three package names are formed by concatenating obj, i, and each of 1, 2, and 3, and all three packages are initially located at the position named by concatenating pos and the same i.",deterministic_rule,true,covered,The bounded construction rule expands to this package/type/location atom.
init,(AT OBJ13 POS1),"There are exactly 39 packages: for each integer i from 1 through 13, the three package names are formed by concatenating obj, i, and each of 1, 2, and 3, and all three packages are initially located at the position named by concatenating pos and the same i.",deterministic_rule,true,covered,The bounded construction rule expands to this package/type/location atom.
init,(AT TRU2 POS2),"We also have a series of trucks, tru1 through tru13; for each integer i from 1 through 13, the truck named by concatenating tru and i is initially stationed at the position named by concatenating pos and the same i.",deterministic_rule,true,covered,The bounded construction rule expands to this truck/type/location atom.
init,(AT OBJ21 POS2),"There are exactly 39 packages: for each integer i from 1 through 13, the three package names are formed by concatenating obj, i, and each of 1, 2, and 3, and all three packages are initially located at the position named by concatenating pos and the same i.",deterministic_rule,true,covered,The bounded construction rule expands to this package/type/location atom.
init,(AT OBJ22 POS2),"There are exactly 39 packages: for each integer i from 1 through 13, the three package names are formed by concatenating obj, i, and each of 1, 2, and 3, and all three packages are initially located at the position named by concatenating pos and the same i.",deterministic_rule,true,covered,The bounded construction rule expands to this package/type/location atom.
init,(AT OBJ23 POS2),"There are exactly 39 packages: for each integer i from 1 through 13, the three package names are formed by concatenating obj, i, and each of 1, 2, and 3, and all three packages are initially located at the position named by concatenating pos and the same i.",deterministic_rule,true,covered,The bounded construction rule expands to this package/type/location atom.
init,(AT TRU3 POS3),"We also have a series of trucks, tru1 through tru13; for each integer i from 1 through 13, the truck named by concatenating tru and i is initially stationed at the position named by concatenating pos and the same i.",deterministic_rule,true,covered,The bounded construction rule expands to this truck/type/location atom.
init,(AT OBJ31 POS3),"There are exactly 39 packages: for each integer i from 1 through 13, the three package names are formed by concatenating obj, i, and each of 1, 2, and 3, and all three packages are initially located at the position named by concatenating pos and the same i.",deterministic_rule,true,covered,The bounded construction rule expands to this package/type/location atom.
init,(AT OBJ32 POS3),"There are exactly 39 packages: for each integer i from 1 through 13, the three package names are formed by concatenating obj, i, and each of 1, 2, and 3, and all three packages are initially located at the position named by concatenating pos and the same i.",deterministic_rule,true,covered,The bounded construction rule expands to this package/type/location atom.
init,(AT OBJ33 POS3),"There are exactly 39 packages: for each integer i from 1 through 13, the three package names are formed by concatenating obj, i, and each of 1, 2, and 3, and all three packages are initially located at the position named by concatenating pos and the same i.",deterministic_rule,true,covered,The bounded construction rule expands to this package/type/location atom.
init,(AT TRU4 POS4),"We also have a series of trucks, tru1 through tru13; for each integer i from 1 through 13, the truck named by concatenating tru and i is initially stationed at the position named by concatenating pos and the same i.",deterministic_rule,true,covered,The bounded construction rule expands to this truck/type/location atom.
init,(AT OBJ41 POS4),"There are exactly 39 packages: for each integer i from 1 through 13, the three package names are formed by concatenating obj, i, and each of 1, 2, and 3, and all three packages are initially located at the position named by concatenating pos and the same i.",deterministic_rule,true,covered,The bounded construction rule expands to this package/type/location atom.
init,(AT OBJ42 POS4),"There are exactly 39 packages: for each integer i from 1 through 13, the three package names are formed by concatenating obj, i, and each of 1, 2, and 3, and all three packages are initially located at the position named by concatenating pos and the same i.",deterministic_rule,true,covered,The bounded construction rule expands to this package/type/location atom.
init,(AT OBJ43 POS4),"There are exactly 39 packages: for each integer i from 1 through 13, the three package names are formed by concatenating obj, i, and each of 1, 2, and 3, and all three packages are initially located at the position named by concatenating pos and the same i.",deterministic_rule,true,covered,The bounded construction rule expands to this package/type/location atom.
init,(AT TRU5 POS5),"We also have a series of trucks, tru1 through tru13; for each integer i from 1 through 13, the truck named by concatenating tru and i is initially stationed at the position named by concatenating pos and the same i.",deterministic_rule,true,covered,The bounded construction rule expands to this truck/type/location atom.
init,(AT OBJ51 POS5),"There are exactly 39 packages: for each integer i from 1 through 13, the three package names are formed by concatenating obj, i, and each of 1, 2, and 3, and all three packages are initially located at the position named by concatenating pos and the same i.",deterministic_rule,true,covered,The bounded construction rule expands to this package/type/location atom.
init,(AT OBJ52 POS5),"There are exactly 39 packages: for each integer i from 1 through 13, the three package names are formed by concatenating obj, i, and each of 1, 2, and 3, and all three packages are initially located at the position named by concatenating pos and the same i.",deterministic_rule,true,covered,The bounded construction rule expands to this package/type/location atom.
init,(AT OBJ53 POS5),"There are exactly 39 packages: for each integer i from 1 through 13, the three package names are formed by concatenating obj, i, and each of 1, 2, and 3, and all three packages are initially located at the position named by concatenating pos and the same i.",deterministic_rule,true,covered,The bounded construction rule expands to this package/type/location atom.
init,(AT TRU6 POS6),"We also have a series of trucks, tru1 through tru13; for each integer i from 1 through 13, the truck named by concatenating tru and i is initially stationed at the position named by concatenating pos and the same i.",deterministic_rule,true,covered,The bounded construction rule expands to this truck/type/location atom.
init,(AT OBJ61 POS6),"There are exactly 39 packages: for each integer i from 1 through 13, the three package names are formed by concatenating obj, i, and each of 1, 2, and 3, and all three packages are initially located at the position named by concatenating pos and the same i.",deterministic_rule,true,covered,The bounded construction rule expands to this package/type/location atom.
init,(AT OBJ62 POS6),"There are exactly 39 packages: for each integer i from 1 through 13, the three package names are formed by concatenating obj, i, and each of 1, 2, and 3, and all three packages are initially located at the position named by concatenating pos and the same i.",deterministic_rule,true,covered,The bounded construction rule expands to this package/type/location atom.
init,(AT OBJ63 POS6),"There are exactly 39 packages: for each integer i from 1 through 13, the three package names are formed by concatenating obj, i, and each of 1, 2, and 3, and all three packages are initially located at the position named by concatenating pos and the same i.",deterministic_rule,true,covered,The bounded construction rule expands to this package/type/location atom.
init,(AT TRU7 POS7),"We also have a series of trucks, tru1 through tru13; for each integer i from 1 through 13, the truck named by concatenating tru and i is initially stationed at the position named by concatenating pos and the same i.",deterministic_rule,true,covered,The bounded construction rule expands to this truck/type/location atom.
init,(AT OBJ71 POS7),"There are exactly 39 packages: for each integer i from 1 through 13, the three package names are formed by concatenating obj, i, and each of 1, 2, and 3, and all three packages are initially located at the position named by concatenating pos and the same i.",deterministic_rule,true,covered,The bounded construction rule expands to this package/type/location atom.
init,(AT OBJ72 POS7),"There are exactly 39 packages: for each integer i from 1 through 13, the three package names are formed by concatenating obj, i, and each of 1, 2, and 3, and all three packages are initially located at the position named by concatenating pos and the same i.",deterministic_rule,true,covered,The bounded construction rule expands to this package/type/location atom.
init,(AT OBJ73 POS7),"There are exactly 39 packages: for each integer i from 1 through 13, the three package names are formed by concatenating obj, i, and each of 1, 2, and 3, and all three packages are initially located at the position named by concatenating pos and the same i.",deterministic_rule,true,covered,The bounded construction rule expands to this package/type/location atom.
init,(AT TRU8 POS8),"We also have a series of trucks, tru1 through tru13; for each integer i from 1 through 13, the truck named by concatenating tru and i is initially stationed at the position named by concatenating pos and the same i.",deterministic_rule,true,covered,The bounded construction rule expands to this truck/type/location atom.
init,(AT OBJ81 POS8),"There are exactly 39 packages: for each integer i from 1 through 13, the three package names are formed by concatenating obj, i, and each of 1, 2, and 3, and all three packages are initially located at the position named by concatenating pos and the same i.",deterministic_rule,true,covered,The bounded construction rule expands to this package/type/location atom.
init,(AT OBJ82 POS8),"There are exactly 39 packages: for each integer i from 1 through 13, the three package names are formed by concatenating obj, i, and each of 1, 2, and 3, and all three packages are initially located at the position named by concatenating pos and the same i.",deterministic_rule,true,covered,The bounded construction rule expands to this package/type/location atom.
init,(AT OBJ83 POS8),"There are exactly 39 packages: for each integer i from 1 through 13, the three package names are formed by concatenating obj, i, and each of 1, 2, and 3, and all three packages are initially located at the position named by concatenating pos and the same i.",deterministic_rule,true,covered,The bounded construction rule expands to this package/type/location atom.
init,(AT TRU9 POS9),"We also have a series of trucks, tru1 through tru13; for each integer i from 1 through 13, the truck named by concatenating tru and i is initially stationed at the position named by concatenating pos and the same i.",deterministic_rule,true,covered,The bounded construction rule expands to this truck/type/location atom.
init,(AT OBJ91 POS9),"There are exactly 39 packages: for each integer i from 1 through 13, the three package names are formed by concatenating obj, i, and each of 1, 2, and 3, and all three packages are initially located at the position named by concatenating pos and the same i.",deterministic_rule,true,covered,The bounded construction rule expands to this package/type/location atom.
init,(AT OBJ92 POS9),"There are exactly 39 packages: for each integer i from 1 through 13, the three package names are formed by concatenating obj, i, and each of 1, 2, and 3, and all three packages are initially located at the position named by concatenating pos and the same i.",deterministic_rule,true,covered,The bounded construction rule expands to this package/type/location atom.
init,(AT OBJ93 POS9),"There are exactly 39 packages: for each integer i from 1 through 13, the three package names are formed by concatenating obj, i, and each of 1, 2, and 3, and all three packages are initially located at the position named by concatenating pos and the same i.",deterministic_rule,true,covered,The bounded construction rule expands to this package/type/location atom.
init,(AT TRU10 POS10),"We also have a series of trucks, tru1 through tru13; for each integer i from 1 through 13, the truck named by concatenating tru and i is initially stationed at the position named by concatenating pos and the same i.",deterministic_rule,true,covered,The bounded construction rule expands to this truck/type/location atom.
init,(AT OBJ101 POS10),"There are exactly 39 packages: for each integer i from 1 through 13, the three package names are formed by concatenating obj, i, and each of 1, 2, and 3, and all three packages are initially located at the position named by concatenating pos and the same i.",deterministic_rule,true,covered,The bounded construction rule expands to this package/type/location atom.
init,(AT OBJ102 POS10),"There are exactly 39 packages: for each integer i from 1 through 13, the three package names are formed by concatenating obj, i, and each of 1, 2, and 3, and all three packages are initially located at the position named by concatenating pos and the same i.",deterministic_rule,true,covered,The bounded construction rule expands to this package/type/location atom.
init,(AT OBJ103 POS10),"There are exactly 39 packages: for each integer i from 1 through 13, the three package names are formed by concatenating obj, i, and each of 1, 2, and 3, and all three packages are initially located at the position named by concatenating pos and the same i.",deterministic_rule,true,covered,The bounded construction rule expands to this package/type/location atom.
init,(AT TRU11 POS11),"We also have a series of trucks, tru1 through tru13; for each integer i from 1 through 13, the truck named by concatenating tru and i is initially stationed at the position named by concatenating pos and the same i.",deterministic_rule,true,covered,The bounded construction rule expands to this truck/type/location atom.
init,(AT OBJ111 POS11),"There are exactly 39 packages: for each integer i from 1 through 13, the three package names are formed by concatenating obj, i, and each of 1, 2, and 3, and all three packages are initially located at the position named by concatenating pos and the same i.",deterministic_rule,true,covered,The bounded construction rule expands to this package/type/location atom.
init,(AT OBJ112 POS11),"There are exactly 39 packages: for each integer i from 1 through 13, the three package names are formed by concatenating obj, i, and each of 1, 2, and 3, and all three packages are initially located at the position named by concatenating pos and the same i.",deterministic_rule,true,covered,The bounded construction rule expands to this package/type/location atom.
init,(AT OBJ113 POS11),"There are exactly 39 packages: for each integer i from 1 through 13, the three package names are formed by concatenating obj, i, and each of 1, 2, and 3, and all three packages are initially located at the position named by concatenating pos and the same i.",deterministic_rule,true,covered,The bounded construction rule expands to this package/type/location atom.
init,(AT TRU12 POS12),"We also have a series of trucks, tru1 through tru13; for each integer i from 1 through 13, the truck named by concatenating tru and i is initially stationed at the position named by concatenating pos and the same i.",deterministic_rule,true,covered,The bounded construction rule expands to this truck/type/location atom.
init,(AT OBJ121 POS12),"There are exactly 39 packages: for each integer i from 1 through 13, the three package names are formed by concatenating obj, i, and each of 1, 2, and 3, and all three packages are initially located at the position named by concatenating pos and the same i.",deterministic_rule,true,covered,The bounded construction rule expands to this package/type/location atom.
init,(AT OBJ122 POS12),"There are exactly 39 packages: for each integer i from 1 through 13, the three package names are formed by concatenating obj, i, and each of 1, 2, and 3, and all three packages are initially located at the position named by concatenating pos and the same i.",deterministic_rule,true,covered,The bounded construction rule expands to this package/type/location atom.
init,(AT OBJ123 POS12),"There are exactly 39 packages: for each integer i from 1 through 13, the three package names are formed by concatenating obj, i, and each of 1, 2, and 3, and all three packages are initially located at the position named by concatenating pos and the same i.",deterministic_rule,true,covered,The bounded construction rule expands to this package/type/location atom.
init,(AT TRU13 POS13),"We also have a series of trucks, tru1 through tru13; for each integer i from 1 through 13, the truck named by concatenating tru and i is initially stationed at the position named by concatenating pos and the same i.",deterministic_rule,true,covered,The bounded construction rule expands to this truck/type/location atom.
init,(AT OBJ131 POS13),"There are exactly 39 packages: for each integer i from 1 through 13, the three package names are formed by concatenating obj, i, and each of 1, 2, and 3, and all three packages are initially located at the position named by concatenating pos and the same i.",deterministic_rule,true,covered,The bounded construction rule expands to this package/type/location atom.
init,(AT OBJ132 POS13),"There are exactly 39 packages: for each integer i from 1 through 13, the three package names are formed by concatenating obj, i, and each of 1, 2, and 3, and all three packages are initially located at the position named by concatenating pos and the same i.",deterministic_rule,true,covered,The bounded construction rule expands to this package/type/location atom.
init,(AT OBJ133 POS13),"There are exactly 39 packages: for each integer i from 1 through 13, the three package names are formed by concatenating obj, i, and each of 1, 2, and 3, and all three packages are initially located at the position named by concatenating pos and the same i.",deterministic_rule,true,covered,The bounded construction rule expands to this package/type/location atom.
init,(IN-CITY POS1 CIT1),"The setting includes cities cit1 through cit13; for each integer i from 1 through 13, the names citi, posi, and apti are formed by concatenating cit, pos, and apt respectively with i, posi and apti are locations, apti is an airport, and both posi and apti are in citi, creating a map of interrelated locations.",deterministic_rule,true,covered,The shared-index rule expands uniquely to this type or in-city atom.
init,(IN-CITY APT1 CIT1),"The setting includes cities cit1 through cit13; for each integer i from 1 through 13, the names citi, posi, and apti are formed by concatenating cit, pos, and apt respectively with i, posi and apti are locations, apti is an airport, and both posi and apti are in citi, creating a map of interrelated locations.",deterministic_rule,true,covered,The shared-index rule expands uniquely to this type or in-city atom.
init,(IN-CITY POS2 CIT2),"The setting includes cities cit1 through cit13; for each integer i from 1 through 13, the names citi, posi, and apti are formed by concatenating cit, pos, and apt respectively with i, posi and apti are locations, apti is an airport, and both posi and apti are in citi, creating a map of interrelated locations.",deterministic_rule,true,covered,The shared-index rule expands uniquely to this type or in-city atom.
init,(IN-CITY APT2 CIT2),"The setting includes cities cit1 through cit13; for each integer i from 1 through 13, the names citi, posi, and apti are formed by concatenating cit, pos, and apt respectively with i, posi and apti are locations, apti is an airport, and both posi and apti are in citi, creating a map of interrelated locations.",deterministic_rule,true,covered,The shared-index rule expands uniquely to this type or in-city atom.
init,(IN-CITY POS3 CIT3),"The setting includes cities cit1 through cit13; for each integer i from 1 through 13, the names citi, posi, and apti are formed by concatenating cit, pos, and apt respectively with i, posi and apti are locations, apti is an airport, and both posi and apti are in citi, creating a map of interrelated locations.",deterministic_rule,true,covered,The shared-index rule expands uniquely to this type or in-city atom.
init,(IN-CITY APT3 CIT3),"The setting includes cities cit1 through cit13; for each integer i from 1 through 13, the names citi, posi, and apti are formed by concatenating cit, pos, and apt respectively with i, posi and apti are locations, apti is an airport, and both posi and apti are in citi, creating a map of interrelated locations.",deterministic_rule,true,covered,The shared-index rule expands uniquely to this type or in-city atom.
init,(IN-CITY POS4 CIT4),"The setting includes cities cit1 through cit13; for each integer i from 1 through 13, the names citi, posi, and apti are formed by concatenating cit, pos, and apt respectively with i, posi and apti are locations, apti is an airport, and both posi and apti are in citi, creating a map of interrelated locations.",deterministic_rule,true,covered,The shared-index rule expands uniquely to this type or in-city atom.
init,(IN-CITY APT4 CIT4),"The setting includes cities cit1 through cit13; for each integer i from 1 through 13, the names citi, posi, and apti are formed by concatenating cit, pos, and apt respectively with i, posi and apti are locations, apti is an airport, and both posi and apti are in citi, creating a map of interrelated locations.",deterministic_rule,true,covered,The shared-index rule expands uniquely to this type or in-city atom.
init,(IN-CITY POS5 CIT5),"The setting includes cities cit1 through cit13; for each integer i from 1 through 13, the names citi, posi, and apti are formed by concatenating cit, pos, and apt respectively with i, posi and apti are locations, apti is an airport, and both posi and apti are in citi, creating a map of interrelated locations.",deterministic_rule,true,covered,The shared-index rule expands uniquely to this type or in-city atom.
init,(IN-CITY APT5 CIT5),"The setting includes cities cit1 through cit13; for each integer i from 1 through 13, the names citi, posi, and apti are formed by concatenating cit, pos, and apt respectively with i, posi and apti are locations, apti is an airport, and both posi and apti are in citi, creating a map of interrelated locations.",deterministic_rule,true,covered,The shared-index rule expands uniquely to this type or in-city atom.
init,(IN-CITY POS6 CIT6),"The setting includes cities cit1 through cit13; for each integer i from 1 through 13, the names citi, posi, and apti are formed by concatenating cit, pos, and apt respectively with i, posi and apti are locations, apti is an airport, and both posi and apti are in citi, creating a map of interrelated locations.",deterministic_rule,true,covered,The shared-index rule expands uniquely to this type or in-city atom.
init,(IN-CITY APT6 CIT6),"The setting includes cities cit1 through cit13; for each integer i from 1 through 13, the names citi, posi, and apti are formed by concatenating cit, pos, and apt respectively with i, posi and apti are locations, apti is an airport, and both posi and apti are in citi, creating a map of interrelated locations.",deterministic_rule,true,covered,The shared-index rule expands uniquely to this type or in-city atom.
init,(IN-CITY POS7 CIT7),"The setting includes cities cit1 through cit13; for each integer i from 1 through 13, the names citi, posi, and apti are formed by concatenating cit, pos, and apt respectively with i, posi and apti are locations, apti is an airport, and both posi and apti are in citi, creating a map of interrelated locations.",deterministic_rule,true,covered,The shared-index rule expands uniquely to this type or in-city atom.
init,(IN-CITY APT7 CIT7),"The setting includes cities cit1 through cit13; for each integer i from 1 through 13, the names citi, posi, and apti are formed by concatenating cit, pos, and apt respectively with i, posi and apti are locations, apti is an airport, and both posi and apti are in citi, creating a map of interrelated locations.",deterministic_rule,true,covered,The shared-index rule expands uniquely to this type or in-city atom.
init,(IN-CITY POS8 CIT8),"The setting includes cities cit1 through cit13; for each integer i from 1 through 13, the names citi, posi, and apti are formed by concatenating cit, pos, and apt respectively with i, posi and apti are locations, apti is an airport, and both posi and apti are in citi, creating a map of interrelated locations.",deterministic_rule,true,covered,The shared-index rule expands uniquely to this type or in-city atom.
init,(IN-CITY APT8 CIT8),"The setting includes cities cit1 through cit13; for each integer i from 1 through 13, the names citi, posi, and apti are formed by concatenating cit, pos, and apt respectively with i, posi and apti are locations, apti is an airport, and both posi and apti are in citi, creating a map of interrelated locations.",deterministic_rule,true,covered,The shared-index rule expands uniquely to this type or in-city atom.
init,(IN-CITY POS9 CIT9),"The setting includes cities cit1 through cit13; for each integer i from 1 through 13, the names citi, posi, and apti are formed by concatenating cit, pos, and apt respectively with i, posi and apti are locations, apti is an airport, and both posi and apti are in citi, creating a map of interrelated locations.",deterministic_rule,true,covered,The shared-index rule expands uniquely to this type or in-city atom.
init,(IN-CITY APT9 CIT9),"The setting includes cities cit1 through cit13; for each integer i from 1 through 13, the names citi, posi, and apti are formed by concatenating cit, pos, and apt respectively with i, posi and apti are locations, apti is an airport, and both posi and apti are in citi, creating a map of interrelated locations.",deterministic_rule,true,covered,The shared-index rule expands uniquely to this type or in-city atom.
init,(IN-CITY POS10 CIT10),"The setting includes cities cit1 through cit13; for each integer i from 1 through 13, the names citi, posi, and apti are formed by concatenating cit, pos, and apt respectively with i, posi and apti are locations, apti is an airport, and both posi and apti are in citi, creating a map of interrelated locations.",deterministic_rule,true,covered,The shared-index rule expands uniquely to this type or in-city atom.
init,(IN-CITY APT10 CIT10),"The setting includes cities cit1 through cit13; for each integer i from 1 through 13, the names citi, posi, and apti are formed by concatenating cit, pos, and apt respectively with i, posi and apti are locations, apti is an airport, and both posi and apti are in citi, creating a map of interrelated locations.",deterministic_rule,true,covered,The shared-index rule expands uniquely to this type or in-city atom.
init,(IN-CITY POS11 CIT11),"The setting includes cities cit1 through cit13; for each integer i from 1 through 13, the names citi, posi, and apti are formed by concatenating cit, pos, and apt respectively with i, posi and apti are locations, apti is an airport, and both posi and apti are in citi, creating a map of interrelated locations.",deterministic_rule,true,covered,The shared-index rule expands uniquely to this type or in-city atom.
init,(IN-CITY APT11 CIT11),"The setting includes cities cit1 through cit13; for each integer i from 1 through 13, the names citi, posi, and apti are formed by concatenating cit, pos, and apt respectively with i, posi and apti are locations, apti is an airport, and both posi and apti are in citi, creating a map of interrelated locations.",deterministic_rule,true,covered,The shared-index rule expands uniquely to this type or in-city atom.
init,(IN-CITY POS12 CIT12),"The setting includes cities cit1 through cit13; for each integer i from 1 through 13, the names citi, posi, and apti are formed by concatenating cit, pos, and apt respectively with i, posi and apti are locations, apti is an airport, and both posi and apti are in citi, creating a map of interrelated locations.",deterministic_rule,true,covered,The shared-index rule expands uniquely to this type or in-city atom.
init,(IN-CITY APT12 CIT12),"The setting includes cities cit1 through cit13; for each integer i from 1 through 13, the names citi, posi, and apti are formed by concatenating cit, pos, and apt respectively with i, posi and apti are locations, apti is an airport, and both posi and apti are in citi, creating a map of interrelated locations.",deterministic_rule,true,covered,The shared-index rule expands uniquely to this type or in-city atom.
init,(IN-CITY POS13 CIT13),"The setting includes cities cit1 through cit13; for each integer i from 1 through 13, the names citi, posi, and apti are formed by concatenating cit, pos, and apt respectively with i, posi and apti are locations, apti is an airport, and both posi and apti are in citi, creating a map of interrelated locations.",deterministic_rule,true,covered,The shared-index rule expands uniquely to this type or in-city atom.
init,(IN-CITY APT13 CIT13),"The setting includes cities cit1 through cit13; for each integer i from 1 through 13, the names citi, posi, and apti are formed by concatenating cit, pos, and apt respectively with i, posi and apti are locations, apti is an airport, and both posi and apti are in citi, creating a map of interrelated locations.",deterministic_rule,true,covered,The shared-index rule expands uniquely to this type or in-city atom.
goal,(AT OBJ62 APT11),"The objective is to reassign the location of these packages as follows: Move obj62 to apt11, obj41 to apt1, obj53 to pos10, obj92 to apt2, obj51 to pos9, obj93 to apt6, obj103 to pos2, obj132 to pos6, obj31 to pos3, obj122 to pos5, obj123 to pos13, obj13 to pos11, obj42 to pos3, obj22 to pos10, obj133 to apt7, obj91 to pos7, obj52 to apt4, obj102 to pos5, obj71 to apt6, obj111 to pos7, obj43 to pos2, obj101 to pos2, obj82 to apt10, obj32 to pos5, obj61 to apt7, obj81 to apt7, obj72 to pos11, obj83 to pos7, obj121 to pos7, obj112 to pos13, obj73 to apt10, obj11 to pos4, obj33 to pos3, obj113 to pos3, obj21 to apt10, obj131 to apt5, and obj23 to pos4.",direct,true,covered,The sentence directly states this conjunctive goal atom.
goal,(AT OBJ41 APT1),"The objective is to reassign the location of these packages as follows: Move obj62 to apt11, obj41 to apt1, obj53 to pos10, obj92 to apt2, obj51 to pos9, obj93 to apt6, obj103 to pos2, obj132 to pos6, obj31 to pos3, obj122 to pos5, obj123 to pos13, obj13 to pos11, obj42 to pos3, obj22 to pos10, obj133 to apt7, obj91 to pos7, obj52 to apt4, obj102 to pos5, obj71 to apt6, obj111 to pos7, obj43 to pos2, obj101 to pos2, obj82 to apt10, obj32 to pos5, obj61 to apt7, obj81 to apt7, obj72 to pos11, obj83 to pos7, obj121 to pos7, obj112 to pos13, obj73 to apt10, obj11 to pos4, obj33 to pos3, obj113 to pos3, obj21 to apt10, obj131 to apt5, and obj23 to pos4.",direct,true,covered,The sentence directly states this conjunctive goal atom.
goal,(AT OBJ53 POS10),"The objective is to reassign the location of these packages as follows: Move obj62 to apt11, obj41 to apt1, obj53 to pos10, obj92 to apt2, obj51 to pos9, obj93 to apt6, obj103 to pos2, obj132 to pos6, obj31 to pos3, obj122 to pos5, obj123 to pos13, obj13 to pos11, obj42 to pos3, obj22 to pos10, obj133 to apt7, obj91 to pos7, obj52 to apt4, obj102 to pos5, obj71 to apt6, obj111 to pos7, obj43 to pos2, obj101 to pos2, obj82 to apt10, obj32 to pos5, obj61 to apt7, obj81 to apt7, obj72 to pos11, obj83 to pos7, obj121 to pos7, obj112 to pos13, obj73 to apt10, obj11 to pos4, obj33 to pos3, obj113 to pos3, obj21 to apt10, obj131 to apt5, and obj23 to pos4.",direct,true,covered,The sentence directly states this conjunctive goal atom.
goal,(AT OBJ92 APT2),"The objective is to reassign the location of these packages as follows: Move obj62 to apt11, obj41 to apt1, obj53 to pos10, obj92 to apt2, obj51 to pos9, obj93 to apt6, obj103 to pos2, obj132 to pos6, obj31 to pos3, obj122 to pos5, obj123 to pos13, obj13 to pos11, obj42 to pos3, obj22 to pos10, obj133 to apt7, obj91 to pos7, obj52 to apt4, obj102 to pos5, obj71 to apt6, obj111 to pos7, obj43 to pos2, obj101 to pos2, obj82 to apt10, obj32 to pos5, obj61 to apt7, obj81 to apt7, obj72 to pos11, obj83 to pos7, obj121 to pos7, obj112 to pos13, obj73 to apt10, obj11 to pos4, obj33 to pos3, obj113 to pos3, obj21 to apt10, obj131 to apt5, and obj23 to pos4.",direct,true,covered,The sentence directly states this conjunctive goal atom.
goal,(AT OBJ51 POS9),"The objective is to reassign the location of these packages as follows: Move obj62 to apt11, obj41 to apt1, obj53 to pos10, obj92 to apt2, obj51 to pos9, obj93 to apt6, obj103 to pos2, obj132 to pos6, obj31 to pos3, obj122 to pos5, obj123 to pos13, obj13 to pos11, obj42 to pos3, obj22 to pos10, obj133 to apt7, obj91 to pos7, obj52 to apt4, obj102 to pos5, obj71 to apt6, obj111 to pos7, obj43 to pos2, obj101 to pos2, obj82 to apt10, obj32 to pos5, obj61 to apt7, obj81 to apt7, obj72 to pos11, obj83 to pos7, obj121 to pos7, obj112 to pos13, obj73 to apt10, obj11 to pos4, obj33 to pos3, obj113 to pos3, obj21 to apt10, obj131 to apt5, and obj23 to pos4.",direct,true,covered,The sentence directly states this conjunctive goal atom.
goal,(AT OBJ93 APT6),"The objective is to reassign the location of these packages as follows: Move obj62 to apt11, obj41 to apt1, obj53 to pos10, obj92 to apt2, obj51 to pos9, obj93 to apt6, obj103 to pos2, obj132 to pos6, obj31 to pos3, obj122 to pos5, obj123 to pos13, obj13 to pos11, obj42 to pos3, obj22 to pos10, obj133 to apt7, obj91 to pos7, obj52 to apt4, obj102 to pos5, obj71 to apt6, obj111 to pos7, obj43 to pos2, obj101 to pos2, obj82 to apt10, obj32 to pos5, obj61 to apt7, obj81 to apt7, obj72 to pos11, obj83 to pos7, obj121 to pos7, obj112 to pos13, obj73 to apt10, obj11 to pos4, obj33 to pos3, obj113 to pos3, obj21 to apt10, obj131 to apt5, and obj23 to pos4.",direct,true,covered,The sentence directly states this conjunctive goal atom.
goal,(AT OBJ103 POS2),"The objective is to reassign the location of these packages as follows: Move obj62 to apt11, obj41 to apt1, obj53 to pos10, obj92 to apt2, obj51 to pos9, obj93 to apt6, obj103 to pos2, obj132 to pos6, obj31 to pos3, obj122 to pos5, obj123 to pos13, obj13 to pos11, obj42 to pos3, obj22 to pos10, obj133 to apt7, obj91 to pos7, obj52 to apt4, obj102 to pos5, obj71 to apt6, obj111 to pos7, obj43 to pos2, obj101 to pos2, obj82 to apt10, obj32 to pos5, obj61 to apt7, obj81 to apt7, obj72 to pos11, obj83 to pos7, obj121 to pos7, obj112 to pos13, obj73 to apt10, obj11 to pos4, obj33 to pos3, obj113 to pos3, obj21 to apt10, obj131 to apt5, and obj23 to pos4.",direct,true,covered,The sentence directly states this conjunctive goal atom.
goal,(AT OBJ132 POS6),"The objective is to reassign the location of these packages as follows: Move obj62 to apt11, obj41 to apt1, obj53 to pos10, obj92 to apt2, obj51 to pos9, obj93 to apt6, obj103 to pos2, obj132 to pos6, obj31 to pos3, obj122 to pos5, obj123 to pos13, obj13 to pos11, obj42 to pos3, obj22 to pos10, obj133 to apt7, obj91 to pos7, obj52 to apt4, obj102 to pos5, obj71 to apt6, obj111 to pos7, obj43 to pos2, obj101 to pos2, obj82 to apt10, obj32 to pos5, obj61 to apt7, obj81 to apt7, obj72 to pos11, obj83 to pos7, obj121 to pos7, obj112 to pos13, obj73 to apt10, obj11 to pos4, obj33 to pos3, obj113 to pos3, obj21 to apt10, obj131 to apt5, and obj23 to pos4.",direct,true,covered,The sentence directly states this conjunctive goal atom.
goal,(AT OBJ31 POS3),"The objective is to reassign the location of these packages as follows: Move obj62 to apt11, obj41 to apt1, obj53 to pos10, obj92 to apt2, obj51 to pos9, obj93 to apt6, obj103 to pos2, obj132 to pos6, obj31 to pos3, obj122 to pos5, obj123 to pos13, obj13 to pos11, obj42 to pos3, obj22 to pos10, obj133 to apt7, obj91 to pos7, obj52 to apt4, obj102 to pos5, obj71 to apt6, obj111 to pos7, obj43 to pos2, obj101 to pos2, obj82 to apt10, obj32 to pos5, obj61 to apt7, obj81 to apt7, obj72 to pos11, obj83 to pos7, obj121 to pos7, obj112 to pos13, obj73 to apt10, obj11 to pos4, obj33 to pos3, obj113 to pos3, obj21 to apt10, obj131 to apt5, and obj23 to pos4.",direct,true,covered,The sentence directly states this conjunctive goal atom.
goal,(AT OBJ122 POS5),"The objective is to reassign the location of these packages as follows: Move obj62 to apt11, obj41 to apt1, obj53 to pos10, obj92 to apt2, obj51 to pos9, obj93 to apt6, obj103 to pos2, obj132 to pos6, obj31 to pos3, obj122 to pos5, obj123 to pos13, obj13 to pos11, obj42 to pos3, obj22 to pos10, obj133 to apt7, obj91 to pos7, obj52 to apt4, obj102 to pos5, obj71 to apt6, obj111 to pos7, obj43 to pos2, obj101 to pos2, obj82 to apt10, obj32 to pos5, obj61 to apt7, obj81 to apt7, obj72 to pos11, obj83 to pos7, obj121 to pos7, obj112 to pos13, obj73 to apt10, obj11 to pos4, obj33 to pos3, obj113 to pos3, obj21 to apt10, obj131 to apt5, and obj23 to pos4.",direct,true,covered,The sentence directly states this conjunctive goal atom.
goal,(AT OBJ123 POS13),"The objective is to reassign the location of these packages as follows: Move obj62 to apt11, obj41 to apt1, obj53 to pos10, obj92 to apt2, obj51 to pos9, obj93 to apt6, obj103 to pos2, obj132 to pos6, obj31 to pos3, obj122 to pos5, obj123 to pos13, obj13 to pos11, obj42 to pos3, obj22 to pos10, obj133 to apt7, obj91 to pos7, obj52 to apt4, obj102 to pos5, obj71 to apt6, obj111 to pos7, obj43 to pos2, obj101 to pos2, obj82 to apt10, obj32 to pos5, obj61 to apt7, obj81 to apt7, obj72 to pos11, obj83 to pos7, obj121 to pos7, obj112 to pos13, obj73 to apt10, obj11 to pos4, obj33 to pos3, obj113 to pos3, obj21 to apt10, obj131 to apt5, and obj23 to pos4.",direct,true,covered,The sentence directly states this conjunctive goal atom.
goal,(AT OBJ13 POS11),"The objective is to reassign the location of these packages as follows: Move obj62 to apt11, obj41 to apt1, obj53 to pos10, obj92 to apt2, obj51 to pos9, obj93 to apt6, obj103 to pos2, obj132 to pos6, obj31 to pos3, obj122 to pos5, obj123 to pos13, obj13 to pos11, obj42 to pos3, obj22 to pos10, obj133 to apt7, obj91 to pos7, obj52 to apt4, obj102 to pos5, obj71 to apt6, obj111 to pos7, obj43 to pos2, obj101 to pos2, obj82 to apt10, obj32 to pos5, obj61 to apt7, obj81 to apt7, obj72 to pos11, obj83 to pos7, obj121 to pos7, obj112 to pos13, obj73 to apt10, obj11 to pos4, obj33 to pos3, obj113 to pos3, obj21 to apt10, obj131 to apt5, and obj23 to pos4.",direct,true,covered,The sentence directly states this conjunctive goal atom.
goal,(AT OBJ42 POS3),"The objective is to reassign the location of these packages as follows: Move obj62 to apt11, obj41 to apt1, obj53 to pos10, obj92 to apt2, obj51 to pos9, obj93 to apt6, obj103 to pos2, obj132 to pos6, obj31 to pos3, obj122 to pos5, obj123 to pos13, obj13 to pos11, obj42 to pos3, obj22 to pos10, obj133 to apt7, obj91 to pos7, obj52 to apt4, obj102 to pos5, obj71 to apt6, obj111 to pos7, obj43 to pos2, obj101 to pos2, obj82 to apt10, obj32 to pos5, obj61 to apt7, obj81 to apt7, obj72 to pos11, obj83 to pos7, obj121 to pos7, obj112 to pos13, obj73 to apt10, obj11 to pos4, obj33 to pos3, obj113 to pos3, obj21 to apt10, obj131 to apt5, and obj23 to pos4.",direct,true,covered,The sentence directly states this conjunctive goal atom.
goal,(AT OBJ22 POS10),"The objective is to reassign the location of these packages as follows: Move obj62 to apt11, obj41 to apt1, obj53 to pos10, obj92 to apt2, obj51 to pos9, obj93 to apt6, obj103 to pos2, obj132 to pos6, obj31 to pos3, obj122 to pos5, obj123 to pos13, obj13 to pos11, obj42 to pos3, obj22 to pos10, obj133 to apt7, obj91 to pos7, obj52 to apt4, obj102 to pos5, obj71 to apt6, obj111 to pos7, obj43 to pos2, obj101 to pos2, obj82 to apt10, obj32 to pos5, obj61 to apt7, obj81 to apt7, obj72 to pos11, obj83 to pos7, obj121 to pos7, obj112 to pos13, obj73 to apt10, obj11 to pos4, obj33 to pos3, obj113 to pos3, obj21 to apt10, obj131 to apt5, and obj23 to pos4.",direct,true,covered,The sentence directly states this conjunctive goal atom.
goal,(AT OBJ133 APT7),"The objective is to reassign the location of these packages as follows: Move obj62 to apt11, obj41 to apt1, obj53 to pos10, obj92 to apt2, obj51 to pos9, obj93 to apt6, obj103 to pos2, obj132 to pos6, obj31 to pos3, obj122 to pos5, obj123 to pos13, obj13 to pos11, obj42 to pos3, obj22 to pos10, obj133 to apt7, obj91 to pos7, obj52 to apt4, obj102 to pos5, obj71 to apt6, obj111 to pos7, obj43 to pos2, obj101 to pos2, obj82 to apt10, obj32 to pos5, obj61 to apt7, obj81 to apt7, obj72 to pos11, obj83 to pos7, obj121 to pos7, obj112 to pos13, obj73 to apt10, obj11 to pos4, obj33 to pos3, obj113 to pos3, obj21 to apt10, obj131 to apt5, and obj23 to pos4.",direct,true,covered,The sentence directly states this conjunctive goal atom.
goal,(AT OBJ91 POS7),"The objective is to reassign the location of these packages as follows: Move obj62 to apt11, obj41 to apt1, obj53 to pos10, obj92 to apt2, obj51 to pos9, obj93 to apt6, obj103 to pos2, obj132 to pos6, obj31 to pos3, obj122 to pos5, obj123 to pos13, obj13 to pos11, obj42 to pos3, obj22 to pos10, obj133 to apt7, obj91 to pos7, obj52 to apt4, obj102 to pos5, obj71 to apt6, obj111 to pos7, obj43 to pos2, obj101 to pos2, obj82 to apt10, obj32 to pos5, obj61 to apt7, obj81 to apt7, obj72 to pos11, obj83 to pos7, obj121 to pos7, obj112 to pos13, obj73 to apt10, obj11 to pos4, obj33 to pos3, obj113 to pos3, obj21 to apt10, obj131 to apt5, and obj23 to pos4.",direct,true,covered,The sentence directly states this conjunctive goal atom.
goal,(AT OBJ52 APT4),"The objective is to reassign the location of these packages as follows: Move obj62 to apt11, obj41 to apt1, obj53 to pos10, obj92 to apt2, obj51 to pos9, obj93 to apt6, obj103 to pos2, obj132 to pos6, obj31 to pos3, obj122 to pos5, obj123 to pos13, obj13 to pos11, obj42 to pos3, obj22 to pos10, obj133 to apt7, obj91 to pos7, obj52 to apt4, obj102 to pos5, obj71 to apt6, obj111 to pos7, obj43 to pos2, obj101 to pos2, obj82 to apt10, obj32 to pos5, obj61 to apt7, obj81 to apt7, obj72 to pos11, obj83 to pos7, obj121 to pos7, obj112 to pos13, obj73 to apt10, obj11 to pos4, obj33 to pos3, obj113 to pos3, obj21 to apt10, obj131 to apt5, and obj23 to pos4.",direct,true,covered,The sentence directly states this conjunctive goal atom.
goal,(AT OBJ102 POS5),"The objective is to reassign the location of these packages as follows: Move obj62 to apt11, obj41 to apt1, obj53 to pos10, obj92 to apt2, obj51 to pos9, obj93 to apt6, obj103 to pos2, obj132 to pos6, obj31 to pos3, obj122 to pos5, obj123 to pos13, obj13 to pos11, obj42 to pos3, obj22 to pos10, obj133 to apt7, obj91 to pos7, obj52 to apt4, obj102 to pos5, obj71 to apt6, obj111 to pos7, obj43 to pos2, obj101 to pos2, obj82 to apt10, obj32 to pos5, obj61 to apt7, obj81 to apt7, obj72 to pos11, obj83 to pos7, obj121 to pos7, obj112 to pos13, obj73 to apt10, obj11 to pos4, obj33 to pos3, obj113 to pos3, obj21 to apt10, obj131 to apt5, and obj23 to pos4.",direct,true,covered,The sentence directly states this conjunctive goal atom.
goal,(AT OBJ71 APT6),"The objective is to reassign the location of these packages as follows: Move obj62 to apt11, obj41 to apt1, obj53 to pos10, obj92 to apt2, obj51 to pos9, obj93 to apt6, obj103 to pos2, obj132 to pos6, obj31 to pos3, obj122 to pos5, obj123 to pos13, obj13 to pos11, obj42 to pos3, obj22 to pos10, obj133 to apt7, obj91 to pos7, obj52 to apt4, obj102 to pos5, obj71 to apt6, obj111 to pos7, obj43 to pos2, obj101 to pos2, obj82 to apt10, obj32 to pos5, obj61 to apt7, obj81 to apt7, obj72 to pos11, obj83 to pos7, obj121 to pos7, obj112 to pos13, obj73 to apt10, obj11 to pos4, obj33 to pos3, obj113 to pos3, obj21 to apt10, obj131 to apt5, and obj23 to pos4.",direct,true,covered,The sentence directly states this conjunctive goal atom.
goal,(AT OBJ111 POS7),"The objective is to reassign the location of these packages as follows: Move obj62 to apt11, obj41 to apt1, obj53 to pos10, obj92 to apt2, obj51 to pos9, obj93 to apt6, obj103 to pos2, obj132 to pos6, obj31 to pos3, obj122 to pos5, obj123 to pos13, obj13 to pos11, obj42 to pos3, obj22 to pos10, obj133 to apt7, obj91 to pos7, obj52 to apt4, obj102 to pos5, obj71 to apt6, obj111 to pos7, obj43 to pos2, obj101 to pos2, obj82 to apt10, obj32 to pos5, obj61 to apt7, obj81 to apt7, obj72 to pos11, obj83 to pos7, obj121 to pos7, obj112 to pos13, obj73 to apt10, obj11 to pos4, obj33 to pos3, obj113 to pos3, obj21 to apt10, obj131 to apt5, and obj23 to pos4.",direct,true,covered,The sentence directly states this conjunctive goal atom.
goal,(AT OBJ43 POS2),"The objective is to reassign the location of these packages as follows: Move obj62 to apt11, obj41 to apt1, obj53 to pos10, obj92 to apt2, obj51 to pos9, obj93 to apt6, obj103 to pos2, obj132 to pos6, obj31 to pos3, obj122 to pos5, obj123 to pos13, obj13 to pos11, obj42 to pos3, obj22 to pos10, obj133 to apt7, obj91 to pos7, obj52 to apt4, obj102 to pos5, obj71 to apt6, obj111 to pos7, obj43 to pos2, obj101 to pos2, obj82 to apt10, obj32 to pos5, obj61 to apt7, obj81 to apt7, obj72 to pos11, obj83 to pos7, obj121 to pos7, obj112 to pos13, obj73 to apt10, obj11 to pos4, obj33 to pos3, obj113 to pos3, obj21 to apt10, obj131 to apt5, and obj23 to pos4.",direct,true,covered,The sentence directly states this conjunctive goal atom.
goal,(AT OBJ101 POS2),"The objective is to reassign the location of these packages as follows: Move obj62 to apt11, obj41 to apt1, obj53 to pos10, obj92 to apt2, obj51 to pos9, obj93 to apt6, obj103 to pos2, obj132 to pos6, obj31 to pos3, obj122 to pos5, obj123 to pos13, obj13 to pos11, obj42 to pos3, obj22 to pos10, obj133 to apt7, obj91 to pos7, obj52 to apt4, obj102 to pos5, obj71 to apt6, obj111 to pos7, obj43 to pos2, obj101 to pos2, obj82 to apt10, obj32 to pos5, obj61 to apt7, obj81 to apt7, obj72 to pos11, obj83 to pos7, obj121 to pos7, obj112 to pos13, obj73 to apt10, obj11 to pos4, obj33 to pos3, obj113 to pos3, obj21 to apt10, obj131 to apt5, and obj23 to pos4.",direct,true,covered,The sentence directly states this conjunctive goal atom.
goal,(AT OBJ82 APT10),"The objective is to reassign the location of these packages as follows: Move obj62 to apt11, obj41 to apt1, obj53 to pos10, obj92 to apt2, obj51 to pos9, obj93 to apt6, obj103 to pos2, obj132 to pos6, obj31 to pos3, obj122 to pos5, obj123 to pos13, obj13 to pos11, obj42 to pos3, obj22 to pos10, obj133 to apt7, obj91 to pos7, obj52 to apt4, obj102 to pos5, obj71 to apt6, obj111 to pos7, obj43 to pos2, obj101 to pos2, obj82 to apt10, obj32 to pos5, obj61 to apt7, obj81 to apt7, obj72 to pos11, obj83 to pos7, obj121 to pos7, obj112 to pos13, obj73 to apt10, obj11 to pos4, obj33 to pos3, obj113 to pos3, obj21 to apt10, obj131 to apt5, and obj23 to pos4.",direct,true,covered,The sentence directly states this conjunctive goal atom.
goal,(AT OBJ32 POS5),"The objective is to reassign the location of these packages as follows: Move obj62 to apt11, obj41 to apt1, obj53 to pos10, obj92 to apt2, obj51 to pos9, obj93 to apt6, obj103 to pos2, obj132 to pos6, obj31 to pos3, obj122 to pos5, obj123 to pos13, obj13 to pos11, obj42 to pos3, obj22 to pos10, obj133 to apt7, obj91 to pos7, obj52 to apt4, obj102 to pos5, obj71 to apt6, obj111 to pos7, obj43 to pos2, obj101 to pos2, obj82 to apt10, obj32 to pos5, obj61 to apt7, obj81 to apt7, obj72 to pos11, obj83 to pos7, obj121 to pos7, obj112 to pos13, obj73 to apt10, obj11 to pos4, obj33 to pos3, obj113 to pos3, obj21 to apt10, obj131 to apt5, and obj23 to pos4.",direct,true,covered,The sentence directly states this conjunctive goal atom.
goal,(AT OBJ61 APT7),"The objective is to reassign the location of these packages as follows: Move obj62 to apt11, obj41 to apt1, obj53 to pos10, obj92 to apt2, obj51 to pos9, obj93 to apt6, obj103 to pos2, obj132 to pos6, obj31 to pos3, obj122 to pos5, obj123 to pos13, obj13 to pos11, obj42 to pos3, obj22 to pos10, obj133 to apt7, obj91 to pos7, obj52 to apt4, obj102 to pos5, obj71 to apt6, obj111 to pos7, obj43 to pos2, obj101 to pos2, obj82 to apt10, obj32 to pos5, obj61 to apt7, obj81 to apt7, obj72 to pos11, obj83 to pos7, obj121 to pos7, obj112 to pos13, obj73 to apt10, obj11 to pos4, obj33 to pos3, obj113 to pos3, obj21 to apt10, obj131 to apt5, and obj23 to pos4.",direct,true,covered,The sentence directly states this conjunctive goal atom.
goal,(AT OBJ81 APT7),"The objective is to reassign the location of these packages as follows: Move obj62 to apt11, obj41 to apt1, obj53 to pos10, obj92 to apt2, obj51 to pos9, obj93 to apt6, obj103 to pos2, obj132 to pos6, obj31 to pos3, obj122 to pos5, obj123 to pos13, obj13 to pos11, obj42 to pos3, obj22 to pos10, obj133 to apt7, obj91 to pos7, obj52 to apt4, obj102 to pos5, obj71 to apt6, obj111 to pos7, obj43 to pos2, obj101 to pos2, obj82 to apt10, obj32 to pos5, obj61 to apt7, obj81 to apt7, obj72 to pos11, obj83 to pos7, obj121 to pos7, obj112 to pos13, obj73 to apt10, obj11 to pos4, obj33 to pos3, obj113 to pos3, obj21 to apt10, obj131 to apt5, and obj23 to pos4.",direct,true,covered,The sentence directly states this conjunctive goal atom.
goal,(AT OBJ72 POS11),"The objective is to reassign the location of these packages as follows: Move obj62 to apt11, obj41 to apt1, obj53 to pos10, obj92 to apt2, obj51 to pos9, obj93 to apt6, obj103 to pos2, obj132 to pos6, obj31 to pos3, obj122 to pos5, obj123 to pos13, obj13 to pos11, obj42 to pos3, obj22 to pos10, obj133 to apt7, obj91 to pos7, obj52 to apt4, obj102 to pos5, obj71 to apt6, obj111 to pos7, obj43 to pos2, obj101 to pos2, obj82 to apt10, obj32 to pos5, obj61 to apt7, obj81 to apt7, obj72 to pos11, obj83 to pos7, obj121 to pos7, obj112 to pos13, obj73 to apt10, obj11 to pos4, obj33 to pos3, obj113 to pos3, obj21 to apt10, obj131 to apt5, and obj23 to pos4.",direct,true,covered,The sentence directly states this conjunctive goal atom.
goal,(AT OBJ83 POS7),"The objective is to reassign the location of these packages as follows: Move obj62 to apt11, obj41 to apt1, obj53 to pos10, obj92 to apt2, obj51 to pos9, obj93 to apt6, obj103 to pos2, obj132 to pos6, obj31 to pos3, obj122 to pos5, obj123 to pos13, obj13 to pos11, obj42 to pos3, obj22 to pos10, obj133 to apt7, obj91 to pos7, obj52 to apt4, obj102 to pos5, obj71 to apt6, obj111 to pos7, obj43 to pos2, obj101 to pos2, obj82 to apt10, obj32 to pos5, obj61 to apt7, obj81 to apt7, obj72 to pos11, obj83 to pos7, obj121 to pos7, obj112 to pos13, obj73 to apt10, obj11 to pos4, obj33 to pos3, obj113 to pos3, obj21 to apt10, obj131 to apt5, and obj23 to pos4.",direct,true,covered,The sentence directly states this conjunctive goal atom.
goal,(AT OBJ121 POS7),"The objective is to reassign the location of these packages as follows: Move obj62 to apt11, obj41 to apt1, obj53 to pos10, obj92 to apt2, obj51 to pos9, obj93 to apt6, obj103 to pos2, obj132 to pos6, obj31 to pos3, obj122 to pos5, obj123 to pos13, obj13 to pos11, obj42 to pos3, obj22 to pos10, obj133 to apt7, obj91 to pos7, obj52 to apt4, obj102 to pos5, obj71 to apt6, obj111 to pos7, obj43 to pos2, obj101 to pos2, obj82 to apt10, obj32 to pos5, obj61 to apt7, obj81 to apt7, obj72 to pos11, obj83 to pos7, obj121 to pos7, obj112 to pos13, obj73 to apt10, obj11 to pos4, obj33 to pos3, obj113 to pos3, obj21 to apt10, obj131 to apt5, and obj23 to pos4.",direct,true,covered,The sentence directly states this conjunctive goal atom.
goal,(AT OBJ112 POS13),"The objective is to reassign the location of these packages as follows: Move obj62 to apt11, obj41 to apt1, obj53 to pos10, obj92 to apt2, obj51 to pos9, obj93 to apt6, obj103 to pos2, obj132 to pos6, obj31 to pos3, obj122 to pos5, obj123 to pos13, obj13 to pos11, obj42 to pos3, obj22 to pos10, obj133 to apt7, obj91 to pos7, obj52 to apt4, obj102 to pos5, obj71 to apt6, obj111 to pos7, obj43 to pos2, obj101 to pos2, obj82 to apt10, obj32 to pos5, obj61 to apt7, obj81 to apt7, obj72 to pos11, obj83 to pos7, obj121 to pos7, obj112 to pos13, obj73 to apt10, obj11 to pos4, obj33 to pos3, obj113 to pos3, obj21 to apt10, obj131 to apt5, and obj23 to pos4.",direct,true,covered,The sentence directly states this conjunctive goal atom.
goal,(AT OBJ73 APT10),"The objective is to reassign the location of these packages as follows: Move obj62 to apt11, obj41 to apt1, obj53 to pos10, obj92 to apt2, obj51 to pos9, obj93 to apt6, obj103 to pos2, obj132 to pos6, obj31 to pos3, obj122 to pos5, obj123 to pos13, obj13 to pos11, obj42 to pos3, obj22 to pos10, obj133 to apt7, obj91 to pos7, obj52 to apt4, obj102 to pos5, obj71 to apt6, obj111 to pos7, obj43 to pos2, obj101 to pos2, obj82 to apt10, obj32 to pos5, obj61 to apt7, obj81 to apt7, obj72 to pos11, obj83 to pos7, obj121 to pos7, obj112 to pos13, obj73 to apt10, obj11 to pos4, obj33 to pos3, obj113 to pos3, obj21 to apt10, obj131 to apt5, and obj23 to pos4.",direct,true,covered,The sentence directly states this conjunctive goal atom.
goal,(AT OBJ11 POS4),"The objective is to reassign the location of these packages as follows: Move obj62 to apt11, obj41 to apt1, obj53 to pos10, obj92 to apt2, obj51 to pos9, obj93 to apt6, obj103 to pos2, obj132 to pos6, obj31 to pos3, obj122 to pos5, obj123 to pos13, obj13 to pos11, obj42 to pos3, obj22 to pos10, obj133 to apt7, obj91 to pos7, obj52 to apt4, obj102 to pos5, obj71 to apt6, obj111 to pos7, obj43 to pos2, obj101 to pos2, obj82 to apt10, obj32 to pos5, obj61 to apt7, obj81 to apt7, obj72 to pos11, obj83 to pos7, obj121 to pos7, obj112 to pos13, obj73 to apt10, obj11 to pos4, obj33 to pos3, obj113 to pos3, obj21 to apt10, obj131 to apt5, and obj23 to pos4.",direct,true,covered,The sentence directly states this conjunctive goal atom.
goal,(AT OBJ33 POS3),"The objective is to reassign the location of these packages as follows: Move obj62 to apt11, obj41 to apt1, obj53 to pos10, obj92 to apt2, obj51 to pos9, obj93 to apt6, obj103 to pos2, obj132 to pos6, obj31 to pos3, obj122 to pos5, obj123 to pos13, obj13 to pos11, obj42 to pos3, obj22 to pos10, obj133 to apt7, obj91 to pos7, obj52 to apt4, obj102 to pos5, obj71 to apt6, obj111 to pos7, obj43 to pos2, obj101 to pos2, obj82 to apt10, obj32 to pos5, obj61 to apt7, obj81 to apt7, obj72 to pos11, obj83 to pos7, obj121 to pos7, obj112 to pos13, obj73 to apt10, obj11 to pos4, obj33 to pos3, obj113 to pos3, obj21 to apt10, obj131 to apt5, and obj23 to pos4.",direct,true,covered,The sentence directly states this conjunctive goal atom.
goal,(AT OBJ113 POS3),"The objective is to reassign the location of these packages as follows: Move obj62 to apt11, obj41 to apt1, obj53 to pos10, obj92 to apt2, obj51 to pos9, obj93 to apt6, obj103 to pos2, obj132 to pos6, obj31 to pos3, obj122 to pos5, obj123 to pos13, obj13 to pos11, obj42 to pos3, obj22 to pos10, obj133 to apt7, obj91 to pos7, obj52 to apt4, obj102 to pos5, obj71 to apt6, obj111 to pos7, obj43 to pos2, obj101 to pos2, obj82 to apt10, obj32 to pos5, obj61 to apt7, obj81 to apt7, obj72 to pos11, obj83 to pos7, obj121 to pos7, obj112 to pos13, obj73 to apt10, obj11 to pos4, obj33 to pos3, obj113 to pos3, obj21 to apt10, obj131 to apt5, and obj23 to pos4.",direct,true,covered,The sentence directly states this conjunctive goal atom.
goal,(AT OBJ21 APT10),"The objective is to reassign the location of these packages as follows: Move obj62 to apt11, obj41 to apt1, obj53 to pos10, obj92 to apt2, obj51 to pos9, obj93 to apt6, obj103 to pos2, obj132 to pos6, obj31 to pos3, obj122 to pos5, obj123 to pos13, obj13 to pos11, obj42 to pos3, obj22 to pos10, obj133 to apt7, obj91 to pos7, obj52 to apt4, obj102 to pos5, obj71 to apt6, obj111 to pos7, obj43 to pos2, obj101 to pos2, obj82 to apt10, obj32 to pos5, obj61 to apt7, obj81 to apt7, obj72 to pos11, obj83 to pos7, obj121 to pos7, obj112 to pos13, obj73 to apt10, obj11 to pos4, obj33 to pos3, obj113 to pos3, obj21 to apt10, obj131 to apt5, and obj23 to pos4.",direct,true,covered,The sentence directly states this conjunctive goal atom.
goal,(AT OBJ131 APT5),"The objective is to reassign the location of these packages as follows: Move obj62 to apt11, obj41 to apt1, obj53 to pos10, obj92 to apt2, obj51 to pos9, obj93 to apt6, obj103 to pos2, obj132 to pos6, obj31 to pos3, obj122 to pos5, obj123 to pos13, obj13 to pos11, obj42 to pos3, obj22 to pos10, obj133 to apt7, obj91 to pos7, obj52 to apt4, obj102 to pos5, obj71 to apt6, obj111 to pos7, obj43 to pos2, obj101 to pos2, obj82 to apt10, obj32 to pos5, obj61 to apt7, obj81 to apt7, obj72 to pos11, obj83 to pos7, obj121 to pos7, obj112 to pos13, obj73 to apt10, obj11 to pos4, obj33 to pos3, obj113 to pos3, obj21 to apt10, obj131 to apt5, and obj23 to pos4.",direct,true,covered,The sentence directly states this conjunctive goal atom.
goal,(AT OBJ23 POS4),"The objective is to reassign the location of these packages as follows: Move obj62 to apt11, obj41 to apt1, obj53 to pos10, obj92 to apt2, obj51 to pos9, obj93 to apt6, obj103 to pos2, obj132 to pos6, obj31 to pos3, obj122 to pos5, obj123 to pos13, obj13 to pos11, obj42 to pos3, obj22 to pos10, obj133 to apt7, obj91 to pos7, obj52 to apt4, obj102 to pos5, obj71 to apt6, obj111 to pos7, obj43 to pos2, obj101 to pos2, obj82 to apt10, obj32 to pos5, obj61 to apt7, obj81 to apt7, obj72 to pos11, obj83 to pos7, obj121 to pos7, obj112 to pos13, obj73 to apt10, obj11 to pos4, obj33 to pos3, obj113 to pos3, obj21 to apt10, obj131 to apt5, and obj23 to pos4.",direct,true,covered,The sentence directly states this conjunctive goal atom.

